ARM GAS  /var/tmp//ccKapYbW.s 			page 1


   1              		.cpu cortex-m4
   2              		.arch armv7e-m
   3              		.fpu fpv4-sp-d16
   4              		.eabi_attribute 27, 1
   5              		.eabi_attribute 28, 1
   6              		.eabi_attribute 20, 1
   7              		.eabi_attribute 21, 1
   8              		.eabi_attribute 23, 3
   9              		.eabi_attribute 24, 1
  10              		.eabi_attribute 25, 1
  11              		.eabi_attribute 26, 1
  12              		.eabi_attribute 30, 1
  13              		.eabi_attribute 34, 1
  14              		.eabi_attribute 18, 4
  15              		.file	"stm32l4xx_ll_sdmmc.c"
  16              		.text
  17              	.Ltext0:
  18              		.cfi_sections	.debug_frame
  19              		.file 1 "stm/stm32l4xx/STM32L4xx_HAL_Driver/Src/stm32l4xx_ll_sdmmc.c"
  20              		.section	.text.SDMMC_GetCmdError,"ax",%progbits
  21              		.align	1
  22              		.syntax unified
  23              		.thumb
  24              		.thumb_func
  26              	SDMMC_GetCmdError:
  27              	.LVL0:
  28              	.LFB334:
   1:stm/stm32l4xx/STM32L4xx_HAL_Driver/Src/stm32l4xx_ll_sdmmc.c **** /**
   2:stm/stm32l4xx/STM32L4xx_HAL_Driver/Src/stm32l4xx_ll_sdmmc.c ****   ******************************************************************************
   3:stm/stm32l4xx/STM32L4xx_HAL_Driver/Src/stm32l4xx_ll_sdmmc.c ****   * @file    stm32l4xx_ll_sdmmc.c
   4:stm/stm32l4xx/STM32L4xx_HAL_Driver/Src/stm32l4xx_ll_sdmmc.c ****   * @author  MCD Application Team
   5:stm/stm32l4xx/STM32L4xx_HAL_Driver/Src/stm32l4xx_ll_sdmmc.c ****   * @brief   SDMMC Low Layer HAL module driver.
   6:stm/stm32l4xx/STM32L4xx_HAL_Driver/Src/stm32l4xx_ll_sdmmc.c ****   *
   7:stm/stm32l4xx/STM32L4xx_HAL_Driver/Src/stm32l4xx_ll_sdmmc.c ****   *          This file provides firmware functions to manage the following
   8:stm/stm32l4xx/STM32L4xx_HAL_Driver/Src/stm32l4xx_ll_sdmmc.c ****   *          functionalities of the SDMMC peripheral:
   9:stm/stm32l4xx/STM32L4xx_HAL_Driver/Src/stm32l4xx_ll_sdmmc.c ****   *           + Initialization/de-initialization functions
  10:stm/stm32l4xx/STM32L4xx_HAL_Driver/Src/stm32l4xx_ll_sdmmc.c ****   *           + I/O operation functions
  11:stm/stm32l4xx/STM32L4xx_HAL_Driver/Src/stm32l4xx_ll_sdmmc.c ****   *           + Peripheral Control functions
  12:stm/stm32l4xx/STM32L4xx_HAL_Driver/Src/stm32l4xx_ll_sdmmc.c ****   *           + Peripheral State functions
  13:stm/stm32l4xx/STM32L4xx_HAL_Driver/Src/stm32l4xx_ll_sdmmc.c ****   *
  14:stm/stm32l4xx/STM32L4xx_HAL_Driver/Src/stm32l4xx_ll_sdmmc.c ****   ******************************************************************************
  15:stm/stm32l4xx/STM32L4xx_HAL_Driver/Src/stm32l4xx_ll_sdmmc.c ****   * @attention
  16:stm/stm32l4xx/STM32L4xx_HAL_Driver/Src/stm32l4xx_ll_sdmmc.c ****   *
  17:stm/stm32l4xx/STM32L4xx_HAL_Driver/Src/stm32l4xx_ll_sdmmc.c ****   * Copyright (c) 2017 STMicroelectronics.
  18:stm/stm32l4xx/STM32L4xx_HAL_Driver/Src/stm32l4xx_ll_sdmmc.c ****   * All rights reserved.
  19:stm/stm32l4xx/STM32L4xx_HAL_Driver/Src/stm32l4xx_ll_sdmmc.c ****   *
  20:stm/stm32l4xx/STM32L4xx_HAL_Driver/Src/stm32l4xx_ll_sdmmc.c ****   * This software is licensed under terms that can be found in the LICENSE file
  21:stm/stm32l4xx/STM32L4xx_HAL_Driver/Src/stm32l4xx_ll_sdmmc.c ****   * in the root directory of this software component.
  22:stm/stm32l4xx/STM32L4xx_HAL_Driver/Src/stm32l4xx_ll_sdmmc.c ****   * If no LICENSE file comes with this software, it is provided AS-IS.
  23:stm/stm32l4xx/STM32L4xx_HAL_Driver/Src/stm32l4xx_ll_sdmmc.c ****   *
  24:stm/stm32l4xx/STM32L4xx_HAL_Driver/Src/stm32l4xx_ll_sdmmc.c ****   ******************************************************************************
  25:stm/stm32l4xx/STM32L4xx_HAL_Driver/Src/stm32l4xx_ll_sdmmc.c ****   @verbatim
  26:stm/stm32l4xx/STM32L4xx_HAL_Driver/Src/stm32l4xx_ll_sdmmc.c ****   ==============================================================================
  27:stm/stm32l4xx/STM32L4xx_HAL_Driver/Src/stm32l4xx_ll_sdmmc.c ****                        ##### SDMMC peripheral features #####
  28:stm/stm32l4xx/STM32L4xx_HAL_Driver/Src/stm32l4xx_ll_sdmmc.c ****   ==============================================================================
  29:stm/stm32l4xx/STM32L4xx_HAL_Driver/Src/stm32l4xx_ll_sdmmc.c ****     [..] The SD/SDMMC MMC card host interface (SDMMC) provides an interface between the AHB
  30:stm/stm32l4xx/STM32L4xx_HAL_Driver/Src/stm32l4xx_ll_sdmmc.c ****          peripheral bus and MultiMedia cards (MMCs), SD memory cards, SDMMC cards and CE-ATA
ARM GAS  /var/tmp//ccKapYbW.s 			page 2


  31:stm/stm32l4xx/STM32L4xx_HAL_Driver/Src/stm32l4xx_ll_sdmmc.c ****          devices.
  32:stm/stm32l4xx/STM32L4xx_HAL_Driver/Src/stm32l4xx_ll_sdmmc.c **** 
  33:stm/stm32l4xx/STM32L4xx_HAL_Driver/Src/stm32l4xx_ll_sdmmc.c ****     [..] The SDMMC features include the following:
  34:stm/stm32l4xx/STM32L4xx_HAL_Driver/Src/stm32l4xx_ll_sdmmc.c ****          (+) Full compliance with MultiMediaCard System Specification Version 4.51. Card support
  35:stm/stm32l4xx/STM32L4xx_HAL_Driver/Src/stm32l4xx_ll_sdmmc.c ****              for three different databus modes: 1-bit (default), 4-bit and 8-bit.
  36:stm/stm32l4xx/STM32L4xx_HAL_Driver/Src/stm32l4xx_ll_sdmmc.c ****          (+) Full compatibility with previous versions of MultiMediaCards (backward compatibility).
  37:stm/stm32l4xx/STM32L4xx_HAL_Driver/Src/stm32l4xx_ll_sdmmc.c ****          (+) Full compliance with SD memory card specifications version 4.1.
  38:stm/stm32l4xx/STM32L4xx_HAL_Driver/Src/stm32l4xx_ll_sdmmc.c ****              (SDR104 SDMMC_CK speed limited to maximum allowed IO speed, SPI mode and
  39:stm/stm32l4xx/STM32L4xx_HAL_Driver/Src/stm32l4xx_ll_sdmmc.c ****               UHS-II mode not supported).
  40:stm/stm32l4xx/STM32L4xx_HAL_Driver/Src/stm32l4xx_ll_sdmmc.c ****          (+) Full compliance with SDIO card specification version 4.0. Card support
  41:stm/stm32l4xx/STM32L4xx_HAL_Driver/Src/stm32l4xx_ll_sdmmc.c ****              for two different databus modes: 1-bit (default) and 4-bit.
  42:stm/stm32l4xx/STM32L4xx_HAL_Driver/Src/stm32l4xx_ll_sdmmc.c ****              (SDR104 SDMMC_CK speed limited to maximum allowed IO speed, SPI mode and
  43:stm/stm32l4xx/STM32L4xx_HAL_Driver/Src/stm32l4xx_ll_sdmmc.c ****               UHS-II mode not supported).
  44:stm/stm32l4xx/STM32L4xx_HAL_Driver/Src/stm32l4xx_ll_sdmmc.c ****          (+) Data transfer up to 208 Mbyte/s for the 8 bit mode. (depending maximum allowed IO spee
  45:stm/stm32l4xx/STM32L4xx_HAL_Driver/Src/stm32l4xx_ll_sdmmc.c ****          (+) Data and command output enable signals to control external bidirectional drivers
  46:stm/stm32l4xx/STM32L4xx_HAL_Driver/Src/stm32l4xx_ll_sdmmc.c **** 
  47:stm/stm32l4xx/STM32L4xx_HAL_Driver/Src/stm32l4xx_ll_sdmmc.c ****                            ##### How to use this driver #####
  48:stm/stm32l4xx/STM32L4xx_HAL_Driver/Src/stm32l4xx_ll_sdmmc.c ****   ==============================================================================
  49:stm/stm32l4xx/STM32L4xx_HAL_Driver/Src/stm32l4xx_ll_sdmmc.c ****     [..]
  50:stm/stm32l4xx/STM32L4xx_HAL_Driver/Src/stm32l4xx_ll_sdmmc.c ****       This driver is a considered as a driver of service for external devices drivers
  51:stm/stm32l4xx/STM32L4xx_HAL_Driver/Src/stm32l4xx_ll_sdmmc.c ****       that interfaces with the SDMMC peripheral.
  52:stm/stm32l4xx/STM32L4xx_HAL_Driver/Src/stm32l4xx_ll_sdmmc.c ****       According to the device used (SD card/ MMC card / SDMMC card ...), a set of APIs
  53:stm/stm32l4xx/STM32L4xx_HAL_Driver/Src/stm32l4xx_ll_sdmmc.c ****       is used in the device's driver to perform SDMMC operations and functionalities.
  54:stm/stm32l4xx/STM32L4xx_HAL_Driver/Src/stm32l4xx_ll_sdmmc.c **** 
  55:stm/stm32l4xx/STM32L4xx_HAL_Driver/Src/stm32l4xx_ll_sdmmc.c ****       This driver is almost transparent for the final user, it is only used to implement other
  56:stm/stm32l4xx/STM32L4xx_HAL_Driver/Src/stm32l4xx_ll_sdmmc.c ****       functionalities of the external device.
  57:stm/stm32l4xx/STM32L4xx_HAL_Driver/Src/stm32l4xx_ll_sdmmc.c **** 
  58:stm/stm32l4xx/STM32L4xx_HAL_Driver/Src/stm32l4xx_ll_sdmmc.c ****     [..]
  59:stm/stm32l4xx/STM32L4xx_HAL_Driver/Src/stm32l4xx_ll_sdmmc.c ****       (+) The SDMMC clock (SDMMCCLK = 48 MHz) is coming from a specific output (MSI, PLLUSB1CLK,
  60:stm/stm32l4xx/STM32L4xx_HAL_Driver/Src/stm32l4xx_ll_sdmmc.c ****           PLLUSB2CLK). Before start working with SDMMC peripheral make sure that the
  61:stm/stm32l4xx/STM32L4xx_HAL_Driver/Src/stm32l4xx_ll_sdmmc.c ****           PLL is well configured.
  62:stm/stm32l4xx/STM32L4xx_HAL_Driver/Src/stm32l4xx_ll_sdmmc.c ****           The SDMMC peripheral uses two clock signals:
  63:stm/stm32l4xx/STM32L4xx_HAL_Driver/Src/stm32l4xx_ll_sdmmc.c ****           (++) SDMMC adapter clock (SDMMCCLK = 48 MHz)
  64:stm/stm32l4xx/STM32L4xx_HAL_Driver/Src/stm32l4xx_ll_sdmmc.c ****           (++) APB2 bus clock (PCLK2)
  65:stm/stm32l4xx/STM32L4xx_HAL_Driver/Src/stm32l4xx_ll_sdmmc.c **** 
  66:stm/stm32l4xx/STM32L4xx_HAL_Driver/Src/stm32l4xx_ll_sdmmc.c ****           -@@- PCLK2 and SDMMC_CK clock frequencies must respect the following condition:
  67:stm/stm32l4xx/STM32L4xx_HAL_Driver/Src/stm32l4xx_ll_sdmmc.c ****                Frequency(PCLK2) >= (3 / 8 x Frequency(SDMMC_CK)) for STM32L496xG and STM32L4A6xG
  68:stm/stm32l4xx/STM32L4xx_HAL_Driver/Src/stm32l4xx_ll_sdmmc.c ****                Frequency(PCLK2) >= (3 / 4 x Frequency(SDMMC_CK)) otherwise
  69:stm/stm32l4xx/STM32L4xx_HAL_Driver/Src/stm32l4xx_ll_sdmmc.c **** 
  70:stm/stm32l4xx/STM32L4xx_HAL_Driver/Src/stm32l4xx_ll_sdmmc.c ****       (+) Enable/Disable peripheral clock using RCC peripheral macros related to SDMMC
  71:stm/stm32l4xx/STM32L4xx_HAL_Driver/Src/stm32l4xx_ll_sdmmc.c ****           peripheral.
  72:stm/stm32l4xx/STM32L4xx_HAL_Driver/Src/stm32l4xx_ll_sdmmc.c **** 
  73:stm/stm32l4xx/STM32L4xx_HAL_Driver/Src/stm32l4xx_ll_sdmmc.c ****       (+) Enable the Power ON State using the SDMMC_PowerState_ON(SDMMCx)
  74:stm/stm32l4xx/STM32L4xx_HAL_Driver/Src/stm32l4xx_ll_sdmmc.c ****           function and disable it using the function SDMMC_PowerState_OFF(SDMMCx).
  75:stm/stm32l4xx/STM32L4xx_HAL_Driver/Src/stm32l4xx_ll_sdmmc.c **** 
  76:stm/stm32l4xx/STM32L4xx_HAL_Driver/Src/stm32l4xx_ll_sdmmc.c ****       (+) Enable/Disable the clock using the __SDMMC_ENABLE()/__SDMMC_DISABLE() macros.
  77:stm/stm32l4xx/STM32L4xx_HAL_Driver/Src/stm32l4xx_ll_sdmmc.c **** 
  78:stm/stm32l4xx/STM32L4xx_HAL_Driver/Src/stm32l4xx_ll_sdmmc.c ****       (+) Enable/Disable the peripheral interrupts using the macros __SDMMC_ENABLE_IT(hSDMMC, IT)
  79:stm/stm32l4xx/STM32L4xx_HAL_Driver/Src/stm32l4xx_ll_sdmmc.c ****           and __SDMMC_DISABLE_IT(hSDMMC, IT) if you need to use interrupt mode.
  80:stm/stm32l4xx/STM32L4xx_HAL_Driver/Src/stm32l4xx_ll_sdmmc.c **** 
  81:stm/stm32l4xx/STM32L4xx_HAL_Driver/Src/stm32l4xx_ll_sdmmc.c ****       (+) When using the DMA mode
  82:stm/stm32l4xx/STM32L4xx_HAL_Driver/Src/stm32l4xx_ll_sdmmc.c ****           (++) On STM32L4Rx/STM32L4Sxx devices
  83:stm/stm32l4xx/STM32L4xx_HAL_Driver/Src/stm32l4xx_ll_sdmmc.c ****                (+++) Configure the IDMA mode (Single buffer or double)
  84:stm/stm32l4xx/STM32L4xx_HAL_Driver/Src/stm32l4xx_ll_sdmmc.c ****                (+++) Configure the buffer address
  85:stm/stm32l4xx/STM32L4xx_HAL_Driver/Src/stm32l4xx_ll_sdmmc.c ****                (+++) Configure Data Path State Machine
  86:stm/stm32l4xx/STM32L4xx_HAL_Driver/Src/stm32l4xx_ll_sdmmc.c ****           (++) On other devices
  87:stm/stm32l4xx/STM32L4xx_HAL_Driver/Src/stm32l4xx_ll_sdmmc.c ****                (+++) Configure the DMA in the MSP layer of the external device
ARM GAS  /var/tmp//ccKapYbW.s 			page 3


  88:stm/stm32l4xx/STM32L4xx_HAL_Driver/Src/stm32l4xx_ll_sdmmc.c ****                (+++) Active the needed channel Request 
  89:stm/stm32l4xx/STM32L4xx_HAL_Driver/Src/stm32l4xx_ll_sdmmc.c ****                (+++) Enable the DMA using __SDMMC_DMA_ENABLE() macro or Disable it using the macro
  90:stm/stm32l4xx/STM32L4xx_HAL_Driver/Src/stm32l4xx_ll_sdmmc.c ****                      __SDMMC_DMA_DISABLE().
  91:stm/stm32l4xx/STM32L4xx_HAL_Driver/Src/stm32l4xx_ll_sdmmc.c **** 
  92:stm/stm32l4xx/STM32L4xx_HAL_Driver/Src/stm32l4xx_ll_sdmmc.c ****       (+) To control the CPSM (Command Path State Machine) and send
  93:stm/stm32l4xx/STM32L4xx_HAL_Driver/Src/stm32l4xx_ll_sdmmc.c ****           commands to the card use the SDMMC_SendCommand(SDMMCx),
  94:stm/stm32l4xx/STM32L4xx_HAL_Driver/Src/stm32l4xx_ll_sdmmc.c ****           SDMMC_GetCommandResponse() and SDMMC_GetResponse() functions. First, user has
  95:stm/stm32l4xx/STM32L4xx_HAL_Driver/Src/stm32l4xx_ll_sdmmc.c ****           to fill the command structure (pointer to SDMMC_CmdInitTypeDef) according
  96:stm/stm32l4xx/STM32L4xx_HAL_Driver/Src/stm32l4xx_ll_sdmmc.c ****           to the selected command to be sent.
  97:stm/stm32l4xx/STM32L4xx_HAL_Driver/Src/stm32l4xx_ll_sdmmc.c ****           The parameters that should be filled are:
  98:stm/stm32l4xx/STM32L4xx_HAL_Driver/Src/stm32l4xx_ll_sdmmc.c ****            (++) Command Argument
  99:stm/stm32l4xx/STM32L4xx_HAL_Driver/Src/stm32l4xx_ll_sdmmc.c ****            (++) Command Index
 100:stm/stm32l4xx/STM32L4xx_HAL_Driver/Src/stm32l4xx_ll_sdmmc.c ****            (++) Command Response type
 101:stm/stm32l4xx/STM32L4xx_HAL_Driver/Src/stm32l4xx_ll_sdmmc.c ****            (++) Command Wait
 102:stm/stm32l4xx/STM32L4xx_HAL_Driver/Src/stm32l4xx_ll_sdmmc.c ****            (++) CPSM Status (Enable or Disable).
 103:stm/stm32l4xx/STM32L4xx_HAL_Driver/Src/stm32l4xx_ll_sdmmc.c **** 
 104:stm/stm32l4xx/STM32L4xx_HAL_Driver/Src/stm32l4xx_ll_sdmmc.c ****           -@@- To check if the command is well received, read the SDMMC_CMDRESP
 105:stm/stm32l4xx/STM32L4xx_HAL_Driver/Src/stm32l4xx_ll_sdmmc.c ****               register using the SDMMC_GetCommandResponse().
 106:stm/stm32l4xx/STM32L4xx_HAL_Driver/Src/stm32l4xx_ll_sdmmc.c ****               The SDMMC responses registers (SDMMC_RESP1 to SDMMC_RESP2), use the
 107:stm/stm32l4xx/STM32L4xx_HAL_Driver/Src/stm32l4xx_ll_sdmmc.c ****               SDMMC_GetResponse() function.
 108:stm/stm32l4xx/STM32L4xx_HAL_Driver/Src/stm32l4xx_ll_sdmmc.c **** 
 109:stm/stm32l4xx/STM32L4xx_HAL_Driver/Src/stm32l4xx_ll_sdmmc.c ****       (+) To control the DPSM (Data Path State Machine) and send/receive
 110:stm/stm32l4xx/STM32L4xx_HAL_Driver/Src/stm32l4xx_ll_sdmmc.c ****            data to/from the card use the SDMMC_DataConfig(), SDMMC_GetDataCounter(),
 111:stm/stm32l4xx/STM32L4xx_HAL_Driver/Src/stm32l4xx_ll_sdmmc.c ****           SDMMC_ReadFIFO(), SDMMC_WriteFIFO() and SDMMC_GetFIFOCount() functions.
 112:stm/stm32l4xx/STM32L4xx_HAL_Driver/Src/stm32l4xx_ll_sdmmc.c **** 
 113:stm/stm32l4xx/STM32L4xx_HAL_Driver/Src/stm32l4xx_ll_sdmmc.c ****     *** Read Operations ***
 114:stm/stm32l4xx/STM32L4xx_HAL_Driver/Src/stm32l4xx_ll_sdmmc.c ****     =======================
 115:stm/stm32l4xx/STM32L4xx_HAL_Driver/Src/stm32l4xx_ll_sdmmc.c ****     [..]
 116:stm/stm32l4xx/STM32L4xx_HAL_Driver/Src/stm32l4xx_ll_sdmmc.c ****       (#) First, user has to fill the data structure (pointer to
 117:stm/stm32l4xx/STM32L4xx_HAL_Driver/Src/stm32l4xx_ll_sdmmc.c ****           SDMMC_DataInitTypeDef) according to the selected data type to be received.
 118:stm/stm32l4xx/STM32L4xx_HAL_Driver/Src/stm32l4xx_ll_sdmmc.c ****           The parameters that should be filled are:
 119:stm/stm32l4xx/STM32L4xx_HAL_Driver/Src/stm32l4xx_ll_sdmmc.c ****            (++) Data TimeOut
 120:stm/stm32l4xx/STM32L4xx_HAL_Driver/Src/stm32l4xx_ll_sdmmc.c ****            (++) Data Length
 121:stm/stm32l4xx/STM32L4xx_HAL_Driver/Src/stm32l4xx_ll_sdmmc.c ****            (++) Data Block size
 122:stm/stm32l4xx/STM32L4xx_HAL_Driver/Src/stm32l4xx_ll_sdmmc.c ****            (++) Data Transfer direction: should be from card (To SDMMC)
 123:stm/stm32l4xx/STM32L4xx_HAL_Driver/Src/stm32l4xx_ll_sdmmc.c ****            (++) Data Transfer mode
 124:stm/stm32l4xx/STM32L4xx_HAL_Driver/Src/stm32l4xx_ll_sdmmc.c ****            (++) DPSM Status (Enable or Disable)
 125:stm/stm32l4xx/STM32L4xx_HAL_Driver/Src/stm32l4xx_ll_sdmmc.c **** 
 126:stm/stm32l4xx/STM32L4xx_HAL_Driver/Src/stm32l4xx_ll_sdmmc.c ****       (#) Configure the SDMMC resources to receive the data from the card
 127:stm/stm32l4xx/STM32L4xx_HAL_Driver/Src/stm32l4xx_ll_sdmmc.c ****           according to selected transfer mode (Refer to Step 8, 9 and 10).
 128:stm/stm32l4xx/STM32L4xx_HAL_Driver/Src/stm32l4xx_ll_sdmmc.c **** 
 129:stm/stm32l4xx/STM32L4xx_HAL_Driver/Src/stm32l4xx_ll_sdmmc.c ****       (#) Send the selected Read command (refer to step 11).
 130:stm/stm32l4xx/STM32L4xx_HAL_Driver/Src/stm32l4xx_ll_sdmmc.c **** 
 131:stm/stm32l4xx/STM32L4xx_HAL_Driver/Src/stm32l4xx_ll_sdmmc.c ****       (#) Use the SDMMC flags/interrupts to check the transfer status.
 132:stm/stm32l4xx/STM32L4xx_HAL_Driver/Src/stm32l4xx_ll_sdmmc.c **** 
 133:stm/stm32l4xx/STM32L4xx_HAL_Driver/Src/stm32l4xx_ll_sdmmc.c ****     *** Write Operations ***
 134:stm/stm32l4xx/STM32L4xx_HAL_Driver/Src/stm32l4xx_ll_sdmmc.c ****     ========================
 135:stm/stm32l4xx/STM32L4xx_HAL_Driver/Src/stm32l4xx_ll_sdmmc.c ****     [..]
 136:stm/stm32l4xx/STM32L4xx_HAL_Driver/Src/stm32l4xx_ll_sdmmc.c ****      (#) First, user has to fill the data structure (pointer to
 137:stm/stm32l4xx/STM32L4xx_HAL_Driver/Src/stm32l4xx_ll_sdmmc.c ****          SDMMC_DataInitTypeDef) according to the selected data type to be received.
 138:stm/stm32l4xx/STM32L4xx_HAL_Driver/Src/stm32l4xx_ll_sdmmc.c ****          The parameters that should be filled are:
 139:stm/stm32l4xx/STM32L4xx_HAL_Driver/Src/stm32l4xx_ll_sdmmc.c ****           (++) Data TimeOut
 140:stm/stm32l4xx/STM32L4xx_HAL_Driver/Src/stm32l4xx_ll_sdmmc.c ****           (++) Data Length
 141:stm/stm32l4xx/STM32L4xx_HAL_Driver/Src/stm32l4xx_ll_sdmmc.c ****           (++) Data Block size
 142:stm/stm32l4xx/STM32L4xx_HAL_Driver/Src/stm32l4xx_ll_sdmmc.c ****           (++) Data Transfer direction:  should be to card (To CARD)
 143:stm/stm32l4xx/STM32L4xx_HAL_Driver/Src/stm32l4xx_ll_sdmmc.c ****           (++) Data Transfer mode
 144:stm/stm32l4xx/STM32L4xx_HAL_Driver/Src/stm32l4xx_ll_sdmmc.c ****           (++) DPSM Status (Enable or Disable)
ARM GAS  /var/tmp//ccKapYbW.s 			page 4


 145:stm/stm32l4xx/STM32L4xx_HAL_Driver/Src/stm32l4xx_ll_sdmmc.c **** 
 146:stm/stm32l4xx/STM32L4xx_HAL_Driver/Src/stm32l4xx_ll_sdmmc.c ****      (#) Configure the SDMMC resources to send the data to the card according to
 147:stm/stm32l4xx/STM32L4xx_HAL_Driver/Src/stm32l4xx_ll_sdmmc.c ****          selected transfer mode.
 148:stm/stm32l4xx/STM32L4xx_HAL_Driver/Src/stm32l4xx_ll_sdmmc.c **** 
 149:stm/stm32l4xx/STM32L4xx_HAL_Driver/Src/stm32l4xx_ll_sdmmc.c ****      (#) Send the selected Write command.
 150:stm/stm32l4xx/STM32L4xx_HAL_Driver/Src/stm32l4xx_ll_sdmmc.c **** 
 151:stm/stm32l4xx/STM32L4xx_HAL_Driver/Src/stm32l4xx_ll_sdmmc.c ****      (#) Use the SDMMC flags/interrupts to check the transfer status.
 152:stm/stm32l4xx/STM32L4xx_HAL_Driver/Src/stm32l4xx_ll_sdmmc.c **** 
 153:stm/stm32l4xx/STM32L4xx_HAL_Driver/Src/stm32l4xx_ll_sdmmc.c ****     *** Command management operations ***
 154:stm/stm32l4xx/STM32L4xx_HAL_Driver/Src/stm32l4xx_ll_sdmmc.c ****     =====================================
 155:stm/stm32l4xx/STM32L4xx_HAL_Driver/Src/stm32l4xx_ll_sdmmc.c ****     [..]
 156:stm/stm32l4xx/STM32L4xx_HAL_Driver/Src/stm32l4xx_ll_sdmmc.c ****      (#) The commands used for Read/Write/Erase operations are managed in
 157:stm/stm32l4xx/STM32L4xx_HAL_Driver/Src/stm32l4xx_ll_sdmmc.c ****          separate functions.
 158:stm/stm32l4xx/STM32L4xx_HAL_Driver/Src/stm32l4xx_ll_sdmmc.c ****          Each function allows to send the needed command with the related argument,
 159:stm/stm32l4xx/STM32L4xx_HAL_Driver/Src/stm32l4xx_ll_sdmmc.c ****          then check the response.
 160:stm/stm32l4xx/STM32L4xx_HAL_Driver/Src/stm32l4xx_ll_sdmmc.c ****          By the same approach, you could implement a command and check the response.
 161:stm/stm32l4xx/STM32L4xx_HAL_Driver/Src/stm32l4xx_ll_sdmmc.c **** 
 162:stm/stm32l4xx/STM32L4xx_HAL_Driver/Src/stm32l4xx_ll_sdmmc.c ****   @endverbatim
 163:stm/stm32l4xx/STM32L4xx_HAL_Driver/Src/stm32l4xx_ll_sdmmc.c ****   ******************************************************************************
 164:stm/stm32l4xx/STM32L4xx_HAL_Driver/Src/stm32l4xx_ll_sdmmc.c ****   */
 165:stm/stm32l4xx/STM32L4xx_HAL_Driver/Src/stm32l4xx_ll_sdmmc.c **** 
 166:stm/stm32l4xx/STM32L4xx_HAL_Driver/Src/stm32l4xx_ll_sdmmc.c **** /* Includes ------------------------------------------------------------------*/
 167:stm/stm32l4xx/STM32L4xx_HAL_Driver/Src/stm32l4xx_ll_sdmmc.c **** #include "stm32l4xx_hal.h"
 168:stm/stm32l4xx/STM32L4xx_HAL_Driver/Src/stm32l4xx_ll_sdmmc.c **** 
 169:stm/stm32l4xx/STM32L4xx_HAL_Driver/Src/stm32l4xx_ll_sdmmc.c **** #if defined(SDMMC1)
 170:stm/stm32l4xx/STM32L4xx_HAL_Driver/Src/stm32l4xx_ll_sdmmc.c **** 
 171:stm/stm32l4xx/STM32L4xx_HAL_Driver/Src/stm32l4xx_ll_sdmmc.c **** /** @addtogroup STM32L4xx_HAL_Driver
 172:stm/stm32l4xx/STM32L4xx_HAL_Driver/Src/stm32l4xx_ll_sdmmc.c ****   * @{
 173:stm/stm32l4xx/STM32L4xx_HAL_Driver/Src/stm32l4xx_ll_sdmmc.c ****   */
 174:stm/stm32l4xx/STM32L4xx_HAL_Driver/Src/stm32l4xx_ll_sdmmc.c **** 
 175:stm/stm32l4xx/STM32L4xx_HAL_Driver/Src/stm32l4xx_ll_sdmmc.c **** /** @defgroup SDMMC_LL SDMMC Low Layer
 176:stm/stm32l4xx/STM32L4xx_HAL_Driver/Src/stm32l4xx_ll_sdmmc.c ****   * @brief Low layer module for SD
 177:stm/stm32l4xx/STM32L4xx_HAL_Driver/Src/stm32l4xx_ll_sdmmc.c ****   * @{
 178:stm/stm32l4xx/STM32L4xx_HAL_Driver/Src/stm32l4xx_ll_sdmmc.c ****   */
 179:stm/stm32l4xx/STM32L4xx_HAL_Driver/Src/stm32l4xx_ll_sdmmc.c **** 
 180:stm/stm32l4xx/STM32L4xx_HAL_Driver/Src/stm32l4xx_ll_sdmmc.c **** #if defined (HAL_SD_MODULE_ENABLED) || defined (HAL_MMC_MODULE_ENABLED)
 181:stm/stm32l4xx/STM32L4xx_HAL_Driver/Src/stm32l4xx_ll_sdmmc.c **** 
 182:stm/stm32l4xx/STM32L4xx_HAL_Driver/Src/stm32l4xx_ll_sdmmc.c **** /* Private typedef -----------------------------------------------------------*/
 183:stm/stm32l4xx/STM32L4xx_HAL_Driver/Src/stm32l4xx_ll_sdmmc.c **** /* Private define ------------------------------------------------------------*/
 184:stm/stm32l4xx/STM32L4xx_HAL_Driver/Src/stm32l4xx_ll_sdmmc.c **** /* Private macro -------------------------------------------------------------*/
 185:stm/stm32l4xx/STM32L4xx_HAL_Driver/Src/stm32l4xx_ll_sdmmc.c **** /* Private variables ---------------------------------------------------------*/
 186:stm/stm32l4xx/STM32L4xx_HAL_Driver/Src/stm32l4xx_ll_sdmmc.c **** /* Private function prototypes -----------------------------------------------*/
 187:stm/stm32l4xx/STM32L4xx_HAL_Driver/Src/stm32l4xx_ll_sdmmc.c **** static uint32_t SDMMC_GetCmdError(SDMMC_TypeDef *SDMMCx);
 188:stm/stm32l4xx/STM32L4xx_HAL_Driver/Src/stm32l4xx_ll_sdmmc.c **** 
 189:stm/stm32l4xx/STM32L4xx_HAL_Driver/Src/stm32l4xx_ll_sdmmc.c **** /* Exported functions --------------------------------------------------------*/
 190:stm/stm32l4xx/STM32L4xx_HAL_Driver/Src/stm32l4xx_ll_sdmmc.c **** 
 191:stm/stm32l4xx/STM32L4xx_HAL_Driver/Src/stm32l4xx_ll_sdmmc.c **** /** @defgroup SDMMC_LL_Exported_Functions SDMMC Low Layer Exported Functions
 192:stm/stm32l4xx/STM32L4xx_HAL_Driver/Src/stm32l4xx_ll_sdmmc.c ****   * @{
 193:stm/stm32l4xx/STM32L4xx_HAL_Driver/Src/stm32l4xx_ll_sdmmc.c ****   */
 194:stm/stm32l4xx/STM32L4xx_HAL_Driver/Src/stm32l4xx_ll_sdmmc.c **** 
 195:stm/stm32l4xx/STM32L4xx_HAL_Driver/Src/stm32l4xx_ll_sdmmc.c **** /** @defgroup HAL_SDMMC_LL_Group1 Initialization de-initialization functions
 196:stm/stm32l4xx/STM32L4xx_HAL_Driver/Src/stm32l4xx_ll_sdmmc.c ****  *  @brief    Initialization and Configuration functions
 197:stm/stm32l4xx/STM32L4xx_HAL_Driver/Src/stm32l4xx_ll_sdmmc.c ****  *
 198:stm/stm32l4xx/STM32L4xx_HAL_Driver/Src/stm32l4xx_ll_sdmmc.c **** @verbatim
 199:stm/stm32l4xx/STM32L4xx_HAL_Driver/Src/stm32l4xx_ll_sdmmc.c ****  ===============================================================================
 200:stm/stm32l4xx/STM32L4xx_HAL_Driver/Src/stm32l4xx_ll_sdmmc.c ****               ##### Initialization/de-initialization functions #####
 201:stm/stm32l4xx/STM32L4xx_HAL_Driver/Src/stm32l4xx_ll_sdmmc.c ****  ===============================================================================
ARM GAS  /var/tmp//ccKapYbW.s 			page 5


 202:stm/stm32l4xx/STM32L4xx_HAL_Driver/Src/stm32l4xx_ll_sdmmc.c ****     [..]  This section provides functions allowing to:
 203:stm/stm32l4xx/STM32L4xx_HAL_Driver/Src/stm32l4xx_ll_sdmmc.c **** 
 204:stm/stm32l4xx/STM32L4xx_HAL_Driver/Src/stm32l4xx_ll_sdmmc.c **** @endverbatim
 205:stm/stm32l4xx/STM32L4xx_HAL_Driver/Src/stm32l4xx_ll_sdmmc.c ****   * @{
 206:stm/stm32l4xx/STM32L4xx_HAL_Driver/Src/stm32l4xx_ll_sdmmc.c ****   */
 207:stm/stm32l4xx/STM32L4xx_HAL_Driver/Src/stm32l4xx_ll_sdmmc.c **** 
 208:stm/stm32l4xx/STM32L4xx_HAL_Driver/Src/stm32l4xx_ll_sdmmc.c **** /**
 209:stm/stm32l4xx/STM32L4xx_HAL_Driver/Src/stm32l4xx_ll_sdmmc.c ****   * @brief  Initializes the SDMMC according to the specified
 210:stm/stm32l4xx/STM32L4xx_HAL_Driver/Src/stm32l4xx_ll_sdmmc.c ****   *         parameters in the SDMMC_InitTypeDef and create the associated handle.
 211:stm/stm32l4xx/STM32L4xx_HAL_Driver/Src/stm32l4xx_ll_sdmmc.c ****   * @param  SDMMCx Pointer to SDMMC register base
 212:stm/stm32l4xx/STM32L4xx_HAL_Driver/Src/stm32l4xx_ll_sdmmc.c ****   * @param  Init SDMMC initialization structure
 213:stm/stm32l4xx/STM32L4xx_HAL_Driver/Src/stm32l4xx_ll_sdmmc.c ****   * @retval HAL status
 214:stm/stm32l4xx/STM32L4xx_HAL_Driver/Src/stm32l4xx_ll_sdmmc.c ****   */
 215:stm/stm32l4xx/STM32L4xx_HAL_Driver/Src/stm32l4xx_ll_sdmmc.c **** HAL_StatusTypeDef SDMMC_Init(SDMMC_TypeDef *SDMMCx, SDMMC_InitTypeDef Init)
 216:stm/stm32l4xx/STM32L4xx_HAL_Driver/Src/stm32l4xx_ll_sdmmc.c **** {
 217:stm/stm32l4xx/STM32L4xx_HAL_Driver/Src/stm32l4xx_ll_sdmmc.c ****   uint32_t tmpreg = 0;
 218:stm/stm32l4xx/STM32L4xx_HAL_Driver/Src/stm32l4xx_ll_sdmmc.c **** 
 219:stm/stm32l4xx/STM32L4xx_HAL_Driver/Src/stm32l4xx_ll_sdmmc.c ****   /* Check the parameters */
 220:stm/stm32l4xx/STM32L4xx_HAL_Driver/Src/stm32l4xx_ll_sdmmc.c ****   assert_param(IS_SDMMC_ALL_INSTANCE(SDMMCx));
 221:stm/stm32l4xx/STM32L4xx_HAL_Driver/Src/stm32l4xx_ll_sdmmc.c ****   assert_param(IS_SDMMC_CLOCK_EDGE(Init.ClockEdge));
 222:stm/stm32l4xx/STM32L4xx_HAL_Driver/Src/stm32l4xx_ll_sdmmc.c **** #if !defined(STM32L4P5xx) && !defined(STM32L4Q5xx) && !defined(STM32L4R5xx) && !defined(STM32L4R7xx
 223:stm/stm32l4xx/STM32L4xx_HAL_Driver/Src/stm32l4xx_ll_sdmmc.c ****   assert_param(IS_SDMMC_CLOCK_BYPASS(Init.ClockBypass));
 224:stm/stm32l4xx/STM32L4xx_HAL_Driver/Src/stm32l4xx_ll_sdmmc.c **** #endif /* !STM32L4P5xx && !STM32L4Q5xx && !STM32L4R5xx && !STM32L4R7xx && !STM32L4R9xx && !STM32L4S
 225:stm/stm32l4xx/STM32L4xx_HAL_Driver/Src/stm32l4xx_ll_sdmmc.c ****   assert_param(IS_SDMMC_CLOCK_POWER_SAVE(Init.ClockPowerSave));
 226:stm/stm32l4xx/STM32L4xx_HAL_Driver/Src/stm32l4xx_ll_sdmmc.c ****   assert_param(IS_SDMMC_BUS_WIDE(Init.BusWide));
 227:stm/stm32l4xx/STM32L4xx_HAL_Driver/Src/stm32l4xx_ll_sdmmc.c ****   assert_param(IS_SDMMC_HARDWARE_FLOW_CONTROL(Init.HardwareFlowControl));
 228:stm/stm32l4xx/STM32L4xx_HAL_Driver/Src/stm32l4xx_ll_sdmmc.c ****   assert_param(IS_SDMMC_CLKDIV(Init.ClockDiv));
 229:stm/stm32l4xx/STM32L4xx_HAL_Driver/Src/stm32l4xx_ll_sdmmc.c **** 
 230:stm/stm32l4xx/STM32L4xx_HAL_Driver/Src/stm32l4xx_ll_sdmmc.c ****   /* Set SDMMC configuration parameters */
 231:stm/stm32l4xx/STM32L4xx_HAL_Driver/Src/stm32l4xx_ll_sdmmc.c **** #if !defined(STM32L4P5xx) && !defined(STM32L4Q5xx) && !defined(STM32L4R5xx) && !defined(STM32L4R7xx
 232:stm/stm32l4xx/STM32L4xx_HAL_Driver/Src/stm32l4xx_ll_sdmmc.c ****   tmpreg |= Init.ClockBypass;
 233:stm/stm32l4xx/STM32L4xx_HAL_Driver/Src/stm32l4xx_ll_sdmmc.c **** #endif
 234:stm/stm32l4xx/STM32L4xx_HAL_Driver/Src/stm32l4xx_ll_sdmmc.c ****   tmpreg |= (Init.ClockEdge           |\
 235:stm/stm32l4xx/STM32L4xx_HAL_Driver/Src/stm32l4xx_ll_sdmmc.c ****              Init.ClockPowerSave      |\
 236:stm/stm32l4xx/STM32L4xx_HAL_Driver/Src/stm32l4xx_ll_sdmmc.c ****              Init.BusWide             |\
 237:stm/stm32l4xx/STM32L4xx_HAL_Driver/Src/stm32l4xx_ll_sdmmc.c ****              Init.HardwareFlowControl |\
 238:stm/stm32l4xx/STM32L4xx_HAL_Driver/Src/stm32l4xx_ll_sdmmc.c ****              Init.ClockDiv
 239:stm/stm32l4xx/STM32L4xx_HAL_Driver/Src/stm32l4xx_ll_sdmmc.c ****              );
 240:stm/stm32l4xx/STM32L4xx_HAL_Driver/Src/stm32l4xx_ll_sdmmc.c **** 
 241:stm/stm32l4xx/STM32L4xx_HAL_Driver/Src/stm32l4xx_ll_sdmmc.c ****   /* Write to SDMMC CLKCR */
 242:stm/stm32l4xx/STM32L4xx_HAL_Driver/Src/stm32l4xx_ll_sdmmc.c ****   MODIFY_REG(SDMMCx->CLKCR, CLKCR_CLEAR_MASK, tmpreg);
 243:stm/stm32l4xx/STM32L4xx_HAL_Driver/Src/stm32l4xx_ll_sdmmc.c **** 
 244:stm/stm32l4xx/STM32L4xx_HAL_Driver/Src/stm32l4xx_ll_sdmmc.c ****   return HAL_OK;
 245:stm/stm32l4xx/STM32L4xx_HAL_Driver/Src/stm32l4xx_ll_sdmmc.c **** }
 246:stm/stm32l4xx/STM32L4xx_HAL_Driver/Src/stm32l4xx_ll_sdmmc.c **** 
 247:stm/stm32l4xx/STM32L4xx_HAL_Driver/Src/stm32l4xx_ll_sdmmc.c **** 
 248:stm/stm32l4xx/STM32L4xx_HAL_Driver/Src/stm32l4xx_ll_sdmmc.c **** /**
 249:stm/stm32l4xx/STM32L4xx_HAL_Driver/Src/stm32l4xx_ll_sdmmc.c ****   * @}
 250:stm/stm32l4xx/STM32L4xx_HAL_Driver/Src/stm32l4xx_ll_sdmmc.c ****   */
 251:stm/stm32l4xx/STM32L4xx_HAL_Driver/Src/stm32l4xx_ll_sdmmc.c **** 
 252:stm/stm32l4xx/STM32L4xx_HAL_Driver/Src/stm32l4xx_ll_sdmmc.c **** /** @defgroup HAL_SDMMC_LL_Group2 IO operation functions
 253:stm/stm32l4xx/STM32L4xx_HAL_Driver/Src/stm32l4xx_ll_sdmmc.c ****  *  @brief   Data transfers functions
 254:stm/stm32l4xx/STM32L4xx_HAL_Driver/Src/stm32l4xx_ll_sdmmc.c ****  *
 255:stm/stm32l4xx/STM32L4xx_HAL_Driver/Src/stm32l4xx_ll_sdmmc.c **** @verbatim
 256:stm/stm32l4xx/STM32L4xx_HAL_Driver/Src/stm32l4xx_ll_sdmmc.c ****  ===============================================================================
 257:stm/stm32l4xx/STM32L4xx_HAL_Driver/Src/stm32l4xx_ll_sdmmc.c ****                       ##### I/O operation functions #####
 258:stm/stm32l4xx/STM32L4xx_HAL_Driver/Src/stm32l4xx_ll_sdmmc.c ****  ===============================================================================
ARM GAS  /var/tmp//ccKapYbW.s 			page 6


 259:stm/stm32l4xx/STM32L4xx_HAL_Driver/Src/stm32l4xx_ll_sdmmc.c ****     [..]
 260:stm/stm32l4xx/STM32L4xx_HAL_Driver/Src/stm32l4xx_ll_sdmmc.c ****     This subsection provides a set of functions allowing to manage the SDMMC data
 261:stm/stm32l4xx/STM32L4xx_HAL_Driver/Src/stm32l4xx_ll_sdmmc.c ****     transfers.
 262:stm/stm32l4xx/STM32L4xx_HAL_Driver/Src/stm32l4xx_ll_sdmmc.c **** 
 263:stm/stm32l4xx/STM32L4xx_HAL_Driver/Src/stm32l4xx_ll_sdmmc.c **** @endverbatim
 264:stm/stm32l4xx/STM32L4xx_HAL_Driver/Src/stm32l4xx_ll_sdmmc.c ****   * @{
 265:stm/stm32l4xx/STM32L4xx_HAL_Driver/Src/stm32l4xx_ll_sdmmc.c ****   */
 266:stm/stm32l4xx/STM32L4xx_HAL_Driver/Src/stm32l4xx_ll_sdmmc.c **** 
 267:stm/stm32l4xx/STM32L4xx_HAL_Driver/Src/stm32l4xx_ll_sdmmc.c **** /**
 268:stm/stm32l4xx/STM32L4xx_HAL_Driver/Src/stm32l4xx_ll_sdmmc.c ****   * @brief  Read data (word) from Rx FIFO in blocking mode (polling)
 269:stm/stm32l4xx/STM32L4xx_HAL_Driver/Src/stm32l4xx_ll_sdmmc.c ****   * @param  SDMMCx Pointer to SDMMC register base
 270:stm/stm32l4xx/STM32L4xx_HAL_Driver/Src/stm32l4xx_ll_sdmmc.c ****   * @retval HAL status
 271:stm/stm32l4xx/STM32L4xx_HAL_Driver/Src/stm32l4xx_ll_sdmmc.c ****   */
 272:stm/stm32l4xx/STM32L4xx_HAL_Driver/Src/stm32l4xx_ll_sdmmc.c **** uint32_t SDMMC_ReadFIFO(SDMMC_TypeDef *SDMMCx)
 273:stm/stm32l4xx/STM32L4xx_HAL_Driver/Src/stm32l4xx_ll_sdmmc.c **** {
 274:stm/stm32l4xx/STM32L4xx_HAL_Driver/Src/stm32l4xx_ll_sdmmc.c ****   /* Read data from Rx FIFO */
 275:stm/stm32l4xx/STM32L4xx_HAL_Driver/Src/stm32l4xx_ll_sdmmc.c ****   return (SDMMCx->FIFO);
 276:stm/stm32l4xx/STM32L4xx_HAL_Driver/Src/stm32l4xx_ll_sdmmc.c **** }
 277:stm/stm32l4xx/STM32L4xx_HAL_Driver/Src/stm32l4xx_ll_sdmmc.c **** 
 278:stm/stm32l4xx/STM32L4xx_HAL_Driver/Src/stm32l4xx_ll_sdmmc.c **** /**
 279:stm/stm32l4xx/STM32L4xx_HAL_Driver/Src/stm32l4xx_ll_sdmmc.c ****   * @brief  Write data (word) to Tx FIFO in blocking mode (polling)
 280:stm/stm32l4xx/STM32L4xx_HAL_Driver/Src/stm32l4xx_ll_sdmmc.c ****   * @param  SDMMCx Pointer to SDMMC register base
 281:stm/stm32l4xx/STM32L4xx_HAL_Driver/Src/stm32l4xx_ll_sdmmc.c ****   * @param  pWriteData pointer to data to write
 282:stm/stm32l4xx/STM32L4xx_HAL_Driver/Src/stm32l4xx_ll_sdmmc.c ****   * @retval HAL status
 283:stm/stm32l4xx/STM32L4xx_HAL_Driver/Src/stm32l4xx_ll_sdmmc.c ****   */
 284:stm/stm32l4xx/STM32L4xx_HAL_Driver/Src/stm32l4xx_ll_sdmmc.c **** HAL_StatusTypeDef SDMMC_WriteFIFO(SDMMC_TypeDef *SDMMCx, uint32_t *pWriteData)
 285:stm/stm32l4xx/STM32L4xx_HAL_Driver/Src/stm32l4xx_ll_sdmmc.c **** {
 286:stm/stm32l4xx/STM32L4xx_HAL_Driver/Src/stm32l4xx_ll_sdmmc.c ****   /* Write data to FIFO */
 287:stm/stm32l4xx/STM32L4xx_HAL_Driver/Src/stm32l4xx_ll_sdmmc.c ****   SDMMCx->FIFO = *pWriteData;
 288:stm/stm32l4xx/STM32L4xx_HAL_Driver/Src/stm32l4xx_ll_sdmmc.c **** 
 289:stm/stm32l4xx/STM32L4xx_HAL_Driver/Src/stm32l4xx_ll_sdmmc.c ****   return HAL_OK;
 290:stm/stm32l4xx/STM32L4xx_HAL_Driver/Src/stm32l4xx_ll_sdmmc.c **** }
 291:stm/stm32l4xx/STM32L4xx_HAL_Driver/Src/stm32l4xx_ll_sdmmc.c **** 
 292:stm/stm32l4xx/STM32L4xx_HAL_Driver/Src/stm32l4xx_ll_sdmmc.c **** /**
 293:stm/stm32l4xx/STM32L4xx_HAL_Driver/Src/stm32l4xx_ll_sdmmc.c ****   * @}
 294:stm/stm32l4xx/STM32L4xx_HAL_Driver/Src/stm32l4xx_ll_sdmmc.c ****   */
 295:stm/stm32l4xx/STM32L4xx_HAL_Driver/Src/stm32l4xx_ll_sdmmc.c **** 
 296:stm/stm32l4xx/STM32L4xx_HAL_Driver/Src/stm32l4xx_ll_sdmmc.c **** /** @defgroup HAL_SDMMC_LL_Group3 Peripheral Control functions
 297:stm/stm32l4xx/STM32L4xx_HAL_Driver/Src/stm32l4xx_ll_sdmmc.c ****  *  @brief   management functions
 298:stm/stm32l4xx/STM32L4xx_HAL_Driver/Src/stm32l4xx_ll_sdmmc.c ****  *
 299:stm/stm32l4xx/STM32L4xx_HAL_Driver/Src/stm32l4xx_ll_sdmmc.c **** @verbatim
 300:stm/stm32l4xx/STM32L4xx_HAL_Driver/Src/stm32l4xx_ll_sdmmc.c ****  ===============================================================================
 301:stm/stm32l4xx/STM32L4xx_HAL_Driver/Src/stm32l4xx_ll_sdmmc.c ****                       ##### Peripheral Control functions #####
 302:stm/stm32l4xx/STM32L4xx_HAL_Driver/Src/stm32l4xx_ll_sdmmc.c ****  ===============================================================================
 303:stm/stm32l4xx/STM32L4xx_HAL_Driver/Src/stm32l4xx_ll_sdmmc.c ****     [..]
 304:stm/stm32l4xx/STM32L4xx_HAL_Driver/Src/stm32l4xx_ll_sdmmc.c ****     This subsection provides a set of functions allowing to control the SDMMC data
 305:stm/stm32l4xx/STM32L4xx_HAL_Driver/Src/stm32l4xx_ll_sdmmc.c ****     transfers.
 306:stm/stm32l4xx/STM32L4xx_HAL_Driver/Src/stm32l4xx_ll_sdmmc.c **** 
 307:stm/stm32l4xx/STM32L4xx_HAL_Driver/Src/stm32l4xx_ll_sdmmc.c **** @endverbatim
 308:stm/stm32l4xx/STM32L4xx_HAL_Driver/Src/stm32l4xx_ll_sdmmc.c ****   * @{
 309:stm/stm32l4xx/STM32L4xx_HAL_Driver/Src/stm32l4xx_ll_sdmmc.c ****   */
 310:stm/stm32l4xx/STM32L4xx_HAL_Driver/Src/stm32l4xx_ll_sdmmc.c **** 
 311:stm/stm32l4xx/STM32L4xx_HAL_Driver/Src/stm32l4xx_ll_sdmmc.c **** /**
 312:stm/stm32l4xx/STM32L4xx_HAL_Driver/Src/stm32l4xx_ll_sdmmc.c ****   * @brief  Set SDMMC Power state to ON.
 313:stm/stm32l4xx/STM32L4xx_HAL_Driver/Src/stm32l4xx_ll_sdmmc.c ****   * @param  SDMMCx Pointer to SDMMC register base
 314:stm/stm32l4xx/STM32L4xx_HAL_Driver/Src/stm32l4xx_ll_sdmmc.c ****   * @retval HAL status
 315:stm/stm32l4xx/STM32L4xx_HAL_Driver/Src/stm32l4xx_ll_sdmmc.c ****   */
ARM GAS  /var/tmp//ccKapYbW.s 			page 7


 316:stm/stm32l4xx/STM32L4xx_HAL_Driver/Src/stm32l4xx_ll_sdmmc.c **** HAL_StatusTypeDef SDMMC_PowerState_ON(SDMMC_TypeDef *SDMMCx)
 317:stm/stm32l4xx/STM32L4xx_HAL_Driver/Src/stm32l4xx_ll_sdmmc.c **** {
 318:stm/stm32l4xx/STM32L4xx_HAL_Driver/Src/stm32l4xx_ll_sdmmc.c ****   /* Set power state to ON */
 319:stm/stm32l4xx/STM32L4xx_HAL_Driver/Src/stm32l4xx_ll_sdmmc.c **** #if defined(STM32L4P5xx) || defined(STM32L4Q5xx) || defined(STM32L4R5xx) || defined(STM32L4R7xx) ||
 320:stm/stm32l4xx/STM32L4xx_HAL_Driver/Src/stm32l4xx_ll_sdmmc.c ****   SDMMCx->POWER |= SDMMC_POWER_PWRCTRL;
 321:stm/stm32l4xx/STM32L4xx_HAL_Driver/Src/stm32l4xx_ll_sdmmc.c **** #else
 322:stm/stm32l4xx/STM32L4xx_HAL_Driver/Src/stm32l4xx_ll_sdmmc.c ****   SDMMCx->POWER = SDMMC_POWER_PWRCTRL;
 323:stm/stm32l4xx/STM32L4xx_HAL_Driver/Src/stm32l4xx_ll_sdmmc.c **** #endif /* STM32L4P5xx || STM32L4Q5xx || STM32L4R5xx || STM32L4R7xx || STM32L4R9xx || STM32L4S5xx ||
 324:stm/stm32l4xx/STM32L4xx_HAL_Driver/Src/stm32l4xx_ll_sdmmc.c **** 
 325:stm/stm32l4xx/STM32L4xx_HAL_Driver/Src/stm32l4xx_ll_sdmmc.c ****   /* 1ms: required power up waiting time before starting the SD initialization
 326:stm/stm32l4xx/STM32L4xx_HAL_Driver/Src/stm32l4xx_ll_sdmmc.c ****   sequence */
 327:stm/stm32l4xx/STM32L4xx_HAL_Driver/Src/stm32l4xx_ll_sdmmc.c ****   HAL_Delay(2);
 328:stm/stm32l4xx/STM32L4xx_HAL_Driver/Src/stm32l4xx_ll_sdmmc.c **** 
 329:stm/stm32l4xx/STM32L4xx_HAL_Driver/Src/stm32l4xx_ll_sdmmc.c ****   return HAL_OK;
 330:stm/stm32l4xx/STM32L4xx_HAL_Driver/Src/stm32l4xx_ll_sdmmc.c **** }
 331:stm/stm32l4xx/STM32L4xx_HAL_Driver/Src/stm32l4xx_ll_sdmmc.c **** 
 332:stm/stm32l4xx/STM32L4xx_HAL_Driver/Src/stm32l4xx_ll_sdmmc.c **** #if defined(STM32L4P5xx) || defined(STM32L4Q5xx) || defined(STM32L4R5xx) || defined(STM32L4R7xx) ||
 333:stm/stm32l4xx/STM32L4xx_HAL_Driver/Src/stm32l4xx_ll_sdmmc.c **** /**
 334:stm/stm32l4xx/STM32L4xx_HAL_Driver/Src/stm32l4xx_ll_sdmmc.c ****   * @brief  Set SDMMC Power state to Power-Cycle.
 335:stm/stm32l4xx/STM32L4xx_HAL_Driver/Src/stm32l4xx_ll_sdmmc.c ****   * @param  SDMMCx Pointer to SDMMC register base
 336:stm/stm32l4xx/STM32L4xx_HAL_Driver/Src/stm32l4xx_ll_sdmmc.c ****   * @retval HAL status
 337:stm/stm32l4xx/STM32L4xx_HAL_Driver/Src/stm32l4xx_ll_sdmmc.c ****   */
 338:stm/stm32l4xx/STM32L4xx_HAL_Driver/Src/stm32l4xx_ll_sdmmc.c **** HAL_StatusTypeDef SDMMC_PowerState_Cycle(SDMMC_TypeDef *SDMMCx)
 339:stm/stm32l4xx/STM32L4xx_HAL_Driver/Src/stm32l4xx_ll_sdmmc.c **** {
 340:stm/stm32l4xx/STM32L4xx_HAL_Driver/Src/stm32l4xx_ll_sdmmc.c ****   /* Set power state to Power Cycle*/
 341:stm/stm32l4xx/STM32L4xx_HAL_Driver/Src/stm32l4xx_ll_sdmmc.c ****   SDMMCx->POWER |= SDMMC_POWER_PWRCTRL_1;
 342:stm/stm32l4xx/STM32L4xx_HAL_Driver/Src/stm32l4xx_ll_sdmmc.c **** 
 343:stm/stm32l4xx/STM32L4xx_HAL_Driver/Src/stm32l4xx_ll_sdmmc.c ****   return HAL_OK;
 344:stm/stm32l4xx/STM32L4xx_HAL_Driver/Src/stm32l4xx_ll_sdmmc.c **** }
 345:stm/stm32l4xx/STM32L4xx_HAL_Driver/Src/stm32l4xx_ll_sdmmc.c **** #endif /* STM32L4P5xx || STM32L4Q5xx || STM32L4R5xx || STM32L4R7xx || STM32L4R9xx || STM32L4S5xx ||
 346:stm/stm32l4xx/STM32L4xx_HAL_Driver/Src/stm32l4xx_ll_sdmmc.c **** 
 347:stm/stm32l4xx/STM32L4xx_HAL_Driver/Src/stm32l4xx_ll_sdmmc.c **** /**
 348:stm/stm32l4xx/STM32L4xx_HAL_Driver/Src/stm32l4xx_ll_sdmmc.c ****   * @brief  Set SDMMC Power state to OFF.
 349:stm/stm32l4xx/STM32L4xx_HAL_Driver/Src/stm32l4xx_ll_sdmmc.c ****   * @param  SDMMCx Pointer to SDMMC register base
 350:stm/stm32l4xx/STM32L4xx_HAL_Driver/Src/stm32l4xx_ll_sdmmc.c ****   * @retval HAL status
 351:stm/stm32l4xx/STM32L4xx_HAL_Driver/Src/stm32l4xx_ll_sdmmc.c ****   */
 352:stm/stm32l4xx/STM32L4xx_HAL_Driver/Src/stm32l4xx_ll_sdmmc.c **** HAL_StatusTypeDef SDMMC_PowerState_OFF(SDMMC_TypeDef *SDMMCx)
 353:stm/stm32l4xx/STM32L4xx_HAL_Driver/Src/stm32l4xx_ll_sdmmc.c **** {
 354:stm/stm32l4xx/STM32L4xx_HAL_Driver/Src/stm32l4xx_ll_sdmmc.c ****   /* Set power state to OFF */
 355:stm/stm32l4xx/STM32L4xx_HAL_Driver/Src/stm32l4xx_ll_sdmmc.c **** #if defined(STM32L4P5xx) || defined(STM32L4Q5xx) || defined(STM32L4R5xx) || defined(STM32L4R7xx) ||
 356:stm/stm32l4xx/STM32L4xx_HAL_Driver/Src/stm32l4xx_ll_sdmmc.c ****   SDMMCx->POWER &= ~(SDMMC_POWER_PWRCTRL);
 357:stm/stm32l4xx/STM32L4xx_HAL_Driver/Src/stm32l4xx_ll_sdmmc.c **** #else
 358:stm/stm32l4xx/STM32L4xx_HAL_Driver/Src/stm32l4xx_ll_sdmmc.c ****   SDMMCx->POWER = (uint32_t)0x00000000;
 359:stm/stm32l4xx/STM32L4xx_HAL_Driver/Src/stm32l4xx_ll_sdmmc.c **** #endif /* STM32L4P5xx || STM32L4Q5xx || STM32L4R5xx || STM32L4R7xx || STM32L4R9xx || STM32L4S5xx ||
 360:stm/stm32l4xx/STM32L4xx_HAL_Driver/Src/stm32l4xx_ll_sdmmc.c **** 
 361:stm/stm32l4xx/STM32L4xx_HAL_Driver/Src/stm32l4xx_ll_sdmmc.c ****   return HAL_OK;
 362:stm/stm32l4xx/STM32L4xx_HAL_Driver/Src/stm32l4xx_ll_sdmmc.c **** }
 363:stm/stm32l4xx/STM32L4xx_HAL_Driver/Src/stm32l4xx_ll_sdmmc.c **** 
 364:stm/stm32l4xx/STM32L4xx_HAL_Driver/Src/stm32l4xx_ll_sdmmc.c **** /**
 365:stm/stm32l4xx/STM32L4xx_HAL_Driver/Src/stm32l4xx_ll_sdmmc.c ****   * @brief  Get SDMMC Power state.
 366:stm/stm32l4xx/STM32L4xx_HAL_Driver/Src/stm32l4xx_ll_sdmmc.c ****   * @param  SDMMCx Pointer to SDMMC register base
 367:stm/stm32l4xx/STM32L4xx_HAL_Driver/Src/stm32l4xx_ll_sdmmc.c ****   * @retval Power status of the controller. The returned value can be one of the
 368:stm/stm32l4xx/STM32L4xx_HAL_Driver/Src/stm32l4xx_ll_sdmmc.c ****   *         following values:
 369:stm/stm32l4xx/STM32L4xx_HAL_Driver/Src/stm32l4xx_ll_sdmmc.c ****   *            - 0x00: Power OFF
 370:stm/stm32l4xx/STM32L4xx_HAL_Driver/Src/stm32l4xx_ll_sdmmc.c ****   *            - 0x02: Power UP
 371:stm/stm32l4xx/STM32L4xx_HAL_Driver/Src/stm32l4xx_ll_sdmmc.c ****   *            - 0x03: Power ON
 372:stm/stm32l4xx/STM32L4xx_HAL_Driver/Src/stm32l4xx_ll_sdmmc.c ****   */
ARM GAS  /var/tmp//ccKapYbW.s 			page 8


 373:stm/stm32l4xx/STM32L4xx_HAL_Driver/Src/stm32l4xx_ll_sdmmc.c **** uint32_t SDMMC_GetPowerState(SDMMC_TypeDef *SDMMCx)
 374:stm/stm32l4xx/STM32L4xx_HAL_Driver/Src/stm32l4xx_ll_sdmmc.c **** {
 375:stm/stm32l4xx/STM32L4xx_HAL_Driver/Src/stm32l4xx_ll_sdmmc.c ****   return (SDMMCx->POWER & SDMMC_POWER_PWRCTRL);
 376:stm/stm32l4xx/STM32L4xx_HAL_Driver/Src/stm32l4xx_ll_sdmmc.c **** }
 377:stm/stm32l4xx/STM32L4xx_HAL_Driver/Src/stm32l4xx_ll_sdmmc.c **** 
 378:stm/stm32l4xx/STM32L4xx_HAL_Driver/Src/stm32l4xx_ll_sdmmc.c **** /**
 379:stm/stm32l4xx/STM32L4xx_HAL_Driver/Src/stm32l4xx_ll_sdmmc.c ****   * @brief  Configure the SDMMC command path according to the specified parameters in
 380:stm/stm32l4xx/STM32L4xx_HAL_Driver/Src/stm32l4xx_ll_sdmmc.c ****   *         SDMMC_CmdInitTypeDef structure and send the command
 381:stm/stm32l4xx/STM32L4xx_HAL_Driver/Src/stm32l4xx_ll_sdmmc.c ****   * @param  SDMMCx Pointer to SDMMC register base
 382:stm/stm32l4xx/STM32L4xx_HAL_Driver/Src/stm32l4xx_ll_sdmmc.c ****   * @param  Command pointer to a SDMMC_CmdInitTypeDef structure that contains
 383:stm/stm32l4xx/STM32L4xx_HAL_Driver/Src/stm32l4xx_ll_sdmmc.c ****   *         the configuration information for the SDMMC command
 384:stm/stm32l4xx/STM32L4xx_HAL_Driver/Src/stm32l4xx_ll_sdmmc.c ****   * @retval HAL status
 385:stm/stm32l4xx/STM32L4xx_HAL_Driver/Src/stm32l4xx_ll_sdmmc.c ****   */
 386:stm/stm32l4xx/STM32L4xx_HAL_Driver/Src/stm32l4xx_ll_sdmmc.c **** HAL_StatusTypeDef SDMMC_SendCommand(SDMMC_TypeDef *SDMMCx, SDMMC_CmdInitTypeDef *Command)
 387:stm/stm32l4xx/STM32L4xx_HAL_Driver/Src/stm32l4xx_ll_sdmmc.c **** {
 388:stm/stm32l4xx/STM32L4xx_HAL_Driver/Src/stm32l4xx_ll_sdmmc.c ****   uint32_t tmpreg = 0;
 389:stm/stm32l4xx/STM32L4xx_HAL_Driver/Src/stm32l4xx_ll_sdmmc.c **** 
 390:stm/stm32l4xx/STM32L4xx_HAL_Driver/Src/stm32l4xx_ll_sdmmc.c ****   /* Check the parameters */
 391:stm/stm32l4xx/STM32L4xx_HAL_Driver/Src/stm32l4xx_ll_sdmmc.c ****   assert_param(IS_SDMMC_CMD_INDEX(Command->CmdIndex));
 392:stm/stm32l4xx/STM32L4xx_HAL_Driver/Src/stm32l4xx_ll_sdmmc.c ****   assert_param(IS_SDMMC_RESPONSE(Command->Response));
 393:stm/stm32l4xx/STM32L4xx_HAL_Driver/Src/stm32l4xx_ll_sdmmc.c ****   assert_param(IS_SDMMC_WAIT(Command->WaitForInterrupt));
 394:stm/stm32l4xx/STM32L4xx_HAL_Driver/Src/stm32l4xx_ll_sdmmc.c ****   assert_param(IS_SDMMC_CPSM(Command->CPSM));
 395:stm/stm32l4xx/STM32L4xx_HAL_Driver/Src/stm32l4xx_ll_sdmmc.c **** 
 396:stm/stm32l4xx/STM32L4xx_HAL_Driver/Src/stm32l4xx_ll_sdmmc.c ****   /* Set the SDMMC Argument value */
 397:stm/stm32l4xx/STM32L4xx_HAL_Driver/Src/stm32l4xx_ll_sdmmc.c ****   SDMMCx->ARG = Command->Argument;
 398:stm/stm32l4xx/STM32L4xx_HAL_Driver/Src/stm32l4xx_ll_sdmmc.c **** 
 399:stm/stm32l4xx/STM32L4xx_HAL_Driver/Src/stm32l4xx_ll_sdmmc.c ****   /* Set SDMMC command parameters */
 400:stm/stm32l4xx/STM32L4xx_HAL_Driver/Src/stm32l4xx_ll_sdmmc.c ****   tmpreg |= (uint32_t)(Command->CmdIndex         |\
 401:stm/stm32l4xx/STM32L4xx_HAL_Driver/Src/stm32l4xx_ll_sdmmc.c ****                        Command->Response         |\
 402:stm/stm32l4xx/STM32L4xx_HAL_Driver/Src/stm32l4xx_ll_sdmmc.c ****                        Command->WaitForInterrupt |\
 403:stm/stm32l4xx/STM32L4xx_HAL_Driver/Src/stm32l4xx_ll_sdmmc.c ****                        Command->CPSM);
 404:stm/stm32l4xx/STM32L4xx_HAL_Driver/Src/stm32l4xx_ll_sdmmc.c **** 
 405:stm/stm32l4xx/STM32L4xx_HAL_Driver/Src/stm32l4xx_ll_sdmmc.c ****   /* Write to SDMMC CMD register */
 406:stm/stm32l4xx/STM32L4xx_HAL_Driver/Src/stm32l4xx_ll_sdmmc.c ****   MODIFY_REG(SDMMCx->CMD, CMD_CLEAR_MASK, tmpreg);
 407:stm/stm32l4xx/STM32L4xx_HAL_Driver/Src/stm32l4xx_ll_sdmmc.c **** 
 408:stm/stm32l4xx/STM32L4xx_HAL_Driver/Src/stm32l4xx_ll_sdmmc.c ****   return HAL_OK;
 409:stm/stm32l4xx/STM32L4xx_HAL_Driver/Src/stm32l4xx_ll_sdmmc.c **** }
 410:stm/stm32l4xx/STM32L4xx_HAL_Driver/Src/stm32l4xx_ll_sdmmc.c **** 
 411:stm/stm32l4xx/STM32L4xx_HAL_Driver/Src/stm32l4xx_ll_sdmmc.c **** /**
 412:stm/stm32l4xx/STM32L4xx_HAL_Driver/Src/stm32l4xx_ll_sdmmc.c ****   * @brief  Return the command index of last command for which response received
 413:stm/stm32l4xx/STM32L4xx_HAL_Driver/Src/stm32l4xx_ll_sdmmc.c ****   * @param  SDMMCx Pointer to SDMMC register base
 414:stm/stm32l4xx/STM32L4xx_HAL_Driver/Src/stm32l4xx_ll_sdmmc.c ****   * @retval Command index of the last command response received
 415:stm/stm32l4xx/STM32L4xx_HAL_Driver/Src/stm32l4xx_ll_sdmmc.c ****   */
 416:stm/stm32l4xx/STM32L4xx_HAL_Driver/Src/stm32l4xx_ll_sdmmc.c **** uint8_t SDMMC_GetCommandResponse(SDMMC_TypeDef *SDMMCx)
 417:stm/stm32l4xx/STM32L4xx_HAL_Driver/Src/stm32l4xx_ll_sdmmc.c **** {
 418:stm/stm32l4xx/STM32L4xx_HAL_Driver/Src/stm32l4xx_ll_sdmmc.c ****   return (uint8_t)(SDMMCx->RESPCMD);
 419:stm/stm32l4xx/STM32L4xx_HAL_Driver/Src/stm32l4xx_ll_sdmmc.c **** }
 420:stm/stm32l4xx/STM32L4xx_HAL_Driver/Src/stm32l4xx_ll_sdmmc.c **** 
 421:stm/stm32l4xx/STM32L4xx_HAL_Driver/Src/stm32l4xx_ll_sdmmc.c **** 
 422:stm/stm32l4xx/STM32L4xx_HAL_Driver/Src/stm32l4xx_ll_sdmmc.c **** /**
 423:stm/stm32l4xx/STM32L4xx_HAL_Driver/Src/stm32l4xx_ll_sdmmc.c ****   * @brief  Return the response received from the card for the last command
 424:stm/stm32l4xx/STM32L4xx_HAL_Driver/Src/stm32l4xx_ll_sdmmc.c ****   * @param  SDMMCx Pointer to SDMMC register base
 425:stm/stm32l4xx/STM32L4xx_HAL_Driver/Src/stm32l4xx_ll_sdmmc.c ****   * @param  Response Specifies the SDMMC response register.
 426:stm/stm32l4xx/STM32L4xx_HAL_Driver/Src/stm32l4xx_ll_sdmmc.c ****   *          This parameter can be one of the following values:
 427:stm/stm32l4xx/STM32L4xx_HAL_Driver/Src/stm32l4xx_ll_sdmmc.c ****   *            @arg SDMMC_RESP1: Response Register 1
 428:stm/stm32l4xx/STM32L4xx_HAL_Driver/Src/stm32l4xx_ll_sdmmc.c ****   *            @arg SDMMC_RESP2: Response Register 2
 429:stm/stm32l4xx/STM32L4xx_HAL_Driver/Src/stm32l4xx_ll_sdmmc.c ****   *            @arg SDMMC_RESP3: Response Register 3
ARM GAS  /var/tmp//ccKapYbW.s 			page 9


 430:stm/stm32l4xx/STM32L4xx_HAL_Driver/Src/stm32l4xx_ll_sdmmc.c ****   *            @arg SDMMC_RESP4: Response Register 4
 431:stm/stm32l4xx/STM32L4xx_HAL_Driver/Src/stm32l4xx_ll_sdmmc.c ****   * @retval The Corresponding response register value
 432:stm/stm32l4xx/STM32L4xx_HAL_Driver/Src/stm32l4xx_ll_sdmmc.c ****   */
 433:stm/stm32l4xx/STM32L4xx_HAL_Driver/Src/stm32l4xx_ll_sdmmc.c **** uint32_t SDMMC_GetResponse(SDMMC_TypeDef *SDMMCx, uint32_t Response)
 434:stm/stm32l4xx/STM32L4xx_HAL_Driver/Src/stm32l4xx_ll_sdmmc.c **** {
 435:stm/stm32l4xx/STM32L4xx_HAL_Driver/Src/stm32l4xx_ll_sdmmc.c ****   uint32_t tmp;
 436:stm/stm32l4xx/STM32L4xx_HAL_Driver/Src/stm32l4xx_ll_sdmmc.c **** 
 437:stm/stm32l4xx/STM32L4xx_HAL_Driver/Src/stm32l4xx_ll_sdmmc.c ****   /* Check the parameters */
 438:stm/stm32l4xx/STM32L4xx_HAL_Driver/Src/stm32l4xx_ll_sdmmc.c ****   assert_param(IS_SDMMC_RESP(Response));
 439:stm/stm32l4xx/STM32L4xx_HAL_Driver/Src/stm32l4xx_ll_sdmmc.c **** 
 440:stm/stm32l4xx/STM32L4xx_HAL_Driver/Src/stm32l4xx_ll_sdmmc.c ****   /* Get the response */
 441:stm/stm32l4xx/STM32L4xx_HAL_Driver/Src/stm32l4xx_ll_sdmmc.c ****   tmp = (uint32_t)(&(SDMMCx->RESP1)) + Response;
 442:stm/stm32l4xx/STM32L4xx_HAL_Driver/Src/stm32l4xx_ll_sdmmc.c **** 
 443:stm/stm32l4xx/STM32L4xx_HAL_Driver/Src/stm32l4xx_ll_sdmmc.c ****   return (*(__IO uint32_t *) tmp);
 444:stm/stm32l4xx/STM32L4xx_HAL_Driver/Src/stm32l4xx_ll_sdmmc.c **** }
 445:stm/stm32l4xx/STM32L4xx_HAL_Driver/Src/stm32l4xx_ll_sdmmc.c **** 
 446:stm/stm32l4xx/STM32L4xx_HAL_Driver/Src/stm32l4xx_ll_sdmmc.c **** /**
 447:stm/stm32l4xx/STM32L4xx_HAL_Driver/Src/stm32l4xx_ll_sdmmc.c ****   * @brief  Configure the SDMMC data path according to the specified
 448:stm/stm32l4xx/STM32L4xx_HAL_Driver/Src/stm32l4xx_ll_sdmmc.c ****   *         parameters in the SDMMC_DataInitTypeDef.
 449:stm/stm32l4xx/STM32L4xx_HAL_Driver/Src/stm32l4xx_ll_sdmmc.c ****   * @param  SDMMCx Pointer to SDMMC register base
 450:stm/stm32l4xx/STM32L4xx_HAL_Driver/Src/stm32l4xx_ll_sdmmc.c ****   * @param  Data : pointer to a SDMMC_DataInitTypeDef structure
 451:stm/stm32l4xx/STM32L4xx_HAL_Driver/Src/stm32l4xx_ll_sdmmc.c ****   *         that contains the configuration information for the SDMMC data.
 452:stm/stm32l4xx/STM32L4xx_HAL_Driver/Src/stm32l4xx_ll_sdmmc.c ****   * @retval HAL status
 453:stm/stm32l4xx/STM32L4xx_HAL_Driver/Src/stm32l4xx_ll_sdmmc.c ****   */
 454:stm/stm32l4xx/STM32L4xx_HAL_Driver/Src/stm32l4xx_ll_sdmmc.c **** HAL_StatusTypeDef SDMMC_ConfigData(SDMMC_TypeDef *SDMMCx, SDMMC_DataInitTypeDef* Data)
 455:stm/stm32l4xx/STM32L4xx_HAL_Driver/Src/stm32l4xx_ll_sdmmc.c **** {
 456:stm/stm32l4xx/STM32L4xx_HAL_Driver/Src/stm32l4xx_ll_sdmmc.c ****   uint32_t tmpreg = 0;
 457:stm/stm32l4xx/STM32L4xx_HAL_Driver/Src/stm32l4xx_ll_sdmmc.c **** 
 458:stm/stm32l4xx/STM32L4xx_HAL_Driver/Src/stm32l4xx_ll_sdmmc.c ****   /* Check the parameters */
 459:stm/stm32l4xx/STM32L4xx_HAL_Driver/Src/stm32l4xx_ll_sdmmc.c ****   assert_param(IS_SDMMC_DATA_LENGTH(Data->DataLength));
 460:stm/stm32l4xx/STM32L4xx_HAL_Driver/Src/stm32l4xx_ll_sdmmc.c ****   assert_param(IS_SDMMC_BLOCK_SIZE(Data->DataBlockSize));
 461:stm/stm32l4xx/STM32L4xx_HAL_Driver/Src/stm32l4xx_ll_sdmmc.c ****   assert_param(IS_SDMMC_TRANSFER_DIR(Data->TransferDir));
 462:stm/stm32l4xx/STM32L4xx_HAL_Driver/Src/stm32l4xx_ll_sdmmc.c ****   assert_param(IS_SDMMC_TRANSFER_MODE(Data->TransferMode));
 463:stm/stm32l4xx/STM32L4xx_HAL_Driver/Src/stm32l4xx_ll_sdmmc.c ****   assert_param(IS_SDMMC_DPSM(Data->DPSM));
 464:stm/stm32l4xx/STM32L4xx_HAL_Driver/Src/stm32l4xx_ll_sdmmc.c **** 
 465:stm/stm32l4xx/STM32L4xx_HAL_Driver/Src/stm32l4xx_ll_sdmmc.c ****   /* Set the SDMMC Data TimeOut value */
 466:stm/stm32l4xx/STM32L4xx_HAL_Driver/Src/stm32l4xx_ll_sdmmc.c ****   SDMMCx->DTIMER = Data->DataTimeOut;
 467:stm/stm32l4xx/STM32L4xx_HAL_Driver/Src/stm32l4xx_ll_sdmmc.c **** 
 468:stm/stm32l4xx/STM32L4xx_HAL_Driver/Src/stm32l4xx_ll_sdmmc.c ****   /* Set the SDMMC DataLength value */
 469:stm/stm32l4xx/STM32L4xx_HAL_Driver/Src/stm32l4xx_ll_sdmmc.c ****   SDMMCx->DLEN = Data->DataLength;
 470:stm/stm32l4xx/STM32L4xx_HAL_Driver/Src/stm32l4xx_ll_sdmmc.c **** 
 471:stm/stm32l4xx/STM32L4xx_HAL_Driver/Src/stm32l4xx_ll_sdmmc.c ****   /* Set the SDMMC data configuration parameters */
 472:stm/stm32l4xx/STM32L4xx_HAL_Driver/Src/stm32l4xx_ll_sdmmc.c ****   tmpreg |= (uint32_t)(Data->DataBlockSize |\
 473:stm/stm32l4xx/STM32L4xx_HAL_Driver/Src/stm32l4xx_ll_sdmmc.c ****                        Data->TransferDir   |\
 474:stm/stm32l4xx/STM32L4xx_HAL_Driver/Src/stm32l4xx_ll_sdmmc.c ****                        Data->TransferMode  |\
 475:stm/stm32l4xx/STM32L4xx_HAL_Driver/Src/stm32l4xx_ll_sdmmc.c ****                        Data->DPSM);
 476:stm/stm32l4xx/STM32L4xx_HAL_Driver/Src/stm32l4xx_ll_sdmmc.c **** 
 477:stm/stm32l4xx/STM32L4xx_HAL_Driver/Src/stm32l4xx_ll_sdmmc.c ****   /* Write to SDMMC DCTRL */
 478:stm/stm32l4xx/STM32L4xx_HAL_Driver/Src/stm32l4xx_ll_sdmmc.c ****   MODIFY_REG(SDMMCx->DCTRL, DCTRL_CLEAR_MASK, tmpreg);
 479:stm/stm32l4xx/STM32L4xx_HAL_Driver/Src/stm32l4xx_ll_sdmmc.c **** 
 480:stm/stm32l4xx/STM32L4xx_HAL_Driver/Src/stm32l4xx_ll_sdmmc.c ****   return HAL_OK;
 481:stm/stm32l4xx/STM32L4xx_HAL_Driver/Src/stm32l4xx_ll_sdmmc.c **** 
 482:stm/stm32l4xx/STM32L4xx_HAL_Driver/Src/stm32l4xx_ll_sdmmc.c **** }
 483:stm/stm32l4xx/STM32L4xx_HAL_Driver/Src/stm32l4xx_ll_sdmmc.c **** 
 484:stm/stm32l4xx/STM32L4xx_HAL_Driver/Src/stm32l4xx_ll_sdmmc.c **** /**
 485:stm/stm32l4xx/STM32L4xx_HAL_Driver/Src/stm32l4xx_ll_sdmmc.c ****   * @brief  Returns number of remaining data bytes to be transferred.
 486:stm/stm32l4xx/STM32L4xx_HAL_Driver/Src/stm32l4xx_ll_sdmmc.c ****   * @param  SDMMCx Pointer to SDMMC register base
ARM GAS  /var/tmp//ccKapYbW.s 			page 10


 487:stm/stm32l4xx/STM32L4xx_HAL_Driver/Src/stm32l4xx_ll_sdmmc.c ****   * @retval Number of remaining data bytes to be transferred
 488:stm/stm32l4xx/STM32L4xx_HAL_Driver/Src/stm32l4xx_ll_sdmmc.c ****   */
 489:stm/stm32l4xx/STM32L4xx_HAL_Driver/Src/stm32l4xx_ll_sdmmc.c **** uint32_t SDMMC_GetDataCounter(SDMMC_TypeDef *SDMMCx)
 490:stm/stm32l4xx/STM32L4xx_HAL_Driver/Src/stm32l4xx_ll_sdmmc.c **** {
 491:stm/stm32l4xx/STM32L4xx_HAL_Driver/Src/stm32l4xx_ll_sdmmc.c ****   return (SDMMCx->DCOUNT);
 492:stm/stm32l4xx/STM32L4xx_HAL_Driver/Src/stm32l4xx_ll_sdmmc.c **** }
 493:stm/stm32l4xx/STM32L4xx_HAL_Driver/Src/stm32l4xx_ll_sdmmc.c **** 
 494:stm/stm32l4xx/STM32L4xx_HAL_Driver/Src/stm32l4xx_ll_sdmmc.c **** /**
 495:stm/stm32l4xx/STM32L4xx_HAL_Driver/Src/stm32l4xx_ll_sdmmc.c ****   * @brief  Get the FIFO data
 496:stm/stm32l4xx/STM32L4xx_HAL_Driver/Src/stm32l4xx_ll_sdmmc.c ****   * @param  SDMMCx Pointer to SDMMC register base
 497:stm/stm32l4xx/STM32L4xx_HAL_Driver/Src/stm32l4xx_ll_sdmmc.c ****   * @retval Data received
 498:stm/stm32l4xx/STM32L4xx_HAL_Driver/Src/stm32l4xx_ll_sdmmc.c ****   */
 499:stm/stm32l4xx/STM32L4xx_HAL_Driver/Src/stm32l4xx_ll_sdmmc.c **** uint32_t SDMMC_GetFIFOCount(SDMMC_TypeDef *SDMMCx)
 500:stm/stm32l4xx/STM32L4xx_HAL_Driver/Src/stm32l4xx_ll_sdmmc.c **** {
 501:stm/stm32l4xx/STM32L4xx_HAL_Driver/Src/stm32l4xx_ll_sdmmc.c ****   return (SDMMCx->FIFO);
 502:stm/stm32l4xx/STM32L4xx_HAL_Driver/Src/stm32l4xx_ll_sdmmc.c **** }
 503:stm/stm32l4xx/STM32L4xx_HAL_Driver/Src/stm32l4xx_ll_sdmmc.c **** 
 504:stm/stm32l4xx/STM32L4xx_HAL_Driver/Src/stm32l4xx_ll_sdmmc.c **** /**
 505:stm/stm32l4xx/STM32L4xx_HAL_Driver/Src/stm32l4xx_ll_sdmmc.c ****   * @brief  Sets one of the two options of inserting read wait interval.
 506:stm/stm32l4xx/STM32L4xx_HAL_Driver/Src/stm32l4xx_ll_sdmmc.c ****   * @param  SDMMCx Pointer to SDMMC register base
 507:stm/stm32l4xx/STM32L4xx_HAL_Driver/Src/stm32l4xx_ll_sdmmc.c ****   * @param  SDMMC_ReadWaitMode SDMMC Read Wait operation mode.
 508:stm/stm32l4xx/STM32L4xx_HAL_Driver/Src/stm32l4xx_ll_sdmmc.c ****   *          This parameter can be:
 509:stm/stm32l4xx/STM32L4xx_HAL_Driver/Src/stm32l4xx_ll_sdmmc.c ****   *            @arg SDMMC_READ_WAIT_MODE_CLK: Read Wait control by stopping SDMMCCLK
 510:stm/stm32l4xx/STM32L4xx_HAL_Driver/Src/stm32l4xx_ll_sdmmc.c ****   *            @arg SDMMC_READ_WAIT_MODE_DATA2: Read Wait control using SDMMC_DATA2
 511:stm/stm32l4xx/STM32L4xx_HAL_Driver/Src/stm32l4xx_ll_sdmmc.c ****   * @retval None
 512:stm/stm32l4xx/STM32L4xx_HAL_Driver/Src/stm32l4xx_ll_sdmmc.c ****   */
 513:stm/stm32l4xx/STM32L4xx_HAL_Driver/Src/stm32l4xx_ll_sdmmc.c **** HAL_StatusTypeDef SDMMC_SetSDMMCReadWaitMode(SDMMC_TypeDef *SDMMCx, uint32_t SDMMC_ReadWaitMode)
 514:stm/stm32l4xx/STM32L4xx_HAL_Driver/Src/stm32l4xx_ll_sdmmc.c **** {
 515:stm/stm32l4xx/STM32L4xx_HAL_Driver/Src/stm32l4xx_ll_sdmmc.c ****   /* Check the parameters */
 516:stm/stm32l4xx/STM32L4xx_HAL_Driver/Src/stm32l4xx_ll_sdmmc.c ****   assert_param(IS_SDMMC_READWAIT_MODE(SDMMC_ReadWaitMode));
 517:stm/stm32l4xx/STM32L4xx_HAL_Driver/Src/stm32l4xx_ll_sdmmc.c **** 
 518:stm/stm32l4xx/STM32L4xx_HAL_Driver/Src/stm32l4xx_ll_sdmmc.c ****   /* Set SDMMC read wait mode */
 519:stm/stm32l4xx/STM32L4xx_HAL_Driver/Src/stm32l4xx_ll_sdmmc.c ****   MODIFY_REG(SDMMCx->DCTRL, SDMMC_DCTRL_RWMOD, SDMMC_ReadWaitMode);
 520:stm/stm32l4xx/STM32L4xx_HAL_Driver/Src/stm32l4xx_ll_sdmmc.c **** 
 521:stm/stm32l4xx/STM32L4xx_HAL_Driver/Src/stm32l4xx_ll_sdmmc.c ****   return HAL_OK;
 522:stm/stm32l4xx/STM32L4xx_HAL_Driver/Src/stm32l4xx_ll_sdmmc.c **** }
 523:stm/stm32l4xx/STM32L4xx_HAL_Driver/Src/stm32l4xx_ll_sdmmc.c **** 
 524:stm/stm32l4xx/STM32L4xx_HAL_Driver/Src/stm32l4xx_ll_sdmmc.c **** /**
 525:stm/stm32l4xx/STM32L4xx_HAL_Driver/Src/stm32l4xx_ll_sdmmc.c ****   * @}
 526:stm/stm32l4xx/STM32L4xx_HAL_Driver/Src/stm32l4xx_ll_sdmmc.c ****   */
 527:stm/stm32l4xx/STM32L4xx_HAL_Driver/Src/stm32l4xx_ll_sdmmc.c **** 
 528:stm/stm32l4xx/STM32L4xx_HAL_Driver/Src/stm32l4xx_ll_sdmmc.c **** 
 529:stm/stm32l4xx/STM32L4xx_HAL_Driver/Src/stm32l4xx_ll_sdmmc.c **** /** @defgroup HAL_SDMMC_LL_Group4 Command management functions
 530:stm/stm32l4xx/STM32L4xx_HAL_Driver/Src/stm32l4xx_ll_sdmmc.c ****  *  @brief   Data transfers functions
 531:stm/stm32l4xx/STM32L4xx_HAL_Driver/Src/stm32l4xx_ll_sdmmc.c ****  *
 532:stm/stm32l4xx/STM32L4xx_HAL_Driver/Src/stm32l4xx_ll_sdmmc.c **** @verbatim
 533:stm/stm32l4xx/STM32L4xx_HAL_Driver/Src/stm32l4xx_ll_sdmmc.c ****  ===============================================================================
 534:stm/stm32l4xx/STM32L4xx_HAL_Driver/Src/stm32l4xx_ll_sdmmc.c ****                    ##### Commands management functions #####
 535:stm/stm32l4xx/STM32L4xx_HAL_Driver/Src/stm32l4xx_ll_sdmmc.c ****  ===============================================================================
 536:stm/stm32l4xx/STM32L4xx_HAL_Driver/Src/stm32l4xx_ll_sdmmc.c ****     [..]
 537:stm/stm32l4xx/STM32L4xx_HAL_Driver/Src/stm32l4xx_ll_sdmmc.c ****     This subsection provides a set of functions allowing to manage the needed commands.
 538:stm/stm32l4xx/STM32L4xx_HAL_Driver/Src/stm32l4xx_ll_sdmmc.c **** 
 539:stm/stm32l4xx/STM32L4xx_HAL_Driver/Src/stm32l4xx_ll_sdmmc.c **** @endverbatim
 540:stm/stm32l4xx/STM32L4xx_HAL_Driver/Src/stm32l4xx_ll_sdmmc.c ****   * @{
 541:stm/stm32l4xx/STM32L4xx_HAL_Driver/Src/stm32l4xx_ll_sdmmc.c ****   */
 542:stm/stm32l4xx/STM32L4xx_HAL_Driver/Src/stm32l4xx_ll_sdmmc.c **** 
 543:stm/stm32l4xx/STM32L4xx_HAL_Driver/Src/stm32l4xx_ll_sdmmc.c **** /**
ARM GAS  /var/tmp//ccKapYbW.s 			page 11


 544:stm/stm32l4xx/STM32L4xx_HAL_Driver/Src/stm32l4xx_ll_sdmmc.c ****   * @brief  Send the Data Block Length command and check the response
 545:stm/stm32l4xx/STM32L4xx_HAL_Driver/Src/stm32l4xx_ll_sdmmc.c ****   * @param  SDMMCx Pointer to SDMMC register base
 546:stm/stm32l4xx/STM32L4xx_HAL_Driver/Src/stm32l4xx_ll_sdmmc.c ****   * @retval HAL status
 547:stm/stm32l4xx/STM32L4xx_HAL_Driver/Src/stm32l4xx_ll_sdmmc.c ****   */
 548:stm/stm32l4xx/STM32L4xx_HAL_Driver/Src/stm32l4xx_ll_sdmmc.c **** uint32_t SDMMC_CmdBlockLength(SDMMC_TypeDef *SDMMCx, uint32_t BlockSize)
 549:stm/stm32l4xx/STM32L4xx_HAL_Driver/Src/stm32l4xx_ll_sdmmc.c **** {
 550:stm/stm32l4xx/STM32L4xx_HAL_Driver/Src/stm32l4xx_ll_sdmmc.c ****   SDMMC_CmdInitTypeDef  sdmmc_cmdinit;
 551:stm/stm32l4xx/STM32L4xx_HAL_Driver/Src/stm32l4xx_ll_sdmmc.c ****   uint32_t errorstate;
 552:stm/stm32l4xx/STM32L4xx_HAL_Driver/Src/stm32l4xx_ll_sdmmc.c **** 
 553:stm/stm32l4xx/STM32L4xx_HAL_Driver/Src/stm32l4xx_ll_sdmmc.c ****   /* Set Block Size for Card */
 554:stm/stm32l4xx/STM32L4xx_HAL_Driver/Src/stm32l4xx_ll_sdmmc.c ****   sdmmc_cmdinit.Argument         = (uint32_t)BlockSize;
 555:stm/stm32l4xx/STM32L4xx_HAL_Driver/Src/stm32l4xx_ll_sdmmc.c ****   sdmmc_cmdinit.CmdIndex         = SDMMC_CMD_SET_BLOCKLEN;
 556:stm/stm32l4xx/STM32L4xx_HAL_Driver/Src/stm32l4xx_ll_sdmmc.c ****   sdmmc_cmdinit.Response         = SDMMC_RESPONSE_SHORT;
 557:stm/stm32l4xx/STM32L4xx_HAL_Driver/Src/stm32l4xx_ll_sdmmc.c ****   sdmmc_cmdinit.WaitForInterrupt = SDMMC_WAIT_NO;
 558:stm/stm32l4xx/STM32L4xx_HAL_Driver/Src/stm32l4xx_ll_sdmmc.c ****   sdmmc_cmdinit.CPSM             = SDMMC_CPSM_ENABLE;
 559:stm/stm32l4xx/STM32L4xx_HAL_Driver/Src/stm32l4xx_ll_sdmmc.c ****   (void)SDMMC_SendCommand(SDMMCx, &sdmmc_cmdinit);
 560:stm/stm32l4xx/STM32L4xx_HAL_Driver/Src/stm32l4xx_ll_sdmmc.c **** 
 561:stm/stm32l4xx/STM32L4xx_HAL_Driver/Src/stm32l4xx_ll_sdmmc.c ****   /* Check for error conditions */
 562:stm/stm32l4xx/STM32L4xx_HAL_Driver/Src/stm32l4xx_ll_sdmmc.c ****   errorstate = SDMMC_GetCmdResp1(SDMMCx, SDMMC_CMD_SET_BLOCKLEN, SDMMC_CMDTIMEOUT);
 563:stm/stm32l4xx/STM32L4xx_HAL_Driver/Src/stm32l4xx_ll_sdmmc.c **** 
 564:stm/stm32l4xx/STM32L4xx_HAL_Driver/Src/stm32l4xx_ll_sdmmc.c ****   return errorstate;
 565:stm/stm32l4xx/STM32L4xx_HAL_Driver/Src/stm32l4xx_ll_sdmmc.c **** }
 566:stm/stm32l4xx/STM32L4xx_HAL_Driver/Src/stm32l4xx_ll_sdmmc.c **** 
 567:stm/stm32l4xx/STM32L4xx_HAL_Driver/Src/stm32l4xx_ll_sdmmc.c **** /**
 568:stm/stm32l4xx/STM32L4xx_HAL_Driver/Src/stm32l4xx_ll_sdmmc.c ****   * @brief  Send the Read Single Block command and check the response
 569:stm/stm32l4xx/STM32L4xx_HAL_Driver/Src/stm32l4xx_ll_sdmmc.c ****   * @param  SDMMCx Pointer to SDMMC register base
 570:stm/stm32l4xx/STM32L4xx_HAL_Driver/Src/stm32l4xx_ll_sdmmc.c ****   * @retval HAL status
 571:stm/stm32l4xx/STM32L4xx_HAL_Driver/Src/stm32l4xx_ll_sdmmc.c ****   */
 572:stm/stm32l4xx/STM32L4xx_HAL_Driver/Src/stm32l4xx_ll_sdmmc.c **** uint32_t SDMMC_CmdReadSingleBlock(SDMMC_TypeDef *SDMMCx, uint32_t ReadAdd)
 573:stm/stm32l4xx/STM32L4xx_HAL_Driver/Src/stm32l4xx_ll_sdmmc.c **** {
 574:stm/stm32l4xx/STM32L4xx_HAL_Driver/Src/stm32l4xx_ll_sdmmc.c ****   SDMMC_CmdInitTypeDef  sdmmc_cmdinit;
 575:stm/stm32l4xx/STM32L4xx_HAL_Driver/Src/stm32l4xx_ll_sdmmc.c ****   uint32_t errorstate;
 576:stm/stm32l4xx/STM32L4xx_HAL_Driver/Src/stm32l4xx_ll_sdmmc.c **** 
 577:stm/stm32l4xx/STM32L4xx_HAL_Driver/Src/stm32l4xx_ll_sdmmc.c ****   /* Set Block Size for Card */
 578:stm/stm32l4xx/STM32L4xx_HAL_Driver/Src/stm32l4xx_ll_sdmmc.c ****   sdmmc_cmdinit.Argument         = (uint32_t)ReadAdd;
 579:stm/stm32l4xx/STM32L4xx_HAL_Driver/Src/stm32l4xx_ll_sdmmc.c ****   sdmmc_cmdinit.CmdIndex         = SDMMC_CMD_READ_SINGLE_BLOCK;
 580:stm/stm32l4xx/STM32L4xx_HAL_Driver/Src/stm32l4xx_ll_sdmmc.c ****   sdmmc_cmdinit.Response         = SDMMC_RESPONSE_SHORT;
 581:stm/stm32l4xx/STM32L4xx_HAL_Driver/Src/stm32l4xx_ll_sdmmc.c ****   sdmmc_cmdinit.WaitForInterrupt = SDMMC_WAIT_NO;
 582:stm/stm32l4xx/STM32L4xx_HAL_Driver/Src/stm32l4xx_ll_sdmmc.c ****   sdmmc_cmdinit.CPSM             = SDMMC_CPSM_ENABLE;
 583:stm/stm32l4xx/STM32L4xx_HAL_Driver/Src/stm32l4xx_ll_sdmmc.c ****   (void)SDMMC_SendCommand(SDMMCx, &sdmmc_cmdinit);
 584:stm/stm32l4xx/STM32L4xx_HAL_Driver/Src/stm32l4xx_ll_sdmmc.c **** 
 585:stm/stm32l4xx/STM32L4xx_HAL_Driver/Src/stm32l4xx_ll_sdmmc.c ****   /* Check for error conditions */
 586:stm/stm32l4xx/STM32L4xx_HAL_Driver/Src/stm32l4xx_ll_sdmmc.c ****   errorstate = SDMMC_GetCmdResp1(SDMMCx, SDMMC_CMD_READ_SINGLE_BLOCK, SDMMC_CMDTIMEOUT);
 587:stm/stm32l4xx/STM32L4xx_HAL_Driver/Src/stm32l4xx_ll_sdmmc.c **** 
 588:stm/stm32l4xx/STM32L4xx_HAL_Driver/Src/stm32l4xx_ll_sdmmc.c ****   return errorstate;
 589:stm/stm32l4xx/STM32L4xx_HAL_Driver/Src/stm32l4xx_ll_sdmmc.c **** }
 590:stm/stm32l4xx/STM32L4xx_HAL_Driver/Src/stm32l4xx_ll_sdmmc.c **** 
 591:stm/stm32l4xx/STM32L4xx_HAL_Driver/Src/stm32l4xx_ll_sdmmc.c **** /**
 592:stm/stm32l4xx/STM32L4xx_HAL_Driver/Src/stm32l4xx_ll_sdmmc.c ****   * @brief  Send the Read Multi Block command and check the response
 593:stm/stm32l4xx/STM32L4xx_HAL_Driver/Src/stm32l4xx_ll_sdmmc.c ****   * @param  SDMMCx Pointer to SDMMC register base
 594:stm/stm32l4xx/STM32L4xx_HAL_Driver/Src/stm32l4xx_ll_sdmmc.c ****   * @retval HAL status
 595:stm/stm32l4xx/STM32L4xx_HAL_Driver/Src/stm32l4xx_ll_sdmmc.c ****   */
 596:stm/stm32l4xx/STM32L4xx_HAL_Driver/Src/stm32l4xx_ll_sdmmc.c **** uint32_t SDMMC_CmdReadMultiBlock(SDMMC_TypeDef *SDMMCx, uint32_t ReadAdd)
 597:stm/stm32l4xx/STM32L4xx_HAL_Driver/Src/stm32l4xx_ll_sdmmc.c **** {
 598:stm/stm32l4xx/STM32L4xx_HAL_Driver/Src/stm32l4xx_ll_sdmmc.c ****   SDMMC_CmdInitTypeDef  sdmmc_cmdinit;
 599:stm/stm32l4xx/STM32L4xx_HAL_Driver/Src/stm32l4xx_ll_sdmmc.c ****   uint32_t errorstate;
 600:stm/stm32l4xx/STM32L4xx_HAL_Driver/Src/stm32l4xx_ll_sdmmc.c **** 
ARM GAS  /var/tmp//ccKapYbW.s 			page 12


 601:stm/stm32l4xx/STM32L4xx_HAL_Driver/Src/stm32l4xx_ll_sdmmc.c ****   /* Set Block Size for Card */
 602:stm/stm32l4xx/STM32L4xx_HAL_Driver/Src/stm32l4xx_ll_sdmmc.c ****   sdmmc_cmdinit.Argument         = (uint32_t)ReadAdd;
 603:stm/stm32l4xx/STM32L4xx_HAL_Driver/Src/stm32l4xx_ll_sdmmc.c ****   sdmmc_cmdinit.CmdIndex         = SDMMC_CMD_READ_MULT_BLOCK;
 604:stm/stm32l4xx/STM32L4xx_HAL_Driver/Src/stm32l4xx_ll_sdmmc.c ****   sdmmc_cmdinit.Response         = SDMMC_RESPONSE_SHORT;
 605:stm/stm32l4xx/STM32L4xx_HAL_Driver/Src/stm32l4xx_ll_sdmmc.c ****   sdmmc_cmdinit.WaitForInterrupt = SDMMC_WAIT_NO;
 606:stm/stm32l4xx/STM32L4xx_HAL_Driver/Src/stm32l4xx_ll_sdmmc.c ****   sdmmc_cmdinit.CPSM             = SDMMC_CPSM_ENABLE;
 607:stm/stm32l4xx/STM32L4xx_HAL_Driver/Src/stm32l4xx_ll_sdmmc.c ****   (void)SDMMC_SendCommand(SDMMCx, &sdmmc_cmdinit);
 608:stm/stm32l4xx/STM32L4xx_HAL_Driver/Src/stm32l4xx_ll_sdmmc.c **** 
 609:stm/stm32l4xx/STM32L4xx_HAL_Driver/Src/stm32l4xx_ll_sdmmc.c ****   /* Check for error conditions */
 610:stm/stm32l4xx/STM32L4xx_HAL_Driver/Src/stm32l4xx_ll_sdmmc.c ****   errorstate = SDMMC_GetCmdResp1(SDMMCx, SDMMC_CMD_READ_MULT_BLOCK, SDMMC_CMDTIMEOUT);
 611:stm/stm32l4xx/STM32L4xx_HAL_Driver/Src/stm32l4xx_ll_sdmmc.c **** 
 612:stm/stm32l4xx/STM32L4xx_HAL_Driver/Src/stm32l4xx_ll_sdmmc.c ****   return errorstate;
 613:stm/stm32l4xx/STM32L4xx_HAL_Driver/Src/stm32l4xx_ll_sdmmc.c **** }
 614:stm/stm32l4xx/STM32L4xx_HAL_Driver/Src/stm32l4xx_ll_sdmmc.c **** 
 615:stm/stm32l4xx/STM32L4xx_HAL_Driver/Src/stm32l4xx_ll_sdmmc.c **** /**
 616:stm/stm32l4xx/STM32L4xx_HAL_Driver/Src/stm32l4xx_ll_sdmmc.c ****   * @brief  Send the Write Single Block command and check the response
 617:stm/stm32l4xx/STM32L4xx_HAL_Driver/Src/stm32l4xx_ll_sdmmc.c ****   * @param  SDMMCx Pointer to SDMMC register base
 618:stm/stm32l4xx/STM32L4xx_HAL_Driver/Src/stm32l4xx_ll_sdmmc.c ****   * @retval HAL status
 619:stm/stm32l4xx/STM32L4xx_HAL_Driver/Src/stm32l4xx_ll_sdmmc.c ****   */
 620:stm/stm32l4xx/STM32L4xx_HAL_Driver/Src/stm32l4xx_ll_sdmmc.c **** uint32_t SDMMC_CmdWriteSingleBlock(SDMMC_TypeDef *SDMMCx, uint32_t WriteAdd)
 621:stm/stm32l4xx/STM32L4xx_HAL_Driver/Src/stm32l4xx_ll_sdmmc.c **** {
 622:stm/stm32l4xx/STM32L4xx_HAL_Driver/Src/stm32l4xx_ll_sdmmc.c ****   SDMMC_CmdInitTypeDef  sdmmc_cmdinit;
 623:stm/stm32l4xx/STM32L4xx_HAL_Driver/Src/stm32l4xx_ll_sdmmc.c ****   uint32_t errorstate;
 624:stm/stm32l4xx/STM32L4xx_HAL_Driver/Src/stm32l4xx_ll_sdmmc.c **** 
 625:stm/stm32l4xx/STM32L4xx_HAL_Driver/Src/stm32l4xx_ll_sdmmc.c ****   /* Set Block Size for Card */
 626:stm/stm32l4xx/STM32L4xx_HAL_Driver/Src/stm32l4xx_ll_sdmmc.c ****   sdmmc_cmdinit.Argument         = (uint32_t)WriteAdd;
 627:stm/stm32l4xx/STM32L4xx_HAL_Driver/Src/stm32l4xx_ll_sdmmc.c ****   sdmmc_cmdinit.CmdIndex         = SDMMC_CMD_WRITE_SINGLE_BLOCK;
 628:stm/stm32l4xx/STM32L4xx_HAL_Driver/Src/stm32l4xx_ll_sdmmc.c ****   sdmmc_cmdinit.Response         = SDMMC_RESPONSE_SHORT;
 629:stm/stm32l4xx/STM32L4xx_HAL_Driver/Src/stm32l4xx_ll_sdmmc.c ****   sdmmc_cmdinit.WaitForInterrupt = SDMMC_WAIT_NO;
 630:stm/stm32l4xx/STM32L4xx_HAL_Driver/Src/stm32l4xx_ll_sdmmc.c ****   sdmmc_cmdinit.CPSM             = SDMMC_CPSM_ENABLE;
 631:stm/stm32l4xx/STM32L4xx_HAL_Driver/Src/stm32l4xx_ll_sdmmc.c ****   (void)SDMMC_SendCommand(SDMMCx, &sdmmc_cmdinit);
 632:stm/stm32l4xx/STM32L4xx_HAL_Driver/Src/stm32l4xx_ll_sdmmc.c **** 
 633:stm/stm32l4xx/STM32L4xx_HAL_Driver/Src/stm32l4xx_ll_sdmmc.c ****   /* Check for error conditions */
 634:stm/stm32l4xx/STM32L4xx_HAL_Driver/Src/stm32l4xx_ll_sdmmc.c ****   errorstate = SDMMC_GetCmdResp1(SDMMCx, SDMMC_CMD_WRITE_SINGLE_BLOCK, SDMMC_CMDTIMEOUT);
 635:stm/stm32l4xx/STM32L4xx_HAL_Driver/Src/stm32l4xx_ll_sdmmc.c **** 
 636:stm/stm32l4xx/STM32L4xx_HAL_Driver/Src/stm32l4xx_ll_sdmmc.c ****   return errorstate;
 637:stm/stm32l4xx/STM32L4xx_HAL_Driver/Src/stm32l4xx_ll_sdmmc.c **** }
 638:stm/stm32l4xx/STM32L4xx_HAL_Driver/Src/stm32l4xx_ll_sdmmc.c **** 
 639:stm/stm32l4xx/STM32L4xx_HAL_Driver/Src/stm32l4xx_ll_sdmmc.c **** /**
 640:stm/stm32l4xx/STM32L4xx_HAL_Driver/Src/stm32l4xx_ll_sdmmc.c ****   * @brief  Send the Write Multi Block command and check the response
 641:stm/stm32l4xx/STM32L4xx_HAL_Driver/Src/stm32l4xx_ll_sdmmc.c ****   * @param  SDMMCx Pointer to SDMMC register base
 642:stm/stm32l4xx/STM32L4xx_HAL_Driver/Src/stm32l4xx_ll_sdmmc.c ****   * @retval HAL status
 643:stm/stm32l4xx/STM32L4xx_HAL_Driver/Src/stm32l4xx_ll_sdmmc.c ****   */
 644:stm/stm32l4xx/STM32L4xx_HAL_Driver/Src/stm32l4xx_ll_sdmmc.c **** uint32_t SDMMC_CmdWriteMultiBlock(SDMMC_TypeDef *SDMMCx, uint32_t WriteAdd)
 645:stm/stm32l4xx/STM32L4xx_HAL_Driver/Src/stm32l4xx_ll_sdmmc.c **** {
 646:stm/stm32l4xx/STM32L4xx_HAL_Driver/Src/stm32l4xx_ll_sdmmc.c ****   SDMMC_CmdInitTypeDef  sdmmc_cmdinit;
 647:stm/stm32l4xx/STM32L4xx_HAL_Driver/Src/stm32l4xx_ll_sdmmc.c ****   uint32_t errorstate;
 648:stm/stm32l4xx/STM32L4xx_HAL_Driver/Src/stm32l4xx_ll_sdmmc.c **** 
 649:stm/stm32l4xx/STM32L4xx_HAL_Driver/Src/stm32l4xx_ll_sdmmc.c ****   /* Set Block Size for Card */
 650:stm/stm32l4xx/STM32L4xx_HAL_Driver/Src/stm32l4xx_ll_sdmmc.c ****   sdmmc_cmdinit.Argument         = (uint32_t)WriteAdd;
 651:stm/stm32l4xx/STM32L4xx_HAL_Driver/Src/stm32l4xx_ll_sdmmc.c ****   sdmmc_cmdinit.CmdIndex         = SDMMC_CMD_WRITE_MULT_BLOCK;
 652:stm/stm32l4xx/STM32L4xx_HAL_Driver/Src/stm32l4xx_ll_sdmmc.c ****   sdmmc_cmdinit.Response         = SDMMC_RESPONSE_SHORT;
 653:stm/stm32l4xx/STM32L4xx_HAL_Driver/Src/stm32l4xx_ll_sdmmc.c ****   sdmmc_cmdinit.WaitForInterrupt = SDMMC_WAIT_NO;
 654:stm/stm32l4xx/STM32L4xx_HAL_Driver/Src/stm32l4xx_ll_sdmmc.c ****   sdmmc_cmdinit.CPSM             = SDMMC_CPSM_ENABLE;
 655:stm/stm32l4xx/STM32L4xx_HAL_Driver/Src/stm32l4xx_ll_sdmmc.c ****   (void)SDMMC_SendCommand(SDMMCx, &sdmmc_cmdinit);
 656:stm/stm32l4xx/STM32L4xx_HAL_Driver/Src/stm32l4xx_ll_sdmmc.c **** 
 657:stm/stm32l4xx/STM32L4xx_HAL_Driver/Src/stm32l4xx_ll_sdmmc.c ****   /* Check for error conditions */
ARM GAS  /var/tmp//ccKapYbW.s 			page 13


 658:stm/stm32l4xx/STM32L4xx_HAL_Driver/Src/stm32l4xx_ll_sdmmc.c ****   errorstate = SDMMC_GetCmdResp1(SDMMCx, SDMMC_CMD_WRITE_MULT_BLOCK, SDMMC_CMDTIMEOUT);
 659:stm/stm32l4xx/STM32L4xx_HAL_Driver/Src/stm32l4xx_ll_sdmmc.c **** 
 660:stm/stm32l4xx/STM32L4xx_HAL_Driver/Src/stm32l4xx_ll_sdmmc.c ****   return errorstate;
 661:stm/stm32l4xx/STM32L4xx_HAL_Driver/Src/stm32l4xx_ll_sdmmc.c **** }
 662:stm/stm32l4xx/STM32L4xx_HAL_Driver/Src/stm32l4xx_ll_sdmmc.c **** 
 663:stm/stm32l4xx/STM32L4xx_HAL_Driver/Src/stm32l4xx_ll_sdmmc.c **** /**
 664:stm/stm32l4xx/STM32L4xx_HAL_Driver/Src/stm32l4xx_ll_sdmmc.c ****   * @brief  Send the Start Address Erase command for SD and check the response
 665:stm/stm32l4xx/STM32L4xx_HAL_Driver/Src/stm32l4xx_ll_sdmmc.c ****   * @param  SDMMCx Pointer to SDMMC register base
 666:stm/stm32l4xx/STM32L4xx_HAL_Driver/Src/stm32l4xx_ll_sdmmc.c ****   * @retval HAL status
 667:stm/stm32l4xx/STM32L4xx_HAL_Driver/Src/stm32l4xx_ll_sdmmc.c ****   */
 668:stm/stm32l4xx/STM32L4xx_HAL_Driver/Src/stm32l4xx_ll_sdmmc.c **** uint32_t SDMMC_CmdSDEraseStartAdd(SDMMC_TypeDef *SDMMCx, uint32_t StartAdd)
 669:stm/stm32l4xx/STM32L4xx_HAL_Driver/Src/stm32l4xx_ll_sdmmc.c **** {
 670:stm/stm32l4xx/STM32L4xx_HAL_Driver/Src/stm32l4xx_ll_sdmmc.c ****   SDMMC_CmdInitTypeDef  sdmmc_cmdinit;
 671:stm/stm32l4xx/STM32L4xx_HAL_Driver/Src/stm32l4xx_ll_sdmmc.c ****   uint32_t errorstate;
 672:stm/stm32l4xx/STM32L4xx_HAL_Driver/Src/stm32l4xx_ll_sdmmc.c **** 
 673:stm/stm32l4xx/STM32L4xx_HAL_Driver/Src/stm32l4xx_ll_sdmmc.c ****   /* Set Block Size for Card */
 674:stm/stm32l4xx/STM32L4xx_HAL_Driver/Src/stm32l4xx_ll_sdmmc.c ****   sdmmc_cmdinit.Argument         = (uint32_t)StartAdd;
 675:stm/stm32l4xx/STM32L4xx_HAL_Driver/Src/stm32l4xx_ll_sdmmc.c ****   sdmmc_cmdinit.CmdIndex         = SDMMC_CMD_SD_ERASE_GRP_START;
 676:stm/stm32l4xx/STM32L4xx_HAL_Driver/Src/stm32l4xx_ll_sdmmc.c ****   sdmmc_cmdinit.Response         = SDMMC_RESPONSE_SHORT;
 677:stm/stm32l4xx/STM32L4xx_HAL_Driver/Src/stm32l4xx_ll_sdmmc.c ****   sdmmc_cmdinit.WaitForInterrupt = SDMMC_WAIT_NO;
 678:stm/stm32l4xx/STM32L4xx_HAL_Driver/Src/stm32l4xx_ll_sdmmc.c ****   sdmmc_cmdinit.CPSM             = SDMMC_CPSM_ENABLE;
 679:stm/stm32l4xx/STM32L4xx_HAL_Driver/Src/stm32l4xx_ll_sdmmc.c ****   (void)SDMMC_SendCommand(SDMMCx, &sdmmc_cmdinit);
 680:stm/stm32l4xx/STM32L4xx_HAL_Driver/Src/stm32l4xx_ll_sdmmc.c **** 
 681:stm/stm32l4xx/STM32L4xx_HAL_Driver/Src/stm32l4xx_ll_sdmmc.c ****   /* Check for error conditions */
 682:stm/stm32l4xx/STM32L4xx_HAL_Driver/Src/stm32l4xx_ll_sdmmc.c ****   errorstate = SDMMC_GetCmdResp1(SDMMCx, SDMMC_CMD_SD_ERASE_GRP_START, SDMMC_CMDTIMEOUT);
 683:stm/stm32l4xx/STM32L4xx_HAL_Driver/Src/stm32l4xx_ll_sdmmc.c **** 
 684:stm/stm32l4xx/STM32L4xx_HAL_Driver/Src/stm32l4xx_ll_sdmmc.c ****   return errorstate;
 685:stm/stm32l4xx/STM32L4xx_HAL_Driver/Src/stm32l4xx_ll_sdmmc.c **** }
 686:stm/stm32l4xx/STM32L4xx_HAL_Driver/Src/stm32l4xx_ll_sdmmc.c **** 
 687:stm/stm32l4xx/STM32L4xx_HAL_Driver/Src/stm32l4xx_ll_sdmmc.c **** /**
 688:stm/stm32l4xx/STM32L4xx_HAL_Driver/Src/stm32l4xx_ll_sdmmc.c ****   * @brief  Send the End Address Erase command for SD and check the response
 689:stm/stm32l4xx/STM32L4xx_HAL_Driver/Src/stm32l4xx_ll_sdmmc.c ****   * @param  SDMMCx Pointer to SDMMC register base
 690:stm/stm32l4xx/STM32L4xx_HAL_Driver/Src/stm32l4xx_ll_sdmmc.c ****   * @retval HAL status
 691:stm/stm32l4xx/STM32L4xx_HAL_Driver/Src/stm32l4xx_ll_sdmmc.c ****   */
 692:stm/stm32l4xx/STM32L4xx_HAL_Driver/Src/stm32l4xx_ll_sdmmc.c **** uint32_t SDMMC_CmdSDEraseEndAdd(SDMMC_TypeDef *SDMMCx, uint32_t EndAdd)
 693:stm/stm32l4xx/STM32L4xx_HAL_Driver/Src/stm32l4xx_ll_sdmmc.c **** {
 694:stm/stm32l4xx/STM32L4xx_HAL_Driver/Src/stm32l4xx_ll_sdmmc.c ****   SDMMC_CmdInitTypeDef  sdmmc_cmdinit;
 695:stm/stm32l4xx/STM32L4xx_HAL_Driver/Src/stm32l4xx_ll_sdmmc.c ****   uint32_t errorstate;
 696:stm/stm32l4xx/STM32L4xx_HAL_Driver/Src/stm32l4xx_ll_sdmmc.c **** 
 697:stm/stm32l4xx/STM32L4xx_HAL_Driver/Src/stm32l4xx_ll_sdmmc.c ****   /* Set Block Size for Card */
 698:stm/stm32l4xx/STM32L4xx_HAL_Driver/Src/stm32l4xx_ll_sdmmc.c ****   sdmmc_cmdinit.Argument         = (uint32_t)EndAdd;
 699:stm/stm32l4xx/STM32L4xx_HAL_Driver/Src/stm32l4xx_ll_sdmmc.c ****   sdmmc_cmdinit.CmdIndex         = SDMMC_CMD_SD_ERASE_GRP_END;
 700:stm/stm32l4xx/STM32L4xx_HAL_Driver/Src/stm32l4xx_ll_sdmmc.c ****   sdmmc_cmdinit.Response         = SDMMC_RESPONSE_SHORT;
 701:stm/stm32l4xx/STM32L4xx_HAL_Driver/Src/stm32l4xx_ll_sdmmc.c ****   sdmmc_cmdinit.WaitForInterrupt = SDMMC_WAIT_NO;
 702:stm/stm32l4xx/STM32L4xx_HAL_Driver/Src/stm32l4xx_ll_sdmmc.c ****   sdmmc_cmdinit.CPSM             = SDMMC_CPSM_ENABLE;
 703:stm/stm32l4xx/STM32L4xx_HAL_Driver/Src/stm32l4xx_ll_sdmmc.c ****   (void)SDMMC_SendCommand(SDMMCx, &sdmmc_cmdinit);
 704:stm/stm32l4xx/STM32L4xx_HAL_Driver/Src/stm32l4xx_ll_sdmmc.c **** 
 705:stm/stm32l4xx/STM32L4xx_HAL_Driver/Src/stm32l4xx_ll_sdmmc.c ****   /* Check for error conditions */
 706:stm/stm32l4xx/STM32L4xx_HAL_Driver/Src/stm32l4xx_ll_sdmmc.c ****   errorstate = SDMMC_GetCmdResp1(SDMMCx, SDMMC_CMD_SD_ERASE_GRP_END, SDMMC_CMDTIMEOUT);
 707:stm/stm32l4xx/STM32L4xx_HAL_Driver/Src/stm32l4xx_ll_sdmmc.c **** 
 708:stm/stm32l4xx/STM32L4xx_HAL_Driver/Src/stm32l4xx_ll_sdmmc.c ****   return errorstate;
 709:stm/stm32l4xx/STM32L4xx_HAL_Driver/Src/stm32l4xx_ll_sdmmc.c **** }
 710:stm/stm32l4xx/STM32L4xx_HAL_Driver/Src/stm32l4xx_ll_sdmmc.c **** 
 711:stm/stm32l4xx/STM32L4xx_HAL_Driver/Src/stm32l4xx_ll_sdmmc.c **** /**
 712:stm/stm32l4xx/STM32L4xx_HAL_Driver/Src/stm32l4xx_ll_sdmmc.c ****   * @brief  Send the Start Address Erase command and check the response
 713:stm/stm32l4xx/STM32L4xx_HAL_Driver/Src/stm32l4xx_ll_sdmmc.c ****   * @param  SDMMCx Pointer to SDMMC register base
 714:stm/stm32l4xx/STM32L4xx_HAL_Driver/Src/stm32l4xx_ll_sdmmc.c ****   * @retval HAL status
ARM GAS  /var/tmp//ccKapYbW.s 			page 14


 715:stm/stm32l4xx/STM32L4xx_HAL_Driver/Src/stm32l4xx_ll_sdmmc.c ****   */
 716:stm/stm32l4xx/STM32L4xx_HAL_Driver/Src/stm32l4xx_ll_sdmmc.c **** uint32_t SDMMC_CmdEraseStartAdd(SDMMC_TypeDef *SDMMCx, uint32_t StartAdd)
 717:stm/stm32l4xx/STM32L4xx_HAL_Driver/Src/stm32l4xx_ll_sdmmc.c **** {
 718:stm/stm32l4xx/STM32L4xx_HAL_Driver/Src/stm32l4xx_ll_sdmmc.c ****   SDMMC_CmdInitTypeDef  sdmmc_cmdinit;
 719:stm/stm32l4xx/STM32L4xx_HAL_Driver/Src/stm32l4xx_ll_sdmmc.c ****   uint32_t errorstate;
 720:stm/stm32l4xx/STM32L4xx_HAL_Driver/Src/stm32l4xx_ll_sdmmc.c **** 
 721:stm/stm32l4xx/STM32L4xx_HAL_Driver/Src/stm32l4xx_ll_sdmmc.c ****   /* Set Block Size for Card */
 722:stm/stm32l4xx/STM32L4xx_HAL_Driver/Src/stm32l4xx_ll_sdmmc.c ****   sdmmc_cmdinit.Argument         = (uint32_t)StartAdd;
 723:stm/stm32l4xx/STM32L4xx_HAL_Driver/Src/stm32l4xx_ll_sdmmc.c ****   sdmmc_cmdinit.CmdIndex         = SDMMC_CMD_ERASE_GRP_START;
 724:stm/stm32l4xx/STM32L4xx_HAL_Driver/Src/stm32l4xx_ll_sdmmc.c ****   sdmmc_cmdinit.Response         = SDMMC_RESPONSE_SHORT;
 725:stm/stm32l4xx/STM32L4xx_HAL_Driver/Src/stm32l4xx_ll_sdmmc.c ****   sdmmc_cmdinit.WaitForInterrupt = SDMMC_WAIT_NO;
 726:stm/stm32l4xx/STM32L4xx_HAL_Driver/Src/stm32l4xx_ll_sdmmc.c ****   sdmmc_cmdinit.CPSM             = SDMMC_CPSM_ENABLE;
 727:stm/stm32l4xx/STM32L4xx_HAL_Driver/Src/stm32l4xx_ll_sdmmc.c ****   (void)SDMMC_SendCommand(SDMMCx, &sdmmc_cmdinit);
 728:stm/stm32l4xx/STM32L4xx_HAL_Driver/Src/stm32l4xx_ll_sdmmc.c **** 
 729:stm/stm32l4xx/STM32L4xx_HAL_Driver/Src/stm32l4xx_ll_sdmmc.c ****   /* Check for error conditions */
 730:stm/stm32l4xx/STM32L4xx_HAL_Driver/Src/stm32l4xx_ll_sdmmc.c ****   errorstate = SDMMC_GetCmdResp1(SDMMCx, SDMMC_CMD_ERASE_GRP_START, SDMMC_CMDTIMEOUT);
 731:stm/stm32l4xx/STM32L4xx_HAL_Driver/Src/stm32l4xx_ll_sdmmc.c **** 
 732:stm/stm32l4xx/STM32L4xx_HAL_Driver/Src/stm32l4xx_ll_sdmmc.c ****   return errorstate;
 733:stm/stm32l4xx/STM32L4xx_HAL_Driver/Src/stm32l4xx_ll_sdmmc.c **** }
 734:stm/stm32l4xx/STM32L4xx_HAL_Driver/Src/stm32l4xx_ll_sdmmc.c **** 
 735:stm/stm32l4xx/STM32L4xx_HAL_Driver/Src/stm32l4xx_ll_sdmmc.c **** /**
 736:stm/stm32l4xx/STM32L4xx_HAL_Driver/Src/stm32l4xx_ll_sdmmc.c ****   * @brief  Send the End Address Erase command and check the response
 737:stm/stm32l4xx/STM32L4xx_HAL_Driver/Src/stm32l4xx_ll_sdmmc.c ****   * @param  SDMMCx Pointer to SDMMC register base
 738:stm/stm32l4xx/STM32L4xx_HAL_Driver/Src/stm32l4xx_ll_sdmmc.c ****   * @retval HAL status
 739:stm/stm32l4xx/STM32L4xx_HAL_Driver/Src/stm32l4xx_ll_sdmmc.c ****   */
 740:stm/stm32l4xx/STM32L4xx_HAL_Driver/Src/stm32l4xx_ll_sdmmc.c **** uint32_t SDMMC_CmdEraseEndAdd(SDMMC_TypeDef *SDMMCx, uint32_t EndAdd)
 741:stm/stm32l4xx/STM32L4xx_HAL_Driver/Src/stm32l4xx_ll_sdmmc.c **** {
 742:stm/stm32l4xx/STM32L4xx_HAL_Driver/Src/stm32l4xx_ll_sdmmc.c ****   SDMMC_CmdInitTypeDef  sdmmc_cmdinit;
 743:stm/stm32l4xx/STM32L4xx_HAL_Driver/Src/stm32l4xx_ll_sdmmc.c ****   uint32_t errorstate;
 744:stm/stm32l4xx/STM32L4xx_HAL_Driver/Src/stm32l4xx_ll_sdmmc.c **** 
 745:stm/stm32l4xx/STM32L4xx_HAL_Driver/Src/stm32l4xx_ll_sdmmc.c ****   /* Set Block Size for Card */
 746:stm/stm32l4xx/STM32L4xx_HAL_Driver/Src/stm32l4xx_ll_sdmmc.c ****   sdmmc_cmdinit.Argument         = (uint32_t)EndAdd;
 747:stm/stm32l4xx/STM32L4xx_HAL_Driver/Src/stm32l4xx_ll_sdmmc.c ****   sdmmc_cmdinit.CmdIndex         = SDMMC_CMD_ERASE_GRP_END;
 748:stm/stm32l4xx/STM32L4xx_HAL_Driver/Src/stm32l4xx_ll_sdmmc.c ****   sdmmc_cmdinit.Response         = SDMMC_RESPONSE_SHORT;
 749:stm/stm32l4xx/STM32L4xx_HAL_Driver/Src/stm32l4xx_ll_sdmmc.c ****   sdmmc_cmdinit.WaitForInterrupt = SDMMC_WAIT_NO;
 750:stm/stm32l4xx/STM32L4xx_HAL_Driver/Src/stm32l4xx_ll_sdmmc.c ****   sdmmc_cmdinit.CPSM             = SDMMC_CPSM_ENABLE;
 751:stm/stm32l4xx/STM32L4xx_HAL_Driver/Src/stm32l4xx_ll_sdmmc.c ****   (void)SDMMC_SendCommand(SDMMCx, &sdmmc_cmdinit);
 752:stm/stm32l4xx/STM32L4xx_HAL_Driver/Src/stm32l4xx_ll_sdmmc.c **** 
 753:stm/stm32l4xx/STM32L4xx_HAL_Driver/Src/stm32l4xx_ll_sdmmc.c ****   /* Check for error conditions */
 754:stm/stm32l4xx/STM32L4xx_HAL_Driver/Src/stm32l4xx_ll_sdmmc.c ****   errorstate = SDMMC_GetCmdResp1(SDMMCx, SDMMC_CMD_ERASE_GRP_END, SDMMC_CMDTIMEOUT);
 755:stm/stm32l4xx/STM32L4xx_HAL_Driver/Src/stm32l4xx_ll_sdmmc.c **** 
 756:stm/stm32l4xx/STM32L4xx_HAL_Driver/Src/stm32l4xx_ll_sdmmc.c ****   return errorstate;
 757:stm/stm32l4xx/STM32L4xx_HAL_Driver/Src/stm32l4xx_ll_sdmmc.c **** }
 758:stm/stm32l4xx/STM32L4xx_HAL_Driver/Src/stm32l4xx_ll_sdmmc.c **** 
 759:stm/stm32l4xx/STM32L4xx_HAL_Driver/Src/stm32l4xx_ll_sdmmc.c **** /**
 760:stm/stm32l4xx/STM32L4xx_HAL_Driver/Src/stm32l4xx_ll_sdmmc.c ****   * @brief  Send the Erase command and check the response
 761:stm/stm32l4xx/STM32L4xx_HAL_Driver/Src/stm32l4xx_ll_sdmmc.c ****   * @param  SDMMCx Pointer to SDMMC register base
 762:stm/stm32l4xx/STM32L4xx_HAL_Driver/Src/stm32l4xx_ll_sdmmc.c ****   * @param  EraseType Type of erase to be performed
 763:stm/stm32l4xx/STM32L4xx_HAL_Driver/Src/stm32l4xx_ll_sdmmc.c ****   * @retval HAL status
 764:stm/stm32l4xx/STM32L4xx_HAL_Driver/Src/stm32l4xx_ll_sdmmc.c ****   */
 765:stm/stm32l4xx/STM32L4xx_HAL_Driver/Src/stm32l4xx_ll_sdmmc.c **** uint32_t SDMMC_CmdErase(SDMMC_TypeDef *SDMMCx, uint32_t EraseType)
 766:stm/stm32l4xx/STM32L4xx_HAL_Driver/Src/stm32l4xx_ll_sdmmc.c **** {
 767:stm/stm32l4xx/STM32L4xx_HAL_Driver/Src/stm32l4xx_ll_sdmmc.c ****   SDMMC_CmdInitTypeDef  sdmmc_cmdinit;
 768:stm/stm32l4xx/STM32L4xx_HAL_Driver/Src/stm32l4xx_ll_sdmmc.c ****   uint32_t errorstate;
 769:stm/stm32l4xx/STM32L4xx_HAL_Driver/Src/stm32l4xx_ll_sdmmc.c **** 
 770:stm/stm32l4xx/STM32L4xx_HAL_Driver/Src/stm32l4xx_ll_sdmmc.c ****   /* Set Block Size for Card */
 771:stm/stm32l4xx/STM32L4xx_HAL_Driver/Src/stm32l4xx_ll_sdmmc.c ****   sdmmc_cmdinit.Argument         = EraseType;
ARM GAS  /var/tmp//ccKapYbW.s 			page 15


 772:stm/stm32l4xx/STM32L4xx_HAL_Driver/Src/stm32l4xx_ll_sdmmc.c ****   sdmmc_cmdinit.CmdIndex         = SDMMC_CMD_ERASE;
 773:stm/stm32l4xx/STM32L4xx_HAL_Driver/Src/stm32l4xx_ll_sdmmc.c ****   sdmmc_cmdinit.Response         = SDMMC_RESPONSE_SHORT;
 774:stm/stm32l4xx/STM32L4xx_HAL_Driver/Src/stm32l4xx_ll_sdmmc.c ****   sdmmc_cmdinit.WaitForInterrupt = SDMMC_WAIT_NO;
 775:stm/stm32l4xx/STM32L4xx_HAL_Driver/Src/stm32l4xx_ll_sdmmc.c ****   sdmmc_cmdinit.CPSM             = SDMMC_CPSM_ENABLE;
 776:stm/stm32l4xx/STM32L4xx_HAL_Driver/Src/stm32l4xx_ll_sdmmc.c ****   (void)SDMMC_SendCommand(SDMMCx, &sdmmc_cmdinit);
 777:stm/stm32l4xx/STM32L4xx_HAL_Driver/Src/stm32l4xx_ll_sdmmc.c **** 
 778:stm/stm32l4xx/STM32L4xx_HAL_Driver/Src/stm32l4xx_ll_sdmmc.c ****   /* Check for error conditions */
 779:stm/stm32l4xx/STM32L4xx_HAL_Driver/Src/stm32l4xx_ll_sdmmc.c ****   errorstate = SDMMC_GetCmdResp1(SDMMCx, SDMMC_CMD_ERASE, SDMMC_MAXERASETIMEOUT);
 780:stm/stm32l4xx/STM32L4xx_HAL_Driver/Src/stm32l4xx_ll_sdmmc.c **** 
 781:stm/stm32l4xx/STM32L4xx_HAL_Driver/Src/stm32l4xx_ll_sdmmc.c ****   return errorstate;
 782:stm/stm32l4xx/STM32L4xx_HAL_Driver/Src/stm32l4xx_ll_sdmmc.c **** }
 783:stm/stm32l4xx/STM32L4xx_HAL_Driver/Src/stm32l4xx_ll_sdmmc.c **** 
 784:stm/stm32l4xx/STM32L4xx_HAL_Driver/Src/stm32l4xx_ll_sdmmc.c **** /**
 785:stm/stm32l4xx/STM32L4xx_HAL_Driver/Src/stm32l4xx_ll_sdmmc.c ****   * @brief  Send the Stop Transfer command and check the response.
 786:stm/stm32l4xx/STM32L4xx_HAL_Driver/Src/stm32l4xx_ll_sdmmc.c ****   * @param  SDMMCx Pointer to SDMMC register base
 787:stm/stm32l4xx/STM32L4xx_HAL_Driver/Src/stm32l4xx_ll_sdmmc.c ****   * @retval HAL status
 788:stm/stm32l4xx/STM32L4xx_HAL_Driver/Src/stm32l4xx_ll_sdmmc.c ****   */
 789:stm/stm32l4xx/STM32L4xx_HAL_Driver/Src/stm32l4xx_ll_sdmmc.c **** uint32_t SDMMC_CmdStopTransfer(SDMMC_TypeDef *SDMMCx)
 790:stm/stm32l4xx/STM32L4xx_HAL_Driver/Src/stm32l4xx_ll_sdmmc.c **** {
 791:stm/stm32l4xx/STM32L4xx_HAL_Driver/Src/stm32l4xx_ll_sdmmc.c ****   SDMMC_CmdInitTypeDef  sdmmc_cmdinit;
 792:stm/stm32l4xx/STM32L4xx_HAL_Driver/Src/stm32l4xx_ll_sdmmc.c ****   uint32_t errorstate;
 793:stm/stm32l4xx/STM32L4xx_HAL_Driver/Src/stm32l4xx_ll_sdmmc.c **** 
 794:stm/stm32l4xx/STM32L4xx_HAL_Driver/Src/stm32l4xx_ll_sdmmc.c ****   /* Send CMD12 STOP_TRANSMISSION  */
 795:stm/stm32l4xx/STM32L4xx_HAL_Driver/Src/stm32l4xx_ll_sdmmc.c ****   sdmmc_cmdinit.Argument         = 0U;
 796:stm/stm32l4xx/STM32L4xx_HAL_Driver/Src/stm32l4xx_ll_sdmmc.c ****   sdmmc_cmdinit.CmdIndex         = SDMMC_CMD_STOP_TRANSMISSION;
 797:stm/stm32l4xx/STM32L4xx_HAL_Driver/Src/stm32l4xx_ll_sdmmc.c ****   sdmmc_cmdinit.Response         = SDMMC_RESPONSE_SHORT;
 798:stm/stm32l4xx/STM32L4xx_HAL_Driver/Src/stm32l4xx_ll_sdmmc.c ****   sdmmc_cmdinit.WaitForInterrupt = SDMMC_WAIT_NO;
 799:stm/stm32l4xx/STM32L4xx_HAL_Driver/Src/stm32l4xx_ll_sdmmc.c ****   sdmmc_cmdinit.CPSM             = SDMMC_CPSM_ENABLE;
 800:stm/stm32l4xx/STM32L4xx_HAL_Driver/Src/stm32l4xx_ll_sdmmc.c **** 
 801:stm/stm32l4xx/STM32L4xx_HAL_Driver/Src/stm32l4xx_ll_sdmmc.c **** #if defined(STM32L4P5xx) || defined(STM32L4Q5xx) || defined(STM32L4R5xx) || defined(STM32L4R7xx) ||
 802:stm/stm32l4xx/STM32L4xx_HAL_Driver/Src/stm32l4xx_ll_sdmmc.c ****   __SDMMC_CMDSTOP_ENABLE(SDMMCx);
 803:stm/stm32l4xx/STM32L4xx_HAL_Driver/Src/stm32l4xx_ll_sdmmc.c ****   __SDMMC_CMDTRANS_DISABLE(SDMMCx);
 804:stm/stm32l4xx/STM32L4xx_HAL_Driver/Src/stm32l4xx_ll_sdmmc.c **** #endif /* STM32L4P5xx || STM32L4Q5xx || STM32L4R5xx || STM32L4R7xx || STM32L4R9xx || STM32L4S5xx ||
 805:stm/stm32l4xx/STM32L4xx_HAL_Driver/Src/stm32l4xx_ll_sdmmc.c **** 
 806:stm/stm32l4xx/STM32L4xx_HAL_Driver/Src/stm32l4xx_ll_sdmmc.c ****   (void)SDMMC_SendCommand(SDMMCx, &sdmmc_cmdinit);
 807:stm/stm32l4xx/STM32L4xx_HAL_Driver/Src/stm32l4xx_ll_sdmmc.c **** 
 808:stm/stm32l4xx/STM32L4xx_HAL_Driver/Src/stm32l4xx_ll_sdmmc.c ****   /* Check for error conditions */
 809:stm/stm32l4xx/STM32L4xx_HAL_Driver/Src/stm32l4xx_ll_sdmmc.c ****   errorstate = SDMMC_GetCmdResp1(SDMMCx, SDMMC_CMD_STOP_TRANSMISSION, SDMMC_STOPTRANSFERTIMEOUT);
 810:stm/stm32l4xx/STM32L4xx_HAL_Driver/Src/stm32l4xx_ll_sdmmc.c **** 
 811:stm/stm32l4xx/STM32L4xx_HAL_Driver/Src/stm32l4xx_ll_sdmmc.c **** #if defined(STM32L4P5xx) || defined(STM32L4Q5xx) || defined(STM32L4R5xx) || defined(STM32L4R7xx) ||
 812:stm/stm32l4xx/STM32L4xx_HAL_Driver/Src/stm32l4xx_ll_sdmmc.c ****   __SDMMC_CMDSTOP_DISABLE(SDMMCx);
 813:stm/stm32l4xx/STM32L4xx_HAL_Driver/Src/stm32l4xx_ll_sdmmc.c **** #endif /* STM32L4P5xx || STM32L4Q5xx || STM32L4R5xx || STM32L4R7xx || STM32L4R9xx || STM32L4S5xx ||
 814:stm/stm32l4xx/STM32L4xx_HAL_Driver/Src/stm32l4xx_ll_sdmmc.c **** 
 815:stm/stm32l4xx/STM32L4xx_HAL_Driver/Src/stm32l4xx_ll_sdmmc.c ****   return errorstate;
 816:stm/stm32l4xx/STM32L4xx_HAL_Driver/Src/stm32l4xx_ll_sdmmc.c **** }
 817:stm/stm32l4xx/STM32L4xx_HAL_Driver/Src/stm32l4xx_ll_sdmmc.c **** 
 818:stm/stm32l4xx/STM32L4xx_HAL_Driver/Src/stm32l4xx_ll_sdmmc.c **** /**
 819:stm/stm32l4xx/STM32L4xx_HAL_Driver/Src/stm32l4xx_ll_sdmmc.c ****   * @brief  Send the Select Deselect command and check the response.
 820:stm/stm32l4xx/STM32L4xx_HAL_Driver/Src/stm32l4xx_ll_sdmmc.c ****   * @param  SDMMCx Pointer to SDMMC register base
 821:stm/stm32l4xx/STM32L4xx_HAL_Driver/Src/stm32l4xx_ll_sdmmc.c ****   * @param  addr Address of the card to be selected
 822:stm/stm32l4xx/STM32L4xx_HAL_Driver/Src/stm32l4xx_ll_sdmmc.c ****   * @retval HAL status
 823:stm/stm32l4xx/STM32L4xx_HAL_Driver/Src/stm32l4xx_ll_sdmmc.c ****   */
 824:stm/stm32l4xx/STM32L4xx_HAL_Driver/Src/stm32l4xx_ll_sdmmc.c **** uint32_t SDMMC_CmdSelDesel(SDMMC_TypeDef *SDMMCx, uint64_t Addr)
 825:stm/stm32l4xx/STM32L4xx_HAL_Driver/Src/stm32l4xx_ll_sdmmc.c **** {
 826:stm/stm32l4xx/STM32L4xx_HAL_Driver/Src/stm32l4xx_ll_sdmmc.c ****   SDMMC_CmdInitTypeDef  sdmmc_cmdinit;
 827:stm/stm32l4xx/STM32L4xx_HAL_Driver/Src/stm32l4xx_ll_sdmmc.c ****   uint32_t errorstate;
 828:stm/stm32l4xx/STM32L4xx_HAL_Driver/Src/stm32l4xx_ll_sdmmc.c **** 
ARM GAS  /var/tmp//ccKapYbW.s 			page 16


 829:stm/stm32l4xx/STM32L4xx_HAL_Driver/Src/stm32l4xx_ll_sdmmc.c ****   /* Send CMD7 SDMMC_SEL_DESEL_CARD */
 830:stm/stm32l4xx/STM32L4xx_HAL_Driver/Src/stm32l4xx_ll_sdmmc.c ****   sdmmc_cmdinit.Argument         = (uint32_t)Addr;
 831:stm/stm32l4xx/STM32L4xx_HAL_Driver/Src/stm32l4xx_ll_sdmmc.c ****   sdmmc_cmdinit.CmdIndex         = SDMMC_CMD_SEL_DESEL_CARD;
 832:stm/stm32l4xx/STM32L4xx_HAL_Driver/Src/stm32l4xx_ll_sdmmc.c ****   sdmmc_cmdinit.Response         = SDMMC_RESPONSE_SHORT;
 833:stm/stm32l4xx/STM32L4xx_HAL_Driver/Src/stm32l4xx_ll_sdmmc.c ****   sdmmc_cmdinit.WaitForInterrupt = SDMMC_WAIT_NO;
 834:stm/stm32l4xx/STM32L4xx_HAL_Driver/Src/stm32l4xx_ll_sdmmc.c ****   sdmmc_cmdinit.CPSM             = SDMMC_CPSM_ENABLE;
 835:stm/stm32l4xx/STM32L4xx_HAL_Driver/Src/stm32l4xx_ll_sdmmc.c ****   (void)SDMMC_SendCommand(SDMMCx, &sdmmc_cmdinit);
 836:stm/stm32l4xx/STM32L4xx_HAL_Driver/Src/stm32l4xx_ll_sdmmc.c **** 
 837:stm/stm32l4xx/STM32L4xx_HAL_Driver/Src/stm32l4xx_ll_sdmmc.c ****   /* Check for error conditions */
 838:stm/stm32l4xx/STM32L4xx_HAL_Driver/Src/stm32l4xx_ll_sdmmc.c ****   errorstate = SDMMC_GetCmdResp1(SDMMCx, SDMMC_CMD_SEL_DESEL_CARD, SDMMC_CMDTIMEOUT);
 839:stm/stm32l4xx/STM32L4xx_HAL_Driver/Src/stm32l4xx_ll_sdmmc.c **** 
 840:stm/stm32l4xx/STM32L4xx_HAL_Driver/Src/stm32l4xx_ll_sdmmc.c ****   return errorstate;
 841:stm/stm32l4xx/STM32L4xx_HAL_Driver/Src/stm32l4xx_ll_sdmmc.c **** }
 842:stm/stm32l4xx/STM32L4xx_HAL_Driver/Src/stm32l4xx_ll_sdmmc.c **** 
 843:stm/stm32l4xx/STM32L4xx_HAL_Driver/Src/stm32l4xx_ll_sdmmc.c **** /**
 844:stm/stm32l4xx/STM32L4xx_HAL_Driver/Src/stm32l4xx_ll_sdmmc.c ****   * @brief  Send the Go Idle State command and check the response.
 845:stm/stm32l4xx/STM32L4xx_HAL_Driver/Src/stm32l4xx_ll_sdmmc.c ****   * @param  SDMMCx Pointer to SDMMC register base
 846:stm/stm32l4xx/STM32L4xx_HAL_Driver/Src/stm32l4xx_ll_sdmmc.c ****   * @retval HAL status
 847:stm/stm32l4xx/STM32L4xx_HAL_Driver/Src/stm32l4xx_ll_sdmmc.c ****   */
 848:stm/stm32l4xx/STM32L4xx_HAL_Driver/Src/stm32l4xx_ll_sdmmc.c **** uint32_t SDMMC_CmdGoIdleState(SDMMC_TypeDef *SDMMCx)
 849:stm/stm32l4xx/STM32L4xx_HAL_Driver/Src/stm32l4xx_ll_sdmmc.c **** {
 850:stm/stm32l4xx/STM32L4xx_HAL_Driver/Src/stm32l4xx_ll_sdmmc.c ****   SDMMC_CmdInitTypeDef  sdmmc_cmdinit;
 851:stm/stm32l4xx/STM32L4xx_HAL_Driver/Src/stm32l4xx_ll_sdmmc.c ****   uint32_t errorstate;
 852:stm/stm32l4xx/STM32L4xx_HAL_Driver/Src/stm32l4xx_ll_sdmmc.c **** 
 853:stm/stm32l4xx/STM32L4xx_HAL_Driver/Src/stm32l4xx_ll_sdmmc.c ****   sdmmc_cmdinit.Argument         = 0U;
 854:stm/stm32l4xx/STM32L4xx_HAL_Driver/Src/stm32l4xx_ll_sdmmc.c ****   sdmmc_cmdinit.CmdIndex         = SDMMC_CMD_GO_IDLE_STATE;
 855:stm/stm32l4xx/STM32L4xx_HAL_Driver/Src/stm32l4xx_ll_sdmmc.c ****   sdmmc_cmdinit.Response         = SDMMC_RESPONSE_NO;
 856:stm/stm32l4xx/STM32L4xx_HAL_Driver/Src/stm32l4xx_ll_sdmmc.c ****   sdmmc_cmdinit.WaitForInterrupt = SDMMC_WAIT_NO;
 857:stm/stm32l4xx/STM32L4xx_HAL_Driver/Src/stm32l4xx_ll_sdmmc.c ****   sdmmc_cmdinit.CPSM             = SDMMC_CPSM_ENABLE;
 858:stm/stm32l4xx/STM32L4xx_HAL_Driver/Src/stm32l4xx_ll_sdmmc.c ****   (void)SDMMC_SendCommand(SDMMCx, &sdmmc_cmdinit);
 859:stm/stm32l4xx/STM32L4xx_HAL_Driver/Src/stm32l4xx_ll_sdmmc.c **** 
 860:stm/stm32l4xx/STM32L4xx_HAL_Driver/Src/stm32l4xx_ll_sdmmc.c ****   /* Check for error conditions */
 861:stm/stm32l4xx/STM32L4xx_HAL_Driver/Src/stm32l4xx_ll_sdmmc.c ****   errorstate = SDMMC_GetCmdError(SDMMCx);
 862:stm/stm32l4xx/STM32L4xx_HAL_Driver/Src/stm32l4xx_ll_sdmmc.c **** 
 863:stm/stm32l4xx/STM32L4xx_HAL_Driver/Src/stm32l4xx_ll_sdmmc.c ****   return errorstate;
 864:stm/stm32l4xx/STM32L4xx_HAL_Driver/Src/stm32l4xx_ll_sdmmc.c **** }
 865:stm/stm32l4xx/STM32L4xx_HAL_Driver/Src/stm32l4xx_ll_sdmmc.c **** 
 866:stm/stm32l4xx/STM32L4xx_HAL_Driver/Src/stm32l4xx_ll_sdmmc.c **** /**
 867:stm/stm32l4xx/STM32L4xx_HAL_Driver/Src/stm32l4xx_ll_sdmmc.c ****   * @brief  Send the Operating Condition command and check the response.
 868:stm/stm32l4xx/STM32L4xx_HAL_Driver/Src/stm32l4xx_ll_sdmmc.c ****   * @param  SDMMCx Pointer to SDMMC register base
 869:stm/stm32l4xx/STM32L4xx_HAL_Driver/Src/stm32l4xx_ll_sdmmc.c ****   * @retval HAL status
 870:stm/stm32l4xx/STM32L4xx_HAL_Driver/Src/stm32l4xx_ll_sdmmc.c ****   */
 871:stm/stm32l4xx/STM32L4xx_HAL_Driver/Src/stm32l4xx_ll_sdmmc.c **** uint32_t SDMMC_CmdOperCond(SDMMC_TypeDef *SDMMCx)
 872:stm/stm32l4xx/STM32L4xx_HAL_Driver/Src/stm32l4xx_ll_sdmmc.c **** {
 873:stm/stm32l4xx/STM32L4xx_HAL_Driver/Src/stm32l4xx_ll_sdmmc.c ****   SDMMC_CmdInitTypeDef  sdmmc_cmdinit;
 874:stm/stm32l4xx/STM32L4xx_HAL_Driver/Src/stm32l4xx_ll_sdmmc.c ****   uint32_t errorstate;
 875:stm/stm32l4xx/STM32L4xx_HAL_Driver/Src/stm32l4xx_ll_sdmmc.c **** 
 876:stm/stm32l4xx/STM32L4xx_HAL_Driver/Src/stm32l4xx_ll_sdmmc.c ****   /* Send CMD8 to verify SD card interface operating condition */
 877:stm/stm32l4xx/STM32L4xx_HAL_Driver/Src/stm32l4xx_ll_sdmmc.c ****   /* Argument: - [31:12]: Reserved (shall be set to '0')
 878:stm/stm32l4xx/STM32L4xx_HAL_Driver/Src/stm32l4xx_ll_sdmmc.c ****   - [11:8]: Supply Voltage (VHS) 0x1 (Range: 2.7-3.6 V)
 879:stm/stm32l4xx/STM32L4xx_HAL_Driver/Src/stm32l4xx_ll_sdmmc.c ****   - [7:0]: Check Pattern (recommended 0xAA) */
 880:stm/stm32l4xx/STM32L4xx_HAL_Driver/Src/stm32l4xx_ll_sdmmc.c ****   /* CMD Response: R7 */
 881:stm/stm32l4xx/STM32L4xx_HAL_Driver/Src/stm32l4xx_ll_sdmmc.c ****   sdmmc_cmdinit.Argument         = SDMMC_CHECK_PATTERN;
 882:stm/stm32l4xx/STM32L4xx_HAL_Driver/Src/stm32l4xx_ll_sdmmc.c ****   sdmmc_cmdinit.CmdIndex         = SDMMC_CMD_HS_SEND_EXT_CSD;
 883:stm/stm32l4xx/STM32L4xx_HAL_Driver/Src/stm32l4xx_ll_sdmmc.c ****   sdmmc_cmdinit.Response         = SDMMC_RESPONSE_SHORT;
 884:stm/stm32l4xx/STM32L4xx_HAL_Driver/Src/stm32l4xx_ll_sdmmc.c ****   sdmmc_cmdinit.WaitForInterrupt = SDMMC_WAIT_NO;
 885:stm/stm32l4xx/STM32L4xx_HAL_Driver/Src/stm32l4xx_ll_sdmmc.c ****   sdmmc_cmdinit.CPSM             = SDMMC_CPSM_ENABLE;
ARM GAS  /var/tmp//ccKapYbW.s 			page 17


 886:stm/stm32l4xx/STM32L4xx_HAL_Driver/Src/stm32l4xx_ll_sdmmc.c ****   (void)SDMMC_SendCommand(SDMMCx, &sdmmc_cmdinit);
 887:stm/stm32l4xx/STM32L4xx_HAL_Driver/Src/stm32l4xx_ll_sdmmc.c **** 
 888:stm/stm32l4xx/STM32L4xx_HAL_Driver/Src/stm32l4xx_ll_sdmmc.c ****   /* Check for error conditions */
 889:stm/stm32l4xx/STM32L4xx_HAL_Driver/Src/stm32l4xx_ll_sdmmc.c ****   errorstate = SDMMC_GetCmdResp7(SDMMCx);
 890:stm/stm32l4xx/STM32L4xx_HAL_Driver/Src/stm32l4xx_ll_sdmmc.c **** 
 891:stm/stm32l4xx/STM32L4xx_HAL_Driver/Src/stm32l4xx_ll_sdmmc.c ****   return errorstate;
 892:stm/stm32l4xx/STM32L4xx_HAL_Driver/Src/stm32l4xx_ll_sdmmc.c **** }
 893:stm/stm32l4xx/STM32L4xx_HAL_Driver/Src/stm32l4xx_ll_sdmmc.c **** 
 894:stm/stm32l4xx/STM32L4xx_HAL_Driver/Src/stm32l4xx_ll_sdmmc.c **** /**
 895:stm/stm32l4xx/STM32L4xx_HAL_Driver/Src/stm32l4xx_ll_sdmmc.c ****   * @brief  Send the Application command to verify that that the next command
 896:stm/stm32l4xx/STM32L4xx_HAL_Driver/Src/stm32l4xx_ll_sdmmc.c ****   *         is an application specific com-mand rather than a standard command
 897:stm/stm32l4xx/STM32L4xx_HAL_Driver/Src/stm32l4xx_ll_sdmmc.c ****   *         and check the response.
 898:stm/stm32l4xx/STM32L4xx_HAL_Driver/Src/stm32l4xx_ll_sdmmc.c ****   * @param  SDMMCx Pointer to SDMMC register base
 899:stm/stm32l4xx/STM32L4xx_HAL_Driver/Src/stm32l4xx_ll_sdmmc.c ****   * @param  Argument Command Argument
 900:stm/stm32l4xx/STM32L4xx_HAL_Driver/Src/stm32l4xx_ll_sdmmc.c ****   * @retval HAL status
 901:stm/stm32l4xx/STM32L4xx_HAL_Driver/Src/stm32l4xx_ll_sdmmc.c ****   */
 902:stm/stm32l4xx/STM32L4xx_HAL_Driver/Src/stm32l4xx_ll_sdmmc.c **** uint32_t SDMMC_CmdAppCommand(SDMMC_TypeDef *SDMMCx, uint32_t Argument)
 903:stm/stm32l4xx/STM32L4xx_HAL_Driver/Src/stm32l4xx_ll_sdmmc.c **** {
 904:stm/stm32l4xx/STM32L4xx_HAL_Driver/Src/stm32l4xx_ll_sdmmc.c ****   SDMMC_CmdInitTypeDef  sdmmc_cmdinit;
 905:stm/stm32l4xx/STM32L4xx_HAL_Driver/Src/stm32l4xx_ll_sdmmc.c ****   uint32_t errorstate;
 906:stm/stm32l4xx/STM32L4xx_HAL_Driver/Src/stm32l4xx_ll_sdmmc.c **** 
 907:stm/stm32l4xx/STM32L4xx_HAL_Driver/Src/stm32l4xx_ll_sdmmc.c ****   sdmmc_cmdinit.Argument         = (uint32_t)Argument;
 908:stm/stm32l4xx/STM32L4xx_HAL_Driver/Src/stm32l4xx_ll_sdmmc.c ****   sdmmc_cmdinit.CmdIndex         = SDMMC_CMD_APP_CMD;
 909:stm/stm32l4xx/STM32L4xx_HAL_Driver/Src/stm32l4xx_ll_sdmmc.c ****   sdmmc_cmdinit.Response         = SDMMC_RESPONSE_SHORT;
 910:stm/stm32l4xx/STM32L4xx_HAL_Driver/Src/stm32l4xx_ll_sdmmc.c ****   sdmmc_cmdinit.WaitForInterrupt = SDMMC_WAIT_NO;
 911:stm/stm32l4xx/STM32L4xx_HAL_Driver/Src/stm32l4xx_ll_sdmmc.c ****   sdmmc_cmdinit.CPSM             = SDMMC_CPSM_ENABLE;
 912:stm/stm32l4xx/STM32L4xx_HAL_Driver/Src/stm32l4xx_ll_sdmmc.c ****   (void)SDMMC_SendCommand(SDMMCx, &sdmmc_cmdinit);
 913:stm/stm32l4xx/STM32L4xx_HAL_Driver/Src/stm32l4xx_ll_sdmmc.c **** 
 914:stm/stm32l4xx/STM32L4xx_HAL_Driver/Src/stm32l4xx_ll_sdmmc.c ****   /* Check for error conditions */
 915:stm/stm32l4xx/STM32L4xx_HAL_Driver/Src/stm32l4xx_ll_sdmmc.c ****   /* If there is a HAL_ERROR, it is a MMC card, else
 916:stm/stm32l4xx/STM32L4xx_HAL_Driver/Src/stm32l4xx_ll_sdmmc.c ****   it is a SD card: SD card 2.0 (voltage range mismatch)
 917:stm/stm32l4xx/STM32L4xx_HAL_Driver/Src/stm32l4xx_ll_sdmmc.c ****      or SD card 1.x */
 918:stm/stm32l4xx/STM32L4xx_HAL_Driver/Src/stm32l4xx_ll_sdmmc.c ****   errorstate = SDMMC_GetCmdResp1(SDMMCx, SDMMC_CMD_APP_CMD, SDMMC_CMDTIMEOUT);
 919:stm/stm32l4xx/STM32L4xx_HAL_Driver/Src/stm32l4xx_ll_sdmmc.c **** 
 920:stm/stm32l4xx/STM32L4xx_HAL_Driver/Src/stm32l4xx_ll_sdmmc.c ****   return errorstate;
 921:stm/stm32l4xx/STM32L4xx_HAL_Driver/Src/stm32l4xx_ll_sdmmc.c **** }
 922:stm/stm32l4xx/STM32L4xx_HAL_Driver/Src/stm32l4xx_ll_sdmmc.c **** 
 923:stm/stm32l4xx/STM32L4xx_HAL_Driver/Src/stm32l4xx_ll_sdmmc.c **** /**
 924:stm/stm32l4xx/STM32L4xx_HAL_Driver/Src/stm32l4xx_ll_sdmmc.c ****   * @brief  Send the command asking the accessed card to send its operating
 925:stm/stm32l4xx/STM32L4xx_HAL_Driver/Src/stm32l4xx_ll_sdmmc.c ****   *         condition register (OCR)
 926:stm/stm32l4xx/STM32L4xx_HAL_Driver/Src/stm32l4xx_ll_sdmmc.c ****   * @param  SDMMCx Pointer to SDMMC register base
 927:stm/stm32l4xx/STM32L4xx_HAL_Driver/Src/stm32l4xx_ll_sdmmc.c ****   * @param  Argument Command Argument
 928:stm/stm32l4xx/STM32L4xx_HAL_Driver/Src/stm32l4xx_ll_sdmmc.c ****   * @retval HAL status
 929:stm/stm32l4xx/STM32L4xx_HAL_Driver/Src/stm32l4xx_ll_sdmmc.c ****   */
 930:stm/stm32l4xx/STM32L4xx_HAL_Driver/Src/stm32l4xx_ll_sdmmc.c **** uint32_t SDMMC_CmdAppOperCommand(SDMMC_TypeDef *SDMMCx, uint32_t Argument)
 931:stm/stm32l4xx/STM32L4xx_HAL_Driver/Src/stm32l4xx_ll_sdmmc.c **** {
 932:stm/stm32l4xx/STM32L4xx_HAL_Driver/Src/stm32l4xx_ll_sdmmc.c ****   SDMMC_CmdInitTypeDef  sdmmc_cmdinit;
 933:stm/stm32l4xx/STM32L4xx_HAL_Driver/Src/stm32l4xx_ll_sdmmc.c ****   uint32_t errorstate;
 934:stm/stm32l4xx/STM32L4xx_HAL_Driver/Src/stm32l4xx_ll_sdmmc.c **** 
 935:stm/stm32l4xx/STM32L4xx_HAL_Driver/Src/stm32l4xx_ll_sdmmc.c **** #if defined(STM32L4P5xx) || defined(STM32L4Q5xx) || defined(STM32L4R5xx) || defined(STM32L4R7xx) ||
 936:stm/stm32l4xx/STM32L4xx_HAL_Driver/Src/stm32l4xx_ll_sdmmc.c ****   sdmmc_cmdinit.Argument         = Argument;
 937:stm/stm32l4xx/STM32L4xx_HAL_Driver/Src/stm32l4xx_ll_sdmmc.c **** #else
 938:stm/stm32l4xx/STM32L4xx_HAL_Driver/Src/stm32l4xx_ll_sdmmc.c ****   sdmmc_cmdinit.Argument         = SDMMC_VOLTAGE_WINDOW_SD | Argument;
 939:stm/stm32l4xx/STM32L4xx_HAL_Driver/Src/stm32l4xx_ll_sdmmc.c **** #endif /* STM32L4P5xx || STM32L4Q5xx || STM32L4R5xx || STM32L4R7xx || STM32L4R9xx || STM32L4S5xx ||
 940:stm/stm32l4xx/STM32L4xx_HAL_Driver/Src/stm32l4xx_ll_sdmmc.c ****   sdmmc_cmdinit.CmdIndex         = SDMMC_CMD_SD_APP_OP_COND;
 941:stm/stm32l4xx/STM32L4xx_HAL_Driver/Src/stm32l4xx_ll_sdmmc.c ****   sdmmc_cmdinit.Response         = SDMMC_RESPONSE_SHORT;
 942:stm/stm32l4xx/STM32L4xx_HAL_Driver/Src/stm32l4xx_ll_sdmmc.c ****   sdmmc_cmdinit.WaitForInterrupt = SDMMC_WAIT_NO;
ARM GAS  /var/tmp//ccKapYbW.s 			page 18


 943:stm/stm32l4xx/STM32L4xx_HAL_Driver/Src/stm32l4xx_ll_sdmmc.c ****   sdmmc_cmdinit.CPSM             = SDMMC_CPSM_ENABLE;
 944:stm/stm32l4xx/STM32L4xx_HAL_Driver/Src/stm32l4xx_ll_sdmmc.c ****   (void)SDMMC_SendCommand(SDMMCx, &sdmmc_cmdinit);
 945:stm/stm32l4xx/STM32L4xx_HAL_Driver/Src/stm32l4xx_ll_sdmmc.c **** 
 946:stm/stm32l4xx/STM32L4xx_HAL_Driver/Src/stm32l4xx_ll_sdmmc.c ****   /* Check for error conditions */
 947:stm/stm32l4xx/STM32L4xx_HAL_Driver/Src/stm32l4xx_ll_sdmmc.c ****   errorstate = SDMMC_GetCmdResp3(SDMMCx);
 948:stm/stm32l4xx/STM32L4xx_HAL_Driver/Src/stm32l4xx_ll_sdmmc.c **** 
 949:stm/stm32l4xx/STM32L4xx_HAL_Driver/Src/stm32l4xx_ll_sdmmc.c ****   return errorstate;
 950:stm/stm32l4xx/STM32L4xx_HAL_Driver/Src/stm32l4xx_ll_sdmmc.c **** }
 951:stm/stm32l4xx/STM32L4xx_HAL_Driver/Src/stm32l4xx_ll_sdmmc.c **** 
 952:stm/stm32l4xx/STM32L4xx_HAL_Driver/Src/stm32l4xx_ll_sdmmc.c **** /**
 953:stm/stm32l4xx/STM32L4xx_HAL_Driver/Src/stm32l4xx_ll_sdmmc.c ****   * @brief  Send the Bus Width command and check the response.
 954:stm/stm32l4xx/STM32L4xx_HAL_Driver/Src/stm32l4xx_ll_sdmmc.c ****   * @param  SDMMCx Pointer to SDMMC register base
 955:stm/stm32l4xx/STM32L4xx_HAL_Driver/Src/stm32l4xx_ll_sdmmc.c ****   * @param  BusWidth BusWidth
 956:stm/stm32l4xx/STM32L4xx_HAL_Driver/Src/stm32l4xx_ll_sdmmc.c ****   * @retval HAL status
 957:stm/stm32l4xx/STM32L4xx_HAL_Driver/Src/stm32l4xx_ll_sdmmc.c ****   */
 958:stm/stm32l4xx/STM32L4xx_HAL_Driver/Src/stm32l4xx_ll_sdmmc.c **** uint32_t SDMMC_CmdBusWidth(SDMMC_TypeDef *SDMMCx, uint32_t BusWidth)
 959:stm/stm32l4xx/STM32L4xx_HAL_Driver/Src/stm32l4xx_ll_sdmmc.c **** {
 960:stm/stm32l4xx/STM32L4xx_HAL_Driver/Src/stm32l4xx_ll_sdmmc.c ****   SDMMC_CmdInitTypeDef  sdmmc_cmdinit;
 961:stm/stm32l4xx/STM32L4xx_HAL_Driver/Src/stm32l4xx_ll_sdmmc.c ****   uint32_t errorstate;
 962:stm/stm32l4xx/STM32L4xx_HAL_Driver/Src/stm32l4xx_ll_sdmmc.c **** 
 963:stm/stm32l4xx/STM32L4xx_HAL_Driver/Src/stm32l4xx_ll_sdmmc.c ****   sdmmc_cmdinit.Argument         = (uint32_t)BusWidth;
 964:stm/stm32l4xx/STM32L4xx_HAL_Driver/Src/stm32l4xx_ll_sdmmc.c ****   sdmmc_cmdinit.CmdIndex         = SDMMC_CMD_APP_SD_SET_BUSWIDTH;
 965:stm/stm32l4xx/STM32L4xx_HAL_Driver/Src/stm32l4xx_ll_sdmmc.c ****   sdmmc_cmdinit.Response         = SDMMC_RESPONSE_SHORT;
 966:stm/stm32l4xx/STM32L4xx_HAL_Driver/Src/stm32l4xx_ll_sdmmc.c ****   sdmmc_cmdinit.WaitForInterrupt = SDMMC_WAIT_NO;
 967:stm/stm32l4xx/STM32L4xx_HAL_Driver/Src/stm32l4xx_ll_sdmmc.c ****   sdmmc_cmdinit.CPSM             = SDMMC_CPSM_ENABLE;
 968:stm/stm32l4xx/STM32L4xx_HAL_Driver/Src/stm32l4xx_ll_sdmmc.c ****   (void)SDMMC_SendCommand(SDMMCx, &sdmmc_cmdinit);
 969:stm/stm32l4xx/STM32L4xx_HAL_Driver/Src/stm32l4xx_ll_sdmmc.c **** 
 970:stm/stm32l4xx/STM32L4xx_HAL_Driver/Src/stm32l4xx_ll_sdmmc.c ****   /* Check for error conditions */
 971:stm/stm32l4xx/STM32L4xx_HAL_Driver/Src/stm32l4xx_ll_sdmmc.c ****   errorstate = SDMMC_GetCmdResp1(SDMMCx, SDMMC_CMD_APP_SD_SET_BUSWIDTH, SDMMC_CMDTIMEOUT);
 972:stm/stm32l4xx/STM32L4xx_HAL_Driver/Src/stm32l4xx_ll_sdmmc.c **** 
 973:stm/stm32l4xx/STM32L4xx_HAL_Driver/Src/stm32l4xx_ll_sdmmc.c ****   return errorstate;
 974:stm/stm32l4xx/STM32L4xx_HAL_Driver/Src/stm32l4xx_ll_sdmmc.c **** }
 975:stm/stm32l4xx/STM32L4xx_HAL_Driver/Src/stm32l4xx_ll_sdmmc.c **** 
 976:stm/stm32l4xx/STM32L4xx_HAL_Driver/Src/stm32l4xx_ll_sdmmc.c **** /**
 977:stm/stm32l4xx/STM32L4xx_HAL_Driver/Src/stm32l4xx_ll_sdmmc.c ****   * @brief  Send the Send SCR command and check the response.
 978:stm/stm32l4xx/STM32L4xx_HAL_Driver/Src/stm32l4xx_ll_sdmmc.c ****   * @param  SDMMCx Pointer to SDMMC register base
 979:stm/stm32l4xx/STM32L4xx_HAL_Driver/Src/stm32l4xx_ll_sdmmc.c ****   * @retval HAL status
 980:stm/stm32l4xx/STM32L4xx_HAL_Driver/Src/stm32l4xx_ll_sdmmc.c ****   */
 981:stm/stm32l4xx/STM32L4xx_HAL_Driver/Src/stm32l4xx_ll_sdmmc.c **** uint32_t SDMMC_CmdSendSCR(SDMMC_TypeDef *SDMMCx)
 982:stm/stm32l4xx/STM32L4xx_HAL_Driver/Src/stm32l4xx_ll_sdmmc.c **** {
 983:stm/stm32l4xx/STM32L4xx_HAL_Driver/Src/stm32l4xx_ll_sdmmc.c ****   SDMMC_CmdInitTypeDef  sdmmc_cmdinit;
 984:stm/stm32l4xx/STM32L4xx_HAL_Driver/Src/stm32l4xx_ll_sdmmc.c ****   uint32_t errorstate;
 985:stm/stm32l4xx/STM32L4xx_HAL_Driver/Src/stm32l4xx_ll_sdmmc.c **** 
 986:stm/stm32l4xx/STM32L4xx_HAL_Driver/Src/stm32l4xx_ll_sdmmc.c ****   /* Send CMD51 SD_APP_SEND_SCR */
 987:stm/stm32l4xx/STM32L4xx_HAL_Driver/Src/stm32l4xx_ll_sdmmc.c ****   sdmmc_cmdinit.Argument         = 0U;
 988:stm/stm32l4xx/STM32L4xx_HAL_Driver/Src/stm32l4xx_ll_sdmmc.c ****   sdmmc_cmdinit.CmdIndex         = SDMMC_CMD_SD_APP_SEND_SCR;
 989:stm/stm32l4xx/STM32L4xx_HAL_Driver/Src/stm32l4xx_ll_sdmmc.c ****   sdmmc_cmdinit.Response         = SDMMC_RESPONSE_SHORT;
 990:stm/stm32l4xx/STM32L4xx_HAL_Driver/Src/stm32l4xx_ll_sdmmc.c ****   sdmmc_cmdinit.WaitForInterrupt = SDMMC_WAIT_NO;
 991:stm/stm32l4xx/STM32L4xx_HAL_Driver/Src/stm32l4xx_ll_sdmmc.c ****   sdmmc_cmdinit.CPSM             = SDMMC_CPSM_ENABLE;
 992:stm/stm32l4xx/STM32L4xx_HAL_Driver/Src/stm32l4xx_ll_sdmmc.c ****   (void)SDMMC_SendCommand(SDMMCx, &sdmmc_cmdinit);
 993:stm/stm32l4xx/STM32L4xx_HAL_Driver/Src/stm32l4xx_ll_sdmmc.c **** 
 994:stm/stm32l4xx/STM32L4xx_HAL_Driver/Src/stm32l4xx_ll_sdmmc.c ****   /* Check for error conditions */
 995:stm/stm32l4xx/STM32L4xx_HAL_Driver/Src/stm32l4xx_ll_sdmmc.c ****   errorstate = SDMMC_GetCmdResp1(SDMMCx, SDMMC_CMD_SD_APP_SEND_SCR, SDMMC_CMDTIMEOUT);
 996:stm/stm32l4xx/STM32L4xx_HAL_Driver/Src/stm32l4xx_ll_sdmmc.c **** 
 997:stm/stm32l4xx/STM32L4xx_HAL_Driver/Src/stm32l4xx_ll_sdmmc.c ****   return errorstate;
 998:stm/stm32l4xx/STM32L4xx_HAL_Driver/Src/stm32l4xx_ll_sdmmc.c **** }
 999:stm/stm32l4xx/STM32L4xx_HAL_Driver/Src/stm32l4xx_ll_sdmmc.c **** 
ARM GAS  /var/tmp//ccKapYbW.s 			page 19


1000:stm/stm32l4xx/STM32L4xx_HAL_Driver/Src/stm32l4xx_ll_sdmmc.c **** /**
1001:stm/stm32l4xx/STM32L4xx_HAL_Driver/Src/stm32l4xx_ll_sdmmc.c ****   * @brief  Send the Send CID command and check the response.
1002:stm/stm32l4xx/STM32L4xx_HAL_Driver/Src/stm32l4xx_ll_sdmmc.c ****   * @param  SDMMCx Pointer to SDMMC register base
1003:stm/stm32l4xx/STM32L4xx_HAL_Driver/Src/stm32l4xx_ll_sdmmc.c ****   * @retval HAL status
1004:stm/stm32l4xx/STM32L4xx_HAL_Driver/Src/stm32l4xx_ll_sdmmc.c ****   */
1005:stm/stm32l4xx/STM32L4xx_HAL_Driver/Src/stm32l4xx_ll_sdmmc.c **** uint32_t SDMMC_CmdSendCID(SDMMC_TypeDef *SDMMCx)
1006:stm/stm32l4xx/STM32L4xx_HAL_Driver/Src/stm32l4xx_ll_sdmmc.c **** {
1007:stm/stm32l4xx/STM32L4xx_HAL_Driver/Src/stm32l4xx_ll_sdmmc.c ****   SDMMC_CmdInitTypeDef  sdmmc_cmdinit;
1008:stm/stm32l4xx/STM32L4xx_HAL_Driver/Src/stm32l4xx_ll_sdmmc.c ****   uint32_t errorstate;
1009:stm/stm32l4xx/STM32L4xx_HAL_Driver/Src/stm32l4xx_ll_sdmmc.c **** 
1010:stm/stm32l4xx/STM32L4xx_HAL_Driver/Src/stm32l4xx_ll_sdmmc.c ****   /* Send CMD2 ALL_SEND_CID */
1011:stm/stm32l4xx/STM32L4xx_HAL_Driver/Src/stm32l4xx_ll_sdmmc.c ****   sdmmc_cmdinit.Argument         = 0U;
1012:stm/stm32l4xx/STM32L4xx_HAL_Driver/Src/stm32l4xx_ll_sdmmc.c ****   sdmmc_cmdinit.CmdIndex         = SDMMC_CMD_ALL_SEND_CID;
1013:stm/stm32l4xx/STM32L4xx_HAL_Driver/Src/stm32l4xx_ll_sdmmc.c ****   sdmmc_cmdinit.Response         = SDMMC_RESPONSE_LONG;
1014:stm/stm32l4xx/STM32L4xx_HAL_Driver/Src/stm32l4xx_ll_sdmmc.c ****   sdmmc_cmdinit.WaitForInterrupt = SDMMC_WAIT_NO;
1015:stm/stm32l4xx/STM32L4xx_HAL_Driver/Src/stm32l4xx_ll_sdmmc.c ****   sdmmc_cmdinit.CPSM             = SDMMC_CPSM_ENABLE;
1016:stm/stm32l4xx/STM32L4xx_HAL_Driver/Src/stm32l4xx_ll_sdmmc.c ****   (void)SDMMC_SendCommand(SDMMCx, &sdmmc_cmdinit);
1017:stm/stm32l4xx/STM32L4xx_HAL_Driver/Src/stm32l4xx_ll_sdmmc.c **** 
1018:stm/stm32l4xx/STM32L4xx_HAL_Driver/Src/stm32l4xx_ll_sdmmc.c ****   /* Check for error conditions */
1019:stm/stm32l4xx/STM32L4xx_HAL_Driver/Src/stm32l4xx_ll_sdmmc.c ****   errorstate = SDMMC_GetCmdResp2(SDMMCx);
1020:stm/stm32l4xx/STM32L4xx_HAL_Driver/Src/stm32l4xx_ll_sdmmc.c **** 
1021:stm/stm32l4xx/STM32L4xx_HAL_Driver/Src/stm32l4xx_ll_sdmmc.c ****   return errorstate;
1022:stm/stm32l4xx/STM32L4xx_HAL_Driver/Src/stm32l4xx_ll_sdmmc.c **** }
1023:stm/stm32l4xx/STM32L4xx_HAL_Driver/Src/stm32l4xx_ll_sdmmc.c **** 
1024:stm/stm32l4xx/STM32L4xx_HAL_Driver/Src/stm32l4xx_ll_sdmmc.c **** /**
1025:stm/stm32l4xx/STM32L4xx_HAL_Driver/Src/stm32l4xx_ll_sdmmc.c ****   * @brief  Send the Send CSD command and check the response.
1026:stm/stm32l4xx/STM32L4xx_HAL_Driver/Src/stm32l4xx_ll_sdmmc.c ****   * @param  SDMMCx Pointer to SDMMC register base
1027:stm/stm32l4xx/STM32L4xx_HAL_Driver/Src/stm32l4xx_ll_sdmmc.c ****   * @param  Argument Command Argument
1028:stm/stm32l4xx/STM32L4xx_HAL_Driver/Src/stm32l4xx_ll_sdmmc.c ****   * @retval HAL status
1029:stm/stm32l4xx/STM32L4xx_HAL_Driver/Src/stm32l4xx_ll_sdmmc.c ****   */
1030:stm/stm32l4xx/STM32L4xx_HAL_Driver/Src/stm32l4xx_ll_sdmmc.c **** uint32_t SDMMC_CmdSendCSD(SDMMC_TypeDef *SDMMCx, uint32_t Argument)
1031:stm/stm32l4xx/STM32L4xx_HAL_Driver/Src/stm32l4xx_ll_sdmmc.c **** {
1032:stm/stm32l4xx/STM32L4xx_HAL_Driver/Src/stm32l4xx_ll_sdmmc.c ****   SDMMC_CmdInitTypeDef  sdmmc_cmdinit;
1033:stm/stm32l4xx/STM32L4xx_HAL_Driver/Src/stm32l4xx_ll_sdmmc.c ****   uint32_t errorstate;
1034:stm/stm32l4xx/STM32L4xx_HAL_Driver/Src/stm32l4xx_ll_sdmmc.c **** 
1035:stm/stm32l4xx/STM32L4xx_HAL_Driver/Src/stm32l4xx_ll_sdmmc.c ****   /* Send CMD9 SEND_CSD */
1036:stm/stm32l4xx/STM32L4xx_HAL_Driver/Src/stm32l4xx_ll_sdmmc.c ****   sdmmc_cmdinit.Argument         = Argument;
1037:stm/stm32l4xx/STM32L4xx_HAL_Driver/Src/stm32l4xx_ll_sdmmc.c ****   sdmmc_cmdinit.CmdIndex         = SDMMC_CMD_SEND_CSD;
1038:stm/stm32l4xx/STM32L4xx_HAL_Driver/Src/stm32l4xx_ll_sdmmc.c ****   sdmmc_cmdinit.Response         = SDMMC_RESPONSE_LONG;
1039:stm/stm32l4xx/STM32L4xx_HAL_Driver/Src/stm32l4xx_ll_sdmmc.c ****   sdmmc_cmdinit.WaitForInterrupt = SDMMC_WAIT_NO;
1040:stm/stm32l4xx/STM32L4xx_HAL_Driver/Src/stm32l4xx_ll_sdmmc.c ****   sdmmc_cmdinit.CPSM             = SDMMC_CPSM_ENABLE;
1041:stm/stm32l4xx/STM32L4xx_HAL_Driver/Src/stm32l4xx_ll_sdmmc.c ****   (void)SDMMC_SendCommand(SDMMCx, &sdmmc_cmdinit);
1042:stm/stm32l4xx/STM32L4xx_HAL_Driver/Src/stm32l4xx_ll_sdmmc.c **** 
1043:stm/stm32l4xx/STM32L4xx_HAL_Driver/Src/stm32l4xx_ll_sdmmc.c ****   /* Check for error conditions */
1044:stm/stm32l4xx/STM32L4xx_HAL_Driver/Src/stm32l4xx_ll_sdmmc.c ****   errorstate = SDMMC_GetCmdResp2(SDMMCx);
1045:stm/stm32l4xx/STM32L4xx_HAL_Driver/Src/stm32l4xx_ll_sdmmc.c **** 
1046:stm/stm32l4xx/STM32L4xx_HAL_Driver/Src/stm32l4xx_ll_sdmmc.c ****   return errorstate;
1047:stm/stm32l4xx/STM32L4xx_HAL_Driver/Src/stm32l4xx_ll_sdmmc.c **** }
1048:stm/stm32l4xx/STM32L4xx_HAL_Driver/Src/stm32l4xx_ll_sdmmc.c **** 
1049:stm/stm32l4xx/STM32L4xx_HAL_Driver/Src/stm32l4xx_ll_sdmmc.c **** /**
1050:stm/stm32l4xx/STM32L4xx_HAL_Driver/Src/stm32l4xx_ll_sdmmc.c ****   * @brief  Send the Send CSD command and check the response.
1051:stm/stm32l4xx/STM32L4xx_HAL_Driver/Src/stm32l4xx_ll_sdmmc.c ****   * @param  SDMMCx Pointer to SDMMC register base
1052:stm/stm32l4xx/STM32L4xx_HAL_Driver/Src/stm32l4xx_ll_sdmmc.c ****   * @param  pRCA Card RCA
1053:stm/stm32l4xx/STM32L4xx_HAL_Driver/Src/stm32l4xx_ll_sdmmc.c ****   * @retval HAL status
1054:stm/stm32l4xx/STM32L4xx_HAL_Driver/Src/stm32l4xx_ll_sdmmc.c ****   */
1055:stm/stm32l4xx/STM32L4xx_HAL_Driver/Src/stm32l4xx_ll_sdmmc.c **** uint32_t SDMMC_CmdSetRelAdd(SDMMC_TypeDef *SDMMCx, uint16_t *pRCA)
1056:stm/stm32l4xx/STM32L4xx_HAL_Driver/Src/stm32l4xx_ll_sdmmc.c **** {
ARM GAS  /var/tmp//ccKapYbW.s 			page 20


1057:stm/stm32l4xx/STM32L4xx_HAL_Driver/Src/stm32l4xx_ll_sdmmc.c ****   SDMMC_CmdInitTypeDef  sdmmc_cmdinit;
1058:stm/stm32l4xx/STM32L4xx_HAL_Driver/Src/stm32l4xx_ll_sdmmc.c ****   uint32_t errorstate;
1059:stm/stm32l4xx/STM32L4xx_HAL_Driver/Src/stm32l4xx_ll_sdmmc.c **** 
1060:stm/stm32l4xx/STM32L4xx_HAL_Driver/Src/stm32l4xx_ll_sdmmc.c ****   /* Send CMD3 SD_CMD_SET_REL_ADDR */
1061:stm/stm32l4xx/STM32L4xx_HAL_Driver/Src/stm32l4xx_ll_sdmmc.c ****   sdmmc_cmdinit.Argument         = 0U;
1062:stm/stm32l4xx/STM32L4xx_HAL_Driver/Src/stm32l4xx_ll_sdmmc.c ****   sdmmc_cmdinit.CmdIndex         = SDMMC_CMD_SET_REL_ADDR;
1063:stm/stm32l4xx/STM32L4xx_HAL_Driver/Src/stm32l4xx_ll_sdmmc.c ****   sdmmc_cmdinit.Response         = SDMMC_RESPONSE_SHORT;
1064:stm/stm32l4xx/STM32L4xx_HAL_Driver/Src/stm32l4xx_ll_sdmmc.c ****   sdmmc_cmdinit.WaitForInterrupt = SDMMC_WAIT_NO;
1065:stm/stm32l4xx/STM32L4xx_HAL_Driver/Src/stm32l4xx_ll_sdmmc.c ****   sdmmc_cmdinit.CPSM             = SDMMC_CPSM_ENABLE;
1066:stm/stm32l4xx/STM32L4xx_HAL_Driver/Src/stm32l4xx_ll_sdmmc.c ****   (void)SDMMC_SendCommand(SDMMCx, &sdmmc_cmdinit);
1067:stm/stm32l4xx/STM32L4xx_HAL_Driver/Src/stm32l4xx_ll_sdmmc.c **** 
1068:stm/stm32l4xx/STM32L4xx_HAL_Driver/Src/stm32l4xx_ll_sdmmc.c ****   /* Check for error conditions */
1069:stm/stm32l4xx/STM32L4xx_HAL_Driver/Src/stm32l4xx_ll_sdmmc.c ****   errorstate = SDMMC_GetCmdResp6(SDMMCx, SDMMC_CMD_SET_REL_ADDR, pRCA);
1070:stm/stm32l4xx/STM32L4xx_HAL_Driver/Src/stm32l4xx_ll_sdmmc.c **** 
1071:stm/stm32l4xx/STM32L4xx_HAL_Driver/Src/stm32l4xx_ll_sdmmc.c ****   return errorstate;
1072:stm/stm32l4xx/STM32L4xx_HAL_Driver/Src/stm32l4xx_ll_sdmmc.c **** }
1073:stm/stm32l4xx/STM32L4xx_HAL_Driver/Src/stm32l4xx_ll_sdmmc.c **** 
1074:stm/stm32l4xx/STM32L4xx_HAL_Driver/Src/stm32l4xx_ll_sdmmc.c **** /**
1075:stm/stm32l4xx/STM32L4xx_HAL_Driver/Src/stm32l4xx_ll_sdmmc.c ****   * @brief  Send the Set Relative Address command to MMC card (not SD card).
1076:stm/stm32l4xx/STM32L4xx_HAL_Driver/Src/stm32l4xx_ll_sdmmc.c ****   * @param  SDMMCx Pointer to SDMMC register base
1077:stm/stm32l4xx/STM32L4xx_HAL_Driver/Src/stm32l4xx_ll_sdmmc.c ****   * @param  RCA Card RCA
1078:stm/stm32l4xx/STM32L4xx_HAL_Driver/Src/stm32l4xx_ll_sdmmc.c ****   * @retval HAL status
1079:stm/stm32l4xx/STM32L4xx_HAL_Driver/Src/stm32l4xx_ll_sdmmc.c ****   */
1080:stm/stm32l4xx/STM32L4xx_HAL_Driver/Src/stm32l4xx_ll_sdmmc.c **** uint32_t SDMMC_CmdSetRelAddMmc(SDMMC_TypeDef *SDMMCx, uint16_t RCA)
1081:stm/stm32l4xx/STM32L4xx_HAL_Driver/Src/stm32l4xx_ll_sdmmc.c **** {
1082:stm/stm32l4xx/STM32L4xx_HAL_Driver/Src/stm32l4xx_ll_sdmmc.c ****   SDMMC_CmdInitTypeDef  sdmmc_cmdinit;
1083:stm/stm32l4xx/STM32L4xx_HAL_Driver/Src/stm32l4xx_ll_sdmmc.c ****   uint32_t errorstate;
1084:stm/stm32l4xx/STM32L4xx_HAL_Driver/Src/stm32l4xx_ll_sdmmc.c **** 
1085:stm/stm32l4xx/STM32L4xx_HAL_Driver/Src/stm32l4xx_ll_sdmmc.c ****   /* Send CMD3 SD_CMD_SET_REL_ADDR */
1086:stm/stm32l4xx/STM32L4xx_HAL_Driver/Src/stm32l4xx_ll_sdmmc.c ****   sdmmc_cmdinit.Argument         = ((uint32_t)RCA << 16U);
1087:stm/stm32l4xx/STM32L4xx_HAL_Driver/Src/stm32l4xx_ll_sdmmc.c ****   sdmmc_cmdinit.CmdIndex         = SDMMC_CMD_SET_REL_ADDR;
1088:stm/stm32l4xx/STM32L4xx_HAL_Driver/Src/stm32l4xx_ll_sdmmc.c ****   sdmmc_cmdinit.Response         = SDMMC_RESPONSE_SHORT;
1089:stm/stm32l4xx/STM32L4xx_HAL_Driver/Src/stm32l4xx_ll_sdmmc.c ****   sdmmc_cmdinit.WaitForInterrupt = SDMMC_WAIT_NO;
1090:stm/stm32l4xx/STM32L4xx_HAL_Driver/Src/stm32l4xx_ll_sdmmc.c ****   sdmmc_cmdinit.CPSM             = SDMMC_CPSM_ENABLE;
1091:stm/stm32l4xx/STM32L4xx_HAL_Driver/Src/stm32l4xx_ll_sdmmc.c ****   (void)SDMMC_SendCommand(SDMMCx, &sdmmc_cmdinit);
1092:stm/stm32l4xx/STM32L4xx_HAL_Driver/Src/stm32l4xx_ll_sdmmc.c **** 
1093:stm/stm32l4xx/STM32L4xx_HAL_Driver/Src/stm32l4xx_ll_sdmmc.c ****   /* Check for error conditions */
1094:stm/stm32l4xx/STM32L4xx_HAL_Driver/Src/stm32l4xx_ll_sdmmc.c ****   errorstate = SDMMC_GetCmdResp1(SDMMCx, SDMMC_CMD_SET_REL_ADDR, SDMMC_CMDTIMEOUT);
1095:stm/stm32l4xx/STM32L4xx_HAL_Driver/Src/stm32l4xx_ll_sdmmc.c **** 
1096:stm/stm32l4xx/STM32L4xx_HAL_Driver/Src/stm32l4xx_ll_sdmmc.c ****   return errorstate;
1097:stm/stm32l4xx/STM32L4xx_HAL_Driver/Src/stm32l4xx_ll_sdmmc.c **** }
1098:stm/stm32l4xx/STM32L4xx_HAL_Driver/Src/stm32l4xx_ll_sdmmc.c **** 
1099:stm/stm32l4xx/STM32L4xx_HAL_Driver/Src/stm32l4xx_ll_sdmmc.c **** /**
1100:stm/stm32l4xx/STM32L4xx_HAL_Driver/Src/stm32l4xx_ll_sdmmc.c ****   * @brief  Send the Sleep command to MMC card (not SD card).
1101:stm/stm32l4xx/STM32L4xx_HAL_Driver/Src/stm32l4xx_ll_sdmmc.c ****   * @param  SDMMCx Pointer to SDMMC register base
1102:stm/stm32l4xx/STM32L4xx_HAL_Driver/Src/stm32l4xx_ll_sdmmc.c ****   * @param  Argument Argument of the command (RCA and Sleep/Awake)
1103:stm/stm32l4xx/STM32L4xx_HAL_Driver/Src/stm32l4xx_ll_sdmmc.c ****   * @retval HAL status
1104:stm/stm32l4xx/STM32L4xx_HAL_Driver/Src/stm32l4xx_ll_sdmmc.c ****   */
1105:stm/stm32l4xx/STM32L4xx_HAL_Driver/Src/stm32l4xx_ll_sdmmc.c **** uint32_t SDMMC_CmdSleepMmc(SDMMC_TypeDef *SDMMCx, uint32_t Argument)
1106:stm/stm32l4xx/STM32L4xx_HAL_Driver/Src/stm32l4xx_ll_sdmmc.c **** {
1107:stm/stm32l4xx/STM32L4xx_HAL_Driver/Src/stm32l4xx_ll_sdmmc.c ****   SDMMC_CmdInitTypeDef  sdmmc_cmdinit;
1108:stm/stm32l4xx/STM32L4xx_HAL_Driver/Src/stm32l4xx_ll_sdmmc.c ****   uint32_t errorstate;
1109:stm/stm32l4xx/STM32L4xx_HAL_Driver/Src/stm32l4xx_ll_sdmmc.c **** 
1110:stm/stm32l4xx/STM32L4xx_HAL_Driver/Src/stm32l4xx_ll_sdmmc.c ****   /* Send CMD5 SDMMC_CMD_MMC_SLEEP_AWAKE */
1111:stm/stm32l4xx/STM32L4xx_HAL_Driver/Src/stm32l4xx_ll_sdmmc.c ****   sdmmc_cmdinit.Argument         = Argument;
1112:stm/stm32l4xx/STM32L4xx_HAL_Driver/Src/stm32l4xx_ll_sdmmc.c ****   sdmmc_cmdinit.CmdIndex         = SDMMC_CMD_MMC_SLEEP_AWAKE;
1113:stm/stm32l4xx/STM32L4xx_HAL_Driver/Src/stm32l4xx_ll_sdmmc.c ****   sdmmc_cmdinit.Response         = SDMMC_RESPONSE_SHORT;
ARM GAS  /var/tmp//ccKapYbW.s 			page 21


1114:stm/stm32l4xx/STM32L4xx_HAL_Driver/Src/stm32l4xx_ll_sdmmc.c ****   sdmmc_cmdinit.WaitForInterrupt = SDMMC_WAIT_NO;
1115:stm/stm32l4xx/STM32L4xx_HAL_Driver/Src/stm32l4xx_ll_sdmmc.c ****   sdmmc_cmdinit.CPSM             = SDMMC_CPSM_ENABLE;
1116:stm/stm32l4xx/STM32L4xx_HAL_Driver/Src/stm32l4xx_ll_sdmmc.c ****   (void)SDMMC_SendCommand(SDMMCx, &sdmmc_cmdinit);
1117:stm/stm32l4xx/STM32L4xx_HAL_Driver/Src/stm32l4xx_ll_sdmmc.c **** 
1118:stm/stm32l4xx/STM32L4xx_HAL_Driver/Src/stm32l4xx_ll_sdmmc.c ****   /* Check for error conditions */
1119:stm/stm32l4xx/STM32L4xx_HAL_Driver/Src/stm32l4xx_ll_sdmmc.c ****   errorstate = SDMMC_GetCmdResp1(SDMMCx, SDMMC_CMD_MMC_SLEEP_AWAKE, SDMMC_CMDTIMEOUT);
1120:stm/stm32l4xx/STM32L4xx_HAL_Driver/Src/stm32l4xx_ll_sdmmc.c **** 
1121:stm/stm32l4xx/STM32L4xx_HAL_Driver/Src/stm32l4xx_ll_sdmmc.c ****   return errorstate;
1122:stm/stm32l4xx/STM32L4xx_HAL_Driver/Src/stm32l4xx_ll_sdmmc.c **** }
1123:stm/stm32l4xx/STM32L4xx_HAL_Driver/Src/stm32l4xx_ll_sdmmc.c **** 
1124:stm/stm32l4xx/STM32L4xx_HAL_Driver/Src/stm32l4xx_ll_sdmmc.c **** /**
1125:stm/stm32l4xx/STM32L4xx_HAL_Driver/Src/stm32l4xx_ll_sdmmc.c ****   * @brief  Send the Status command and check the response.
1126:stm/stm32l4xx/STM32L4xx_HAL_Driver/Src/stm32l4xx_ll_sdmmc.c ****   * @param  SDMMCx Pointer to SDMMC register base
1127:stm/stm32l4xx/STM32L4xx_HAL_Driver/Src/stm32l4xx_ll_sdmmc.c ****   * @param  Argument Command Argument
1128:stm/stm32l4xx/STM32L4xx_HAL_Driver/Src/stm32l4xx_ll_sdmmc.c ****   * @retval HAL status
1129:stm/stm32l4xx/STM32L4xx_HAL_Driver/Src/stm32l4xx_ll_sdmmc.c ****   */
1130:stm/stm32l4xx/STM32L4xx_HAL_Driver/Src/stm32l4xx_ll_sdmmc.c **** uint32_t SDMMC_CmdSendStatus(SDMMC_TypeDef *SDMMCx, uint32_t Argument)
1131:stm/stm32l4xx/STM32L4xx_HAL_Driver/Src/stm32l4xx_ll_sdmmc.c **** {
1132:stm/stm32l4xx/STM32L4xx_HAL_Driver/Src/stm32l4xx_ll_sdmmc.c ****   SDMMC_CmdInitTypeDef  sdmmc_cmdinit;
1133:stm/stm32l4xx/STM32L4xx_HAL_Driver/Src/stm32l4xx_ll_sdmmc.c ****   uint32_t errorstate;
1134:stm/stm32l4xx/STM32L4xx_HAL_Driver/Src/stm32l4xx_ll_sdmmc.c **** 
1135:stm/stm32l4xx/STM32L4xx_HAL_Driver/Src/stm32l4xx_ll_sdmmc.c ****   sdmmc_cmdinit.Argument         = Argument;
1136:stm/stm32l4xx/STM32L4xx_HAL_Driver/Src/stm32l4xx_ll_sdmmc.c ****   sdmmc_cmdinit.CmdIndex         = SDMMC_CMD_SEND_STATUS;
1137:stm/stm32l4xx/STM32L4xx_HAL_Driver/Src/stm32l4xx_ll_sdmmc.c ****   sdmmc_cmdinit.Response         = SDMMC_RESPONSE_SHORT;
1138:stm/stm32l4xx/STM32L4xx_HAL_Driver/Src/stm32l4xx_ll_sdmmc.c ****   sdmmc_cmdinit.WaitForInterrupt = SDMMC_WAIT_NO;
1139:stm/stm32l4xx/STM32L4xx_HAL_Driver/Src/stm32l4xx_ll_sdmmc.c ****   sdmmc_cmdinit.CPSM             = SDMMC_CPSM_ENABLE;
1140:stm/stm32l4xx/STM32L4xx_HAL_Driver/Src/stm32l4xx_ll_sdmmc.c ****   (void)SDMMC_SendCommand(SDMMCx, &sdmmc_cmdinit);
1141:stm/stm32l4xx/STM32L4xx_HAL_Driver/Src/stm32l4xx_ll_sdmmc.c **** 
1142:stm/stm32l4xx/STM32L4xx_HAL_Driver/Src/stm32l4xx_ll_sdmmc.c ****   /* Check for error conditions */
1143:stm/stm32l4xx/STM32L4xx_HAL_Driver/Src/stm32l4xx_ll_sdmmc.c ****   errorstate = SDMMC_GetCmdResp1(SDMMCx, SDMMC_CMD_SEND_STATUS, SDMMC_CMDTIMEOUT);
1144:stm/stm32l4xx/STM32L4xx_HAL_Driver/Src/stm32l4xx_ll_sdmmc.c **** 
1145:stm/stm32l4xx/STM32L4xx_HAL_Driver/Src/stm32l4xx_ll_sdmmc.c ****   return errorstate;
1146:stm/stm32l4xx/STM32L4xx_HAL_Driver/Src/stm32l4xx_ll_sdmmc.c **** }
1147:stm/stm32l4xx/STM32L4xx_HAL_Driver/Src/stm32l4xx_ll_sdmmc.c **** 
1148:stm/stm32l4xx/STM32L4xx_HAL_Driver/Src/stm32l4xx_ll_sdmmc.c **** /**
1149:stm/stm32l4xx/STM32L4xx_HAL_Driver/Src/stm32l4xx_ll_sdmmc.c ****   * @brief  Send the Status register command and check the response.
1150:stm/stm32l4xx/STM32L4xx_HAL_Driver/Src/stm32l4xx_ll_sdmmc.c ****   * @param  SDMMCx Pointer to SDMMC register base
1151:stm/stm32l4xx/STM32L4xx_HAL_Driver/Src/stm32l4xx_ll_sdmmc.c ****   * @retval HAL status
1152:stm/stm32l4xx/STM32L4xx_HAL_Driver/Src/stm32l4xx_ll_sdmmc.c ****   */
1153:stm/stm32l4xx/STM32L4xx_HAL_Driver/Src/stm32l4xx_ll_sdmmc.c **** uint32_t SDMMC_CmdStatusRegister(SDMMC_TypeDef *SDMMCx)
1154:stm/stm32l4xx/STM32L4xx_HAL_Driver/Src/stm32l4xx_ll_sdmmc.c **** {
1155:stm/stm32l4xx/STM32L4xx_HAL_Driver/Src/stm32l4xx_ll_sdmmc.c ****   SDMMC_CmdInitTypeDef  sdmmc_cmdinit;
1156:stm/stm32l4xx/STM32L4xx_HAL_Driver/Src/stm32l4xx_ll_sdmmc.c ****   uint32_t errorstate;
1157:stm/stm32l4xx/STM32L4xx_HAL_Driver/Src/stm32l4xx_ll_sdmmc.c **** 
1158:stm/stm32l4xx/STM32L4xx_HAL_Driver/Src/stm32l4xx_ll_sdmmc.c ****   sdmmc_cmdinit.Argument         = 0U;
1159:stm/stm32l4xx/STM32L4xx_HAL_Driver/Src/stm32l4xx_ll_sdmmc.c ****   sdmmc_cmdinit.CmdIndex         = SDMMC_CMD_SD_APP_STATUS;
1160:stm/stm32l4xx/STM32L4xx_HAL_Driver/Src/stm32l4xx_ll_sdmmc.c ****   sdmmc_cmdinit.Response         = SDMMC_RESPONSE_SHORT;
1161:stm/stm32l4xx/STM32L4xx_HAL_Driver/Src/stm32l4xx_ll_sdmmc.c ****   sdmmc_cmdinit.WaitForInterrupt = SDMMC_WAIT_NO;
1162:stm/stm32l4xx/STM32L4xx_HAL_Driver/Src/stm32l4xx_ll_sdmmc.c ****   sdmmc_cmdinit.CPSM             = SDMMC_CPSM_ENABLE;
1163:stm/stm32l4xx/STM32L4xx_HAL_Driver/Src/stm32l4xx_ll_sdmmc.c ****   (void)SDMMC_SendCommand(SDMMCx, &sdmmc_cmdinit);
1164:stm/stm32l4xx/STM32L4xx_HAL_Driver/Src/stm32l4xx_ll_sdmmc.c **** 
1165:stm/stm32l4xx/STM32L4xx_HAL_Driver/Src/stm32l4xx_ll_sdmmc.c ****   /* Check for error conditions */
1166:stm/stm32l4xx/STM32L4xx_HAL_Driver/Src/stm32l4xx_ll_sdmmc.c ****   errorstate = SDMMC_GetCmdResp1(SDMMCx, SDMMC_CMD_SD_APP_STATUS, SDMMC_CMDTIMEOUT);
1167:stm/stm32l4xx/STM32L4xx_HAL_Driver/Src/stm32l4xx_ll_sdmmc.c **** 
1168:stm/stm32l4xx/STM32L4xx_HAL_Driver/Src/stm32l4xx_ll_sdmmc.c ****   return errorstate;
1169:stm/stm32l4xx/STM32L4xx_HAL_Driver/Src/stm32l4xx_ll_sdmmc.c **** }
1170:stm/stm32l4xx/STM32L4xx_HAL_Driver/Src/stm32l4xx_ll_sdmmc.c **** 
ARM GAS  /var/tmp//ccKapYbW.s 			page 22


1171:stm/stm32l4xx/STM32L4xx_HAL_Driver/Src/stm32l4xx_ll_sdmmc.c **** /**
1172:stm/stm32l4xx/STM32L4xx_HAL_Driver/Src/stm32l4xx_ll_sdmmc.c ****   * @brief  Sends host capacity support information and activates the card's
1173:stm/stm32l4xx/STM32L4xx_HAL_Driver/Src/stm32l4xx_ll_sdmmc.c ****   *         initialization process. Send SDMMC_CMD_SEND_OP_COND command
1174:stm/stm32l4xx/STM32L4xx_HAL_Driver/Src/stm32l4xx_ll_sdmmc.c ****   * @param  SDMMCx Pointer to SDMMC register base
1175:stm/stm32l4xx/STM32L4xx_HAL_Driver/Src/stm32l4xx_ll_sdmmc.c ****   * @parame Argument: Argument used for the command
1176:stm/stm32l4xx/STM32L4xx_HAL_Driver/Src/stm32l4xx_ll_sdmmc.c ****   * @retval HAL status
1177:stm/stm32l4xx/STM32L4xx_HAL_Driver/Src/stm32l4xx_ll_sdmmc.c ****   */
1178:stm/stm32l4xx/STM32L4xx_HAL_Driver/Src/stm32l4xx_ll_sdmmc.c **** uint32_t SDMMC_CmdOpCondition(SDMMC_TypeDef *SDMMCx, uint32_t Argument)
1179:stm/stm32l4xx/STM32L4xx_HAL_Driver/Src/stm32l4xx_ll_sdmmc.c **** {
1180:stm/stm32l4xx/STM32L4xx_HAL_Driver/Src/stm32l4xx_ll_sdmmc.c ****   SDMMC_CmdInitTypeDef  sdmmc_cmdinit;
1181:stm/stm32l4xx/STM32L4xx_HAL_Driver/Src/stm32l4xx_ll_sdmmc.c ****   uint32_t errorstate;
1182:stm/stm32l4xx/STM32L4xx_HAL_Driver/Src/stm32l4xx_ll_sdmmc.c **** 
1183:stm/stm32l4xx/STM32L4xx_HAL_Driver/Src/stm32l4xx_ll_sdmmc.c ****   sdmmc_cmdinit.Argument         = Argument;
1184:stm/stm32l4xx/STM32L4xx_HAL_Driver/Src/stm32l4xx_ll_sdmmc.c ****   sdmmc_cmdinit.CmdIndex         = SDMMC_CMD_SEND_OP_COND;
1185:stm/stm32l4xx/STM32L4xx_HAL_Driver/Src/stm32l4xx_ll_sdmmc.c ****   sdmmc_cmdinit.Response         = SDMMC_RESPONSE_SHORT;
1186:stm/stm32l4xx/STM32L4xx_HAL_Driver/Src/stm32l4xx_ll_sdmmc.c ****   sdmmc_cmdinit.WaitForInterrupt = SDMMC_WAIT_NO;
1187:stm/stm32l4xx/STM32L4xx_HAL_Driver/Src/stm32l4xx_ll_sdmmc.c ****   sdmmc_cmdinit.CPSM             = SDMMC_CPSM_ENABLE;
1188:stm/stm32l4xx/STM32L4xx_HAL_Driver/Src/stm32l4xx_ll_sdmmc.c ****   (void)SDMMC_SendCommand(SDMMCx, &sdmmc_cmdinit);
1189:stm/stm32l4xx/STM32L4xx_HAL_Driver/Src/stm32l4xx_ll_sdmmc.c **** 
1190:stm/stm32l4xx/STM32L4xx_HAL_Driver/Src/stm32l4xx_ll_sdmmc.c ****   /* Check for error conditions */
1191:stm/stm32l4xx/STM32L4xx_HAL_Driver/Src/stm32l4xx_ll_sdmmc.c ****   errorstate = SDMMC_GetCmdResp3(SDMMCx);
1192:stm/stm32l4xx/STM32L4xx_HAL_Driver/Src/stm32l4xx_ll_sdmmc.c **** 
1193:stm/stm32l4xx/STM32L4xx_HAL_Driver/Src/stm32l4xx_ll_sdmmc.c ****   return errorstate;
1194:stm/stm32l4xx/STM32L4xx_HAL_Driver/Src/stm32l4xx_ll_sdmmc.c **** }
1195:stm/stm32l4xx/STM32L4xx_HAL_Driver/Src/stm32l4xx_ll_sdmmc.c **** 
1196:stm/stm32l4xx/STM32L4xx_HAL_Driver/Src/stm32l4xx_ll_sdmmc.c **** /**
1197:stm/stm32l4xx/STM32L4xx_HAL_Driver/Src/stm32l4xx_ll_sdmmc.c ****   * @brief  Checks switchable function and switch card function. SDMMC_CMD_HS_SWITCH command
1198:stm/stm32l4xx/STM32L4xx_HAL_Driver/Src/stm32l4xx_ll_sdmmc.c ****   * @param  SDMMCx Pointer to SDMMC register base
1199:stm/stm32l4xx/STM32L4xx_HAL_Driver/Src/stm32l4xx_ll_sdmmc.c ****   * @parame Argument: Argument used for the command
1200:stm/stm32l4xx/STM32L4xx_HAL_Driver/Src/stm32l4xx_ll_sdmmc.c ****   * @retval HAL status
1201:stm/stm32l4xx/STM32L4xx_HAL_Driver/Src/stm32l4xx_ll_sdmmc.c ****   */
1202:stm/stm32l4xx/STM32L4xx_HAL_Driver/Src/stm32l4xx_ll_sdmmc.c **** uint32_t SDMMC_CmdSwitch(SDMMC_TypeDef *SDMMCx, uint32_t Argument)
1203:stm/stm32l4xx/STM32L4xx_HAL_Driver/Src/stm32l4xx_ll_sdmmc.c **** {
1204:stm/stm32l4xx/STM32L4xx_HAL_Driver/Src/stm32l4xx_ll_sdmmc.c ****   SDMMC_CmdInitTypeDef  sdmmc_cmdinit;
1205:stm/stm32l4xx/STM32L4xx_HAL_Driver/Src/stm32l4xx_ll_sdmmc.c ****   uint32_t errorstate;
1206:stm/stm32l4xx/STM32L4xx_HAL_Driver/Src/stm32l4xx_ll_sdmmc.c **** 
1207:stm/stm32l4xx/STM32L4xx_HAL_Driver/Src/stm32l4xx_ll_sdmmc.c ****   /* Send CMD6 to activate SDR50 Mode and Power Limit 1.44W */
1208:stm/stm32l4xx/STM32L4xx_HAL_Driver/Src/stm32l4xx_ll_sdmmc.c ****   /* CMD Response: R1 */
1209:stm/stm32l4xx/STM32L4xx_HAL_Driver/Src/stm32l4xx_ll_sdmmc.c ****   sdmmc_cmdinit.Argument         = Argument; /* SDMMC_SDR25_SWITCH_PATTERN;*/
1210:stm/stm32l4xx/STM32L4xx_HAL_Driver/Src/stm32l4xx_ll_sdmmc.c ****   sdmmc_cmdinit.CmdIndex         = SDMMC_CMD_HS_SWITCH;
1211:stm/stm32l4xx/STM32L4xx_HAL_Driver/Src/stm32l4xx_ll_sdmmc.c ****   sdmmc_cmdinit.Response         = SDMMC_RESPONSE_SHORT;
1212:stm/stm32l4xx/STM32L4xx_HAL_Driver/Src/stm32l4xx_ll_sdmmc.c ****   sdmmc_cmdinit.WaitForInterrupt = SDMMC_WAIT_NO;
1213:stm/stm32l4xx/STM32L4xx_HAL_Driver/Src/stm32l4xx_ll_sdmmc.c ****   sdmmc_cmdinit.CPSM             = SDMMC_CPSM_ENABLE;
1214:stm/stm32l4xx/STM32L4xx_HAL_Driver/Src/stm32l4xx_ll_sdmmc.c ****   (void)SDMMC_SendCommand(SDMMCx, &sdmmc_cmdinit);
1215:stm/stm32l4xx/STM32L4xx_HAL_Driver/Src/stm32l4xx_ll_sdmmc.c **** 
1216:stm/stm32l4xx/STM32L4xx_HAL_Driver/Src/stm32l4xx_ll_sdmmc.c ****   /* Check for error conditions */
1217:stm/stm32l4xx/STM32L4xx_HAL_Driver/Src/stm32l4xx_ll_sdmmc.c ****   errorstate = SDMMC_GetCmdResp1(SDMMCx, SDMMC_CMD_HS_SWITCH, SDMMC_CMDTIMEOUT);
1218:stm/stm32l4xx/STM32L4xx_HAL_Driver/Src/stm32l4xx_ll_sdmmc.c **** 
1219:stm/stm32l4xx/STM32L4xx_HAL_Driver/Src/stm32l4xx_ll_sdmmc.c ****   return errorstate;
1220:stm/stm32l4xx/STM32L4xx_HAL_Driver/Src/stm32l4xx_ll_sdmmc.c **** }
1221:stm/stm32l4xx/STM32L4xx_HAL_Driver/Src/stm32l4xx_ll_sdmmc.c **** 
1222:stm/stm32l4xx/STM32L4xx_HAL_Driver/Src/stm32l4xx_ll_sdmmc.c **** #if defined(STM32L4P5xx) || defined(STM32L4Q5xx) || defined(STM32L4R5xx) || defined(STM32L4R7xx) ||
1223:stm/stm32l4xx/STM32L4xx_HAL_Driver/Src/stm32l4xx_ll_sdmmc.c **** /**
1224:stm/stm32l4xx/STM32L4xx_HAL_Driver/Src/stm32l4xx_ll_sdmmc.c ****   * @brief  Send the command asking the accessed card to send its operating
1225:stm/stm32l4xx/STM32L4xx_HAL_Driver/Src/stm32l4xx_ll_sdmmc.c ****   *         condition register (OCR)
1226:stm/stm32l4xx/STM32L4xx_HAL_Driver/Src/stm32l4xx_ll_sdmmc.c ****   * @param  None
1227:stm/stm32l4xx/STM32L4xx_HAL_Driver/Src/stm32l4xx_ll_sdmmc.c ****   * @retval HAL status
ARM GAS  /var/tmp//ccKapYbW.s 			page 23


1228:stm/stm32l4xx/STM32L4xx_HAL_Driver/Src/stm32l4xx_ll_sdmmc.c ****   */
1229:stm/stm32l4xx/STM32L4xx_HAL_Driver/Src/stm32l4xx_ll_sdmmc.c **** uint32_t SDMMC_CmdVoltageSwitch(SDMMC_TypeDef *SDMMCx)
1230:stm/stm32l4xx/STM32L4xx_HAL_Driver/Src/stm32l4xx_ll_sdmmc.c **** {
1231:stm/stm32l4xx/STM32L4xx_HAL_Driver/Src/stm32l4xx_ll_sdmmc.c ****   SDMMC_CmdInitTypeDef  sdmmc_cmdinit;
1232:stm/stm32l4xx/STM32L4xx_HAL_Driver/Src/stm32l4xx_ll_sdmmc.c ****   uint32_t errorstate;
1233:stm/stm32l4xx/STM32L4xx_HAL_Driver/Src/stm32l4xx_ll_sdmmc.c **** 
1234:stm/stm32l4xx/STM32L4xx_HAL_Driver/Src/stm32l4xx_ll_sdmmc.c ****   sdmmc_cmdinit.Argument         = 0x00000000;
1235:stm/stm32l4xx/STM32L4xx_HAL_Driver/Src/stm32l4xx_ll_sdmmc.c ****   sdmmc_cmdinit.CmdIndex         = SDMMC_CMD_VOLTAGE_SWITCH;
1236:stm/stm32l4xx/STM32L4xx_HAL_Driver/Src/stm32l4xx_ll_sdmmc.c ****   sdmmc_cmdinit.Response         = SDMMC_RESPONSE_SHORT;
1237:stm/stm32l4xx/STM32L4xx_HAL_Driver/Src/stm32l4xx_ll_sdmmc.c ****   sdmmc_cmdinit.WaitForInterrupt = SDMMC_WAIT_NO;
1238:stm/stm32l4xx/STM32L4xx_HAL_Driver/Src/stm32l4xx_ll_sdmmc.c ****   sdmmc_cmdinit.CPSM             = SDMMC_CPSM_ENABLE;
1239:stm/stm32l4xx/STM32L4xx_HAL_Driver/Src/stm32l4xx_ll_sdmmc.c ****   (void)SDMMC_SendCommand(SDMMCx, &sdmmc_cmdinit);
1240:stm/stm32l4xx/STM32L4xx_HAL_Driver/Src/stm32l4xx_ll_sdmmc.c **** 
1241:stm/stm32l4xx/STM32L4xx_HAL_Driver/Src/stm32l4xx_ll_sdmmc.c ****   /* Check for error conditions */
1242:stm/stm32l4xx/STM32L4xx_HAL_Driver/Src/stm32l4xx_ll_sdmmc.c ****   errorstate = SDMMC_GetCmdResp1(SDMMCx, SDMMC_CMD_VOLTAGE_SWITCH, SDMMC_CMDTIMEOUT);
1243:stm/stm32l4xx/STM32L4xx_HAL_Driver/Src/stm32l4xx_ll_sdmmc.c **** 
1244:stm/stm32l4xx/STM32L4xx_HAL_Driver/Src/stm32l4xx_ll_sdmmc.c ****   return errorstate;
1245:stm/stm32l4xx/STM32L4xx_HAL_Driver/Src/stm32l4xx_ll_sdmmc.c **** }
1246:stm/stm32l4xx/STM32L4xx_HAL_Driver/Src/stm32l4xx_ll_sdmmc.c **** #endif /* STM32L4R5xx || STM32L4R7xx || STM32L4R9xx || STM32L4S5xx || STM32L4S7xx || STM32L4S9xx */
1247:stm/stm32l4xx/STM32L4xx_HAL_Driver/Src/stm32l4xx_ll_sdmmc.c **** 
1248:stm/stm32l4xx/STM32L4xx_HAL_Driver/Src/stm32l4xx_ll_sdmmc.c **** /**
1249:stm/stm32l4xx/STM32L4xx_HAL_Driver/Src/stm32l4xx_ll_sdmmc.c ****   * @brief  Send the Send EXT_CSD command and check the response.
1250:stm/stm32l4xx/STM32L4xx_HAL_Driver/Src/stm32l4xx_ll_sdmmc.c ****   * @param  SDMMCx Pointer to SDMMC register base
1251:stm/stm32l4xx/STM32L4xx_HAL_Driver/Src/stm32l4xx_ll_sdmmc.c ****   * @param  Argument Command Argument
1252:stm/stm32l4xx/STM32L4xx_HAL_Driver/Src/stm32l4xx_ll_sdmmc.c ****   * @retval HAL status
1253:stm/stm32l4xx/STM32L4xx_HAL_Driver/Src/stm32l4xx_ll_sdmmc.c ****   */
1254:stm/stm32l4xx/STM32L4xx_HAL_Driver/Src/stm32l4xx_ll_sdmmc.c **** uint32_t SDMMC_CmdSendEXTCSD(SDMMC_TypeDef *SDMMCx, uint32_t Argument)
1255:stm/stm32l4xx/STM32L4xx_HAL_Driver/Src/stm32l4xx_ll_sdmmc.c **** {
1256:stm/stm32l4xx/STM32L4xx_HAL_Driver/Src/stm32l4xx_ll_sdmmc.c ****   SDMMC_CmdInitTypeDef  sdmmc_cmdinit;
1257:stm/stm32l4xx/STM32L4xx_HAL_Driver/Src/stm32l4xx_ll_sdmmc.c ****   uint32_t errorstate;
1258:stm/stm32l4xx/STM32L4xx_HAL_Driver/Src/stm32l4xx_ll_sdmmc.c **** 
1259:stm/stm32l4xx/STM32L4xx_HAL_Driver/Src/stm32l4xx_ll_sdmmc.c ****   /* Send CMD9 SEND_CSD */
1260:stm/stm32l4xx/STM32L4xx_HAL_Driver/Src/stm32l4xx_ll_sdmmc.c ****   sdmmc_cmdinit.Argument         = Argument;
1261:stm/stm32l4xx/STM32L4xx_HAL_Driver/Src/stm32l4xx_ll_sdmmc.c ****   sdmmc_cmdinit.CmdIndex         = SDMMC_CMD_HS_SEND_EXT_CSD;
1262:stm/stm32l4xx/STM32L4xx_HAL_Driver/Src/stm32l4xx_ll_sdmmc.c ****   sdmmc_cmdinit.Response         = SDMMC_RESPONSE_SHORT;
1263:stm/stm32l4xx/STM32L4xx_HAL_Driver/Src/stm32l4xx_ll_sdmmc.c ****   sdmmc_cmdinit.WaitForInterrupt = SDMMC_WAIT_NO;
1264:stm/stm32l4xx/STM32L4xx_HAL_Driver/Src/stm32l4xx_ll_sdmmc.c ****   sdmmc_cmdinit.CPSM             = SDMMC_CPSM_ENABLE;
1265:stm/stm32l4xx/STM32L4xx_HAL_Driver/Src/stm32l4xx_ll_sdmmc.c ****   (void)SDMMC_SendCommand(SDMMCx, &sdmmc_cmdinit);
1266:stm/stm32l4xx/STM32L4xx_HAL_Driver/Src/stm32l4xx_ll_sdmmc.c **** 
1267:stm/stm32l4xx/STM32L4xx_HAL_Driver/Src/stm32l4xx_ll_sdmmc.c ****   /* Check for error conditions */
1268:stm/stm32l4xx/STM32L4xx_HAL_Driver/Src/stm32l4xx_ll_sdmmc.c ****   errorstate = SDMMC_GetCmdResp1(SDMMCx, SDMMC_CMD_HS_SEND_EXT_CSD,SDMMC_CMDTIMEOUT);
1269:stm/stm32l4xx/STM32L4xx_HAL_Driver/Src/stm32l4xx_ll_sdmmc.c **** 
1270:stm/stm32l4xx/STM32L4xx_HAL_Driver/Src/stm32l4xx_ll_sdmmc.c ****   return errorstate;
1271:stm/stm32l4xx/STM32L4xx_HAL_Driver/Src/stm32l4xx_ll_sdmmc.c **** }
1272:stm/stm32l4xx/STM32L4xx_HAL_Driver/Src/stm32l4xx_ll_sdmmc.c **** 
1273:stm/stm32l4xx/STM32L4xx_HAL_Driver/Src/stm32l4xx_ll_sdmmc.c **** /**
1274:stm/stm32l4xx/STM32L4xx_HAL_Driver/Src/stm32l4xx_ll_sdmmc.c ****   * @}
1275:stm/stm32l4xx/STM32L4xx_HAL_Driver/Src/stm32l4xx_ll_sdmmc.c ****   */
1276:stm/stm32l4xx/STM32L4xx_HAL_Driver/Src/stm32l4xx_ll_sdmmc.c **** 
1277:stm/stm32l4xx/STM32L4xx_HAL_Driver/Src/stm32l4xx_ll_sdmmc.c **** /** @defgroup HAL_SDMMC_LL_Group5 Responses management functions
1278:stm/stm32l4xx/STM32L4xx_HAL_Driver/Src/stm32l4xx_ll_sdmmc.c ****  *  @brief   Responses functions
1279:stm/stm32l4xx/STM32L4xx_HAL_Driver/Src/stm32l4xx_ll_sdmmc.c ****  *
1280:stm/stm32l4xx/STM32L4xx_HAL_Driver/Src/stm32l4xx_ll_sdmmc.c **** @verbatim
1281:stm/stm32l4xx/STM32L4xx_HAL_Driver/Src/stm32l4xx_ll_sdmmc.c ****  ===============================================================================
1282:stm/stm32l4xx/STM32L4xx_HAL_Driver/Src/stm32l4xx_ll_sdmmc.c ****                    ##### Responses management functions #####
1283:stm/stm32l4xx/STM32L4xx_HAL_Driver/Src/stm32l4xx_ll_sdmmc.c ****  ===============================================================================
1284:stm/stm32l4xx/STM32L4xx_HAL_Driver/Src/stm32l4xx_ll_sdmmc.c ****     [..]
ARM GAS  /var/tmp//ccKapYbW.s 			page 24


1285:stm/stm32l4xx/STM32L4xx_HAL_Driver/Src/stm32l4xx_ll_sdmmc.c ****     This subsection provides a set of functions allowing to manage the needed responses.
1286:stm/stm32l4xx/STM32L4xx_HAL_Driver/Src/stm32l4xx_ll_sdmmc.c **** 
1287:stm/stm32l4xx/STM32L4xx_HAL_Driver/Src/stm32l4xx_ll_sdmmc.c **** @endverbatim
1288:stm/stm32l4xx/STM32L4xx_HAL_Driver/Src/stm32l4xx_ll_sdmmc.c ****   * @{
1289:stm/stm32l4xx/STM32L4xx_HAL_Driver/Src/stm32l4xx_ll_sdmmc.c ****   */
1290:stm/stm32l4xx/STM32L4xx_HAL_Driver/Src/stm32l4xx_ll_sdmmc.c **** /**
1291:stm/stm32l4xx/STM32L4xx_HAL_Driver/Src/stm32l4xx_ll_sdmmc.c ****   * @brief  Checks for error conditions for R1 response.
1292:stm/stm32l4xx/STM32L4xx_HAL_Driver/Src/stm32l4xx_ll_sdmmc.c ****   * @param  hsd SD handle
1293:stm/stm32l4xx/STM32L4xx_HAL_Driver/Src/stm32l4xx_ll_sdmmc.c ****   * @param  SD_CMD The sent command index
1294:stm/stm32l4xx/STM32L4xx_HAL_Driver/Src/stm32l4xx_ll_sdmmc.c ****   * @retval SD Card error state
1295:stm/stm32l4xx/STM32L4xx_HAL_Driver/Src/stm32l4xx_ll_sdmmc.c ****   */
1296:stm/stm32l4xx/STM32L4xx_HAL_Driver/Src/stm32l4xx_ll_sdmmc.c **** uint32_t SDMMC_GetCmdResp1(SDMMC_TypeDef *SDMMCx, uint8_t SD_CMD, uint32_t Timeout)
1297:stm/stm32l4xx/STM32L4xx_HAL_Driver/Src/stm32l4xx_ll_sdmmc.c **** {
1298:stm/stm32l4xx/STM32L4xx_HAL_Driver/Src/stm32l4xx_ll_sdmmc.c ****   uint32_t response_r1;
1299:stm/stm32l4xx/STM32L4xx_HAL_Driver/Src/stm32l4xx_ll_sdmmc.c ****   uint32_t sta_reg;
1300:stm/stm32l4xx/STM32L4xx_HAL_Driver/Src/stm32l4xx_ll_sdmmc.c **** 
1301:stm/stm32l4xx/STM32L4xx_HAL_Driver/Src/stm32l4xx_ll_sdmmc.c ****   /* 8 is the number of required instructions cycles for the below loop statement.
1302:stm/stm32l4xx/STM32L4xx_HAL_Driver/Src/stm32l4xx_ll_sdmmc.c ****   The Timeout is expressed in ms */
1303:stm/stm32l4xx/STM32L4xx_HAL_Driver/Src/stm32l4xx_ll_sdmmc.c ****   uint32_t count = Timeout * (SystemCoreClock / 8U /1000U);
1304:stm/stm32l4xx/STM32L4xx_HAL_Driver/Src/stm32l4xx_ll_sdmmc.c **** 
1305:stm/stm32l4xx/STM32L4xx_HAL_Driver/Src/stm32l4xx_ll_sdmmc.c ****   do
1306:stm/stm32l4xx/STM32L4xx_HAL_Driver/Src/stm32l4xx_ll_sdmmc.c ****   {
1307:stm/stm32l4xx/STM32L4xx_HAL_Driver/Src/stm32l4xx_ll_sdmmc.c ****     if (count-- == 0U)
1308:stm/stm32l4xx/STM32L4xx_HAL_Driver/Src/stm32l4xx_ll_sdmmc.c ****     {
1309:stm/stm32l4xx/STM32L4xx_HAL_Driver/Src/stm32l4xx_ll_sdmmc.c ****       return SDMMC_ERROR_TIMEOUT;
1310:stm/stm32l4xx/STM32L4xx_HAL_Driver/Src/stm32l4xx_ll_sdmmc.c ****     }
1311:stm/stm32l4xx/STM32L4xx_HAL_Driver/Src/stm32l4xx_ll_sdmmc.c ****     sta_reg = SDMMCx->STA;
1312:stm/stm32l4xx/STM32L4xx_HAL_Driver/Src/stm32l4xx_ll_sdmmc.c **** #if defined(STM32L4P5xx) || defined(STM32L4Q5xx) || defined(STM32L4R5xx) || defined(STM32L4R7xx) ||
1313:stm/stm32l4xx/STM32L4xx_HAL_Driver/Src/stm32l4xx_ll_sdmmc.c ****   }while(((sta_reg & (SDMMC_FLAG_CCRCFAIL | SDMMC_FLAG_CMDREND | SDMMC_FLAG_CTIMEOUT | SDMMC_FLAG_B
1314:stm/stm32l4xx/STM32L4xx_HAL_Driver/Src/stm32l4xx_ll_sdmmc.c ****          ((sta_reg & SDMMC_FLAG_CMDACT) != 0U ));
1315:stm/stm32l4xx/STM32L4xx_HAL_Driver/Src/stm32l4xx_ll_sdmmc.c **** #else
1316:stm/stm32l4xx/STM32L4xx_HAL_Driver/Src/stm32l4xx_ll_sdmmc.c ****   }while(((sta_reg & (SDMMC_FLAG_CCRCFAIL | SDMMC_FLAG_CMDREND | SDMMC_FLAG_CTIMEOUT)) == 0U) ||
1317:stm/stm32l4xx/STM32L4xx_HAL_Driver/Src/stm32l4xx_ll_sdmmc.c ****          ((sta_reg & SDMMC_FLAG_CMDACT) != 0U ));
1318:stm/stm32l4xx/STM32L4xx_HAL_Driver/Src/stm32l4xx_ll_sdmmc.c **** #endif /* STM32L4P5xx || STM32L4Q5xx || STM32L4R5xx || STM32L4R7xx || STM32L4R9xx || STM32L4S5xx ||
1319:stm/stm32l4xx/STM32L4xx_HAL_Driver/Src/stm32l4xx_ll_sdmmc.c **** 
1320:stm/stm32l4xx/STM32L4xx_HAL_Driver/Src/stm32l4xx_ll_sdmmc.c ****   if(__SDMMC_GET_FLAG(SDMMCx, SDMMC_FLAG_CTIMEOUT))
1321:stm/stm32l4xx/STM32L4xx_HAL_Driver/Src/stm32l4xx_ll_sdmmc.c ****   {
1322:stm/stm32l4xx/STM32L4xx_HAL_Driver/Src/stm32l4xx_ll_sdmmc.c ****     __SDMMC_CLEAR_FLAG(SDMMCx, SDMMC_FLAG_CTIMEOUT);
1323:stm/stm32l4xx/STM32L4xx_HAL_Driver/Src/stm32l4xx_ll_sdmmc.c **** 
1324:stm/stm32l4xx/STM32L4xx_HAL_Driver/Src/stm32l4xx_ll_sdmmc.c ****     return SDMMC_ERROR_CMD_RSP_TIMEOUT;
1325:stm/stm32l4xx/STM32L4xx_HAL_Driver/Src/stm32l4xx_ll_sdmmc.c ****   }
1326:stm/stm32l4xx/STM32L4xx_HAL_Driver/Src/stm32l4xx_ll_sdmmc.c ****   else if(__SDMMC_GET_FLAG(SDMMCx, SDMMC_FLAG_CCRCFAIL))
1327:stm/stm32l4xx/STM32L4xx_HAL_Driver/Src/stm32l4xx_ll_sdmmc.c ****   {
1328:stm/stm32l4xx/STM32L4xx_HAL_Driver/Src/stm32l4xx_ll_sdmmc.c ****     __SDMMC_CLEAR_FLAG(SDMMCx, SDMMC_FLAG_CCRCFAIL);
1329:stm/stm32l4xx/STM32L4xx_HAL_Driver/Src/stm32l4xx_ll_sdmmc.c **** 
1330:stm/stm32l4xx/STM32L4xx_HAL_Driver/Src/stm32l4xx_ll_sdmmc.c ****     return SDMMC_ERROR_CMD_CRC_FAIL;
1331:stm/stm32l4xx/STM32L4xx_HAL_Driver/Src/stm32l4xx_ll_sdmmc.c ****   }
1332:stm/stm32l4xx/STM32L4xx_HAL_Driver/Src/stm32l4xx_ll_sdmmc.c ****   else
1333:stm/stm32l4xx/STM32L4xx_HAL_Driver/Src/stm32l4xx_ll_sdmmc.c ****   {
1334:stm/stm32l4xx/STM32L4xx_HAL_Driver/Src/stm32l4xx_ll_sdmmc.c ****     /* Nothing to do */
1335:stm/stm32l4xx/STM32L4xx_HAL_Driver/Src/stm32l4xx_ll_sdmmc.c ****   }
1336:stm/stm32l4xx/STM32L4xx_HAL_Driver/Src/stm32l4xx_ll_sdmmc.c **** 
1337:stm/stm32l4xx/STM32L4xx_HAL_Driver/Src/stm32l4xx_ll_sdmmc.c ****   /* Clear all the static flags */
1338:stm/stm32l4xx/STM32L4xx_HAL_Driver/Src/stm32l4xx_ll_sdmmc.c ****   __SDMMC_CLEAR_FLAG(SDMMCx, SDMMC_STATIC_CMD_FLAGS);
1339:stm/stm32l4xx/STM32L4xx_HAL_Driver/Src/stm32l4xx_ll_sdmmc.c **** 
1340:stm/stm32l4xx/STM32L4xx_HAL_Driver/Src/stm32l4xx_ll_sdmmc.c ****   /* Check response received is of desired command */
1341:stm/stm32l4xx/STM32L4xx_HAL_Driver/Src/stm32l4xx_ll_sdmmc.c ****   if(SDMMC_GetCommandResponse(SDMMCx) != SD_CMD)
ARM GAS  /var/tmp//ccKapYbW.s 			page 25


1342:stm/stm32l4xx/STM32L4xx_HAL_Driver/Src/stm32l4xx_ll_sdmmc.c ****   {
1343:stm/stm32l4xx/STM32L4xx_HAL_Driver/Src/stm32l4xx_ll_sdmmc.c ****     return SDMMC_ERROR_CMD_CRC_FAIL;
1344:stm/stm32l4xx/STM32L4xx_HAL_Driver/Src/stm32l4xx_ll_sdmmc.c ****   }
1345:stm/stm32l4xx/STM32L4xx_HAL_Driver/Src/stm32l4xx_ll_sdmmc.c **** 
1346:stm/stm32l4xx/STM32L4xx_HAL_Driver/Src/stm32l4xx_ll_sdmmc.c ****   /* We have received response, retrieve it for analysis  */
1347:stm/stm32l4xx/STM32L4xx_HAL_Driver/Src/stm32l4xx_ll_sdmmc.c ****   response_r1 = SDMMC_GetResponse(SDMMCx, SDMMC_RESP1);
1348:stm/stm32l4xx/STM32L4xx_HAL_Driver/Src/stm32l4xx_ll_sdmmc.c **** 
1349:stm/stm32l4xx/STM32L4xx_HAL_Driver/Src/stm32l4xx_ll_sdmmc.c ****   if((response_r1 & SDMMC_OCR_ERRORBITS) == SDMMC_ALLZERO)
1350:stm/stm32l4xx/STM32L4xx_HAL_Driver/Src/stm32l4xx_ll_sdmmc.c ****   {
1351:stm/stm32l4xx/STM32L4xx_HAL_Driver/Src/stm32l4xx_ll_sdmmc.c ****     return SDMMC_ERROR_NONE;
1352:stm/stm32l4xx/STM32L4xx_HAL_Driver/Src/stm32l4xx_ll_sdmmc.c ****   }
1353:stm/stm32l4xx/STM32L4xx_HAL_Driver/Src/stm32l4xx_ll_sdmmc.c ****   else if((response_r1 & SDMMC_OCR_ADDR_OUT_OF_RANGE) == SDMMC_OCR_ADDR_OUT_OF_RANGE)
1354:stm/stm32l4xx/STM32L4xx_HAL_Driver/Src/stm32l4xx_ll_sdmmc.c ****   {
1355:stm/stm32l4xx/STM32L4xx_HAL_Driver/Src/stm32l4xx_ll_sdmmc.c ****     return SDMMC_ERROR_ADDR_OUT_OF_RANGE;
1356:stm/stm32l4xx/STM32L4xx_HAL_Driver/Src/stm32l4xx_ll_sdmmc.c ****   }
1357:stm/stm32l4xx/STM32L4xx_HAL_Driver/Src/stm32l4xx_ll_sdmmc.c ****   else if((response_r1 & SDMMC_OCR_ADDR_MISALIGNED) == SDMMC_OCR_ADDR_MISALIGNED)
1358:stm/stm32l4xx/STM32L4xx_HAL_Driver/Src/stm32l4xx_ll_sdmmc.c ****   {
1359:stm/stm32l4xx/STM32L4xx_HAL_Driver/Src/stm32l4xx_ll_sdmmc.c ****     return SDMMC_ERROR_ADDR_MISALIGNED;
1360:stm/stm32l4xx/STM32L4xx_HAL_Driver/Src/stm32l4xx_ll_sdmmc.c ****   }
1361:stm/stm32l4xx/STM32L4xx_HAL_Driver/Src/stm32l4xx_ll_sdmmc.c ****   else if((response_r1 & SDMMC_OCR_BLOCK_LEN_ERR) == SDMMC_OCR_BLOCK_LEN_ERR)
1362:stm/stm32l4xx/STM32L4xx_HAL_Driver/Src/stm32l4xx_ll_sdmmc.c ****   {
1363:stm/stm32l4xx/STM32L4xx_HAL_Driver/Src/stm32l4xx_ll_sdmmc.c ****     return SDMMC_ERROR_BLOCK_LEN_ERR;
1364:stm/stm32l4xx/STM32L4xx_HAL_Driver/Src/stm32l4xx_ll_sdmmc.c ****   }
1365:stm/stm32l4xx/STM32L4xx_HAL_Driver/Src/stm32l4xx_ll_sdmmc.c ****   else if((response_r1 & SDMMC_OCR_ERASE_SEQ_ERR) == SDMMC_OCR_ERASE_SEQ_ERR)
1366:stm/stm32l4xx/STM32L4xx_HAL_Driver/Src/stm32l4xx_ll_sdmmc.c ****   {
1367:stm/stm32l4xx/STM32L4xx_HAL_Driver/Src/stm32l4xx_ll_sdmmc.c ****     return SDMMC_ERROR_ERASE_SEQ_ERR;
1368:stm/stm32l4xx/STM32L4xx_HAL_Driver/Src/stm32l4xx_ll_sdmmc.c ****   }
1369:stm/stm32l4xx/STM32L4xx_HAL_Driver/Src/stm32l4xx_ll_sdmmc.c ****   else if((response_r1 & SDMMC_OCR_BAD_ERASE_PARAM) == SDMMC_OCR_BAD_ERASE_PARAM)
1370:stm/stm32l4xx/STM32L4xx_HAL_Driver/Src/stm32l4xx_ll_sdmmc.c ****   {
1371:stm/stm32l4xx/STM32L4xx_HAL_Driver/Src/stm32l4xx_ll_sdmmc.c ****     return SDMMC_ERROR_BAD_ERASE_PARAM;
1372:stm/stm32l4xx/STM32L4xx_HAL_Driver/Src/stm32l4xx_ll_sdmmc.c ****   }
1373:stm/stm32l4xx/STM32L4xx_HAL_Driver/Src/stm32l4xx_ll_sdmmc.c ****   else if((response_r1 & SDMMC_OCR_WRITE_PROT_VIOLATION) == SDMMC_OCR_WRITE_PROT_VIOLATION)
1374:stm/stm32l4xx/STM32L4xx_HAL_Driver/Src/stm32l4xx_ll_sdmmc.c ****   {
1375:stm/stm32l4xx/STM32L4xx_HAL_Driver/Src/stm32l4xx_ll_sdmmc.c ****     return SDMMC_ERROR_WRITE_PROT_VIOLATION;
1376:stm/stm32l4xx/STM32L4xx_HAL_Driver/Src/stm32l4xx_ll_sdmmc.c ****   }
1377:stm/stm32l4xx/STM32L4xx_HAL_Driver/Src/stm32l4xx_ll_sdmmc.c ****   else if((response_r1 & SDMMC_OCR_LOCK_UNLOCK_FAILED) == SDMMC_OCR_LOCK_UNLOCK_FAILED)
1378:stm/stm32l4xx/STM32L4xx_HAL_Driver/Src/stm32l4xx_ll_sdmmc.c ****   {
1379:stm/stm32l4xx/STM32L4xx_HAL_Driver/Src/stm32l4xx_ll_sdmmc.c ****     return SDMMC_ERROR_LOCK_UNLOCK_FAILED;
1380:stm/stm32l4xx/STM32L4xx_HAL_Driver/Src/stm32l4xx_ll_sdmmc.c ****   }
1381:stm/stm32l4xx/STM32L4xx_HAL_Driver/Src/stm32l4xx_ll_sdmmc.c ****   else if((response_r1 & SDMMC_OCR_COM_CRC_FAILED) == SDMMC_OCR_COM_CRC_FAILED)
1382:stm/stm32l4xx/STM32L4xx_HAL_Driver/Src/stm32l4xx_ll_sdmmc.c ****   {
1383:stm/stm32l4xx/STM32L4xx_HAL_Driver/Src/stm32l4xx_ll_sdmmc.c ****     return SDMMC_ERROR_COM_CRC_FAILED;
1384:stm/stm32l4xx/STM32L4xx_HAL_Driver/Src/stm32l4xx_ll_sdmmc.c ****   }
1385:stm/stm32l4xx/STM32L4xx_HAL_Driver/Src/stm32l4xx_ll_sdmmc.c ****   else if((response_r1 & SDMMC_OCR_ILLEGAL_CMD) == SDMMC_OCR_ILLEGAL_CMD)
1386:stm/stm32l4xx/STM32L4xx_HAL_Driver/Src/stm32l4xx_ll_sdmmc.c ****   {
1387:stm/stm32l4xx/STM32L4xx_HAL_Driver/Src/stm32l4xx_ll_sdmmc.c ****     return SDMMC_ERROR_ILLEGAL_CMD;
1388:stm/stm32l4xx/STM32L4xx_HAL_Driver/Src/stm32l4xx_ll_sdmmc.c ****   }
1389:stm/stm32l4xx/STM32L4xx_HAL_Driver/Src/stm32l4xx_ll_sdmmc.c ****   else if((response_r1 & SDMMC_OCR_CARD_ECC_FAILED) == SDMMC_OCR_CARD_ECC_FAILED)
1390:stm/stm32l4xx/STM32L4xx_HAL_Driver/Src/stm32l4xx_ll_sdmmc.c ****   {
1391:stm/stm32l4xx/STM32L4xx_HAL_Driver/Src/stm32l4xx_ll_sdmmc.c ****     return SDMMC_ERROR_CARD_ECC_FAILED;
1392:stm/stm32l4xx/STM32L4xx_HAL_Driver/Src/stm32l4xx_ll_sdmmc.c ****   }
1393:stm/stm32l4xx/STM32L4xx_HAL_Driver/Src/stm32l4xx_ll_sdmmc.c ****   else if((response_r1 & SDMMC_OCR_CC_ERROR) == SDMMC_OCR_CC_ERROR)
1394:stm/stm32l4xx/STM32L4xx_HAL_Driver/Src/stm32l4xx_ll_sdmmc.c ****   {
1395:stm/stm32l4xx/STM32L4xx_HAL_Driver/Src/stm32l4xx_ll_sdmmc.c ****     return SDMMC_ERROR_CC_ERR;
1396:stm/stm32l4xx/STM32L4xx_HAL_Driver/Src/stm32l4xx_ll_sdmmc.c ****   }
1397:stm/stm32l4xx/STM32L4xx_HAL_Driver/Src/stm32l4xx_ll_sdmmc.c ****   else if((response_r1 & SDMMC_OCR_STREAM_READ_UNDERRUN) == SDMMC_OCR_STREAM_READ_UNDERRUN)
1398:stm/stm32l4xx/STM32L4xx_HAL_Driver/Src/stm32l4xx_ll_sdmmc.c ****   {
ARM GAS  /var/tmp//ccKapYbW.s 			page 26


1399:stm/stm32l4xx/STM32L4xx_HAL_Driver/Src/stm32l4xx_ll_sdmmc.c ****     return SDMMC_ERROR_STREAM_READ_UNDERRUN;
1400:stm/stm32l4xx/STM32L4xx_HAL_Driver/Src/stm32l4xx_ll_sdmmc.c ****   }
1401:stm/stm32l4xx/STM32L4xx_HAL_Driver/Src/stm32l4xx_ll_sdmmc.c ****   else if((response_r1 & SDMMC_OCR_STREAM_WRITE_OVERRUN) == SDMMC_OCR_STREAM_WRITE_OVERRUN)
1402:stm/stm32l4xx/STM32L4xx_HAL_Driver/Src/stm32l4xx_ll_sdmmc.c ****   {
1403:stm/stm32l4xx/STM32L4xx_HAL_Driver/Src/stm32l4xx_ll_sdmmc.c ****     return SDMMC_ERROR_STREAM_WRITE_OVERRUN;
1404:stm/stm32l4xx/STM32L4xx_HAL_Driver/Src/stm32l4xx_ll_sdmmc.c ****   }
1405:stm/stm32l4xx/STM32L4xx_HAL_Driver/Src/stm32l4xx_ll_sdmmc.c ****   else if((response_r1 & SDMMC_OCR_CID_CSD_OVERWRITE) == SDMMC_OCR_CID_CSD_OVERWRITE)
1406:stm/stm32l4xx/STM32L4xx_HAL_Driver/Src/stm32l4xx_ll_sdmmc.c ****   {
1407:stm/stm32l4xx/STM32L4xx_HAL_Driver/Src/stm32l4xx_ll_sdmmc.c ****     return SDMMC_ERROR_CID_CSD_OVERWRITE;
1408:stm/stm32l4xx/STM32L4xx_HAL_Driver/Src/stm32l4xx_ll_sdmmc.c ****   }
1409:stm/stm32l4xx/STM32L4xx_HAL_Driver/Src/stm32l4xx_ll_sdmmc.c ****   else if((response_r1 & SDMMC_OCR_WP_ERASE_SKIP) == SDMMC_OCR_WP_ERASE_SKIP)
1410:stm/stm32l4xx/STM32L4xx_HAL_Driver/Src/stm32l4xx_ll_sdmmc.c ****   {
1411:stm/stm32l4xx/STM32L4xx_HAL_Driver/Src/stm32l4xx_ll_sdmmc.c ****     return SDMMC_ERROR_WP_ERASE_SKIP;
1412:stm/stm32l4xx/STM32L4xx_HAL_Driver/Src/stm32l4xx_ll_sdmmc.c ****   }
1413:stm/stm32l4xx/STM32L4xx_HAL_Driver/Src/stm32l4xx_ll_sdmmc.c ****   else if((response_r1 & SDMMC_OCR_CARD_ECC_DISABLED) == SDMMC_OCR_CARD_ECC_DISABLED)
1414:stm/stm32l4xx/STM32L4xx_HAL_Driver/Src/stm32l4xx_ll_sdmmc.c ****   {
1415:stm/stm32l4xx/STM32L4xx_HAL_Driver/Src/stm32l4xx_ll_sdmmc.c ****     return SDMMC_ERROR_CARD_ECC_DISABLED;
1416:stm/stm32l4xx/STM32L4xx_HAL_Driver/Src/stm32l4xx_ll_sdmmc.c ****   }
1417:stm/stm32l4xx/STM32L4xx_HAL_Driver/Src/stm32l4xx_ll_sdmmc.c ****   else if((response_r1 & SDMMC_OCR_ERASE_RESET) == SDMMC_OCR_ERASE_RESET)
1418:stm/stm32l4xx/STM32L4xx_HAL_Driver/Src/stm32l4xx_ll_sdmmc.c ****   {
1419:stm/stm32l4xx/STM32L4xx_HAL_Driver/Src/stm32l4xx_ll_sdmmc.c ****     return SDMMC_ERROR_ERASE_RESET;
1420:stm/stm32l4xx/STM32L4xx_HAL_Driver/Src/stm32l4xx_ll_sdmmc.c ****   }
1421:stm/stm32l4xx/STM32L4xx_HAL_Driver/Src/stm32l4xx_ll_sdmmc.c ****   else if((response_r1 & SDMMC_OCR_AKE_SEQ_ERROR) == SDMMC_OCR_AKE_SEQ_ERROR)
1422:stm/stm32l4xx/STM32L4xx_HAL_Driver/Src/stm32l4xx_ll_sdmmc.c ****   {
1423:stm/stm32l4xx/STM32L4xx_HAL_Driver/Src/stm32l4xx_ll_sdmmc.c ****     return SDMMC_ERROR_AKE_SEQ_ERR;
1424:stm/stm32l4xx/STM32L4xx_HAL_Driver/Src/stm32l4xx_ll_sdmmc.c ****   }
1425:stm/stm32l4xx/STM32L4xx_HAL_Driver/Src/stm32l4xx_ll_sdmmc.c ****   else
1426:stm/stm32l4xx/STM32L4xx_HAL_Driver/Src/stm32l4xx_ll_sdmmc.c ****   {
1427:stm/stm32l4xx/STM32L4xx_HAL_Driver/Src/stm32l4xx_ll_sdmmc.c ****     return SDMMC_ERROR_GENERAL_UNKNOWN_ERR;
1428:stm/stm32l4xx/STM32L4xx_HAL_Driver/Src/stm32l4xx_ll_sdmmc.c ****   }
1429:stm/stm32l4xx/STM32L4xx_HAL_Driver/Src/stm32l4xx_ll_sdmmc.c **** }
1430:stm/stm32l4xx/STM32L4xx_HAL_Driver/Src/stm32l4xx_ll_sdmmc.c **** 
1431:stm/stm32l4xx/STM32L4xx_HAL_Driver/Src/stm32l4xx_ll_sdmmc.c **** /**
1432:stm/stm32l4xx/STM32L4xx_HAL_Driver/Src/stm32l4xx_ll_sdmmc.c ****   * @brief  Checks for error conditions for R2 (CID or CSD) response.
1433:stm/stm32l4xx/STM32L4xx_HAL_Driver/Src/stm32l4xx_ll_sdmmc.c ****   * @param  hsd SD handle
1434:stm/stm32l4xx/STM32L4xx_HAL_Driver/Src/stm32l4xx_ll_sdmmc.c ****   * @retval SD Card error state
1435:stm/stm32l4xx/STM32L4xx_HAL_Driver/Src/stm32l4xx_ll_sdmmc.c ****   */
1436:stm/stm32l4xx/STM32L4xx_HAL_Driver/Src/stm32l4xx_ll_sdmmc.c **** uint32_t SDMMC_GetCmdResp2(SDMMC_TypeDef *SDMMCx)
1437:stm/stm32l4xx/STM32L4xx_HAL_Driver/Src/stm32l4xx_ll_sdmmc.c **** {
1438:stm/stm32l4xx/STM32L4xx_HAL_Driver/Src/stm32l4xx_ll_sdmmc.c ****   uint32_t sta_reg;
1439:stm/stm32l4xx/STM32L4xx_HAL_Driver/Src/stm32l4xx_ll_sdmmc.c ****   /* 8 is the number of required instructions cycles for the below loop statement.
1440:stm/stm32l4xx/STM32L4xx_HAL_Driver/Src/stm32l4xx_ll_sdmmc.c ****   The SDMMC_CMDTIMEOUT is expressed in ms */
1441:stm/stm32l4xx/STM32L4xx_HAL_Driver/Src/stm32l4xx_ll_sdmmc.c ****   uint32_t count = SDMMC_CMDTIMEOUT * (SystemCoreClock / 8U /1000U);
1442:stm/stm32l4xx/STM32L4xx_HAL_Driver/Src/stm32l4xx_ll_sdmmc.c **** 
1443:stm/stm32l4xx/STM32L4xx_HAL_Driver/Src/stm32l4xx_ll_sdmmc.c ****   do
1444:stm/stm32l4xx/STM32L4xx_HAL_Driver/Src/stm32l4xx_ll_sdmmc.c ****   {
1445:stm/stm32l4xx/STM32L4xx_HAL_Driver/Src/stm32l4xx_ll_sdmmc.c ****     if (count-- == 0U)
1446:stm/stm32l4xx/STM32L4xx_HAL_Driver/Src/stm32l4xx_ll_sdmmc.c ****     {
1447:stm/stm32l4xx/STM32L4xx_HAL_Driver/Src/stm32l4xx_ll_sdmmc.c ****       return SDMMC_ERROR_TIMEOUT;
1448:stm/stm32l4xx/STM32L4xx_HAL_Driver/Src/stm32l4xx_ll_sdmmc.c ****     }
1449:stm/stm32l4xx/STM32L4xx_HAL_Driver/Src/stm32l4xx_ll_sdmmc.c ****     sta_reg = SDMMCx->STA;
1450:stm/stm32l4xx/STM32L4xx_HAL_Driver/Src/stm32l4xx_ll_sdmmc.c ****   }while(((sta_reg & (SDMMC_FLAG_CCRCFAIL | SDMMC_FLAG_CMDREND | SDMMC_FLAG_CTIMEOUT)) == 0U) ||
1451:stm/stm32l4xx/STM32L4xx_HAL_Driver/Src/stm32l4xx_ll_sdmmc.c ****          ((sta_reg & SDMMC_FLAG_CMDACT) != 0U ));
1452:stm/stm32l4xx/STM32L4xx_HAL_Driver/Src/stm32l4xx_ll_sdmmc.c **** 
1453:stm/stm32l4xx/STM32L4xx_HAL_Driver/Src/stm32l4xx_ll_sdmmc.c ****   if (__SDMMC_GET_FLAG(SDMMCx, SDMMC_FLAG_CTIMEOUT))
1454:stm/stm32l4xx/STM32L4xx_HAL_Driver/Src/stm32l4xx_ll_sdmmc.c ****   {
1455:stm/stm32l4xx/STM32L4xx_HAL_Driver/Src/stm32l4xx_ll_sdmmc.c ****     __SDMMC_CLEAR_FLAG(SDMMCx, SDMMC_FLAG_CTIMEOUT);
ARM GAS  /var/tmp//ccKapYbW.s 			page 27


1456:stm/stm32l4xx/STM32L4xx_HAL_Driver/Src/stm32l4xx_ll_sdmmc.c **** 
1457:stm/stm32l4xx/STM32L4xx_HAL_Driver/Src/stm32l4xx_ll_sdmmc.c ****     return SDMMC_ERROR_CMD_RSP_TIMEOUT;
1458:stm/stm32l4xx/STM32L4xx_HAL_Driver/Src/stm32l4xx_ll_sdmmc.c ****   }
1459:stm/stm32l4xx/STM32L4xx_HAL_Driver/Src/stm32l4xx_ll_sdmmc.c ****   else if (__SDMMC_GET_FLAG(SDMMCx, SDMMC_FLAG_CCRCFAIL))
1460:stm/stm32l4xx/STM32L4xx_HAL_Driver/Src/stm32l4xx_ll_sdmmc.c ****   {
1461:stm/stm32l4xx/STM32L4xx_HAL_Driver/Src/stm32l4xx_ll_sdmmc.c ****     __SDMMC_CLEAR_FLAG(SDMMCx, SDMMC_FLAG_CCRCFAIL);
1462:stm/stm32l4xx/STM32L4xx_HAL_Driver/Src/stm32l4xx_ll_sdmmc.c **** 
1463:stm/stm32l4xx/STM32L4xx_HAL_Driver/Src/stm32l4xx_ll_sdmmc.c ****     return SDMMC_ERROR_CMD_CRC_FAIL;
1464:stm/stm32l4xx/STM32L4xx_HAL_Driver/Src/stm32l4xx_ll_sdmmc.c ****   }
1465:stm/stm32l4xx/STM32L4xx_HAL_Driver/Src/stm32l4xx_ll_sdmmc.c ****   else
1466:stm/stm32l4xx/STM32L4xx_HAL_Driver/Src/stm32l4xx_ll_sdmmc.c ****   {
1467:stm/stm32l4xx/STM32L4xx_HAL_Driver/Src/stm32l4xx_ll_sdmmc.c ****     /* No error flag set */
1468:stm/stm32l4xx/STM32L4xx_HAL_Driver/Src/stm32l4xx_ll_sdmmc.c ****     /* Clear all the static flags */
1469:stm/stm32l4xx/STM32L4xx_HAL_Driver/Src/stm32l4xx_ll_sdmmc.c ****     __SDMMC_CLEAR_FLAG(SDMMCx, SDMMC_STATIC_CMD_FLAGS);
1470:stm/stm32l4xx/STM32L4xx_HAL_Driver/Src/stm32l4xx_ll_sdmmc.c ****   }
1471:stm/stm32l4xx/STM32L4xx_HAL_Driver/Src/stm32l4xx_ll_sdmmc.c **** 
1472:stm/stm32l4xx/STM32L4xx_HAL_Driver/Src/stm32l4xx_ll_sdmmc.c ****   return SDMMC_ERROR_NONE;
1473:stm/stm32l4xx/STM32L4xx_HAL_Driver/Src/stm32l4xx_ll_sdmmc.c **** }
1474:stm/stm32l4xx/STM32L4xx_HAL_Driver/Src/stm32l4xx_ll_sdmmc.c **** 
1475:stm/stm32l4xx/STM32L4xx_HAL_Driver/Src/stm32l4xx_ll_sdmmc.c **** /**
1476:stm/stm32l4xx/STM32L4xx_HAL_Driver/Src/stm32l4xx_ll_sdmmc.c ****   * @brief  Checks for error conditions for R3 (OCR) response.
1477:stm/stm32l4xx/STM32L4xx_HAL_Driver/Src/stm32l4xx_ll_sdmmc.c ****   * @param  hsd SD handle
1478:stm/stm32l4xx/STM32L4xx_HAL_Driver/Src/stm32l4xx_ll_sdmmc.c ****   * @retval SD Card error state
1479:stm/stm32l4xx/STM32L4xx_HAL_Driver/Src/stm32l4xx_ll_sdmmc.c ****   */
1480:stm/stm32l4xx/STM32L4xx_HAL_Driver/Src/stm32l4xx_ll_sdmmc.c **** uint32_t SDMMC_GetCmdResp3(SDMMC_TypeDef *SDMMCx)
1481:stm/stm32l4xx/STM32L4xx_HAL_Driver/Src/stm32l4xx_ll_sdmmc.c **** {
1482:stm/stm32l4xx/STM32L4xx_HAL_Driver/Src/stm32l4xx_ll_sdmmc.c ****   uint32_t sta_reg;
1483:stm/stm32l4xx/STM32L4xx_HAL_Driver/Src/stm32l4xx_ll_sdmmc.c ****   /* 8 is the number of required instructions cycles for the below loop statement.
1484:stm/stm32l4xx/STM32L4xx_HAL_Driver/Src/stm32l4xx_ll_sdmmc.c ****   The SDMMC_CMDTIMEOUT is expressed in ms */
1485:stm/stm32l4xx/STM32L4xx_HAL_Driver/Src/stm32l4xx_ll_sdmmc.c ****   uint32_t count = SDMMC_CMDTIMEOUT * (SystemCoreClock / 8U /1000U);
1486:stm/stm32l4xx/STM32L4xx_HAL_Driver/Src/stm32l4xx_ll_sdmmc.c **** 
1487:stm/stm32l4xx/STM32L4xx_HAL_Driver/Src/stm32l4xx_ll_sdmmc.c ****   do
1488:stm/stm32l4xx/STM32L4xx_HAL_Driver/Src/stm32l4xx_ll_sdmmc.c ****   {
1489:stm/stm32l4xx/STM32L4xx_HAL_Driver/Src/stm32l4xx_ll_sdmmc.c ****     if (count-- == 0U)
1490:stm/stm32l4xx/STM32L4xx_HAL_Driver/Src/stm32l4xx_ll_sdmmc.c ****     {
1491:stm/stm32l4xx/STM32L4xx_HAL_Driver/Src/stm32l4xx_ll_sdmmc.c ****       return SDMMC_ERROR_TIMEOUT;
1492:stm/stm32l4xx/STM32L4xx_HAL_Driver/Src/stm32l4xx_ll_sdmmc.c ****     }
1493:stm/stm32l4xx/STM32L4xx_HAL_Driver/Src/stm32l4xx_ll_sdmmc.c ****     sta_reg = SDMMCx->STA;
1494:stm/stm32l4xx/STM32L4xx_HAL_Driver/Src/stm32l4xx_ll_sdmmc.c ****   }while(((sta_reg & (SDMMC_FLAG_CCRCFAIL | SDMMC_FLAG_CMDREND | SDMMC_FLAG_CTIMEOUT)) == 0U) ||
1495:stm/stm32l4xx/STM32L4xx_HAL_Driver/Src/stm32l4xx_ll_sdmmc.c ****          ((sta_reg & SDMMC_FLAG_CMDACT) != 0U ));
1496:stm/stm32l4xx/STM32L4xx_HAL_Driver/Src/stm32l4xx_ll_sdmmc.c **** 
1497:stm/stm32l4xx/STM32L4xx_HAL_Driver/Src/stm32l4xx_ll_sdmmc.c ****   if(__SDMMC_GET_FLAG(SDMMCx, SDMMC_FLAG_CTIMEOUT))
1498:stm/stm32l4xx/STM32L4xx_HAL_Driver/Src/stm32l4xx_ll_sdmmc.c ****   {
1499:stm/stm32l4xx/STM32L4xx_HAL_Driver/Src/stm32l4xx_ll_sdmmc.c ****     __SDMMC_CLEAR_FLAG(SDMMCx, SDMMC_FLAG_CTIMEOUT);
1500:stm/stm32l4xx/STM32L4xx_HAL_Driver/Src/stm32l4xx_ll_sdmmc.c **** 
1501:stm/stm32l4xx/STM32L4xx_HAL_Driver/Src/stm32l4xx_ll_sdmmc.c ****     return SDMMC_ERROR_CMD_RSP_TIMEOUT;
1502:stm/stm32l4xx/STM32L4xx_HAL_Driver/Src/stm32l4xx_ll_sdmmc.c ****   }
1503:stm/stm32l4xx/STM32L4xx_HAL_Driver/Src/stm32l4xx_ll_sdmmc.c ****   else
1504:stm/stm32l4xx/STM32L4xx_HAL_Driver/Src/stm32l4xx_ll_sdmmc.c ****   {
1505:stm/stm32l4xx/STM32L4xx_HAL_Driver/Src/stm32l4xx_ll_sdmmc.c ****     /* Clear all the static flags */
1506:stm/stm32l4xx/STM32L4xx_HAL_Driver/Src/stm32l4xx_ll_sdmmc.c ****     __SDMMC_CLEAR_FLAG(SDMMCx, SDMMC_STATIC_CMD_FLAGS);
1507:stm/stm32l4xx/STM32L4xx_HAL_Driver/Src/stm32l4xx_ll_sdmmc.c ****   }
1508:stm/stm32l4xx/STM32L4xx_HAL_Driver/Src/stm32l4xx_ll_sdmmc.c **** 
1509:stm/stm32l4xx/STM32L4xx_HAL_Driver/Src/stm32l4xx_ll_sdmmc.c ****   return SDMMC_ERROR_NONE;
1510:stm/stm32l4xx/STM32L4xx_HAL_Driver/Src/stm32l4xx_ll_sdmmc.c **** }
1511:stm/stm32l4xx/STM32L4xx_HAL_Driver/Src/stm32l4xx_ll_sdmmc.c **** 
1512:stm/stm32l4xx/STM32L4xx_HAL_Driver/Src/stm32l4xx_ll_sdmmc.c **** /**
ARM GAS  /var/tmp//ccKapYbW.s 			page 28


1513:stm/stm32l4xx/STM32L4xx_HAL_Driver/Src/stm32l4xx_ll_sdmmc.c ****   * @brief  Checks for error conditions for R6 (RCA) response.
1514:stm/stm32l4xx/STM32L4xx_HAL_Driver/Src/stm32l4xx_ll_sdmmc.c ****   * @param  hsd SD handle
1515:stm/stm32l4xx/STM32L4xx_HAL_Driver/Src/stm32l4xx_ll_sdmmc.c ****   * @param  SD_CMD The sent command index
1516:stm/stm32l4xx/STM32L4xx_HAL_Driver/Src/stm32l4xx_ll_sdmmc.c ****   * @param  pRCA Pointer to the variable that will contain the SD card relative
1517:stm/stm32l4xx/STM32L4xx_HAL_Driver/Src/stm32l4xx_ll_sdmmc.c ****   *         address RCA
1518:stm/stm32l4xx/STM32L4xx_HAL_Driver/Src/stm32l4xx_ll_sdmmc.c ****   * @retval SD Card error state
1519:stm/stm32l4xx/STM32L4xx_HAL_Driver/Src/stm32l4xx_ll_sdmmc.c ****   */
1520:stm/stm32l4xx/STM32L4xx_HAL_Driver/Src/stm32l4xx_ll_sdmmc.c **** uint32_t SDMMC_GetCmdResp6(SDMMC_TypeDef *SDMMCx, uint8_t SD_CMD, uint16_t *pRCA)
1521:stm/stm32l4xx/STM32L4xx_HAL_Driver/Src/stm32l4xx_ll_sdmmc.c **** {
1522:stm/stm32l4xx/STM32L4xx_HAL_Driver/Src/stm32l4xx_ll_sdmmc.c ****   uint32_t response_r1;
1523:stm/stm32l4xx/STM32L4xx_HAL_Driver/Src/stm32l4xx_ll_sdmmc.c ****   uint32_t sta_reg;
1524:stm/stm32l4xx/STM32L4xx_HAL_Driver/Src/stm32l4xx_ll_sdmmc.c **** 
1525:stm/stm32l4xx/STM32L4xx_HAL_Driver/Src/stm32l4xx_ll_sdmmc.c ****   /* 8 is the number of required instructions cycles for the below loop statement.
1526:stm/stm32l4xx/STM32L4xx_HAL_Driver/Src/stm32l4xx_ll_sdmmc.c ****   The SDMMC_CMDTIMEOUT is expressed in ms */
1527:stm/stm32l4xx/STM32L4xx_HAL_Driver/Src/stm32l4xx_ll_sdmmc.c ****   uint32_t count = SDMMC_CMDTIMEOUT * (SystemCoreClock / 8U /1000U);
1528:stm/stm32l4xx/STM32L4xx_HAL_Driver/Src/stm32l4xx_ll_sdmmc.c **** 
1529:stm/stm32l4xx/STM32L4xx_HAL_Driver/Src/stm32l4xx_ll_sdmmc.c ****   do
1530:stm/stm32l4xx/STM32L4xx_HAL_Driver/Src/stm32l4xx_ll_sdmmc.c ****   {
1531:stm/stm32l4xx/STM32L4xx_HAL_Driver/Src/stm32l4xx_ll_sdmmc.c ****     if (count-- == 0U)
1532:stm/stm32l4xx/STM32L4xx_HAL_Driver/Src/stm32l4xx_ll_sdmmc.c ****     {
1533:stm/stm32l4xx/STM32L4xx_HAL_Driver/Src/stm32l4xx_ll_sdmmc.c ****       return SDMMC_ERROR_TIMEOUT;
1534:stm/stm32l4xx/STM32L4xx_HAL_Driver/Src/stm32l4xx_ll_sdmmc.c ****     }
1535:stm/stm32l4xx/STM32L4xx_HAL_Driver/Src/stm32l4xx_ll_sdmmc.c ****     sta_reg = SDMMCx->STA;
1536:stm/stm32l4xx/STM32L4xx_HAL_Driver/Src/stm32l4xx_ll_sdmmc.c ****   }while(((sta_reg & (SDMMC_FLAG_CCRCFAIL | SDMMC_FLAG_CMDREND | SDMMC_FLAG_CTIMEOUT)) == 0U) ||
1537:stm/stm32l4xx/STM32L4xx_HAL_Driver/Src/stm32l4xx_ll_sdmmc.c ****          ((sta_reg & SDMMC_FLAG_CMDACT) != 0U ));
1538:stm/stm32l4xx/STM32L4xx_HAL_Driver/Src/stm32l4xx_ll_sdmmc.c **** 
1539:stm/stm32l4xx/STM32L4xx_HAL_Driver/Src/stm32l4xx_ll_sdmmc.c ****   if(__SDMMC_GET_FLAG(SDMMCx, SDMMC_FLAG_CTIMEOUT))
1540:stm/stm32l4xx/STM32L4xx_HAL_Driver/Src/stm32l4xx_ll_sdmmc.c ****   {
1541:stm/stm32l4xx/STM32L4xx_HAL_Driver/Src/stm32l4xx_ll_sdmmc.c ****     __SDMMC_CLEAR_FLAG(SDMMCx, SDMMC_FLAG_CTIMEOUT);
1542:stm/stm32l4xx/STM32L4xx_HAL_Driver/Src/stm32l4xx_ll_sdmmc.c **** 
1543:stm/stm32l4xx/STM32L4xx_HAL_Driver/Src/stm32l4xx_ll_sdmmc.c ****     return SDMMC_ERROR_CMD_RSP_TIMEOUT;
1544:stm/stm32l4xx/STM32L4xx_HAL_Driver/Src/stm32l4xx_ll_sdmmc.c ****   }
1545:stm/stm32l4xx/STM32L4xx_HAL_Driver/Src/stm32l4xx_ll_sdmmc.c ****   else if(__SDMMC_GET_FLAG(SDMMCx, SDMMC_FLAG_CCRCFAIL))
1546:stm/stm32l4xx/STM32L4xx_HAL_Driver/Src/stm32l4xx_ll_sdmmc.c ****   {
1547:stm/stm32l4xx/STM32L4xx_HAL_Driver/Src/stm32l4xx_ll_sdmmc.c ****     __SDMMC_CLEAR_FLAG(SDMMCx, SDMMC_FLAG_CCRCFAIL);
1548:stm/stm32l4xx/STM32L4xx_HAL_Driver/Src/stm32l4xx_ll_sdmmc.c **** 
1549:stm/stm32l4xx/STM32L4xx_HAL_Driver/Src/stm32l4xx_ll_sdmmc.c ****     return SDMMC_ERROR_CMD_CRC_FAIL;
1550:stm/stm32l4xx/STM32L4xx_HAL_Driver/Src/stm32l4xx_ll_sdmmc.c ****   }
1551:stm/stm32l4xx/STM32L4xx_HAL_Driver/Src/stm32l4xx_ll_sdmmc.c ****   else
1552:stm/stm32l4xx/STM32L4xx_HAL_Driver/Src/stm32l4xx_ll_sdmmc.c ****   {
1553:stm/stm32l4xx/STM32L4xx_HAL_Driver/Src/stm32l4xx_ll_sdmmc.c ****     /* Nothing to do */
1554:stm/stm32l4xx/STM32L4xx_HAL_Driver/Src/stm32l4xx_ll_sdmmc.c ****   }
1555:stm/stm32l4xx/STM32L4xx_HAL_Driver/Src/stm32l4xx_ll_sdmmc.c **** 
1556:stm/stm32l4xx/STM32L4xx_HAL_Driver/Src/stm32l4xx_ll_sdmmc.c ****   /* Check response received is of desired command */
1557:stm/stm32l4xx/STM32L4xx_HAL_Driver/Src/stm32l4xx_ll_sdmmc.c ****   if(SDMMC_GetCommandResponse(SDMMCx) != SD_CMD)
1558:stm/stm32l4xx/STM32L4xx_HAL_Driver/Src/stm32l4xx_ll_sdmmc.c ****   {
1559:stm/stm32l4xx/STM32L4xx_HAL_Driver/Src/stm32l4xx_ll_sdmmc.c ****     return SDMMC_ERROR_CMD_CRC_FAIL;
1560:stm/stm32l4xx/STM32L4xx_HAL_Driver/Src/stm32l4xx_ll_sdmmc.c ****   }
1561:stm/stm32l4xx/STM32L4xx_HAL_Driver/Src/stm32l4xx_ll_sdmmc.c **** 
1562:stm/stm32l4xx/STM32L4xx_HAL_Driver/Src/stm32l4xx_ll_sdmmc.c ****   /* Clear all the static flags */
1563:stm/stm32l4xx/STM32L4xx_HAL_Driver/Src/stm32l4xx_ll_sdmmc.c ****   __SDMMC_CLEAR_FLAG(SDMMCx, SDMMC_STATIC_CMD_FLAGS);
1564:stm/stm32l4xx/STM32L4xx_HAL_Driver/Src/stm32l4xx_ll_sdmmc.c **** 
1565:stm/stm32l4xx/STM32L4xx_HAL_Driver/Src/stm32l4xx_ll_sdmmc.c ****   /* We have received response, retrieve it.  */
1566:stm/stm32l4xx/STM32L4xx_HAL_Driver/Src/stm32l4xx_ll_sdmmc.c ****   response_r1 = SDMMC_GetResponse(SDMMCx, SDMMC_RESP1);
1567:stm/stm32l4xx/STM32L4xx_HAL_Driver/Src/stm32l4xx_ll_sdmmc.c **** 
1568:stm/stm32l4xx/STM32L4xx_HAL_Driver/Src/stm32l4xx_ll_sdmmc.c ****   if((response_r1 & (SDMMC_R6_GENERAL_UNKNOWN_ERROR | SDMMC_R6_ILLEGAL_CMD | SDMMC_R6_COM_CRC_FAILE
1569:stm/stm32l4xx/STM32L4xx_HAL_Driver/Src/stm32l4xx_ll_sdmmc.c ****   {
ARM GAS  /var/tmp//ccKapYbW.s 			page 29


1570:stm/stm32l4xx/STM32L4xx_HAL_Driver/Src/stm32l4xx_ll_sdmmc.c ****     *pRCA = (uint16_t) (response_r1 >> 16);
1571:stm/stm32l4xx/STM32L4xx_HAL_Driver/Src/stm32l4xx_ll_sdmmc.c **** 
1572:stm/stm32l4xx/STM32L4xx_HAL_Driver/Src/stm32l4xx_ll_sdmmc.c ****     return SDMMC_ERROR_NONE;
1573:stm/stm32l4xx/STM32L4xx_HAL_Driver/Src/stm32l4xx_ll_sdmmc.c ****   }
1574:stm/stm32l4xx/STM32L4xx_HAL_Driver/Src/stm32l4xx_ll_sdmmc.c ****   else if((response_r1 & SDMMC_R6_ILLEGAL_CMD) == SDMMC_R6_ILLEGAL_CMD)
1575:stm/stm32l4xx/STM32L4xx_HAL_Driver/Src/stm32l4xx_ll_sdmmc.c ****   {
1576:stm/stm32l4xx/STM32L4xx_HAL_Driver/Src/stm32l4xx_ll_sdmmc.c ****     return SDMMC_ERROR_ILLEGAL_CMD;
1577:stm/stm32l4xx/STM32L4xx_HAL_Driver/Src/stm32l4xx_ll_sdmmc.c ****   }
1578:stm/stm32l4xx/STM32L4xx_HAL_Driver/Src/stm32l4xx_ll_sdmmc.c ****   else if((response_r1 & SDMMC_R6_COM_CRC_FAILED) == SDMMC_R6_COM_CRC_FAILED)
1579:stm/stm32l4xx/STM32L4xx_HAL_Driver/Src/stm32l4xx_ll_sdmmc.c ****   {
1580:stm/stm32l4xx/STM32L4xx_HAL_Driver/Src/stm32l4xx_ll_sdmmc.c ****     return SDMMC_ERROR_COM_CRC_FAILED;
1581:stm/stm32l4xx/STM32L4xx_HAL_Driver/Src/stm32l4xx_ll_sdmmc.c ****   }
1582:stm/stm32l4xx/STM32L4xx_HAL_Driver/Src/stm32l4xx_ll_sdmmc.c ****   else
1583:stm/stm32l4xx/STM32L4xx_HAL_Driver/Src/stm32l4xx_ll_sdmmc.c ****   {
1584:stm/stm32l4xx/STM32L4xx_HAL_Driver/Src/stm32l4xx_ll_sdmmc.c ****     return SDMMC_ERROR_GENERAL_UNKNOWN_ERR;
1585:stm/stm32l4xx/STM32L4xx_HAL_Driver/Src/stm32l4xx_ll_sdmmc.c ****   }
1586:stm/stm32l4xx/STM32L4xx_HAL_Driver/Src/stm32l4xx_ll_sdmmc.c **** }
1587:stm/stm32l4xx/STM32L4xx_HAL_Driver/Src/stm32l4xx_ll_sdmmc.c **** 
1588:stm/stm32l4xx/STM32L4xx_HAL_Driver/Src/stm32l4xx_ll_sdmmc.c **** /**
1589:stm/stm32l4xx/STM32L4xx_HAL_Driver/Src/stm32l4xx_ll_sdmmc.c ****   * @brief  Checks for error conditions for R7 response.
1590:stm/stm32l4xx/STM32L4xx_HAL_Driver/Src/stm32l4xx_ll_sdmmc.c ****   * @param  hsd SD handle
1591:stm/stm32l4xx/STM32L4xx_HAL_Driver/Src/stm32l4xx_ll_sdmmc.c ****   * @retval SD Card error state
1592:stm/stm32l4xx/STM32L4xx_HAL_Driver/Src/stm32l4xx_ll_sdmmc.c ****   */
1593:stm/stm32l4xx/STM32L4xx_HAL_Driver/Src/stm32l4xx_ll_sdmmc.c **** uint32_t SDMMC_GetCmdResp7(SDMMC_TypeDef *SDMMCx)
1594:stm/stm32l4xx/STM32L4xx_HAL_Driver/Src/stm32l4xx_ll_sdmmc.c **** {
1595:stm/stm32l4xx/STM32L4xx_HAL_Driver/Src/stm32l4xx_ll_sdmmc.c ****   uint32_t sta_reg;
1596:stm/stm32l4xx/STM32L4xx_HAL_Driver/Src/stm32l4xx_ll_sdmmc.c ****   /* 8 is the number of required instructions cycles for the below loop statement.
1597:stm/stm32l4xx/STM32L4xx_HAL_Driver/Src/stm32l4xx_ll_sdmmc.c ****   The SDMMC_CMDTIMEOUT is expressed in ms */
1598:stm/stm32l4xx/STM32L4xx_HAL_Driver/Src/stm32l4xx_ll_sdmmc.c ****   uint32_t count = SDMMC_CMDTIMEOUT * (SystemCoreClock / 8U /1000U);
1599:stm/stm32l4xx/STM32L4xx_HAL_Driver/Src/stm32l4xx_ll_sdmmc.c **** 
1600:stm/stm32l4xx/STM32L4xx_HAL_Driver/Src/stm32l4xx_ll_sdmmc.c ****   do
1601:stm/stm32l4xx/STM32L4xx_HAL_Driver/Src/stm32l4xx_ll_sdmmc.c ****   {
1602:stm/stm32l4xx/STM32L4xx_HAL_Driver/Src/stm32l4xx_ll_sdmmc.c ****     if (count-- == 0U)
1603:stm/stm32l4xx/STM32L4xx_HAL_Driver/Src/stm32l4xx_ll_sdmmc.c ****     {
1604:stm/stm32l4xx/STM32L4xx_HAL_Driver/Src/stm32l4xx_ll_sdmmc.c ****       return SDMMC_ERROR_TIMEOUT;
1605:stm/stm32l4xx/STM32L4xx_HAL_Driver/Src/stm32l4xx_ll_sdmmc.c ****     }
1606:stm/stm32l4xx/STM32L4xx_HAL_Driver/Src/stm32l4xx_ll_sdmmc.c ****     sta_reg = SDMMCx->STA;
1607:stm/stm32l4xx/STM32L4xx_HAL_Driver/Src/stm32l4xx_ll_sdmmc.c ****   }while(((sta_reg & (SDMMC_FLAG_CCRCFAIL | SDMMC_FLAG_CMDREND | SDMMC_FLAG_CTIMEOUT)) == 0U) ||
1608:stm/stm32l4xx/STM32L4xx_HAL_Driver/Src/stm32l4xx_ll_sdmmc.c ****          ((sta_reg & SDMMC_FLAG_CMDACT) != 0U ));
1609:stm/stm32l4xx/STM32L4xx_HAL_Driver/Src/stm32l4xx_ll_sdmmc.c **** 
1610:stm/stm32l4xx/STM32L4xx_HAL_Driver/Src/stm32l4xx_ll_sdmmc.c ****   if(__SDMMC_GET_FLAG(SDMMCx, SDMMC_FLAG_CTIMEOUT))
1611:stm/stm32l4xx/STM32L4xx_HAL_Driver/Src/stm32l4xx_ll_sdmmc.c ****   {
1612:stm/stm32l4xx/STM32L4xx_HAL_Driver/Src/stm32l4xx_ll_sdmmc.c ****     /* Card is SD V2.0 compliant */
1613:stm/stm32l4xx/STM32L4xx_HAL_Driver/Src/stm32l4xx_ll_sdmmc.c ****     __SDMMC_CLEAR_FLAG(SDMMCx, SDMMC_FLAG_CTIMEOUT);
1614:stm/stm32l4xx/STM32L4xx_HAL_Driver/Src/stm32l4xx_ll_sdmmc.c **** 
1615:stm/stm32l4xx/STM32L4xx_HAL_Driver/Src/stm32l4xx_ll_sdmmc.c ****     return SDMMC_ERROR_CMD_RSP_TIMEOUT;
1616:stm/stm32l4xx/STM32L4xx_HAL_Driver/Src/stm32l4xx_ll_sdmmc.c ****   }
1617:stm/stm32l4xx/STM32L4xx_HAL_Driver/Src/stm32l4xx_ll_sdmmc.c **** 
1618:stm/stm32l4xx/STM32L4xx_HAL_Driver/Src/stm32l4xx_ll_sdmmc.c ****   else if(__SDMMC_GET_FLAG(SDMMCx, SDMMC_FLAG_CCRCFAIL))
1619:stm/stm32l4xx/STM32L4xx_HAL_Driver/Src/stm32l4xx_ll_sdmmc.c ****   {
1620:stm/stm32l4xx/STM32L4xx_HAL_Driver/Src/stm32l4xx_ll_sdmmc.c ****     /* Card is SD V2.0 compliant */
1621:stm/stm32l4xx/STM32L4xx_HAL_Driver/Src/stm32l4xx_ll_sdmmc.c ****     __SDMMC_CLEAR_FLAG(SDMMCx, SDMMC_FLAG_CCRCFAIL);
1622:stm/stm32l4xx/STM32L4xx_HAL_Driver/Src/stm32l4xx_ll_sdmmc.c **** 
1623:stm/stm32l4xx/STM32L4xx_HAL_Driver/Src/stm32l4xx_ll_sdmmc.c ****     return SDMMC_ERROR_CMD_CRC_FAIL;
1624:stm/stm32l4xx/STM32L4xx_HAL_Driver/Src/stm32l4xx_ll_sdmmc.c ****   }
1625:stm/stm32l4xx/STM32L4xx_HAL_Driver/Src/stm32l4xx_ll_sdmmc.c ****   else
1626:stm/stm32l4xx/STM32L4xx_HAL_Driver/Src/stm32l4xx_ll_sdmmc.c ****   {
ARM GAS  /var/tmp//ccKapYbW.s 			page 30


1627:stm/stm32l4xx/STM32L4xx_HAL_Driver/Src/stm32l4xx_ll_sdmmc.c ****     /* Nothing to do */
1628:stm/stm32l4xx/STM32L4xx_HAL_Driver/Src/stm32l4xx_ll_sdmmc.c ****   }
1629:stm/stm32l4xx/STM32L4xx_HAL_Driver/Src/stm32l4xx_ll_sdmmc.c **** 
1630:stm/stm32l4xx/STM32L4xx_HAL_Driver/Src/stm32l4xx_ll_sdmmc.c ****   if(__SDMMC_GET_FLAG(SDMMCx, SDMMC_FLAG_CMDREND))
1631:stm/stm32l4xx/STM32L4xx_HAL_Driver/Src/stm32l4xx_ll_sdmmc.c ****   {
1632:stm/stm32l4xx/STM32L4xx_HAL_Driver/Src/stm32l4xx_ll_sdmmc.c ****     /* Card is SD V2.0 compliant */
1633:stm/stm32l4xx/STM32L4xx_HAL_Driver/Src/stm32l4xx_ll_sdmmc.c ****     __SDMMC_CLEAR_FLAG(SDMMCx, SDMMC_FLAG_CMDREND);
1634:stm/stm32l4xx/STM32L4xx_HAL_Driver/Src/stm32l4xx_ll_sdmmc.c ****   }
1635:stm/stm32l4xx/STM32L4xx_HAL_Driver/Src/stm32l4xx_ll_sdmmc.c **** 
1636:stm/stm32l4xx/STM32L4xx_HAL_Driver/Src/stm32l4xx_ll_sdmmc.c ****   return SDMMC_ERROR_NONE;
1637:stm/stm32l4xx/STM32L4xx_HAL_Driver/Src/stm32l4xx_ll_sdmmc.c **** 
1638:stm/stm32l4xx/STM32L4xx_HAL_Driver/Src/stm32l4xx_ll_sdmmc.c **** }
1639:stm/stm32l4xx/STM32L4xx_HAL_Driver/Src/stm32l4xx_ll_sdmmc.c **** /**
1640:stm/stm32l4xx/STM32L4xx_HAL_Driver/Src/stm32l4xx_ll_sdmmc.c ****   * @}
1641:stm/stm32l4xx/STM32L4xx_HAL_Driver/Src/stm32l4xx_ll_sdmmc.c ****   */
1642:stm/stm32l4xx/STM32L4xx_HAL_Driver/Src/stm32l4xx_ll_sdmmc.c **** 
1643:stm/stm32l4xx/STM32L4xx_HAL_Driver/Src/stm32l4xx_ll_sdmmc.c **** 
1644:stm/stm32l4xx/STM32L4xx_HAL_Driver/Src/stm32l4xx_ll_sdmmc.c **** /* Private function ----------------------------------------------------------*/
1645:stm/stm32l4xx/STM32L4xx_HAL_Driver/Src/stm32l4xx_ll_sdmmc.c **** /** @addtogroup SD_Private_Functions
1646:stm/stm32l4xx/STM32L4xx_HAL_Driver/Src/stm32l4xx_ll_sdmmc.c ****   * @{
1647:stm/stm32l4xx/STM32L4xx_HAL_Driver/Src/stm32l4xx_ll_sdmmc.c ****   */
1648:stm/stm32l4xx/STM32L4xx_HAL_Driver/Src/stm32l4xx_ll_sdmmc.c **** 
1649:stm/stm32l4xx/STM32L4xx_HAL_Driver/Src/stm32l4xx_ll_sdmmc.c **** /**
1650:stm/stm32l4xx/STM32L4xx_HAL_Driver/Src/stm32l4xx_ll_sdmmc.c ****   * @brief  Checks for error conditions for CMD0.
1651:stm/stm32l4xx/STM32L4xx_HAL_Driver/Src/stm32l4xx_ll_sdmmc.c ****   * @param  hsd SD handle
1652:stm/stm32l4xx/STM32L4xx_HAL_Driver/Src/stm32l4xx_ll_sdmmc.c ****   * @retval SD Card error state
1653:stm/stm32l4xx/STM32L4xx_HAL_Driver/Src/stm32l4xx_ll_sdmmc.c ****   */
1654:stm/stm32l4xx/STM32L4xx_HAL_Driver/Src/stm32l4xx_ll_sdmmc.c **** static uint32_t SDMMC_GetCmdError(SDMMC_TypeDef *SDMMCx)
1655:stm/stm32l4xx/STM32L4xx_HAL_Driver/Src/stm32l4xx_ll_sdmmc.c **** {
  29              		.loc 1 1655 1 view -0
  30              		.cfi_startproc
  31              		@ args = 0, pretend = 0, frame = 0
  32              		@ frame_needed = 0, uses_anonymous_args = 0
  33              		@ link register save eliminated.
1656:stm/stm32l4xx/STM32L4xx_HAL_Driver/Src/stm32l4xx_ll_sdmmc.c ****   /* 8 is the number of required instructions cycles for the below loop statement.
1657:stm/stm32l4xx/STM32L4xx_HAL_Driver/Src/stm32l4xx_ll_sdmmc.c ****   The SDMMC_CMDTIMEOUT is expressed in ms */
1658:stm/stm32l4xx/STM32L4xx_HAL_Driver/Src/stm32l4xx_ll_sdmmc.c ****   uint32_t count = SDMMC_CMDTIMEOUT * (SystemCoreClock / 8U /1000U);
  34              		.loc 1 1658 3 view .LVU1
  35              		.loc 1 1658 61 is_stmt 0 view .LVU2
  36 0000 0B4B     		ldr	r3, .L5
  37 0002 1B68     		ldr	r3, [r3]
  38 0004 0B4A     		ldr	r2, .L5+4
  39 0006 A2FB0323 		umull	r2, r3, r2, r3
  40 000a 5B0A     		lsrs	r3, r3, #9
  41              		.loc 1 1658 12 view .LVU3
  42 000c 41F28832 		movw	r2, #5000
  43 0010 02FB03F3 		mul	r3, r2, r3
  44              	.LVL1:
  45              	.L3:
1659:stm/stm32l4xx/STM32L4xx_HAL_Driver/Src/stm32l4xx_ll_sdmmc.c **** 
1660:stm/stm32l4xx/STM32L4xx_HAL_Driver/Src/stm32l4xx_ll_sdmmc.c ****   do
  46              		.loc 1 1660 3 is_stmt 1 view .LVU4
1661:stm/stm32l4xx/STM32L4xx_HAL_Driver/Src/stm32l4xx_ll_sdmmc.c ****   {
1662:stm/stm32l4xx/STM32L4xx_HAL_Driver/Src/stm32l4xx_ll_sdmmc.c ****     if (count-- == 0U)
  47              		.loc 1 1662 5 view .LVU5
  48 0014 1A46     		mov	r2, r3
  49              		.loc 1 1662 14 is_stmt 0 view .LVU6
ARM GAS  /var/tmp//ccKapYbW.s 			page 31


  50 0016 013B     		subs	r3, r3, #1
  51              	.LVL2:
  52              		.loc 1 1662 8 view .LVU7
  53 0018 3AB1     		cbz	r2, .L4
1663:stm/stm32l4xx/STM32L4xx_HAL_Driver/Src/stm32l4xx_ll_sdmmc.c ****     {
1664:stm/stm32l4xx/STM32L4xx_HAL_Driver/Src/stm32l4xx_ll_sdmmc.c ****       return SDMMC_ERROR_TIMEOUT;
1665:stm/stm32l4xx/STM32L4xx_HAL_Driver/Src/stm32l4xx_ll_sdmmc.c ****     }
1666:stm/stm32l4xx/STM32L4xx_HAL_Driver/Src/stm32l4xx_ll_sdmmc.c **** 
1667:stm/stm32l4xx/STM32L4xx_HAL_Driver/Src/stm32l4xx_ll_sdmmc.c ****   }while(!__SDMMC_GET_FLAG(SDMMCx, SDMMC_FLAG_CMDSENT));
  54              		.loc 1 1667 10 is_stmt 1 view .LVU8
  55              		.loc 1 1667 11 is_stmt 0 view .LVU9
  56 001a 426B     		ldr	r2, [r0, #52]
  57              		.loc 1 1667 10 view .LVU10
  58 001c 12F0800F 		tst	r2, #128
  59 0020 F8D0     		beq	.L3
1668:stm/stm32l4xx/STM32L4xx_HAL_Driver/Src/stm32l4xx_ll_sdmmc.c **** 
1669:stm/stm32l4xx/STM32L4xx_HAL_Driver/Src/stm32l4xx_ll_sdmmc.c ****   /* Clear all the static flags */
1670:stm/stm32l4xx/STM32L4xx_HAL_Driver/Src/stm32l4xx_ll_sdmmc.c ****   __SDMMC_CLEAR_FLAG(SDMMCx, SDMMC_STATIC_CMD_FLAGS);
  60              		.loc 1 1670 3 is_stmt 1 view .LVU11
  61 0022 C523     		movs	r3, #197
  62              	.LVL3:
  63              		.loc 1 1670 3 is_stmt 0 view .LVU12
  64 0024 8363     		str	r3, [r0, #56]
1671:stm/stm32l4xx/STM32L4xx_HAL_Driver/Src/stm32l4xx_ll_sdmmc.c **** 
1672:stm/stm32l4xx/STM32L4xx_HAL_Driver/Src/stm32l4xx_ll_sdmmc.c ****   return SDMMC_ERROR_NONE;
  65              		.loc 1 1672 3 is_stmt 1 view .LVU13
  66              		.loc 1 1672 10 is_stmt 0 view .LVU14
  67 0026 0020     		movs	r0, #0
  68              	.LVL4:
  69              		.loc 1 1672 10 view .LVU15
  70 0028 7047     		bx	lr
  71              	.LVL5:
  72              	.L4:
1664:stm/stm32l4xx/STM32L4xx_HAL_Driver/Src/stm32l4xx_ll_sdmmc.c ****     }
  73              		.loc 1 1664 14 view .LVU16
  74 002a 4FF00040 		mov	r0, #-2147483648
  75              	.LVL6:
1673:stm/stm32l4xx/STM32L4xx_HAL_Driver/Src/stm32l4xx_ll_sdmmc.c **** }
  76              		.loc 1 1673 1 view .LVU17
  77 002e 7047     		bx	lr
  78              	.L6:
  79              		.align	2
  80              	.L5:
  81 0030 00000000 		.word	SystemCoreClock
  82 0034 D34D6210 		.word	274877907
  83              		.cfi_endproc
  84              	.LFE334:
  86              		.section	.text.SDMMC_Init,"ax",%progbits
  87              		.align	1
  88              		.global	SDMMC_Init
  89              		.syntax unified
  90              		.thumb
  91              		.thumb_func
  93              	SDMMC_Init:
  94              	.LVL7:
  95              	.LFB288:
 216:stm/stm32l4xx/STM32L4xx_HAL_Driver/Src/stm32l4xx_ll_sdmmc.c ****   uint32_t tmpreg = 0;
ARM GAS  /var/tmp//ccKapYbW.s 			page 32


  96              		.loc 1 216 1 is_stmt 1 view -0
  97              		.cfi_startproc
  98              		@ args = 28, pretend = 16, frame = 0
  99              		@ frame_needed = 0, uses_anonymous_args = 0
 100              		@ link register save eliminated.
 216:stm/stm32l4xx/STM32L4xx_HAL_Driver/Src/stm32l4xx_ll_sdmmc.c ****   uint32_t tmpreg = 0;
 101              		.loc 1 216 1 is_stmt 0 view .LVU19
 102 0000 84B0     		sub	sp, sp, #16
 103              	.LCFI0:
 104              		.cfi_def_cfa_offset 16
 105 0002 0DF1040C 		add	ip, sp, #4
 106 0006 8CE80E00 		stm	ip, {r1, r2, r3}
 217:stm/stm32l4xx/STM32L4xx_HAL_Driver/Src/stm32l4xx_ll_sdmmc.c **** 
 107              		.loc 1 217 3 is_stmt 1 view .LVU20
 108              	.LVL8:
 220:stm/stm32l4xx/STM32L4xx_HAL_Driver/Src/stm32l4xx_ll_sdmmc.c ****   assert_param(IS_SDMMC_CLOCK_EDGE(Init.ClockEdge));
 109              		.loc 1 220 3 view .LVU21
 221:stm/stm32l4xx/STM32L4xx_HAL_Driver/Src/stm32l4xx_ll_sdmmc.c **** #if !defined(STM32L4P5xx) && !defined(STM32L4Q5xx) && !defined(STM32L4R5xx) && !defined(STM32L4R7xx
 110              		.loc 1 221 3 view .LVU22
 223:stm/stm32l4xx/STM32L4xx_HAL_Driver/Src/stm32l4xx_ll_sdmmc.c **** #endif /* !STM32L4P5xx && !STM32L4Q5xx && !STM32L4R5xx && !STM32L4R7xx && !STM32L4R9xx && !STM32L4S
 111              		.loc 1 223 3 view .LVU23
 225:stm/stm32l4xx/STM32L4xx_HAL_Driver/Src/stm32l4xx_ll_sdmmc.c ****   assert_param(IS_SDMMC_BUS_WIDE(Init.BusWide));
 112              		.loc 1 225 3 view .LVU24
 226:stm/stm32l4xx/STM32L4xx_HAL_Driver/Src/stm32l4xx_ll_sdmmc.c ****   assert_param(IS_SDMMC_HARDWARE_FLOW_CONTROL(Init.HardwareFlowControl));
 113              		.loc 1 226 3 view .LVU25
 227:stm/stm32l4xx/STM32L4xx_HAL_Driver/Src/stm32l4xx_ll_sdmmc.c ****   assert_param(IS_SDMMC_CLKDIV(Init.ClockDiv));
 114              		.loc 1 227 3 view .LVU26
 228:stm/stm32l4xx/STM32L4xx_HAL_Driver/Src/stm32l4xx_ll_sdmmc.c **** 
 115              		.loc 1 228 3 view .LVU27
 232:stm/stm32l4xx/STM32L4xx_HAL_Driver/Src/stm32l4xx_ll_sdmmc.c **** #endif
 116              		.loc 1 232 3 view .LVU28
 234:stm/stm32l4xx/STM32L4xx_HAL_Driver/Src/stm32l4xx_ll_sdmmc.c ****              Init.ClockPowerSave      |\
 117              		.loc 1 234 3 view .LVU29
 234:stm/stm32l4xx/STM32L4xx_HAL_Driver/Src/stm32l4xx_ll_sdmmc.c ****              Init.ClockPowerSave      |\
 118              		.loc 1 234 39 is_stmt 0 view .LVU30
 119 000a 0B46     		mov	r3, r1
 120 000c 039A     		ldr	r2, [sp, #12]
 121              	.LVL9:
 234:stm/stm32l4xx/STM32L4xx_HAL_Driver/Src/stm32l4xx_ll_sdmmc.c ****              Init.ClockPowerSave      |\
 122              		.loc 1 234 39 view .LVU31
 123 000e 1343     		orrs	r3, r3, r2
 236:stm/stm32l4xx/STM32L4xx_HAL_Driver/Src/stm32l4xx_ll_sdmmc.c ****              Init.HardwareFlowControl |\
 124              		.loc 1 236 18 view .LVU32
 125 0010 049A     		ldr	r2, [sp, #16]
 235:stm/stm32l4xx/STM32L4xx_HAL_Driver/Src/stm32l4xx_ll_sdmmc.c ****              Init.BusWide             |\
 126              		.loc 1 235 39 view .LVU33
 127 0012 1343     		orrs	r3, r3, r2
 237:stm/stm32l4xx/STM32L4xx_HAL_Driver/Src/stm32l4xx_ll_sdmmc.c ****              Init.ClockDiv
 128              		.loc 1 237 18 view .LVU34
 129 0014 059A     		ldr	r2, [sp, #20]
 236:stm/stm32l4xx/STM32L4xx_HAL_Driver/Src/stm32l4xx_ll_sdmmc.c ****              Init.HardwareFlowControl |\
 130              		.loc 1 236 39 view .LVU35
 131 0016 1343     		orrs	r3, r3, r2
 238:stm/stm32l4xx/STM32L4xx_HAL_Driver/Src/stm32l4xx_ll_sdmmc.c ****              );
 132              		.loc 1 238 18 view .LVU36
 133 0018 069A     		ldr	r2, [sp, #24]
 237:stm/stm32l4xx/STM32L4xx_HAL_Driver/Src/stm32l4xx_ll_sdmmc.c ****              Init.ClockDiv
ARM GAS  /var/tmp//ccKapYbW.s 			page 33


 134              		.loc 1 237 39 view .LVU37
 135 001a 1343     		orrs	r3, r3, r2
 234:stm/stm32l4xx/STM32L4xx_HAL_Driver/Src/stm32l4xx_ll_sdmmc.c ****              Init.ClockPowerSave      |\
 136              		.loc 1 234 10 view .LVU38
 137 001c 029A     		ldr	r2, [sp, #8]
 138 001e 1A43     		orrs	r2, r2, r3
 139              	.LVL10:
 242:stm/stm32l4xx/STM32L4xx_HAL_Driver/Src/stm32l4xx_ll_sdmmc.c **** 
 140              		.loc 1 242 3 is_stmt 1 view .LVU39
 141 0020 4368     		ldr	r3, [r0, #4]
 142 0022 23F4FD43 		bic	r3, r3, #32384
 143 0026 23F07F03 		bic	r3, r3, #127
 144 002a 1343     		orrs	r3, r3, r2
 145 002c 4360     		str	r3, [r0, #4]
 244:stm/stm32l4xx/STM32L4xx_HAL_Driver/Src/stm32l4xx_ll_sdmmc.c **** }
 146              		.loc 1 244 3 view .LVU40
 245:stm/stm32l4xx/STM32L4xx_HAL_Driver/Src/stm32l4xx_ll_sdmmc.c **** 
 147              		.loc 1 245 1 is_stmt 0 view .LVU41
 148 002e 0020     		movs	r0, #0
 149              	.LVL11:
 245:stm/stm32l4xx/STM32L4xx_HAL_Driver/Src/stm32l4xx_ll_sdmmc.c **** 
 150              		.loc 1 245 1 view .LVU42
 151 0030 04B0     		add	sp, sp, #16
 152              	.LCFI1:
 153              		.cfi_def_cfa_offset 0
 154 0032 7047     		bx	lr
 155              		.cfi_endproc
 156              	.LFE288:
 158              		.section	.text.SDMMC_ReadFIFO,"ax",%progbits
 159              		.align	1
 160              		.global	SDMMC_ReadFIFO
 161              		.syntax unified
 162              		.thumb
 163              		.thumb_func
 165              	SDMMC_ReadFIFO:
 166              	.LVL12:
 167              	.LFB289:
 273:stm/stm32l4xx/STM32L4xx_HAL_Driver/Src/stm32l4xx_ll_sdmmc.c ****   /* Read data from Rx FIFO */
 168              		.loc 1 273 1 is_stmt 1 view -0
 169              		.cfi_startproc
 170              		@ args = 0, pretend = 0, frame = 0
 171              		@ frame_needed = 0, uses_anonymous_args = 0
 172              		@ link register save eliminated.
 275:stm/stm32l4xx/STM32L4xx_HAL_Driver/Src/stm32l4xx_ll_sdmmc.c **** }
 173              		.loc 1 275 3 view .LVU44
 275:stm/stm32l4xx/STM32L4xx_HAL_Driver/Src/stm32l4xx_ll_sdmmc.c **** }
 174              		.loc 1 275 17 is_stmt 0 view .LVU45
 175 0000 D0F88000 		ldr	r0, [r0, #128]
 176              	.LVL13:
 276:stm/stm32l4xx/STM32L4xx_HAL_Driver/Src/stm32l4xx_ll_sdmmc.c **** 
 177              		.loc 1 276 1 view .LVU46
 178 0004 7047     		bx	lr
 179              		.cfi_endproc
 180              	.LFE289:
 182              		.section	.text.SDMMC_WriteFIFO,"ax",%progbits
 183              		.align	1
 184              		.global	SDMMC_WriteFIFO
ARM GAS  /var/tmp//ccKapYbW.s 			page 34


 185              		.syntax unified
 186              		.thumb
 187              		.thumb_func
 189              	SDMMC_WriteFIFO:
 190              	.LVL14:
 191              	.LFB290:
 285:stm/stm32l4xx/STM32L4xx_HAL_Driver/Src/stm32l4xx_ll_sdmmc.c ****   /* Write data to FIFO */
 192              		.loc 1 285 1 is_stmt 1 view -0
 193              		.cfi_startproc
 194              		@ args = 0, pretend = 0, frame = 0
 195              		@ frame_needed = 0, uses_anonymous_args = 0
 196              		@ link register save eliminated.
 287:stm/stm32l4xx/STM32L4xx_HAL_Driver/Src/stm32l4xx_ll_sdmmc.c **** 
 197              		.loc 1 287 3 view .LVU48
 287:stm/stm32l4xx/STM32L4xx_HAL_Driver/Src/stm32l4xx_ll_sdmmc.c **** 
 198              		.loc 1 287 18 is_stmt 0 view .LVU49
 199 0000 0B68     		ldr	r3, [r1]
 287:stm/stm32l4xx/STM32L4xx_HAL_Driver/Src/stm32l4xx_ll_sdmmc.c **** 
 200              		.loc 1 287 16 view .LVU50
 201 0002 C0F88030 		str	r3, [r0, #128]
 289:stm/stm32l4xx/STM32L4xx_HAL_Driver/Src/stm32l4xx_ll_sdmmc.c **** }
 202              		.loc 1 289 3 is_stmt 1 view .LVU51
 290:stm/stm32l4xx/STM32L4xx_HAL_Driver/Src/stm32l4xx_ll_sdmmc.c **** 
 203              		.loc 1 290 1 is_stmt 0 view .LVU52
 204 0006 0020     		movs	r0, #0
 205              	.LVL15:
 290:stm/stm32l4xx/STM32L4xx_HAL_Driver/Src/stm32l4xx_ll_sdmmc.c **** 
 206              		.loc 1 290 1 view .LVU53
 207 0008 7047     		bx	lr
 208              		.cfi_endproc
 209              	.LFE290:
 211              		.section	.text.SDMMC_PowerState_ON,"ax",%progbits
 212              		.align	1
 213              		.global	SDMMC_PowerState_ON
 214              		.syntax unified
 215              		.thumb
 216              		.thumb_func
 218              	SDMMC_PowerState_ON:
 219              	.LVL16:
 220              	.LFB291:
 317:stm/stm32l4xx/STM32L4xx_HAL_Driver/Src/stm32l4xx_ll_sdmmc.c ****   /* Set power state to ON */
 221              		.loc 1 317 1 is_stmt 1 view -0
 222              		.cfi_startproc
 223              		@ args = 0, pretend = 0, frame = 0
 224              		@ frame_needed = 0, uses_anonymous_args = 0
 317:stm/stm32l4xx/STM32L4xx_HAL_Driver/Src/stm32l4xx_ll_sdmmc.c ****   /* Set power state to ON */
 225              		.loc 1 317 1 is_stmt 0 view .LVU55
 226 0000 08B5     		push	{r3, lr}
 227              	.LCFI2:
 228              		.cfi_def_cfa_offset 8
 229              		.cfi_offset 3, -8
 230              		.cfi_offset 14, -4
 322:stm/stm32l4xx/STM32L4xx_HAL_Driver/Src/stm32l4xx_ll_sdmmc.c **** #endif /* STM32L4P5xx || STM32L4Q5xx || STM32L4R5xx || STM32L4R7xx || STM32L4R9xx || STM32L4S5xx ||
 231              		.loc 1 322 3 is_stmt 1 view .LVU56
 322:stm/stm32l4xx/STM32L4xx_HAL_Driver/Src/stm32l4xx_ll_sdmmc.c **** #endif /* STM32L4P5xx || STM32L4Q5xx || STM32L4R5xx || STM32L4R7xx || STM32L4R9xx || STM32L4S5xx ||
 232              		.loc 1 322 17 is_stmt 0 view .LVU57
 233 0002 0323     		movs	r3, #3
ARM GAS  /var/tmp//ccKapYbW.s 			page 35


 234 0004 0360     		str	r3, [r0]
 327:stm/stm32l4xx/STM32L4xx_HAL_Driver/Src/stm32l4xx_ll_sdmmc.c **** 
 235              		.loc 1 327 3 is_stmt 1 view .LVU58
 236 0006 0220     		movs	r0, #2
 237              	.LVL17:
 327:stm/stm32l4xx/STM32L4xx_HAL_Driver/Src/stm32l4xx_ll_sdmmc.c **** 
 238              		.loc 1 327 3 is_stmt 0 view .LVU59
 239 0008 FFF7FEFF 		bl	HAL_Delay
 240              	.LVL18:
 329:stm/stm32l4xx/STM32L4xx_HAL_Driver/Src/stm32l4xx_ll_sdmmc.c **** }
 241              		.loc 1 329 3 is_stmt 1 view .LVU60
 330:stm/stm32l4xx/STM32L4xx_HAL_Driver/Src/stm32l4xx_ll_sdmmc.c **** 
 242              		.loc 1 330 1 is_stmt 0 view .LVU61
 243 000c 0020     		movs	r0, #0
 244 000e 08BD     		pop	{r3, pc}
 245              		.cfi_endproc
 246              	.LFE291:
 248              		.section	.text.SDMMC_PowerState_OFF,"ax",%progbits
 249              		.align	1
 250              		.global	SDMMC_PowerState_OFF
 251              		.syntax unified
 252              		.thumb
 253              		.thumb_func
 255              	SDMMC_PowerState_OFF:
 256              	.LVL19:
 257              	.LFB292:
 353:stm/stm32l4xx/STM32L4xx_HAL_Driver/Src/stm32l4xx_ll_sdmmc.c ****   /* Set power state to OFF */
 258              		.loc 1 353 1 is_stmt 1 view -0
 259              		.cfi_startproc
 260              		@ args = 0, pretend = 0, frame = 0
 261              		@ frame_needed = 0, uses_anonymous_args = 0
 262              		@ link register save eliminated.
 353:stm/stm32l4xx/STM32L4xx_HAL_Driver/Src/stm32l4xx_ll_sdmmc.c ****   /* Set power state to OFF */
 263              		.loc 1 353 1 is_stmt 0 view .LVU63
 264 0000 0346     		mov	r3, r0
 358:stm/stm32l4xx/STM32L4xx_HAL_Driver/Src/stm32l4xx_ll_sdmmc.c **** #endif /* STM32L4P5xx || STM32L4Q5xx || STM32L4R5xx || STM32L4R7xx || STM32L4R9xx || STM32L4S5xx ||
 265              		.loc 1 358 3 is_stmt 1 view .LVU64
 358:stm/stm32l4xx/STM32L4xx_HAL_Driver/Src/stm32l4xx_ll_sdmmc.c **** #endif /* STM32L4P5xx || STM32L4Q5xx || STM32L4R5xx || STM32L4R7xx || STM32L4R9xx || STM32L4S5xx ||
 266              		.loc 1 358 17 is_stmt 0 view .LVU65
 267 0002 0020     		movs	r0, #0
 268              	.LVL20:
 358:stm/stm32l4xx/STM32L4xx_HAL_Driver/Src/stm32l4xx_ll_sdmmc.c **** #endif /* STM32L4P5xx || STM32L4Q5xx || STM32L4R5xx || STM32L4R7xx || STM32L4R9xx || STM32L4S5xx ||
 269              		.loc 1 358 17 view .LVU66
 270 0004 1860     		str	r0, [r3]
 361:stm/stm32l4xx/STM32L4xx_HAL_Driver/Src/stm32l4xx_ll_sdmmc.c **** }
 271              		.loc 1 361 3 is_stmt 1 view .LVU67
 362:stm/stm32l4xx/STM32L4xx_HAL_Driver/Src/stm32l4xx_ll_sdmmc.c **** 
 272              		.loc 1 362 1 is_stmt 0 view .LVU68
 273 0006 7047     		bx	lr
 274              		.cfi_endproc
 275              	.LFE292:
 277              		.section	.text.SDMMC_GetPowerState,"ax",%progbits
 278              		.align	1
 279              		.global	SDMMC_GetPowerState
 280              		.syntax unified
 281              		.thumb
 282              		.thumb_func
ARM GAS  /var/tmp//ccKapYbW.s 			page 36


 284              	SDMMC_GetPowerState:
 285              	.LVL21:
 286              	.LFB293:
 374:stm/stm32l4xx/STM32L4xx_HAL_Driver/Src/stm32l4xx_ll_sdmmc.c ****   return (SDMMCx->POWER & SDMMC_POWER_PWRCTRL);
 287              		.loc 1 374 1 is_stmt 1 view -0
 288              		.cfi_startproc
 289              		@ args = 0, pretend = 0, frame = 0
 290              		@ frame_needed = 0, uses_anonymous_args = 0
 291              		@ link register save eliminated.
 375:stm/stm32l4xx/STM32L4xx_HAL_Driver/Src/stm32l4xx_ll_sdmmc.c **** }
 292              		.loc 1 375 3 view .LVU70
 375:stm/stm32l4xx/STM32L4xx_HAL_Driver/Src/stm32l4xx_ll_sdmmc.c **** }
 293              		.loc 1 375 17 is_stmt 0 view .LVU71
 294 0000 0068     		ldr	r0, [r0]
 295              	.LVL22:
 376:stm/stm32l4xx/STM32L4xx_HAL_Driver/Src/stm32l4xx_ll_sdmmc.c **** 
 296              		.loc 1 376 1 view .LVU72
 297 0002 00F00300 		and	r0, r0, #3
 298 0006 7047     		bx	lr
 299              		.cfi_endproc
 300              	.LFE293:
 302              		.section	.text.SDMMC_SendCommand,"ax",%progbits
 303              		.align	1
 304              		.global	SDMMC_SendCommand
 305              		.syntax unified
 306              		.thumb
 307              		.thumb_func
 309              	SDMMC_SendCommand:
 310              	.LVL23:
 311              	.LFB294:
 387:stm/stm32l4xx/STM32L4xx_HAL_Driver/Src/stm32l4xx_ll_sdmmc.c ****   uint32_t tmpreg = 0;
 312              		.loc 1 387 1 is_stmt 1 view -0
 313              		.cfi_startproc
 314              		@ args = 0, pretend = 0, frame = 0
 315              		@ frame_needed = 0, uses_anonymous_args = 0
 316              		@ link register save eliminated.
 388:stm/stm32l4xx/STM32L4xx_HAL_Driver/Src/stm32l4xx_ll_sdmmc.c **** 
 317              		.loc 1 388 3 view .LVU74
 391:stm/stm32l4xx/STM32L4xx_HAL_Driver/Src/stm32l4xx_ll_sdmmc.c ****   assert_param(IS_SDMMC_RESPONSE(Command->Response));
 318              		.loc 1 391 3 view .LVU75
 392:stm/stm32l4xx/STM32L4xx_HAL_Driver/Src/stm32l4xx_ll_sdmmc.c ****   assert_param(IS_SDMMC_WAIT(Command->WaitForInterrupt));
 319              		.loc 1 392 3 view .LVU76
 393:stm/stm32l4xx/STM32L4xx_HAL_Driver/Src/stm32l4xx_ll_sdmmc.c ****   assert_param(IS_SDMMC_CPSM(Command->CPSM));
 320              		.loc 1 393 3 view .LVU77
 394:stm/stm32l4xx/STM32L4xx_HAL_Driver/Src/stm32l4xx_ll_sdmmc.c **** 
 321              		.loc 1 394 3 view .LVU78
 397:stm/stm32l4xx/STM32L4xx_HAL_Driver/Src/stm32l4xx_ll_sdmmc.c **** 
 322              		.loc 1 397 3 view .LVU79
 397:stm/stm32l4xx/STM32L4xx_HAL_Driver/Src/stm32l4xx_ll_sdmmc.c **** 
 323              		.loc 1 397 24 is_stmt 0 view .LVU80
 324 0000 0B68     		ldr	r3, [r1]
 397:stm/stm32l4xx/STM32L4xx_HAL_Driver/Src/stm32l4xx_ll_sdmmc.c **** 
 325              		.loc 1 397 15 view .LVU81
 326 0002 8360     		str	r3, [r0, #8]
 400:stm/stm32l4xx/STM32L4xx_HAL_Driver/Src/stm32l4xx_ll_sdmmc.c ****                        Command->Response         |\
 327              		.loc 1 400 3 is_stmt 1 view .LVU82
 400:stm/stm32l4xx/STM32L4xx_HAL_Driver/Src/stm32l4xx_ll_sdmmc.c ****                        Command->Response         |\
ARM GAS  /var/tmp//ccKapYbW.s 			page 37


 328              		.loc 1 400 31 is_stmt 0 view .LVU83
 329 0004 4B68     		ldr	r3, [r1, #4]
 401:stm/stm32l4xx/STM32L4xx_HAL_Driver/Src/stm32l4xx_ll_sdmmc.c ****                        Command->WaitForInterrupt |\
 330              		.loc 1 401 31 view .LVU84
 331 0006 8A68     		ldr	r2, [r1, #8]
 400:stm/stm32l4xx/STM32L4xx_HAL_Driver/Src/stm32l4xx_ll_sdmmc.c ****                        Command->Response         |\
 332              		.loc 1 400 50 view .LVU85
 333 0008 1343     		orrs	r3, r3, r2
 402:stm/stm32l4xx/STM32L4xx_HAL_Driver/Src/stm32l4xx_ll_sdmmc.c ****                        Command->CPSM);
 334              		.loc 1 402 31 view .LVU86
 335 000a CA68     		ldr	r2, [r1, #12]
 401:stm/stm32l4xx/STM32L4xx_HAL_Driver/Src/stm32l4xx_ll_sdmmc.c ****                        Command->WaitForInterrupt |\
 336              		.loc 1 401 50 view .LVU87
 337 000c 1343     		orrs	r3, r3, r2
 403:stm/stm32l4xx/STM32L4xx_HAL_Driver/Src/stm32l4xx_ll_sdmmc.c **** 
 338              		.loc 1 403 31 view .LVU88
 339 000e 0A69     		ldr	r2, [r1, #16]
 402:stm/stm32l4xx/STM32L4xx_HAL_Driver/Src/stm32l4xx_ll_sdmmc.c ****                        Command->CPSM);
 340              		.loc 1 402 50 view .LVU89
 341 0010 1343     		orrs	r3, r3, r2
 342              	.LVL24:
 406:stm/stm32l4xx/STM32L4xx_HAL_Driver/Src/stm32l4xx_ll_sdmmc.c **** 
 343              		.loc 1 406 3 is_stmt 1 view .LVU90
 344 0012 C268     		ldr	r2, [r0, #12]
 345 0014 22F47F62 		bic	r2, r2, #4080
 346 0018 22F00F02 		bic	r2, r2, #15
 347 001c 1343     		orrs	r3, r3, r2
 348              	.LVL25:
 406:stm/stm32l4xx/STM32L4xx_HAL_Driver/Src/stm32l4xx_ll_sdmmc.c **** 
 349              		.loc 1 406 3 is_stmt 0 view .LVU91
 350 001e C360     		str	r3, [r0, #12]
 351              	.LVL26:
 408:stm/stm32l4xx/STM32L4xx_HAL_Driver/Src/stm32l4xx_ll_sdmmc.c **** }
 352              		.loc 1 408 3 is_stmt 1 view .LVU92
 409:stm/stm32l4xx/STM32L4xx_HAL_Driver/Src/stm32l4xx_ll_sdmmc.c **** 
 353              		.loc 1 409 1 is_stmt 0 view .LVU93
 354 0020 0020     		movs	r0, #0
 355              	.LVL27:
 409:stm/stm32l4xx/STM32L4xx_HAL_Driver/Src/stm32l4xx_ll_sdmmc.c **** 
 356              		.loc 1 409 1 view .LVU94
 357 0022 7047     		bx	lr
 358              		.cfi_endproc
 359              	.LFE294:
 361              		.section	.text.SDMMC_GetCommandResponse,"ax",%progbits
 362              		.align	1
 363              		.global	SDMMC_GetCommandResponse
 364              		.syntax unified
 365              		.thumb
 366              		.thumb_func
 368              	SDMMC_GetCommandResponse:
 369              	.LVL28:
 370              	.LFB295:
 417:stm/stm32l4xx/STM32L4xx_HAL_Driver/Src/stm32l4xx_ll_sdmmc.c ****   return (uint8_t)(SDMMCx->RESPCMD);
 371              		.loc 1 417 1 is_stmt 1 view -0
 372              		.cfi_startproc
 373              		@ args = 0, pretend = 0, frame = 0
 374              		@ frame_needed = 0, uses_anonymous_args = 0
ARM GAS  /var/tmp//ccKapYbW.s 			page 38


 375              		@ link register save eliminated.
 418:stm/stm32l4xx/STM32L4xx_HAL_Driver/Src/stm32l4xx_ll_sdmmc.c **** }
 376              		.loc 1 418 3 view .LVU96
 418:stm/stm32l4xx/STM32L4xx_HAL_Driver/Src/stm32l4xx_ll_sdmmc.c **** }
 377              		.loc 1 418 26 is_stmt 0 view .LVU97
 378 0000 0069     		ldr	r0, [r0, #16]
 379              	.LVL29:
 419:stm/stm32l4xx/STM32L4xx_HAL_Driver/Src/stm32l4xx_ll_sdmmc.c **** 
 380              		.loc 1 419 1 view .LVU98
 381 0002 C0B2     		uxtb	r0, r0
 382 0004 7047     		bx	lr
 383              		.cfi_endproc
 384              	.LFE295:
 386              		.section	.text.SDMMC_GetResponse,"ax",%progbits
 387              		.align	1
 388              		.global	SDMMC_GetResponse
 389              		.syntax unified
 390              		.thumb
 391              		.thumb_func
 393              	SDMMC_GetResponse:
 394              	.LVL30:
 395              	.LFB296:
 434:stm/stm32l4xx/STM32L4xx_HAL_Driver/Src/stm32l4xx_ll_sdmmc.c ****   uint32_t tmp;
 396              		.loc 1 434 1 is_stmt 1 view -0
 397              		.cfi_startproc
 398              		@ args = 0, pretend = 0, frame = 0
 399              		@ frame_needed = 0, uses_anonymous_args = 0
 400              		@ link register save eliminated.
 435:stm/stm32l4xx/STM32L4xx_HAL_Driver/Src/stm32l4xx_ll_sdmmc.c **** 
 401              		.loc 1 435 3 view .LVU100
 438:stm/stm32l4xx/STM32L4xx_HAL_Driver/Src/stm32l4xx_ll_sdmmc.c **** 
 402              		.loc 1 438 3 view .LVU101
 441:stm/stm32l4xx/STM32L4xx_HAL_Driver/Src/stm32l4xx_ll_sdmmc.c **** 
 403              		.loc 1 441 3 view .LVU102
 441:stm/stm32l4xx/STM32L4xx_HAL_Driver/Src/stm32l4xx_ll_sdmmc.c **** 
 404              		.loc 1 441 20 is_stmt 0 view .LVU103
 405 0000 1430     		adds	r0, r0, #20
 406              	.LVL31:
 443:stm/stm32l4xx/STM32L4xx_HAL_Driver/Src/stm32l4xx_ll_sdmmc.c **** }
 407              		.loc 1 443 3 is_stmt 1 view .LVU104
 443:stm/stm32l4xx/STM32L4xx_HAL_Driver/Src/stm32l4xx_ll_sdmmc.c **** }
 408              		.loc 1 443 11 is_stmt 0 view .LVU105
 409 0002 4058     		ldr	r0, [r0, r1]
 410              	.LVL32:
 444:stm/stm32l4xx/STM32L4xx_HAL_Driver/Src/stm32l4xx_ll_sdmmc.c **** 
 411              		.loc 1 444 1 view .LVU106
 412 0004 7047     		bx	lr
 413              		.cfi_endproc
 414              	.LFE296:
 416              		.section	.text.SDMMC_ConfigData,"ax",%progbits
 417              		.align	1
 418              		.global	SDMMC_ConfigData
 419              		.syntax unified
 420              		.thumb
 421              		.thumb_func
 423              	SDMMC_ConfigData:
 424              	.LVL33:
ARM GAS  /var/tmp//ccKapYbW.s 			page 39


 425              	.LFB297:
 455:stm/stm32l4xx/STM32L4xx_HAL_Driver/Src/stm32l4xx_ll_sdmmc.c ****   uint32_t tmpreg = 0;
 426              		.loc 1 455 1 is_stmt 1 view -0
 427              		.cfi_startproc
 428              		@ args = 0, pretend = 0, frame = 0
 429              		@ frame_needed = 0, uses_anonymous_args = 0
 430              		@ link register save eliminated.
 456:stm/stm32l4xx/STM32L4xx_HAL_Driver/Src/stm32l4xx_ll_sdmmc.c **** 
 431              		.loc 1 456 3 view .LVU108
 459:stm/stm32l4xx/STM32L4xx_HAL_Driver/Src/stm32l4xx_ll_sdmmc.c ****   assert_param(IS_SDMMC_BLOCK_SIZE(Data->DataBlockSize));
 432              		.loc 1 459 3 view .LVU109
 460:stm/stm32l4xx/STM32L4xx_HAL_Driver/Src/stm32l4xx_ll_sdmmc.c ****   assert_param(IS_SDMMC_TRANSFER_DIR(Data->TransferDir));
 433              		.loc 1 460 3 view .LVU110
 461:stm/stm32l4xx/STM32L4xx_HAL_Driver/Src/stm32l4xx_ll_sdmmc.c ****   assert_param(IS_SDMMC_TRANSFER_MODE(Data->TransferMode));
 434              		.loc 1 461 3 view .LVU111
 462:stm/stm32l4xx/STM32L4xx_HAL_Driver/Src/stm32l4xx_ll_sdmmc.c ****   assert_param(IS_SDMMC_DPSM(Data->DPSM));
 435              		.loc 1 462 3 view .LVU112
 463:stm/stm32l4xx/STM32L4xx_HAL_Driver/Src/stm32l4xx_ll_sdmmc.c **** 
 436              		.loc 1 463 3 view .LVU113
 466:stm/stm32l4xx/STM32L4xx_HAL_Driver/Src/stm32l4xx_ll_sdmmc.c **** 
 437              		.loc 1 466 3 view .LVU114
 466:stm/stm32l4xx/STM32L4xx_HAL_Driver/Src/stm32l4xx_ll_sdmmc.c **** 
 438              		.loc 1 466 24 is_stmt 0 view .LVU115
 439 0000 0B68     		ldr	r3, [r1]
 466:stm/stm32l4xx/STM32L4xx_HAL_Driver/Src/stm32l4xx_ll_sdmmc.c **** 
 440              		.loc 1 466 18 view .LVU116
 441 0002 4362     		str	r3, [r0, #36]
 469:stm/stm32l4xx/STM32L4xx_HAL_Driver/Src/stm32l4xx_ll_sdmmc.c **** 
 442              		.loc 1 469 3 is_stmt 1 view .LVU117
 469:stm/stm32l4xx/STM32L4xx_HAL_Driver/Src/stm32l4xx_ll_sdmmc.c **** 
 443              		.loc 1 469 22 is_stmt 0 view .LVU118
 444 0004 4B68     		ldr	r3, [r1, #4]
 469:stm/stm32l4xx/STM32L4xx_HAL_Driver/Src/stm32l4xx_ll_sdmmc.c **** 
 445              		.loc 1 469 16 view .LVU119
 446 0006 8362     		str	r3, [r0, #40]
 472:stm/stm32l4xx/STM32L4xx_HAL_Driver/Src/stm32l4xx_ll_sdmmc.c ****                        Data->TransferDir   |\
 447              		.loc 1 472 3 is_stmt 1 view .LVU120
 472:stm/stm32l4xx/STM32L4xx_HAL_Driver/Src/stm32l4xx_ll_sdmmc.c ****                        Data->TransferDir   |\
 448              		.loc 1 472 28 is_stmt 0 view .LVU121
 449 0008 8B68     		ldr	r3, [r1, #8]
 473:stm/stm32l4xx/STM32L4xx_HAL_Driver/Src/stm32l4xx_ll_sdmmc.c ****                        Data->TransferMode  |\
 450              		.loc 1 473 28 view .LVU122
 451 000a CA68     		ldr	r2, [r1, #12]
 472:stm/stm32l4xx/STM32L4xx_HAL_Driver/Src/stm32l4xx_ll_sdmmc.c ****                        Data->TransferDir   |\
 452              		.loc 1 472 44 view .LVU123
 453 000c 1343     		orrs	r3, r3, r2
 474:stm/stm32l4xx/STM32L4xx_HAL_Driver/Src/stm32l4xx_ll_sdmmc.c ****                        Data->DPSM);
 454              		.loc 1 474 28 view .LVU124
 455 000e 0A69     		ldr	r2, [r1, #16]
 473:stm/stm32l4xx/STM32L4xx_HAL_Driver/Src/stm32l4xx_ll_sdmmc.c ****                        Data->TransferMode  |\
 456              		.loc 1 473 44 view .LVU125
 457 0010 1343     		orrs	r3, r3, r2
 475:stm/stm32l4xx/STM32L4xx_HAL_Driver/Src/stm32l4xx_ll_sdmmc.c **** 
 458              		.loc 1 475 28 view .LVU126
 459 0012 4A69     		ldr	r2, [r1, #20]
 474:stm/stm32l4xx/STM32L4xx_HAL_Driver/Src/stm32l4xx_ll_sdmmc.c ****                        Data->DPSM);
 460              		.loc 1 474 44 view .LVU127
ARM GAS  /var/tmp//ccKapYbW.s 			page 40


 461 0014 1343     		orrs	r3, r3, r2
 462              	.LVL34:
 478:stm/stm32l4xx/STM32L4xx_HAL_Driver/Src/stm32l4xx_ll_sdmmc.c **** 
 463              		.loc 1 478 3 is_stmt 1 view .LVU128
 464 0016 C26A     		ldr	r2, [r0, #44]
 465 0018 22F0F702 		bic	r2, r2, #247
 466 001c 1343     		orrs	r3, r3, r2
 467              	.LVL35:
 478:stm/stm32l4xx/STM32L4xx_HAL_Driver/Src/stm32l4xx_ll_sdmmc.c **** 
 468              		.loc 1 478 3 is_stmt 0 view .LVU129
 469 001e C362     		str	r3, [r0, #44]
 470              	.LVL36:
 480:stm/stm32l4xx/STM32L4xx_HAL_Driver/Src/stm32l4xx_ll_sdmmc.c **** 
 471              		.loc 1 480 3 is_stmt 1 view .LVU130
 482:stm/stm32l4xx/STM32L4xx_HAL_Driver/Src/stm32l4xx_ll_sdmmc.c **** 
 472              		.loc 1 482 1 is_stmt 0 view .LVU131
 473 0020 0020     		movs	r0, #0
 474              	.LVL37:
 482:stm/stm32l4xx/STM32L4xx_HAL_Driver/Src/stm32l4xx_ll_sdmmc.c **** 
 475              		.loc 1 482 1 view .LVU132
 476 0022 7047     		bx	lr
 477              		.cfi_endproc
 478              	.LFE297:
 480              		.section	.text.SDMMC_GetDataCounter,"ax",%progbits
 481              		.align	1
 482              		.global	SDMMC_GetDataCounter
 483              		.syntax unified
 484              		.thumb
 485              		.thumb_func
 487              	SDMMC_GetDataCounter:
 488              	.LVL38:
 489              	.LFB298:
 490:stm/stm32l4xx/STM32L4xx_HAL_Driver/Src/stm32l4xx_ll_sdmmc.c ****   return (SDMMCx->DCOUNT);
 490              		.loc 1 490 1 is_stmt 1 view -0
 491              		.cfi_startproc
 492              		@ args = 0, pretend = 0, frame = 0
 493              		@ frame_needed = 0, uses_anonymous_args = 0
 494              		@ link register save eliminated.
 491:stm/stm32l4xx/STM32L4xx_HAL_Driver/Src/stm32l4xx_ll_sdmmc.c **** }
 495              		.loc 1 491 3 view .LVU134
 491:stm/stm32l4xx/STM32L4xx_HAL_Driver/Src/stm32l4xx_ll_sdmmc.c **** }
 496              		.loc 1 491 17 is_stmt 0 view .LVU135
 497 0000 006B     		ldr	r0, [r0, #48]
 498              	.LVL39:
 492:stm/stm32l4xx/STM32L4xx_HAL_Driver/Src/stm32l4xx_ll_sdmmc.c **** 
 499              		.loc 1 492 1 view .LVU136
 500 0002 7047     		bx	lr
 501              		.cfi_endproc
 502              	.LFE298:
 504              		.section	.text.SDMMC_GetFIFOCount,"ax",%progbits
 505              		.align	1
 506              		.global	SDMMC_GetFIFOCount
 507              		.syntax unified
 508              		.thumb
 509              		.thumb_func
 511              	SDMMC_GetFIFOCount:
 512              	.LVL40:
ARM GAS  /var/tmp//ccKapYbW.s 			page 41


 513              	.LFB299:
 500:stm/stm32l4xx/STM32L4xx_HAL_Driver/Src/stm32l4xx_ll_sdmmc.c ****   return (SDMMCx->FIFO);
 514              		.loc 1 500 1 is_stmt 1 view -0
 515              		.cfi_startproc
 516              		@ args = 0, pretend = 0, frame = 0
 517              		@ frame_needed = 0, uses_anonymous_args = 0
 518              		@ link register save eliminated.
 501:stm/stm32l4xx/STM32L4xx_HAL_Driver/Src/stm32l4xx_ll_sdmmc.c **** }
 519              		.loc 1 501 3 view .LVU138
 501:stm/stm32l4xx/STM32L4xx_HAL_Driver/Src/stm32l4xx_ll_sdmmc.c **** }
 520              		.loc 1 501 17 is_stmt 0 view .LVU139
 521 0000 D0F88000 		ldr	r0, [r0, #128]
 522              	.LVL41:
 502:stm/stm32l4xx/STM32L4xx_HAL_Driver/Src/stm32l4xx_ll_sdmmc.c **** 
 523              		.loc 1 502 1 view .LVU140
 524 0004 7047     		bx	lr
 525              		.cfi_endproc
 526              	.LFE299:
 528              		.section	.text.SDMMC_SetSDMMCReadWaitMode,"ax",%progbits
 529              		.align	1
 530              		.global	SDMMC_SetSDMMCReadWaitMode
 531              		.syntax unified
 532              		.thumb
 533              		.thumb_func
 535              	SDMMC_SetSDMMCReadWaitMode:
 536              	.LVL42:
 537              	.LFB300:
 514:stm/stm32l4xx/STM32L4xx_HAL_Driver/Src/stm32l4xx_ll_sdmmc.c ****   /* Check the parameters */
 538              		.loc 1 514 1 is_stmt 1 view -0
 539              		.cfi_startproc
 540              		@ args = 0, pretend = 0, frame = 0
 541              		@ frame_needed = 0, uses_anonymous_args = 0
 542              		@ link register save eliminated.
 516:stm/stm32l4xx/STM32L4xx_HAL_Driver/Src/stm32l4xx_ll_sdmmc.c **** 
 543              		.loc 1 516 3 view .LVU142
 519:stm/stm32l4xx/STM32L4xx_HAL_Driver/Src/stm32l4xx_ll_sdmmc.c **** 
 544              		.loc 1 519 3 view .LVU143
 545 0000 C36A     		ldr	r3, [r0, #44]
 546 0002 23F48063 		bic	r3, r3, #1024
 547 0006 0B43     		orrs	r3, r3, r1
 548 0008 C362     		str	r3, [r0, #44]
 521:stm/stm32l4xx/STM32L4xx_HAL_Driver/Src/stm32l4xx_ll_sdmmc.c **** }
 549              		.loc 1 521 3 view .LVU144
 522:stm/stm32l4xx/STM32L4xx_HAL_Driver/Src/stm32l4xx_ll_sdmmc.c **** 
 550              		.loc 1 522 1 is_stmt 0 view .LVU145
 551 000a 0020     		movs	r0, #0
 552              	.LVL43:
 522:stm/stm32l4xx/STM32L4xx_HAL_Driver/Src/stm32l4xx_ll_sdmmc.c **** 
 553              		.loc 1 522 1 view .LVU146
 554 000c 7047     		bx	lr
 555              		.cfi_endproc
 556              	.LFE300:
 558              		.section	.text.SDMMC_CmdGoIdleState,"ax",%progbits
 559              		.align	1
 560              		.global	SDMMC_CmdGoIdleState
 561              		.syntax unified
 562              		.thumb
ARM GAS  /var/tmp//ccKapYbW.s 			page 42


 563              		.thumb_func
 565              	SDMMC_CmdGoIdleState:
 566              	.LVL44:
 567              	.LFB313:
 849:stm/stm32l4xx/STM32L4xx_HAL_Driver/Src/stm32l4xx_ll_sdmmc.c ****   SDMMC_CmdInitTypeDef  sdmmc_cmdinit;
 568              		.loc 1 849 1 is_stmt 1 view -0
 569              		.cfi_startproc
 570              		@ args = 0, pretend = 0, frame = 24
 571              		@ frame_needed = 0, uses_anonymous_args = 0
 849:stm/stm32l4xx/STM32L4xx_HAL_Driver/Src/stm32l4xx_ll_sdmmc.c ****   SDMMC_CmdInitTypeDef  sdmmc_cmdinit;
 572              		.loc 1 849 1 is_stmt 0 view .LVU148
 573 0000 10B5     		push	{r4, lr}
 574              	.LCFI3:
 575              		.cfi_def_cfa_offset 8
 576              		.cfi_offset 4, -8
 577              		.cfi_offset 14, -4
 578 0002 86B0     		sub	sp, sp, #24
 579              	.LCFI4:
 580              		.cfi_def_cfa_offset 32
 581 0004 0446     		mov	r4, r0
 850:stm/stm32l4xx/STM32L4xx_HAL_Driver/Src/stm32l4xx_ll_sdmmc.c ****   uint32_t errorstate;
 582              		.loc 1 850 3 is_stmt 1 view .LVU149
 851:stm/stm32l4xx/STM32L4xx_HAL_Driver/Src/stm32l4xx_ll_sdmmc.c **** 
 583              		.loc 1 851 3 view .LVU150
 853:stm/stm32l4xx/STM32L4xx_HAL_Driver/Src/stm32l4xx_ll_sdmmc.c ****   sdmmc_cmdinit.CmdIndex         = SDMMC_CMD_GO_IDLE_STATE;
 584              		.loc 1 853 3 view .LVU151
 853:stm/stm32l4xx/STM32L4xx_HAL_Driver/Src/stm32l4xx_ll_sdmmc.c ****   sdmmc_cmdinit.CmdIndex         = SDMMC_CMD_GO_IDLE_STATE;
 585              		.loc 1 853 34 is_stmt 0 view .LVU152
 586 0006 0023     		movs	r3, #0
 587 0008 0193     		str	r3, [sp, #4]
 854:stm/stm32l4xx/STM32L4xx_HAL_Driver/Src/stm32l4xx_ll_sdmmc.c ****   sdmmc_cmdinit.Response         = SDMMC_RESPONSE_NO;
 588              		.loc 1 854 3 is_stmt 1 view .LVU153
 854:stm/stm32l4xx/STM32L4xx_HAL_Driver/Src/stm32l4xx_ll_sdmmc.c ****   sdmmc_cmdinit.Response         = SDMMC_RESPONSE_NO;
 589              		.loc 1 854 34 is_stmt 0 view .LVU154
 590 000a 0293     		str	r3, [sp, #8]
 855:stm/stm32l4xx/STM32L4xx_HAL_Driver/Src/stm32l4xx_ll_sdmmc.c ****   sdmmc_cmdinit.WaitForInterrupt = SDMMC_WAIT_NO;
 591              		.loc 1 855 3 is_stmt 1 view .LVU155
 855:stm/stm32l4xx/STM32L4xx_HAL_Driver/Src/stm32l4xx_ll_sdmmc.c ****   sdmmc_cmdinit.WaitForInterrupt = SDMMC_WAIT_NO;
 592              		.loc 1 855 34 is_stmt 0 view .LVU156
 593 000c 0393     		str	r3, [sp, #12]
 856:stm/stm32l4xx/STM32L4xx_HAL_Driver/Src/stm32l4xx_ll_sdmmc.c ****   sdmmc_cmdinit.CPSM             = SDMMC_CPSM_ENABLE;
 594              		.loc 1 856 3 is_stmt 1 view .LVU157
 856:stm/stm32l4xx/STM32L4xx_HAL_Driver/Src/stm32l4xx_ll_sdmmc.c ****   sdmmc_cmdinit.CPSM             = SDMMC_CPSM_ENABLE;
 595              		.loc 1 856 34 is_stmt 0 view .LVU158
 596 000e 0493     		str	r3, [sp, #16]
 857:stm/stm32l4xx/STM32L4xx_HAL_Driver/Src/stm32l4xx_ll_sdmmc.c ****   (void)SDMMC_SendCommand(SDMMCx, &sdmmc_cmdinit);
 597              		.loc 1 857 3 is_stmt 1 view .LVU159
 857:stm/stm32l4xx/STM32L4xx_HAL_Driver/Src/stm32l4xx_ll_sdmmc.c ****   (void)SDMMC_SendCommand(SDMMCx, &sdmmc_cmdinit);
 598              		.loc 1 857 34 is_stmt 0 view .LVU160
 599 0010 4FF48063 		mov	r3, #1024
 600 0014 0593     		str	r3, [sp, #20]
 858:stm/stm32l4xx/STM32L4xx_HAL_Driver/Src/stm32l4xx_ll_sdmmc.c **** 
 601              		.loc 1 858 3 is_stmt 1 view .LVU161
 858:stm/stm32l4xx/STM32L4xx_HAL_Driver/Src/stm32l4xx_ll_sdmmc.c **** 
 602              		.loc 1 858 9 is_stmt 0 view .LVU162
 603 0016 01A9     		add	r1, sp, #4
 604 0018 FFF7FEFF 		bl	SDMMC_SendCommand
ARM GAS  /var/tmp//ccKapYbW.s 			page 43


 605              	.LVL45:
 861:stm/stm32l4xx/STM32L4xx_HAL_Driver/Src/stm32l4xx_ll_sdmmc.c **** 
 606              		.loc 1 861 3 is_stmt 1 view .LVU163
 861:stm/stm32l4xx/STM32L4xx_HAL_Driver/Src/stm32l4xx_ll_sdmmc.c **** 
 607              		.loc 1 861 16 is_stmt 0 view .LVU164
 608 001c 2046     		mov	r0, r4
 609 001e FFF7FEFF 		bl	SDMMC_GetCmdError
 610              	.LVL46:
 863:stm/stm32l4xx/STM32L4xx_HAL_Driver/Src/stm32l4xx_ll_sdmmc.c **** }
 611              		.loc 1 863 3 is_stmt 1 view .LVU165
 864:stm/stm32l4xx/STM32L4xx_HAL_Driver/Src/stm32l4xx_ll_sdmmc.c **** 
 612              		.loc 1 864 1 is_stmt 0 view .LVU166
 613 0022 06B0     		add	sp, sp, #24
 614              	.LCFI5:
 615              		.cfi_def_cfa_offset 8
 616              		@ sp needed
 617 0024 10BD     		pop	{r4, pc}
 864:stm/stm32l4xx/STM32L4xx_HAL_Driver/Src/stm32l4xx_ll_sdmmc.c **** 
 618              		.loc 1 864 1 view .LVU167
 619              		.cfi_endproc
 620              	.LFE313:
 622              		.section	.text.SDMMC_GetCmdResp1,"ax",%progbits
 623              		.align	1
 624              		.global	SDMMC_GetCmdResp1
 625              		.syntax unified
 626              		.thumb
 627              		.thumb_func
 629              	SDMMC_GetCmdResp1:
 630              	.LVL47:
 631              	.LFB329:
1297:stm/stm32l4xx/STM32L4xx_HAL_Driver/Src/stm32l4xx_ll_sdmmc.c ****   uint32_t response_r1;
 632              		.loc 1 1297 1 is_stmt 1 view -0
 633              		.cfi_startproc
 634              		@ args = 0, pretend = 0, frame = 0
 635              		@ frame_needed = 0, uses_anonymous_args = 0
1297:stm/stm32l4xx/STM32L4xx_HAL_Driver/Src/stm32l4xx_ll_sdmmc.c ****   uint32_t response_r1;
 636              		.loc 1 1297 1 is_stmt 0 view .LVU169
 637 0000 38B5     		push	{r3, r4, r5, lr}
 638              	.LCFI6:
 639              		.cfi_def_cfa_offset 16
 640              		.cfi_offset 3, -16
 641              		.cfi_offset 4, -12
 642              		.cfi_offset 5, -8
 643              		.cfi_offset 14, -4
 644 0002 0446     		mov	r4, r0
 645 0004 0D46     		mov	r5, r1
1298:stm/stm32l4xx/STM32L4xx_HAL_Driver/Src/stm32l4xx_ll_sdmmc.c ****   uint32_t sta_reg;
 646              		.loc 1 1298 3 is_stmt 1 view .LVU170
1299:stm/stm32l4xx/STM32L4xx_HAL_Driver/Src/stm32l4xx_ll_sdmmc.c **** 
 647              		.loc 1 1299 3 view .LVU171
1303:stm/stm32l4xx/STM32L4xx_HAL_Driver/Src/stm32l4xx_ll_sdmmc.c **** 
 648              		.loc 1 1303 3 view .LVU172
1303:stm/stm32l4xx/STM32L4xx_HAL_Driver/Src/stm32l4xx_ll_sdmmc.c **** 
 649              		.loc 1 1303 52 is_stmt 0 view .LVU173
 650 0006 504B     		ldr	r3, .L52
 651 0008 1B68     		ldr	r3, [r3]
 652 000a 5049     		ldr	r1, .L52+4
ARM GAS  /var/tmp//ccKapYbW.s 			page 44


 653              	.LVL48:
1303:stm/stm32l4xx/STM32L4xx_HAL_Driver/Src/stm32l4xx_ll_sdmmc.c **** 
 654              		.loc 1 1303 52 view .LVU174
 655 000c A1FB0313 		umull	r1, r3, r1, r3
 656 0010 5B0A     		lsrs	r3, r3, #9
1303:stm/stm32l4xx/STM32L4xx_HAL_Driver/Src/stm32l4xx_ll_sdmmc.c **** 
 657              		.loc 1 1303 12 view .LVU175
 658 0012 03FB02F2 		mul	r2, r3, r2
 659              	.LVL49:
 660              	.L26:
1305:stm/stm32l4xx/STM32L4xx_HAL_Driver/Src/stm32l4xx_ll_sdmmc.c ****   {
 661              		.loc 1 1305 3 is_stmt 1 view .LVU176
1307:stm/stm32l4xx/STM32L4xx_HAL_Driver/Src/stm32l4xx_ll_sdmmc.c ****     {
 662              		.loc 1 1307 5 view .LVU177
 663 0016 1346     		mov	r3, r2
1307:stm/stm32l4xx/STM32L4xx_HAL_Driver/Src/stm32l4xx_ll_sdmmc.c ****     {
 664              		.loc 1 1307 14 is_stmt 0 view .LVU178
 665 0018 013A     		subs	r2, r2, #1
 666              	.LVL50:
1307:stm/stm32l4xx/STM32L4xx_HAL_Driver/Src/stm32l4xx_ll_sdmmc.c ****     {
 667              		.loc 1 1307 8 view .LVU179
 668 001a 002B     		cmp	r3, #0
 669 001c 5DD0     		beq	.L29
1311:stm/stm32l4xx/STM32L4xx_HAL_Driver/Src/stm32l4xx_ll_sdmmc.c **** #if defined(STM32L4P5xx) || defined(STM32L4Q5xx) || defined(STM32L4R5xx) || defined(STM32L4R7xx) ||
 670              		.loc 1 1311 5 is_stmt 1 view .LVU180
1311:stm/stm32l4xx/STM32L4xx_HAL_Driver/Src/stm32l4xx_ll_sdmmc.c **** #if defined(STM32L4P5xx) || defined(STM32L4Q5xx) || defined(STM32L4R5xx) || defined(STM32L4R7xx) ||
 671              		.loc 1 1311 13 is_stmt 0 view .LVU181
 672 001e 636B     		ldr	r3, [r4, #52]
 673              	.LVL51:
1316:stm/stm32l4xx/STM32L4xx_HAL_Driver/Src/stm32l4xx_ll_sdmmc.c ****          ((sta_reg & SDMMC_FLAG_CMDACT) != 0U ));
 674              		.loc 1 1316 95 is_stmt 1 view .LVU182
 675 0020 13F0450F 		tst	r3, #69
 676 0024 F7D0     		beq	.L26
1316:stm/stm32l4xx/STM32L4xx_HAL_Driver/Src/stm32l4xx_ll_sdmmc.c ****          ((sta_reg & SDMMC_FLAG_CMDACT) != 0U ));
 677              		.loc 1 1316 95 is_stmt 0 discriminator 1 view .LVU183
 678 0026 13F4006F 		tst	r3, #2048
 679 002a F4D1     		bne	.L26
1320:stm/stm32l4xx/STM32L4xx_HAL_Driver/Src/stm32l4xx_ll_sdmmc.c ****   {
 680              		.loc 1 1320 3 is_stmt 1 view .LVU184
1320:stm/stm32l4xx/STM32L4xx_HAL_Driver/Src/stm32l4xx_ll_sdmmc.c ****   {
 681              		.loc 1 1320 6 is_stmt 0 view .LVU185
 682 002c 636B     		ldr	r3, [r4, #52]
 683              	.LVL52:
1320:stm/stm32l4xx/STM32L4xx_HAL_Driver/Src/stm32l4xx_ll_sdmmc.c ****   {
 684              		.loc 1 1320 5 view .LVU186
 685 002e 13F0040F 		tst	r3, #4
 686 0032 06D1     		bne	.L50
1326:stm/stm32l4xx/STM32L4xx_HAL_Driver/Src/stm32l4xx_ll_sdmmc.c ****   {
 687              		.loc 1 1326 8 is_stmt 1 view .LVU187
1326:stm/stm32l4xx/STM32L4xx_HAL_Driver/Src/stm32l4xx_ll_sdmmc.c ****   {
 688              		.loc 1 1326 11 is_stmt 0 view .LVU188
 689 0034 636B     		ldr	r3, [r4, #52]
1326:stm/stm32l4xx/STM32L4xx_HAL_Driver/Src/stm32l4xx_ll_sdmmc.c ****   {
 690              		.loc 1 1326 10 view .LVU189
 691 0036 13F0010F 		tst	r3, #1
 692 003a 05D0     		beq	.L28
1328:stm/stm32l4xx/STM32L4xx_HAL_Driver/Src/stm32l4xx_ll_sdmmc.c **** 
ARM GAS  /var/tmp//ccKapYbW.s 			page 45


 693              		.loc 1 1328 5 is_stmt 1 view .LVU190
 694 003c 0120     		movs	r0, #1
 695              	.LVL53:
1328:stm/stm32l4xx/STM32L4xx_HAL_Driver/Src/stm32l4xx_ll_sdmmc.c **** 
 696              		.loc 1 1328 5 is_stmt 0 view .LVU191
 697 003e A063     		str	r0, [r4, #56]
1330:stm/stm32l4xx/STM32L4xx_HAL_Driver/Src/stm32l4xx_ll_sdmmc.c ****   }
 698              		.loc 1 1330 5 is_stmt 1 view .LVU192
1330:stm/stm32l4xx/STM32L4xx_HAL_Driver/Src/stm32l4xx_ll_sdmmc.c ****   }
 699              		.loc 1 1330 12 is_stmt 0 view .LVU193
 700 0040 4DE0     		b	.L24
 701              	.LVL54:
 702              	.L50:
1322:stm/stm32l4xx/STM32L4xx_HAL_Driver/Src/stm32l4xx_ll_sdmmc.c **** 
 703              		.loc 1 1322 5 is_stmt 1 view .LVU194
 704 0042 0420     		movs	r0, #4
 705              	.LVL55:
1322:stm/stm32l4xx/STM32L4xx_HAL_Driver/Src/stm32l4xx_ll_sdmmc.c **** 
 706              		.loc 1 1322 5 is_stmt 0 view .LVU195
 707 0044 A063     		str	r0, [r4, #56]
1324:stm/stm32l4xx/STM32L4xx_HAL_Driver/Src/stm32l4xx_ll_sdmmc.c ****   }
 708              		.loc 1 1324 5 is_stmt 1 view .LVU196
1324:stm/stm32l4xx/STM32L4xx_HAL_Driver/Src/stm32l4xx_ll_sdmmc.c ****   }
 709              		.loc 1 1324 12 is_stmt 0 view .LVU197
 710 0046 4AE0     		b	.L24
 711              	.LVL56:
 712              	.L28:
1335:stm/stm32l4xx/STM32L4xx_HAL_Driver/Src/stm32l4xx_ll_sdmmc.c **** 
 713              		.loc 1 1335 3 is_stmt 1 view .LVU198
1338:stm/stm32l4xx/STM32L4xx_HAL_Driver/Src/stm32l4xx_ll_sdmmc.c **** 
 714              		.loc 1 1338 3 view .LVU199
 715 0048 C523     		movs	r3, #197
 716 004a A363     		str	r3, [r4, #56]
1341:stm/stm32l4xx/STM32L4xx_HAL_Driver/Src/stm32l4xx_ll_sdmmc.c ****   {
 717              		.loc 1 1341 3 view .LVU200
1341:stm/stm32l4xx/STM32L4xx_HAL_Driver/Src/stm32l4xx_ll_sdmmc.c ****   {
 718              		.loc 1 1341 6 is_stmt 0 view .LVU201
 719 004c 2046     		mov	r0, r4
 720              	.LVL57:
1341:stm/stm32l4xx/STM32L4xx_HAL_Driver/Src/stm32l4xx_ll_sdmmc.c ****   {
 721              		.loc 1 1341 6 view .LVU202
 722 004e FFF7FEFF 		bl	SDMMC_GetCommandResponse
 723              	.LVL58:
1341:stm/stm32l4xx/STM32L4xx_HAL_Driver/Src/stm32l4xx_ll_sdmmc.c ****   {
 724              		.loc 1 1341 5 view .LVU203
 725 0052 A842     		cmp	r0, r5
 726 0054 01D0     		beq	.L51
1343:stm/stm32l4xx/STM32L4xx_HAL_Driver/Src/stm32l4xx_ll_sdmmc.c ****   }
 727              		.loc 1 1343 12 view .LVU204
 728 0056 0120     		movs	r0, #1
 729 0058 41E0     		b	.L24
 730              	.L51:
1347:stm/stm32l4xx/STM32L4xx_HAL_Driver/Src/stm32l4xx_ll_sdmmc.c **** 
 731              		.loc 1 1347 3 is_stmt 1 view .LVU205
1347:stm/stm32l4xx/STM32L4xx_HAL_Driver/Src/stm32l4xx_ll_sdmmc.c **** 
 732              		.loc 1 1347 17 is_stmt 0 view .LVU206
 733 005a 0021     		movs	r1, #0
ARM GAS  /var/tmp//ccKapYbW.s 			page 46


 734 005c 2046     		mov	r0, r4
 735 005e FFF7FEFF 		bl	SDMMC_GetResponse
 736              	.LVL59:
 737 0062 0346     		mov	r3, r0
 738              	.LVL60:
1349:stm/stm32l4xx/STM32L4xx_HAL_Driver/Src/stm32l4xx_ll_sdmmc.c ****   {
 739              		.loc 1 1349 3 is_stmt 1 view .LVU207
1349:stm/stm32l4xx/STM32L4xx_HAL_Driver/Src/stm32l4xx_ll_sdmmc.c ****   {
 740              		.loc 1 1349 19 is_stmt 0 view .LVU208
 741 0064 3A48     		ldr	r0, .L52+8
 742              	.LVL61:
1349:stm/stm32l4xx/STM32L4xx_HAL_Driver/Src/stm32l4xx_ll_sdmmc.c ****   {
 743              		.loc 1 1349 19 view .LVU209
 744 0066 1840     		ands	r0, r0, r3
1349:stm/stm32l4xx/STM32L4xx_HAL_Driver/Src/stm32l4xx_ll_sdmmc.c ****   {
 745              		.loc 1 1349 5 view .LVU210
 746 0068 C8B3     		cbz	r0, .L24
1353:stm/stm32l4xx/STM32L4xx_HAL_Driver/Src/stm32l4xx_ll_sdmmc.c ****   {
 747              		.loc 1 1353 8 is_stmt 1 view .LVU211
1353:stm/stm32l4xx/STM32L4xx_HAL_Driver/Src/stm32l4xx_ll_sdmmc.c ****   {
 748              		.loc 1 1353 10 is_stmt 0 view .LVU212
 749 006a 002B     		cmp	r3, #0
 750 006c 38DB     		blt	.L31
1357:stm/stm32l4xx/STM32L4xx_HAL_Driver/Src/stm32l4xx_ll_sdmmc.c ****   {
 751              		.loc 1 1357 8 is_stmt 1 view .LVU213
1357:stm/stm32l4xx/STM32L4xx_HAL_Driver/Src/stm32l4xx_ll_sdmmc.c ****   {
 752              		.loc 1 1357 10 is_stmt 0 view .LVU214
 753 006e 13F0804F 		tst	r3, #1073741824
 754 0072 38D1     		bne	.L32
1361:stm/stm32l4xx/STM32L4xx_HAL_Driver/Src/stm32l4xx_ll_sdmmc.c ****   {
 755              		.loc 1 1361 8 is_stmt 1 view .LVU215
1361:stm/stm32l4xx/STM32L4xx_HAL_Driver/Src/stm32l4xx_ll_sdmmc.c ****   {
 756              		.loc 1 1361 10 is_stmt 0 view .LVU216
 757 0074 13F0005F 		tst	r3, #536870912
 758 0078 37D1     		bne	.L33
1365:stm/stm32l4xx/STM32L4xx_HAL_Driver/Src/stm32l4xx_ll_sdmmc.c ****   {
 759              		.loc 1 1365 8 is_stmt 1 view .LVU217
1365:stm/stm32l4xx/STM32L4xx_HAL_Driver/Src/stm32l4xx_ll_sdmmc.c ****   {
 760              		.loc 1 1365 10 is_stmt 0 view .LVU218
 761 007a 13F0805F 		tst	r3, #268435456
 762 007e 36D1     		bne	.L34
1369:stm/stm32l4xx/STM32L4xx_HAL_Driver/Src/stm32l4xx_ll_sdmmc.c ****   {
 763              		.loc 1 1369 8 is_stmt 1 view .LVU219
1369:stm/stm32l4xx/STM32L4xx_HAL_Driver/Src/stm32l4xx_ll_sdmmc.c ****   {
 764              		.loc 1 1369 10 is_stmt 0 view .LVU220
 765 0080 13F0006F 		tst	r3, #134217728
 766 0084 36D1     		bne	.L35
1373:stm/stm32l4xx/STM32L4xx_HAL_Driver/Src/stm32l4xx_ll_sdmmc.c ****   {
 767              		.loc 1 1373 8 is_stmt 1 view .LVU221
1373:stm/stm32l4xx/STM32L4xx_HAL_Driver/Src/stm32l4xx_ll_sdmmc.c ****   {
 768              		.loc 1 1373 10 is_stmt 0 view .LVU222
 769 0086 13F0806F 		tst	r3, #67108864
 770 008a 36D1     		bne	.L36
1377:stm/stm32l4xx/STM32L4xx_HAL_Driver/Src/stm32l4xx_ll_sdmmc.c ****   {
 771              		.loc 1 1377 8 is_stmt 1 view .LVU223
1377:stm/stm32l4xx/STM32L4xx_HAL_Driver/Src/stm32l4xx_ll_sdmmc.c ****   {
 772              		.loc 1 1377 10 is_stmt 0 view .LVU224
ARM GAS  /var/tmp//ccKapYbW.s 			page 47


 773 008c 13F0807F 		tst	r3, #16777216
 774 0090 36D1     		bne	.L37
1381:stm/stm32l4xx/STM32L4xx_HAL_Driver/Src/stm32l4xx_ll_sdmmc.c ****   {
 775              		.loc 1 1381 8 is_stmt 1 view .LVU225
1381:stm/stm32l4xx/STM32L4xx_HAL_Driver/Src/stm32l4xx_ll_sdmmc.c ****   {
 776              		.loc 1 1381 10 is_stmt 0 view .LVU226
 777 0092 13F4000F 		tst	r3, #8388608
 778 0096 36D1     		bne	.L38
1385:stm/stm32l4xx/STM32L4xx_HAL_Driver/Src/stm32l4xx_ll_sdmmc.c ****   {
 779              		.loc 1 1385 8 is_stmt 1 view .LVU227
1385:stm/stm32l4xx/STM32L4xx_HAL_Driver/Src/stm32l4xx_ll_sdmmc.c ****   {
 780              		.loc 1 1385 10 is_stmt 0 view .LVU228
 781 0098 13F4800F 		tst	r3, #4194304
 782 009c 36D1     		bne	.L39
1389:stm/stm32l4xx/STM32L4xx_HAL_Driver/Src/stm32l4xx_ll_sdmmc.c ****   {
 783              		.loc 1 1389 8 is_stmt 1 view .LVU229
1389:stm/stm32l4xx/STM32L4xx_HAL_Driver/Src/stm32l4xx_ll_sdmmc.c ****   {
 784              		.loc 1 1389 10 is_stmt 0 view .LVU230
 785 009e 13F4001F 		tst	r3, #2097152
 786 00a2 36D1     		bne	.L40
1393:stm/stm32l4xx/STM32L4xx_HAL_Driver/Src/stm32l4xx_ll_sdmmc.c ****   {
 787              		.loc 1 1393 8 is_stmt 1 view .LVU231
1393:stm/stm32l4xx/STM32L4xx_HAL_Driver/Src/stm32l4xx_ll_sdmmc.c ****   {
 788              		.loc 1 1393 10 is_stmt 0 view .LVU232
 789 00a4 13F4801F 		tst	r3, #1048576
 790 00a8 36D1     		bne	.L41
1397:stm/stm32l4xx/STM32L4xx_HAL_Driver/Src/stm32l4xx_ll_sdmmc.c ****   {
 791              		.loc 1 1397 8 is_stmt 1 view .LVU233
1397:stm/stm32l4xx/STM32L4xx_HAL_Driver/Src/stm32l4xx_ll_sdmmc.c ****   {
 792              		.loc 1 1397 10 is_stmt 0 view .LVU234
 793 00aa 13F4802F 		tst	r3, #262144
 794 00ae 36D1     		bne	.L42
1401:stm/stm32l4xx/STM32L4xx_HAL_Driver/Src/stm32l4xx_ll_sdmmc.c ****   {
 795              		.loc 1 1401 8 is_stmt 1 view .LVU235
1401:stm/stm32l4xx/STM32L4xx_HAL_Driver/Src/stm32l4xx_ll_sdmmc.c ****   {
 796              		.loc 1 1401 10 is_stmt 0 view .LVU236
 797 00b0 13F4003F 		tst	r3, #131072
 798 00b4 36D1     		bne	.L43
1405:stm/stm32l4xx/STM32L4xx_HAL_Driver/Src/stm32l4xx_ll_sdmmc.c ****   {
 799              		.loc 1 1405 8 is_stmt 1 view .LVU237
1405:stm/stm32l4xx/STM32L4xx_HAL_Driver/Src/stm32l4xx_ll_sdmmc.c ****   {
 800              		.loc 1 1405 10 is_stmt 0 view .LVU238
 801 00b6 13F4803F 		tst	r3, #65536
 802 00ba 36D1     		bne	.L44
1409:stm/stm32l4xx/STM32L4xx_HAL_Driver/Src/stm32l4xx_ll_sdmmc.c ****   {
 803              		.loc 1 1409 8 is_stmt 1 view .LVU239
1409:stm/stm32l4xx/STM32L4xx_HAL_Driver/Src/stm32l4xx_ll_sdmmc.c ****   {
 804              		.loc 1 1409 10 is_stmt 0 view .LVU240
 805 00bc 13F4004F 		tst	r3, #32768
 806 00c0 36D1     		bne	.L45
1413:stm/stm32l4xx/STM32L4xx_HAL_Driver/Src/stm32l4xx_ll_sdmmc.c ****   {
 807              		.loc 1 1413 8 is_stmt 1 view .LVU241
1413:stm/stm32l4xx/STM32L4xx_HAL_Driver/Src/stm32l4xx_ll_sdmmc.c ****   {
 808              		.loc 1 1413 10 is_stmt 0 view .LVU242
 809 00c2 13F4804F 		tst	r3, #16384
 810 00c6 36D1     		bne	.L46
1417:stm/stm32l4xx/STM32L4xx_HAL_Driver/Src/stm32l4xx_ll_sdmmc.c ****   {
ARM GAS  /var/tmp//ccKapYbW.s 			page 48


 811              		.loc 1 1417 8 is_stmt 1 view .LVU243
1417:stm/stm32l4xx/STM32L4xx_HAL_Driver/Src/stm32l4xx_ll_sdmmc.c ****   {
 812              		.loc 1 1417 10 is_stmt 0 view .LVU244
 813 00c8 13F4005F 		tst	r3, #8192
 814 00cc 36D1     		bne	.L47
1421:stm/stm32l4xx/STM32L4xx_HAL_Driver/Src/stm32l4xx_ll_sdmmc.c ****   {
 815              		.loc 1 1421 8 is_stmt 1 view .LVU245
1421:stm/stm32l4xx/STM32L4xx_HAL_Driver/Src/stm32l4xx_ll_sdmmc.c ****   {
 816              		.loc 1 1421 10 is_stmt 0 view .LVU246
 817 00ce 13F0080F 		tst	r3, #8
 818 00d2 36D0     		beq	.L48
1423:stm/stm32l4xx/STM32L4xx_HAL_Driver/Src/stm32l4xx_ll_sdmmc.c ****   }
 819              		.loc 1 1423 12 view .LVU247
 820 00d4 4FF40000 		mov	r0, #8388608
 821 00d8 01E0     		b	.L24
 822              	.LVL62:
 823              	.L29:
1309:stm/stm32l4xx/STM32L4xx_HAL_Driver/Src/stm32l4xx_ll_sdmmc.c ****     }
 824              		.loc 1 1309 14 view .LVU248
 825 00da 4FF00040 		mov	r0, #-2147483648
 826              	.LVL63:
 827              	.L24:
1429:stm/stm32l4xx/STM32L4xx_HAL_Driver/Src/stm32l4xx_ll_sdmmc.c **** 
 828              		.loc 1 1429 1 view .LVU249
 829 00de 38BD     		pop	{r3, r4, r5, pc}
 830              	.LVL64:
 831              	.L31:
1355:stm/stm32l4xx/STM32L4xx_HAL_Driver/Src/stm32l4xx_ll_sdmmc.c ****   }
 832              		.loc 1 1355 12 view .LVU250
 833 00e0 4FF00070 		mov	r0, #33554432
 834 00e4 FBE7     		b	.L24
 835              	.L32:
1359:stm/stm32l4xx/STM32L4xx_HAL_Driver/Src/stm32l4xx_ll_sdmmc.c ****   }
 836              		.loc 1 1359 12 view .LVU251
 837 00e6 4020     		movs	r0, #64
 838 00e8 F9E7     		b	.L24
 839              	.L33:
1363:stm/stm32l4xx/STM32L4xx_HAL_Driver/Src/stm32l4xx_ll_sdmmc.c ****   }
 840              		.loc 1 1363 12 view .LVU252
 841 00ea 8020     		movs	r0, #128
 842 00ec F7E7     		b	.L24
 843              	.L34:
1367:stm/stm32l4xx/STM32L4xx_HAL_Driver/Src/stm32l4xx_ll_sdmmc.c ****   }
 844              		.loc 1 1367 12 view .LVU253
 845 00ee 4FF48070 		mov	r0, #256
 846 00f2 F4E7     		b	.L24
 847              	.L35:
1371:stm/stm32l4xx/STM32L4xx_HAL_Driver/Src/stm32l4xx_ll_sdmmc.c ****   }
 848              		.loc 1 1371 12 view .LVU254
 849 00f4 4FF40070 		mov	r0, #512
 850 00f8 F1E7     		b	.L24
 851              	.L36:
1375:stm/stm32l4xx/STM32L4xx_HAL_Driver/Src/stm32l4xx_ll_sdmmc.c ****   }
 852              		.loc 1 1375 12 view .LVU255
 853 00fa 4FF48060 		mov	r0, #1024
 854 00fe EEE7     		b	.L24
 855              	.L37:
ARM GAS  /var/tmp//ccKapYbW.s 			page 49


1379:stm/stm32l4xx/STM32L4xx_HAL_Driver/Src/stm32l4xx_ll_sdmmc.c ****   }
 856              		.loc 1 1379 12 view .LVU256
 857 0100 4FF40060 		mov	r0, #2048
 858 0104 EBE7     		b	.L24
 859              	.L38:
1383:stm/stm32l4xx/STM32L4xx_HAL_Driver/Src/stm32l4xx_ll_sdmmc.c ****   }
 860              		.loc 1 1383 12 view .LVU257
 861 0106 4FF48050 		mov	r0, #4096
 862 010a E8E7     		b	.L24
 863              	.L39:
1387:stm/stm32l4xx/STM32L4xx_HAL_Driver/Src/stm32l4xx_ll_sdmmc.c ****   }
 864              		.loc 1 1387 12 view .LVU258
 865 010c 4FF40050 		mov	r0, #8192
 866 0110 E5E7     		b	.L24
 867              	.L40:
1391:stm/stm32l4xx/STM32L4xx_HAL_Driver/Src/stm32l4xx_ll_sdmmc.c ****   }
 868              		.loc 1 1391 12 view .LVU259
 869 0112 4FF48040 		mov	r0, #16384
 870 0116 E2E7     		b	.L24
 871              	.L41:
1395:stm/stm32l4xx/STM32L4xx_HAL_Driver/Src/stm32l4xx_ll_sdmmc.c ****   }
 872              		.loc 1 1395 12 view .LVU260
 873 0118 4FF40040 		mov	r0, #32768
 874 011c DFE7     		b	.L24
 875              	.L42:
1399:stm/stm32l4xx/STM32L4xx_HAL_Driver/Src/stm32l4xx_ll_sdmmc.c ****   }
 876              		.loc 1 1399 12 view .LVU261
 877 011e 4FF40030 		mov	r0, #131072
 878 0122 DCE7     		b	.L24
 879              	.L43:
1403:stm/stm32l4xx/STM32L4xx_HAL_Driver/Src/stm32l4xx_ll_sdmmc.c ****   }
 880              		.loc 1 1403 12 view .LVU262
 881 0124 4FF48020 		mov	r0, #262144
 882 0128 D9E7     		b	.L24
 883              	.L44:
1407:stm/stm32l4xx/STM32L4xx_HAL_Driver/Src/stm32l4xx_ll_sdmmc.c ****   }
 884              		.loc 1 1407 12 view .LVU263
 885 012a 4FF40020 		mov	r0, #524288
 886 012e D6E7     		b	.L24
 887              	.L45:
1411:stm/stm32l4xx/STM32L4xx_HAL_Driver/Src/stm32l4xx_ll_sdmmc.c ****   }
 888              		.loc 1 1411 12 view .LVU264
 889 0130 4FF48010 		mov	r0, #1048576
 890 0134 D3E7     		b	.L24
 891              	.L46:
1415:stm/stm32l4xx/STM32L4xx_HAL_Driver/Src/stm32l4xx_ll_sdmmc.c ****   }
 892              		.loc 1 1415 12 view .LVU265
 893 0136 4FF40010 		mov	r0, #2097152
 894 013a D0E7     		b	.L24
 895              	.L47:
1419:stm/stm32l4xx/STM32L4xx_HAL_Driver/Src/stm32l4xx_ll_sdmmc.c ****   }
 896              		.loc 1 1419 12 view .LVU266
 897 013c 4FF48000 		mov	r0, #4194304
 898 0140 CDE7     		b	.L24
 899              	.L48:
1427:stm/stm32l4xx/STM32L4xx_HAL_Driver/Src/stm32l4xx_ll_sdmmc.c ****   }
 900              		.loc 1 1427 12 view .LVU267
ARM GAS  /var/tmp//ccKapYbW.s 			page 50


 901 0142 4FF48030 		mov	r0, #65536
 902 0146 CAE7     		b	.L24
 903              	.L53:
 904              		.align	2
 905              	.L52:
 906 0148 00000000 		.word	SystemCoreClock
 907 014c D34D6210 		.word	274877907
 908 0150 08E0FFFD 		.word	-33562616
 909              		.cfi_endproc
 910              	.LFE329:
 912              		.section	.text.SDMMC_CmdBlockLength,"ax",%progbits
 913              		.align	1
 914              		.global	SDMMC_CmdBlockLength
 915              		.syntax unified
 916              		.thumb
 917              		.thumb_func
 919              	SDMMC_CmdBlockLength:
 920              	.LVL65:
 921              	.LFB301:
 549:stm/stm32l4xx/STM32L4xx_HAL_Driver/Src/stm32l4xx_ll_sdmmc.c ****   SDMMC_CmdInitTypeDef  sdmmc_cmdinit;
 922              		.loc 1 549 1 is_stmt 1 view -0
 923              		.cfi_startproc
 924              		@ args = 0, pretend = 0, frame = 24
 925              		@ frame_needed = 0, uses_anonymous_args = 0
 549:stm/stm32l4xx/STM32L4xx_HAL_Driver/Src/stm32l4xx_ll_sdmmc.c ****   SDMMC_CmdInitTypeDef  sdmmc_cmdinit;
 926              		.loc 1 549 1 is_stmt 0 view .LVU269
 927 0000 30B5     		push	{r4, r5, lr}
 928              	.LCFI7:
 929              		.cfi_def_cfa_offset 12
 930              		.cfi_offset 4, -12
 931              		.cfi_offset 5, -8
 932              		.cfi_offset 14, -4
 933 0002 87B0     		sub	sp, sp, #28
 934              	.LCFI8:
 935              		.cfi_def_cfa_offset 40
 936 0004 0446     		mov	r4, r0
 550:stm/stm32l4xx/STM32L4xx_HAL_Driver/Src/stm32l4xx_ll_sdmmc.c ****   uint32_t errorstate;
 937              		.loc 1 550 3 is_stmt 1 view .LVU270
 551:stm/stm32l4xx/STM32L4xx_HAL_Driver/Src/stm32l4xx_ll_sdmmc.c **** 
 938              		.loc 1 551 3 view .LVU271
 554:stm/stm32l4xx/STM32L4xx_HAL_Driver/Src/stm32l4xx_ll_sdmmc.c ****   sdmmc_cmdinit.CmdIndex         = SDMMC_CMD_SET_BLOCKLEN;
 939              		.loc 1 554 3 view .LVU272
 554:stm/stm32l4xx/STM32L4xx_HAL_Driver/Src/stm32l4xx_ll_sdmmc.c ****   sdmmc_cmdinit.CmdIndex         = SDMMC_CMD_SET_BLOCKLEN;
 940              		.loc 1 554 34 is_stmt 0 view .LVU273
 941 0006 0191     		str	r1, [sp, #4]
 555:stm/stm32l4xx/STM32L4xx_HAL_Driver/Src/stm32l4xx_ll_sdmmc.c ****   sdmmc_cmdinit.Response         = SDMMC_RESPONSE_SHORT;
 942              		.loc 1 555 3 is_stmt 1 view .LVU274
 555:stm/stm32l4xx/STM32L4xx_HAL_Driver/Src/stm32l4xx_ll_sdmmc.c ****   sdmmc_cmdinit.Response         = SDMMC_RESPONSE_SHORT;
 943              		.loc 1 555 34 is_stmt 0 view .LVU275
 944 0008 1025     		movs	r5, #16
 945 000a 0295     		str	r5, [sp, #8]
 556:stm/stm32l4xx/STM32L4xx_HAL_Driver/Src/stm32l4xx_ll_sdmmc.c ****   sdmmc_cmdinit.WaitForInterrupt = SDMMC_WAIT_NO;
 946              		.loc 1 556 3 is_stmt 1 view .LVU276
 556:stm/stm32l4xx/STM32L4xx_HAL_Driver/Src/stm32l4xx_ll_sdmmc.c ****   sdmmc_cmdinit.WaitForInterrupt = SDMMC_WAIT_NO;
 947              		.loc 1 556 34 is_stmt 0 view .LVU277
 948 000c 4023     		movs	r3, #64
 949 000e 0393     		str	r3, [sp, #12]
ARM GAS  /var/tmp//ccKapYbW.s 			page 51


 557:stm/stm32l4xx/STM32L4xx_HAL_Driver/Src/stm32l4xx_ll_sdmmc.c ****   sdmmc_cmdinit.CPSM             = SDMMC_CPSM_ENABLE;
 950              		.loc 1 557 3 is_stmt 1 view .LVU278
 557:stm/stm32l4xx/STM32L4xx_HAL_Driver/Src/stm32l4xx_ll_sdmmc.c ****   sdmmc_cmdinit.CPSM             = SDMMC_CPSM_ENABLE;
 951              		.loc 1 557 34 is_stmt 0 view .LVU279
 952 0010 0023     		movs	r3, #0
 953 0012 0493     		str	r3, [sp, #16]
 558:stm/stm32l4xx/STM32L4xx_HAL_Driver/Src/stm32l4xx_ll_sdmmc.c ****   (void)SDMMC_SendCommand(SDMMCx, &sdmmc_cmdinit);
 954              		.loc 1 558 3 is_stmt 1 view .LVU280
 558:stm/stm32l4xx/STM32L4xx_HAL_Driver/Src/stm32l4xx_ll_sdmmc.c ****   (void)SDMMC_SendCommand(SDMMCx, &sdmmc_cmdinit);
 955              		.loc 1 558 34 is_stmt 0 view .LVU281
 956 0014 4FF48063 		mov	r3, #1024
 957 0018 0593     		str	r3, [sp, #20]
 559:stm/stm32l4xx/STM32L4xx_HAL_Driver/Src/stm32l4xx_ll_sdmmc.c **** 
 958              		.loc 1 559 3 is_stmt 1 view .LVU282
 559:stm/stm32l4xx/STM32L4xx_HAL_Driver/Src/stm32l4xx_ll_sdmmc.c **** 
 959              		.loc 1 559 9 is_stmt 0 view .LVU283
 960 001a 01A9     		add	r1, sp, #4
 961              	.LVL66:
 559:stm/stm32l4xx/STM32L4xx_HAL_Driver/Src/stm32l4xx_ll_sdmmc.c **** 
 962              		.loc 1 559 9 view .LVU284
 963 001c FFF7FEFF 		bl	SDMMC_SendCommand
 964              	.LVL67:
 562:stm/stm32l4xx/STM32L4xx_HAL_Driver/Src/stm32l4xx_ll_sdmmc.c **** 
 965              		.loc 1 562 3 is_stmt 1 view .LVU285
 562:stm/stm32l4xx/STM32L4xx_HAL_Driver/Src/stm32l4xx_ll_sdmmc.c **** 
 966              		.loc 1 562 16 is_stmt 0 view .LVU286
 967 0020 41F28832 		movw	r2, #5000
 968 0024 2946     		mov	r1, r5
 969 0026 2046     		mov	r0, r4
 970 0028 FFF7FEFF 		bl	SDMMC_GetCmdResp1
 971              	.LVL68:
 564:stm/stm32l4xx/STM32L4xx_HAL_Driver/Src/stm32l4xx_ll_sdmmc.c **** }
 972              		.loc 1 564 3 is_stmt 1 view .LVU287
 565:stm/stm32l4xx/STM32L4xx_HAL_Driver/Src/stm32l4xx_ll_sdmmc.c **** 
 973              		.loc 1 565 1 is_stmt 0 view .LVU288
 974 002c 07B0     		add	sp, sp, #28
 975              	.LCFI9:
 976              		.cfi_def_cfa_offset 12
 977              		@ sp needed
 978 002e 30BD     		pop	{r4, r5, pc}
 565:stm/stm32l4xx/STM32L4xx_HAL_Driver/Src/stm32l4xx_ll_sdmmc.c **** 
 979              		.loc 1 565 1 view .LVU289
 980              		.cfi_endproc
 981              	.LFE301:
 983              		.section	.text.SDMMC_CmdReadSingleBlock,"ax",%progbits
 984              		.align	1
 985              		.global	SDMMC_CmdReadSingleBlock
 986              		.syntax unified
 987              		.thumb
 988              		.thumb_func
 990              	SDMMC_CmdReadSingleBlock:
 991              	.LVL69:
 992              	.LFB302:
 573:stm/stm32l4xx/STM32L4xx_HAL_Driver/Src/stm32l4xx_ll_sdmmc.c ****   SDMMC_CmdInitTypeDef  sdmmc_cmdinit;
 993              		.loc 1 573 1 is_stmt 1 view -0
 994              		.cfi_startproc
 995              		@ args = 0, pretend = 0, frame = 24
ARM GAS  /var/tmp//ccKapYbW.s 			page 52


 996              		@ frame_needed = 0, uses_anonymous_args = 0
 573:stm/stm32l4xx/STM32L4xx_HAL_Driver/Src/stm32l4xx_ll_sdmmc.c ****   SDMMC_CmdInitTypeDef  sdmmc_cmdinit;
 997              		.loc 1 573 1 is_stmt 0 view .LVU291
 998 0000 30B5     		push	{r4, r5, lr}
 999              	.LCFI10:
 1000              		.cfi_def_cfa_offset 12
 1001              		.cfi_offset 4, -12
 1002              		.cfi_offset 5, -8
 1003              		.cfi_offset 14, -4
 1004 0002 87B0     		sub	sp, sp, #28
 1005              	.LCFI11:
 1006              		.cfi_def_cfa_offset 40
 1007 0004 0446     		mov	r4, r0
 574:stm/stm32l4xx/STM32L4xx_HAL_Driver/Src/stm32l4xx_ll_sdmmc.c ****   uint32_t errorstate;
 1008              		.loc 1 574 3 is_stmt 1 view .LVU292
 575:stm/stm32l4xx/STM32L4xx_HAL_Driver/Src/stm32l4xx_ll_sdmmc.c **** 
 1009              		.loc 1 575 3 view .LVU293
 578:stm/stm32l4xx/STM32L4xx_HAL_Driver/Src/stm32l4xx_ll_sdmmc.c ****   sdmmc_cmdinit.CmdIndex         = SDMMC_CMD_READ_SINGLE_BLOCK;
 1010              		.loc 1 578 3 view .LVU294
 578:stm/stm32l4xx/STM32L4xx_HAL_Driver/Src/stm32l4xx_ll_sdmmc.c ****   sdmmc_cmdinit.CmdIndex         = SDMMC_CMD_READ_SINGLE_BLOCK;
 1011              		.loc 1 578 34 is_stmt 0 view .LVU295
 1012 0006 0191     		str	r1, [sp, #4]
 579:stm/stm32l4xx/STM32L4xx_HAL_Driver/Src/stm32l4xx_ll_sdmmc.c ****   sdmmc_cmdinit.Response         = SDMMC_RESPONSE_SHORT;
 1013              		.loc 1 579 3 is_stmt 1 view .LVU296
 579:stm/stm32l4xx/STM32L4xx_HAL_Driver/Src/stm32l4xx_ll_sdmmc.c ****   sdmmc_cmdinit.Response         = SDMMC_RESPONSE_SHORT;
 1014              		.loc 1 579 34 is_stmt 0 view .LVU297
 1015 0008 1125     		movs	r5, #17
 1016 000a 0295     		str	r5, [sp, #8]
 580:stm/stm32l4xx/STM32L4xx_HAL_Driver/Src/stm32l4xx_ll_sdmmc.c ****   sdmmc_cmdinit.WaitForInterrupt = SDMMC_WAIT_NO;
 1017              		.loc 1 580 3 is_stmt 1 view .LVU298
 580:stm/stm32l4xx/STM32L4xx_HAL_Driver/Src/stm32l4xx_ll_sdmmc.c ****   sdmmc_cmdinit.WaitForInterrupt = SDMMC_WAIT_NO;
 1018              		.loc 1 580 34 is_stmt 0 view .LVU299
 1019 000c 4023     		movs	r3, #64
 1020 000e 0393     		str	r3, [sp, #12]
 581:stm/stm32l4xx/STM32L4xx_HAL_Driver/Src/stm32l4xx_ll_sdmmc.c ****   sdmmc_cmdinit.CPSM             = SDMMC_CPSM_ENABLE;
 1021              		.loc 1 581 3 is_stmt 1 view .LVU300
 581:stm/stm32l4xx/STM32L4xx_HAL_Driver/Src/stm32l4xx_ll_sdmmc.c ****   sdmmc_cmdinit.CPSM             = SDMMC_CPSM_ENABLE;
 1022              		.loc 1 581 34 is_stmt 0 view .LVU301
 1023 0010 0023     		movs	r3, #0
 1024 0012 0493     		str	r3, [sp, #16]
 582:stm/stm32l4xx/STM32L4xx_HAL_Driver/Src/stm32l4xx_ll_sdmmc.c ****   (void)SDMMC_SendCommand(SDMMCx, &sdmmc_cmdinit);
 1025              		.loc 1 582 3 is_stmt 1 view .LVU302
 582:stm/stm32l4xx/STM32L4xx_HAL_Driver/Src/stm32l4xx_ll_sdmmc.c ****   (void)SDMMC_SendCommand(SDMMCx, &sdmmc_cmdinit);
 1026              		.loc 1 582 34 is_stmt 0 view .LVU303
 1027 0014 4FF48063 		mov	r3, #1024
 1028 0018 0593     		str	r3, [sp, #20]
 583:stm/stm32l4xx/STM32L4xx_HAL_Driver/Src/stm32l4xx_ll_sdmmc.c **** 
 1029              		.loc 1 583 3 is_stmt 1 view .LVU304
 583:stm/stm32l4xx/STM32L4xx_HAL_Driver/Src/stm32l4xx_ll_sdmmc.c **** 
 1030              		.loc 1 583 9 is_stmt 0 view .LVU305
 1031 001a 01A9     		add	r1, sp, #4
 1032              	.LVL70:
 583:stm/stm32l4xx/STM32L4xx_HAL_Driver/Src/stm32l4xx_ll_sdmmc.c **** 
 1033              		.loc 1 583 9 view .LVU306
 1034 001c FFF7FEFF 		bl	SDMMC_SendCommand
 1035              	.LVL71:
 586:stm/stm32l4xx/STM32L4xx_HAL_Driver/Src/stm32l4xx_ll_sdmmc.c **** 
ARM GAS  /var/tmp//ccKapYbW.s 			page 53


 1036              		.loc 1 586 3 is_stmt 1 view .LVU307
 586:stm/stm32l4xx/STM32L4xx_HAL_Driver/Src/stm32l4xx_ll_sdmmc.c **** 
 1037              		.loc 1 586 16 is_stmt 0 view .LVU308
 1038 0020 41F28832 		movw	r2, #5000
 1039 0024 2946     		mov	r1, r5
 1040 0026 2046     		mov	r0, r4
 1041 0028 FFF7FEFF 		bl	SDMMC_GetCmdResp1
 1042              	.LVL72:
 588:stm/stm32l4xx/STM32L4xx_HAL_Driver/Src/stm32l4xx_ll_sdmmc.c **** }
 1043              		.loc 1 588 3 is_stmt 1 view .LVU309
 589:stm/stm32l4xx/STM32L4xx_HAL_Driver/Src/stm32l4xx_ll_sdmmc.c **** 
 1044              		.loc 1 589 1 is_stmt 0 view .LVU310
 1045 002c 07B0     		add	sp, sp, #28
 1046              	.LCFI12:
 1047              		.cfi_def_cfa_offset 12
 1048              		@ sp needed
 1049 002e 30BD     		pop	{r4, r5, pc}
 589:stm/stm32l4xx/STM32L4xx_HAL_Driver/Src/stm32l4xx_ll_sdmmc.c **** 
 1050              		.loc 1 589 1 view .LVU311
 1051              		.cfi_endproc
 1052              	.LFE302:
 1054              		.section	.text.SDMMC_CmdReadMultiBlock,"ax",%progbits
 1055              		.align	1
 1056              		.global	SDMMC_CmdReadMultiBlock
 1057              		.syntax unified
 1058              		.thumb
 1059              		.thumb_func
 1061              	SDMMC_CmdReadMultiBlock:
 1062              	.LVL73:
 1063              	.LFB303:
 597:stm/stm32l4xx/STM32L4xx_HAL_Driver/Src/stm32l4xx_ll_sdmmc.c ****   SDMMC_CmdInitTypeDef  sdmmc_cmdinit;
 1064              		.loc 1 597 1 is_stmt 1 view -0
 1065              		.cfi_startproc
 1066              		@ args = 0, pretend = 0, frame = 24
 1067              		@ frame_needed = 0, uses_anonymous_args = 0
 597:stm/stm32l4xx/STM32L4xx_HAL_Driver/Src/stm32l4xx_ll_sdmmc.c ****   SDMMC_CmdInitTypeDef  sdmmc_cmdinit;
 1068              		.loc 1 597 1 is_stmt 0 view .LVU313
 1069 0000 30B5     		push	{r4, r5, lr}
 1070              	.LCFI13:
 1071              		.cfi_def_cfa_offset 12
 1072              		.cfi_offset 4, -12
 1073              		.cfi_offset 5, -8
 1074              		.cfi_offset 14, -4
 1075 0002 87B0     		sub	sp, sp, #28
 1076              	.LCFI14:
 1077              		.cfi_def_cfa_offset 40
 1078 0004 0446     		mov	r4, r0
 598:stm/stm32l4xx/STM32L4xx_HAL_Driver/Src/stm32l4xx_ll_sdmmc.c ****   uint32_t errorstate;
 1079              		.loc 1 598 3 is_stmt 1 view .LVU314
 599:stm/stm32l4xx/STM32L4xx_HAL_Driver/Src/stm32l4xx_ll_sdmmc.c **** 
 1080              		.loc 1 599 3 view .LVU315
 602:stm/stm32l4xx/STM32L4xx_HAL_Driver/Src/stm32l4xx_ll_sdmmc.c ****   sdmmc_cmdinit.CmdIndex         = SDMMC_CMD_READ_MULT_BLOCK;
 1081              		.loc 1 602 3 view .LVU316
 602:stm/stm32l4xx/STM32L4xx_HAL_Driver/Src/stm32l4xx_ll_sdmmc.c ****   sdmmc_cmdinit.CmdIndex         = SDMMC_CMD_READ_MULT_BLOCK;
 1082              		.loc 1 602 34 is_stmt 0 view .LVU317
 1083 0006 0191     		str	r1, [sp, #4]
 603:stm/stm32l4xx/STM32L4xx_HAL_Driver/Src/stm32l4xx_ll_sdmmc.c ****   sdmmc_cmdinit.Response         = SDMMC_RESPONSE_SHORT;
ARM GAS  /var/tmp//ccKapYbW.s 			page 54


 1084              		.loc 1 603 3 is_stmt 1 view .LVU318
 603:stm/stm32l4xx/STM32L4xx_HAL_Driver/Src/stm32l4xx_ll_sdmmc.c ****   sdmmc_cmdinit.Response         = SDMMC_RESPONSE_SHORT;
 1085              		.loc 1 603 34 is_stmt 0 view .LVU319
 1086 0008 1225     		movs	r5, #18
 1087 000a 0295     		str	r5, [sp, #8]
 604:stm/stm32l4xx/STM32L4xx_HAL_Driver/Src/stm32l4xx_ll_sdmmc.c ****   sdmmc_cmdinit.WaitForInterrupt = SDMMC_WAIT_NO;
 1088              		.loc 1 604 3 is_stmt 1 view .LVU320
 604:stm/stm32l4xx/STM32L4xx_HAL_Driver/Src/stm32l4xx_ll_sdmmc.c ****   sdmmc_cmdinit.WaitForInterrupt = SDMMC_WAIT_NO;
 1089              		.loc 1 604 34 is_stmt 0 view .LVU321
 1090 000c 4023     		movs	r3, #64
 1091 000e 0393     		str	r3, [sp, #12]
 605:stm/stm32l4xx/STM32L4xx_HAL_Driver/Src/stm32l4xx_ll_sdmmc.c ****   sdmmc_cmdinit.CPSM             = SDMMC_CPSM_ENABLE;
 1092              		.loc 1 605 3 is_stmt 1 view .LVU322
 605:stm/stm32l4xx/STM32L4xx_HAL_Driver/Src/stm32l4xx_ll_sdmmc.c ****   sdmmc_cmdinit.CPSM             = SDMMC_CPSM_ENABLE;
 1093              		.loc 1 605 34 is_stmt 0 view .LVU323
 1094 0010 0023     		movs	r3, #0
 1095 0012 0493     		str	r3, [sp, #16]
 606:stm/stm32l4xx/STM32L4xx_HAL_Driver/Src/stm32l4xx_ll_sdmmc.c ****   (void)SDMMC_SendCommand(SDMMCx, &sdmmc_cmdinit);
 1096              		.loc 1 606 3 is_stmt 1 view .LVU324
 606:stm/stm32l4xx/STM32L4xx_HAL_Driver/Src/stm32l4xx_ll_sdmmc.c ****   (void)SDMMC_SendCommand(SDMMCx, &sdmmc_cmdinit);
 1097              		.loc 1 606 34 is_stmt 0 view .LVU325
 1098 0014 4FF48063 		mov	r3, #1024
 1099 0018 0593     		str	r3, [sp, #20]
 607:stm/stm32l4xx/STM32L4xx_HAL_Driver/Src/stm32l4xx_ll_sdmmc.c **** 
 1100              		.loc 1 607 3 is_stmt 1 view .LVU326
 607:stm/stm32l4xx/STM32L4xx_HAL_Driver/Src/stm32l4xx_ll_sdmmc.c **** 
 1101              		.loc 1 607 9 is_stmt 0 view .LVU327
 1102 001a 01A9     		add	r1, sp, #4
 1103              	.LVL74:
 607:stm/stm32l4xx/STM32L4xx_HAL_Driver/Src/stm32l4xx_ll_sdmmc.c **** 
 1104              		.loc 1 607 9 view .LVU328
 1105 001c FFF7FEFF 		bl	SDMMC_SendCommand
 1106              	.LVL75:
 610:stm/stm32l4xx/STM32L4xx_HAL_Driver/Src/stm32l4xx_ll_sdmmc.c **** 
 1107              		.loc 1 610 3 is_stmt 1 view .LVU329
 610:stm/stm32l4xx/STM32L4xx_HAL_Driver/Src/stm32l4xx_ll_sdmmc.c **** 
 1108              		.loc 1 610 16 is_stmt 0 view .LVU330
 1109 0020 41F28832 		movw	r2, #5000
 1110 0024 2946     		mov	r1, r5
 1111 0026 2046     		mov	r0, r4
 1112 0028 FFF7FEFF 		bl	SDMMC_GetCmdResp1
 1113              	.LVL76:
 612:stm/stm32l4xx/STM32L4xx_HAL_Driver/Src/stm32l4xx_ll_sdmmc.c **** }
 1114              		.loc 1 612 3 is_stmt 1 view .LVU331
 613:stm/stm32l4xx/STM32L4xx_HAL_Driver/Src/stm32l4xx_ll_sdmmc.c **** 
 1115              		.loc 1 613 1 is_stmt 0 view .LVU332
 1116 002c 07B0     		add	sp, sp, #28
 1117              	.LCFI15:
 1118              		.cfi_def_cfa_offset 12
 1119              		@ sp needed
 1120 002e 30BD     		pop	{r4, r5, pc}
 613:stm/stm32l4xx/STM32L4xx_HAL_Driver/Src/stm32l4xx_ll_sdmmc.c **** 
 1121              		.loc 1 613 1 view .LVU333
 1122              		.cfi_endproc
 1123              	.LFE303:
 1125              		.section	.text.SDMMC_CmdWriteSingleBlock,"ax",%progbits
 1126              		.align	1
ARM GAS  /var/tmp//ccKapYbW.s 			page 55


 1127              		.global	SDMMC_CmdWriteSingleBlock
 1128              		.syntax unified
 1129              		.thumb
 1130              		.thumb_func
 1132              	SDMMC_CmdWriteSingleBlock:
 1133              	.LVL77:
 1134              	.LFB304:
 621:stm/stm32l4xx/STM32L4xx_HAL_Driver/Src/stm32l4xx_ll_sdmmc.c ****   SDMMC_CmdInitTypeDef  sdmmc_cmdinit;
 1135              		.loc 1 621 1 is_stmt 1 view -0
 1136              		.cfi_startproc
 1137              		@ args = 0, pretend = 0, frame = 24
 1138              		@ frame_needed = 0, uses_anonymous_args = 0
 621:stm/stm32l4xx/STM32L4xx_HAL_Driver/Src/stm32l4xx_ll_sdmmc.c ****   SDMMC_CmdInitTypeDef  sdmmc_cmdinit;
 1139              		.loc 1 621 1 is_stmt 0 view .LVU335
 1140 0000 30B5     		push	{r4, r5, lr}
 1141              	.LCFI16:
 1142              		.cfi_def_cfa_offset 12
 1143              		.cfi_offset 4, -12
 1144              		.cfi_offset 5, -8
 1145              		.cfi_offset 14, -4
 1146 0002 87B0     		sub	sp, sp, #28
 1147              	.LCFI17:
 1148              		.cfi_def_cfa_offset 40
 1149 0004 0446     		mov	r4, r0
 622:stm/stm32l4xx/STM32L4xx_HAL_Driver/Src/stm32l4xx_ll_sdmmc.c ****   uint32_t errorstate;
 1150              		.loc 1 622 3 is_stmt 1 view .LVU336
 623:stm/stm32l4xx/STM32L4xx_HAL_Driver/Src/stm32l4xx_ll_sdmmc.c **** 
 1151              		.loc 1 623 3 view .LVU337
 626:stm/stm32l4xx/STM32L4xx_HAL_Driver/Src/stm32l4xx_ll_sdmmc.c ****   sdmmc_cmdinit.CmdIndex         = SDMMC_CMD_WRITE_SINGLE_BLOCK;
 1152              		.loc 1 626 3 view .LVU338
 626:stm/stm32l4xx/STM32L4xx_HAL_Driver/Src/stm32l4xx_ll_sdmmc.c ****   sdmmc_cmdinit.CmdIndex         = SDMMC_CMD_WRITE_SINGLE_BLOCK;
 1153              		.loc 1 626 34 is_stmt 0 view .LVU339
 1154 0006 0191     		str	r1, [sp, #4]
 627:stm/stm32l4xx/STM32L4xx_HAL_Driver/Src/stm32l4xx_ll_sdmmc.c ****   sdmmc_cmdinit.Response         = SDMMC_RESPONSE_SHORT;
 1155              		.loc 1 627 3 is_stmt 1 view .LVU340
 627:stm/stm32l4xx/STM32L4xx_HAL_Driver/Src/stm32l4xx_ll_sdmmc.c ****   sdmmc_cmdinit.Response         = SDMMC_RESPONSE_SHORT;
 1156              		.loc 1 627 34 is_stmt 0 view .LVU341
 1157 0008 1825     		movs	r5, #24
 1158 000a 0295     		str	r5, [sp, #8]
 628:stm/stm32l4xx/STM32L4xx_HAL_Driver/Src/stm32l4xx_ll_sdmmc.c ****   sdmmc_cmdinit.WaitForInterrupt = SDMMC_WAIT_NO;
 1159              		.loc 1 628 3 is_stmt 1 view .LVU342
 628:stm/stm32l4xx/STM32L4xx_HAL_Driver/Src/stm32l4xx_ll_sdmmc.c ****   sdmmc_cmdinit.WaitForInterrupt = SDMMC_WAIT_NO;
 1160              		.loc 1 628 34 is_stmt 0 view .LVU343
 1161 000c 4023     		movs	r3, #64
 1162 000e 0393     		str	r3, [sp, #12]
 629:stm/stm32l4xx/STM32L4xx_HAL_Driver/Src/stm32l4xx_ll_sdmmc.c ****   sdmmc_cmdinit.CPSM             = SDMMC_CPSM_ENABLE;
 1163              		.loc 1 629 3 is_stmt 1 view .LVU344
 629:stm/stm32l4xx/STM32L4xx_HAL_Driver/Src/stm32l4xx_ll_sdmmc.c ****   sdmmc_cmdinit.CPSM             = SDMMC_CPSM_ENABLE;
 1164              		.loc 1 629 34 is_stmt 0 view .LVU345
 1165 0010 0023     		movs	r3, #0
 1166 0012 0493     		str	r3, [sp, #16]
 630:stm/stm32l4xx/STM32L4xx_HAL_Driver/Src/stm32l4xx_ll_sdmmc.c ****   (void)SDMMC_SendCommand(SDMMCx, &sdmmc_cmdinit);
 1167              		.loc 1 630 3 is_stmt 1 view .LVU346
 630:stm/stm32l4xx/STM32L4xx_HAL_Driver/Src/stm32l4xx_ll_sdmmc.c ****   (void)SDMMC_SendCommand(SDMMCx, &sdmmc_cmdinit);
 1168              		.loc 1 630 34 is_stmt 0 view .LVU347
 1169 0014 4FF48063 		mov	r3, #1024
 1170 0018 0593     		str	r3, [sp, #20]
ARM GAS  /var/tmp//ccKapYbW.s 			page 56


 631:stm/stm32l4xx/STM32L4xx_HAL_Driver/Src/stm32l4xx_ll_sdmmc.c **** 
 1171              		.loc 1 631 3 is_stmt 1 view .LVU348
 631:stm/stm32l4xx/STM32L4xx_HAL_Driver/Src/stm32l4xx_ll_sdmmc.c **** 
 1172              		.loc 1 631 9 is_stmt 0 view .LVU349
 1173 001a 01A9     		add	r1, sp, #4
 1174              	.LVL78:
 631:stm/stm32l4xx/STM32L4xx_HAL_Driver/Src/stm32l4xx_ll_sdmmc.c **** 
 1175              		.loc 1 631 9 view .LVU350
 1176 001c FFF7FEFF 		bl	SDMMC_SendCommand
 1177              	.LVL79:
 634:stm/stm32l4xx/STM32L4xx_HAL_Driver/Src/stm32l4xx_ll_sdmmc.c **** 
 1178              		.loc 1 634 3 is_stmt 1 view .LVU351
 634:stm/stm32l4xx/STM32L4xx_HAL_Driver/Src/stm32l4xx_ll_sdmmc.c **** 
 1179              		.loc 1 634 16 is_stmt 0 view .LVU352
 1180 0020 41F28832 		movw	r2, #5000
 1181 0024 2946     		mov	r1, r5
 1182 0026 2046     		mov	r0, r4
 1183 0028 FFF7FEFF 		bl	SDMMC_GetCmdResp1
 1184              	.LVL80:
 636:stm/stm32l4xx/STM32L4xx_HAL_Driver/Src/stm32l4xx_ll_sdmmc.c **** }
 1185              		.loc 1 636 3 is_stmt 1 view .LVU353
 637:stm/stm32l4xx/STM32L4xx_HAL_Driver/Src/stm32l4xx_ll_sdmmc.c **** 
 1186              		.loc 1 637 1 is_stmt 0 view .LVU354
 1187 002c 07B0     		add	sp, sp, #28
 1188              	.LCFI18:
 1189              		.cfi_def_cfa_offset 12
 1190              		@ sp needed
 1191 002e 30BD     		pop	{r4, r5, pc}
 637:stm/stm32l4xx/STM32L4xx_HAL_Driver/Src/stm32l4xx_ll_sdmmc.c **** 
 1192              		.loc 1 637 1 view .LVU355
 1193              		.cfi_endproc
 1194              	.LFE304:
 1196              		.section	.text.SDMMC_CmdWriteMultiBlock,"ax",%progbits
 1197              		.align	1
 1198              		.global	SDMMC_CmdWriteMultiBlock
 1199              		.syntax unified
 1200              		.thumb
 1201              		.thumb_func
 1203              	SDMMC_CmdWriteMultiBlock:
 1204              	.LVL81:
 1205              	.LFB305:
 645:stm/stm32l4xx/STM32L4xx_HAL_Driver/Src/stm32l4xx_ll_sdmmc.c ****   SDMMC_CmdInitTypeDef  sdmmc_cmdinit;
 1206              		.loc 1 645 1 is_stmt 1 view -0
 1207              		.cfi_startproc
 1208              		@ args = 0, pretend = 0, frame = 24
 1209              		@ frame_needed = 0, uses_anonymous_args = 0
 645:stm/stm32l4xx/STM32L4xx_HAL_Driver/Src/stm32l4xx_ll_sdmmc.c ****   SDMMC_CmdInitTypeDef  sdmmc_cmdinit;
 1210              		.loc 1 645 1 is_stmt 0 view .LVU357
 1211 0000 30B5     		push	{r4, r5, lr}
 1212              	.LCFI19:
 1213              		.cfi_def_cfa_offset 12
 1214              		.cfi_offset 4, -12
 1215              		.cfi_offset 5, -8
 1216              		.cfi_offset 14, -4
 1217 0002 87B0     		sub	sp, sp, #28
 1218              	.LCFI20:
 1219              		.cfi_def_cfa_offset 40
ARM GAS  /var/tmp//ccKapYbW.s 			page 57


 1220 0004 0446     		mov	r4, r0
 646:stm/stm32l4xx/STM32L4xx_HAL_Driver/Src/stm32l4xx_ll_sdmmc.c ****   uint32_t errorstate;
 1221              		.loc 1 646 3 is_stmt 1 view .LVU358
 647:stm/stm32l4xx/STM32L4xx_HAL_Driver/Src/stm32l4xx_ll_sdmmc.c **** 
 1222              		.loc 1 647 3 view .LVU359
 650:stm/stm32l4xx/STM32L4xx_HAL_Driver/Src/stm32l4xx_ll_sdmmc.c ****   sdmmc_cmdinit.CmdIndex         = SDMMC_CMD_WRITE_MULT_BLOCK;
 1223              		.loc 1 650 3 view .LVU360
 650:stm/stm32l4xx/STM32L4xx_HAL_Driver/Src/stm32l4xx_ll_sdmmc.c ****   sdmmc_cmdinit.CmdIndex         = SDMMC_CMD_WRITE_MULT_BLOCK;
 1224              		.loc 1 650 34 is_stmt 0 view .LVU361
 1225 0006 0191     		str	r1, [sp, #4]
 651:stm/stm32l4xx/STM32L4xx_HAL_Driver/Src/stm32l4xx_ll_sdmmc.c ****   sdmmc_cmdinit.Response         = SDMMC_RESPONSE_SHORT;
 1226              		.loc 1 651 3 is_stmt 1 view .LVU362
 651:stm/stm32l4xx/STM32L4xx_HAL_Driver/Src/stm32l4xx_ll_sdmmc.c ****   sdmmc_cmdinit.Response         = SDMMC_RESPONSE_SHORT;
 1227              		.loc 1 651 34 is_stmt 0 view .LVU363
 1228 0008 1925     		movs	r5, #25
 1229 000a 0295     		str	r5, [sp, #8]
 652:stm/stm32l4xx/STM32L4xx_HAL_Driver/Src/stm32l4xx_ll_sdmmc.c ****   sdmmc_cmdinit.WaitForInterrupt = SDMMC_WAIT_NO;
 1230              		.loc 1 652 3 is_stmt 1 view .LVU364
 652:stm/stm32l4xx/STM32L4xx_HAL_Driver/Src/stm32l4xx_ll_sdmmc.c ****   sdmmc_cmdinit.WaitForInterrupt = SDMMC_WAIT_NO;
 1231              		.loc 1 652 34 is_stmt 0 view .LVU365
 1232 000c 4023     		movs	r3, #64
 1233 000e 0393     		str	r3, [sp, #12]
 653:stm/stm32l4xx/STM32L4xx_HAL_Driver/Src/stm32l4xx_ll_sdmmc.c ****   sdmmc_cmdinit.CPSM             = SDMMC_CPSM_ENABLE;
 1234              		.loc 1 653 3 is_stmt 1 view .LVU366
 653:stm/stm32l4xx/STM32L4xx_HAL_Driver/Src/stm32l4xx_ll_sdmmc.c ****   sdmmc_cmdinit.CPSM             = SDMMC_CPSM_ENABLE;
 1235              		.loc 1 653 34 is_stmt 0 view .LVU367
 1236 0010 0023     		movs	r3, #0
 1237 0012 0493     		str	r3, [sp, #16]
 654:stm/stm32l4xx/STM32L4xx_HAL_Driver/Src/stm32l4xx_ll_sdmmc.c ****   (void)SDMMC_SendCommand(SDMMCx, &sdmmc_cmdinit);
 1238              		.loc 1 654 3 is_stmt 1 view .LVU368
 654:stm/stm32l4xx/STM32L4xx_HAL_Driver/Src/stm32l4xx_ll_sdmmc.c ****   (void)SDMMC_SendCommand(SDMMCx, &sdmmc_cmdinit);
 1239              		.loc 1 654 34 is_stmt 0 view .LVU369
 1240 0014 4FF48063 		mov	r3, #1024
 1241 0018 0593     		str	r3, [sp, #20]
 655:stm/stm32l4xx/STM32L4xx_HAL_Driver/Src/stm32l4xx_ll_sdmmc.c **** 
 1242              		.loc 1 655 3 is_stmt 1 view .LVU370
 655:stm/stm32l4xx/STM32L4xx_HAL_Driver/Src/stm32l4xx_ll_sdmmc.c **** 
 1243              		.loc 1 655 9 is_stmt 0 view .LVU371
 1244 001a 01A9     		add	r1, sp, #4
 1245              	.LVL82:
 655:stm/stm32l4xx/STM32L4xx_HAL_Driver/Src/stm32l4xx_ll_sdmmc.c **** 
 1246              		.loc 1 655 9 view .LVU372
 1247 001c FFF7FEFF 		bl	SDMMC_SendCommand
 1248              	.LVL83:
 658:stm/stm32l4xx/STM32L4xx_HAL_Driver/Src/stm32l4xx_ll_sdmmc.c **** 
 1249              		.loc 1 658 3 is_stmt 1 view .LVU373
 658:stm/stm32l4xx/STM32L4xx_HAL_Driver/Src/stm32l4xx_ll_sdmmc.c **** 
 1250              		.loc 1 658 16 is_stmt 0 view .LVU374
 1251 0020 41F28832 		movw	r2, #5000
 1252 0024 2946     		mov	r1, r5
 1253 0026 2046     		mov	r0, r4
 1254 0028 FFF7FEFF 		bl	SDMMC_GetCmdResp1
 1255              	.LVL84:
 660:stm/stm32l4xx/STM32L4xx_HAL_Driver/Src/stm32l4xx_ll_sdmmc.c **** }
 1256              		.loc 1 660 3 is_stmt 1 view .LVU375
 661:stm/stm32l4xx/STM32L4xx_HAL_Driver/Src/stm32l4xx_ll_sdmmc.c **** 
 1257              		.loc 1 661 1 is_stmt 0 view .LVU376
ARM GAS  /var/tmp//ccKapYbW.s 			page 58


 1258 002c 07B0     		add	sp, sp, #28
 1259              	.LCFI21:
 1260              		.cfi_def_cfa_offset 12
 1261              		@ sp needed
 1262 002e 30BD     		pop	{r4, r5, pc}
 661:stm/stm32l4xx/STM32L4xx_HAL_Driver/Src/stm32l4xx_ll_sdmmc.c **** 
 1263              		.loc 1 661 1 view .LVU377
 1264              		.cfi_endproc
 1265              	.LFE305:
 1267              		.section	.text.SDMMC_CmdSDEraseStartAdd,"ax",%progbits
 1268              		.align	1
 1269              		.global	SDMMC_CmdSDEraseStartAdd
 1270              		.syntax unified
 1271              		.thumb
 1272              		.thumb_func
 1274              	SDMMC_CmdSDEraseStartAdd:
 1275              	.LVL85:
 1276              	.LFB306:
 669:stm/stm32l4xx/STM32L4xx_HAL_Driver/Src/stm32l4xx_ll_sdmmc.c ****   SDMMC_CmdInitTypeDef  sdmmc_cmdinit;
 1277              		.loc 1 669 1 is_stmt 1 view -0
 1278              		.cfi_startproc
 1279              		@ args = 0, pretend = 0, frame = 24
 1280              		@ frame_needed = 0, uses_anonymous_args = 0
 669:stm/stm32l4xx/STM32L4xx_HAL_Driver/Src/stm32l4xx_ll_sdmmc.c ****   SDMMC_CmdInitTypeDef  sdmmc_cmdinit;
 1281              		.loc 1 669 1 is_stmt 0 view .LVU379
 1282 0000 30B5     		push	{r4, r5, lr}
 1283              	.LCFI22:
 1284              		.cfi_def_cfa_offset 12
 1285              		.cfi_offset 4, -12
 1286              		.cfi_offset 5, -8
 1287              		.cfi_offset 14, -4
 1288 0002 87B0     		sub	sp, sp, #28
 1289              	.LCFI23:
 1290              		.cfi_def_cfa_offset 40
 1291 0004 0446     		mov	r4, r0
 670:stm/stm32l4xx/STM32L4xx_HAL_Driver/Src/stm32l4xx_ll_sdmmc.c ****   uint32_t errorstate;
 1292              		.loc 1 670 3 is_stmt 1 view .LVU380
 671:stm/stm32l4xx/STM32L4xx_HAL_Driver/Src/stm32l4xx_ll_sdmmc.c **** 
 1293              		.loc 1 671 3 view .LVU381
 674:stm/stm32l4xx/STM32L4xx_HAL_Driver/Src/stm32l4xx_ll_sdmmc.c ****   sdmmc_cmdinit.CmdIndex         = SDMMC_CMD_SD_ERASE_GRP_START;
 1294              		.loc 1 674 3 view .LVU382
 674:stm/stm32l4xx/STM32L4xx_HAL_Driver/Src/stm32l4xx_ll_sdmmc.c ****   sdmmc_cmdinit.CmdIndex         = SDMMC_CMD_SD_ERASE_GRP_START;
 1295              		.loc 1 674 34 is_stmt 0 view .LVU383
 1296 0006 0191     		str	r1, [sp, #4]
 675:stm/stm32l4xx/STM32L4xx_HAL_Driver/Src/stm32l4xx_ll_sdmmc.c ****   sdmmc_cmdinit.Response         = SDMMC_RESPONSE_SHORT;
 1297              		.loc 1 675 3 is_stmt 1 view .LVU384
 675:stm/stm32l4xx/STM32L4xx_HAL_Driver/Src/stm32l4xx_ll_sdmmc.c ****   sdmmc_cmdinit.Response         = SDMMC_RESPONSE_SHORT;
 1298              		.loc 1 675 34 is_stmt 0 view .LVU385
 1299 0008 2025     		movs	r5, #32
 1300 000a 0295     		str	r5, [sp, #8]
 676:stm/stm32l4xx/STM32L4xx_HAL_Driver/Src/stm32l4xx_ll_sdmmc.c ****   sdmmc_cmdinit.WaitForInterrupt = SDMMC_WAIT_NO;
 1301              		.loc 1 676 3 is_stmt 1 view .LVU386
 676:stm/stm32l4xx/STM32L4xx_HAL_Driver/Src/stm32l4xx_ll_sdmmc.c ****   sdmmc_cmdinit.WaitForInterrupt = SDMMC_WAIT_NO;
 1302              		.loc 1 676 34 is_stmt 0 view .LVU387
 1303 000c 4023     		movs	r3, #64
 1304 000e 0393     		str	r3, [sp, #12]
 677:stm/stm32l4xx/STM32L4xx_HAL_Driver/Src/stm32l4xx_ll_sdmmc.c ****   sdmmc_cmdinit.CPSM             = SDMMC_CPSM_ENABLE;
ARM GAS  /var/tmp//ccKapYbW.s 			page 59


 1305              		.loc 1 677 3 is_stmt 1 view .LVU388
 677:stm/stm32l4xx/STM32L4xx_HAL_Driver/Src/stm32l4xx_ll_sdmmc.c ****   sdmmc_cmdinit.CPSM             = SDMMC_CPSM_ENABLE;
 1306              		.loc 1 677 34 is_stmt 0 view .LVU389
 1307 0010 0023     		movs	r3, #0
 1308 0012 0493     		str	r3, [sp, #16]
 678:stm/stm32l4xx/STM32L4xx_HAL_Driver/Src/stm32l4xx_ll_sdmmc.c ****   (void)SDMMC_SendCommand(SDMMCx, &sdmmc_cmdinit);
 1309              		.loc 1 678 3 is_stmt 1 view .LVU390
 678:stm/stm32l4xx/STM32L4xx_HAL_Driver/Src/stm32l4xx_ll_sdmmc.c ****   (void)SDMMC_SendCommand(SDMMCx, &sdmmc_cmdinit);
 1310              		.loc 1 678 34 is_stmt 0 view .LVU391
 1311 0014 4FF48063 		mov	r3, #1024
 1312 0018 0593     		str	r3, [sp, #20]
 679:stm/stm32l4xx/STM32L4xx_HAL_Driver/Src/stm32l4xx_ll_sdmmc.c **** 
 1313              		.loc 1 679 3 is_stmt 1 view .LVU392
 679:stm/stm32l4xx/STM32L4xx_HAL_Driver/Src/stm32l4xx_ll_sdmmc.c **** 
 1314              		.loc 1 679 9 is_stmt 0 view .LVU393
 1315 001a 01A9     		add	r1, sp, #4
 1316              	.LVL86:
 679:stm/stm32l4xx/STM32L4xx_HAL_Driver/Src/stm32l4xx_ll_sdmmc.c **** 
 1317              		.loc 1 679 9 view .LVU394
 1318 001c FFF7FEFF 		bl	SDMMC_SendCommand
 1319              	.LVL87:
 682:stm/stm32l4xx/STM32L4xx_HAL_Driver/Src/stm32l4xx_ll_sdmmc.c **** 
 1320              		.loc 1 682 3 is_stmt 1 view .LVU395
 682:stm/stm32l4xx/STM32L4xx_HAL_Driver/Src/stm32l4xx_ll_sdmmc.c **** 
 1321              		.loc 1 682 16 is_stmt 0 view .LVU396
 1322 0020 41F28832 		movw	r2, #5000
 1323 0024 2946     		mov	r1, r5
 1324 0026 2046     		mov	r0, r4
 1325 0028 FFF7FEFF 		bl	SDMMC_GetCmdResp1
 1326              	.LVL88:
 684:stm/stm32l4xx/STM32L4xx_HAL_Driver/Src/stm32l4xx_ll_sdmmc.c **** }
 1327              		.loc 1 684 3 is_stmt 1 view .LVU397
 685:stm/stm32l4xx/STM32L4xx_HAL_Driver/Src/stm32l4xx_ll_sdmmc.c **** 
 1328              		.loc 1 685 1 is_stmt 0 view .LVU398
 1329 002c 07B0     		add	sp, sp, #28
 1330              	.LCFI24:
 1331              		.cfi_def_cfa_offset 12
 1332              		@ sp needed
 1333 002e 30BD     		pop	{r4, r5, pc}
 685:stm/stm32l4xx/STM32L4xx_HAL_Driver/Src/stm32l4xx_ll_sdmmc.c **** 
 1334              		.loc 1 685 1 view .LVU399
 1335              		.cfi_endproc
 1336              	.LFE306:
 1338              		.section	.text.SDMMC_CmdSDEraseEndAdd,"ax",%progbits
 1339              		.align	1
 1340              		.global	SDMMC_CmdSDEraseEndAdd
 1341              		.syntax unified
 1342              		.thumb
 1343              		.thumb_func
 1345              	SDMMC_CmdSDEraseEndAdd:
 1346              	.LVL89:
 1347              	.LFB307:
 693:stm/stm32l4xx/STM32L4xx_HAL_Driver/Src/stm32l4xx_ll_sdmmc.c ****   SDMMC_CmdInitTypeDef  sdmmc_cmdinit;
 1348              		.loc 1 693 1 is_stmt 1 view -0
 1349              		.cfi_startproc
 1350              		@ args = 0, pretend = 0, frame = 24
 1351              		@ frame_needed = 0, uses_anonymous_args = 0
ARM GAS  /var/tmp//ccKapYbW.s 			page 60


 693:stm/stm32l4xx/STM32L4xx_HAL_Driver/Src/stm32l4xx_ll_sdmmc.c ****   SDMMC_CmdInitTypeDef  sdmmc_cmdinit;
 1352              		.loc 1 693 1 is_stmt 0 view .LVU401
 1353 0000 30B5     		push	{r4, r5, lr}
 1354              	.LCFI25:
 1355              		.cfi_def_cfa_offset 12
 1356              		.cfi_offset 4, -12
 1357              		.cfi_offset 5, -8
 1358              		.cfi_offset 14, -4
 1359 0002 87B0     		sub	sp, sp, #28
 1360              	.LCFI26:
 1361              		.cfi_def_cfa_offset 40
 1362 0004 0446     		mov	r4, r0
 694:stm/stm32l4xx/STM32L4xx_HAL_Driver/Src/stm32l4xx_ll_sdmmc.c ****   uint32_t errorstate;
 1363              		.loc 1 694 3 is_stmt 1 view .LVU402
 695:stm/stm32l4xx/STM32L4xx_HAL_Driver/Src/stm32l4xx_ll_sdmmc.c **** 
 1364              		.loc 1 695 3 view .LVU403
 698:stm/stm32l4xx/STM32L4xx_HAL_Driver/Src/stm32l4xx_ll_sdmmc.c ****   sdmmc_cmdinit.CmdIndex         = SDMMC_CMD_SD_ERASE_GRP_END;
 1365              		.loc 1 698 3 view .LVU404
 698:stm/stm32l4xx/STM32L4xx_HAL_Driver/Src/stm32l4xx_ll_sdmmc.c ****   sdmmc_cmdinit.CmdIndex         = SDMMC_CMD_SD_ERASE_GRP_END;
 1366              		.loc 1 698 34 is_stmt 0 view .LVU405
 1367 0006 0191     		str	r1, [sp, #4]
 699:stm/stm32l4xx/STM32L4xx_HAL_Driver/Src/stm32l4xx_ll_sdmmc.c ****   sdmmc_cmdinit.Response         = SDMMC_RESPONSE_SHORT;
 1368              		.loc 1 699 3 is_stmt 1 view .LVU406
 699:stm/stm32l4xx/STM32L4xx_HAL_Driver/Src/stm32l4xx_ll_sdmmc.c ****   sdmmc_cmdinit.Response         = SDMMC_RESPONSE_SHORT;
 1369              		.loc 1 699 34 is_stmt 0 view .LVU407
 1370 0008 2125     		movs	r5, #33
 1371 000a 0295     		str	r5, [sp, #8]
 700:stm/stm32l4xx/STM32L4xx_HAL_Driver/Src/stm32l4xx_ll_sdmmc.c ****   sdmmc_cmdinit.WaitForInterrupt = SDMMC_WAIT_NO;
 1372              		.loc 1 700 3 is_stmt 1 view .LVU408
 700:stm/stm32l4xx/STM32L4xx_HAL_Driver/Src/stm32l4xx_ll_sdmmc.c ****   sdmmc_cmdinit.WaitForInterrupt = SDMMC_WAIT_NO;
 1373              		.loc 1 700 34 is_stmt 0 view .LVU409
 1374 000c 4023     		movs	r3, #64
 1375 000e 0393     		str	r3, [sp, #12]
 701:stm/stm32l4xx/STM32L4xx_HAL_Driver/Src/stm32l4xx_ll_sdmmc.c ****   sdmmc_cmdinit.CPSM             = SDMMC_CPSM_ENABLE;
 1376              		.loc 1 701 3 is_stmt 1 view .LVU410
 701:stm/stm32l4xx/STM32L4xx_HAL_Driver/Src/stm32l4xx_ll_sdmmc.c ****   sdmmc_cmdinit.CPSM             = SDMMC_CPSM_ENABLE;
 1377              		.loc 1 701 34 is_stmt 0 view .LVU411
 1378 0010 0023     		movs	r3, #0
 1379 0012 0493     		str	r3, [sp, #16]
 702:stm/stm32l4xx/STM32L4xx_HAL_Driver/Src/stm32l4xx_ll_sdmmc.c ****   (void)SDMMC_SendCommand(SDMMCx, &sdmmc_cmdinit);
 1380              		.loc 1 702 3 is_stmt 1 view .LVU412
 702:stm/stm32l4xx/STM32L4xx_HAL_Driver/Src/stm32l4xx_ll_sdmmc.c ****   (void)SDMMC_SendCommand(SDMMCx, &sdmmc_cmdinit);
 1381              		.loc 1 702 34 is_stmt 0 view .LVU413
 1382 0014 4FF48063 		mov	r3, #1024
 1383 0018 0593     		str	r3, [sp, #20]
 703:stm/stm32l4xx/STM32L4xx_HAL_Driver/Src/stm32l4xx_ll_sdmmc.c **** 
 1384              		.loc 1 703 3 is_stmt 1 view .LVU414
 703:stm/stm32l4xx/STM32L4xx_HAL_Driver/Src/stm32l4xx_ll_sdmmc.c **** 
 1385              		.loc 1 703 9 is_stmt 0 view .LVU415
 1386 001a 01A9     		add	r1, sp, #4
 1387              	.LVL90:
 703:stm/stm32l4xx/STM32L4xx_HAL_Driver/Src/stm32l4xx_ll_sdmmc.c **** 
 1388              		.loc 1 703 9 view .LVU416
 1389 001c FFF7FEFF 		bl	SDMMC_SendCommand
 1390              	.LVL91:
 706:stm/stm32l4xx/STM32L4xx_HAL_Driver/Src/stm32l4xx_ll_sdmmc.c **** 
 1391              		.loc 1 706 3 is_stmt 1 view .LVU417
ARM GAS  /var/tmp//ccKapYbW.s 			page 61


 706:stm/stm32l4xx/STM32L4xx_HAL_Driver/Src/stm32l4xx_ll_sdmmc.c **** 
 1392              		.loc 1 706 16 is_stmt 0 view .LVU418
 1393 0020 41F28832 		movw	r2, #5000
 1394 0024 2946     		mov	r1, r5
 1395 0026 2046     		mov	r0, r4
 1396 0028 FFF7FEFF 		bl	SDMMC_GetCmdResp1
 1397              	.LVL92:
 708:stm/stm32l4xx/STM32L4xx_HAL_Driver/Src/stm32l4xx_ll_sdmmc.c **** }
 1398              		.loc 1 708 3 is_stmt 1 view .LVU419
 709:stm/stm32l4xx/STM32L4xx_HAL_Driver/Src/stm32l4xx_ll_sdmmc.c **** 
 1399              		.loc 1 709 1 is_stmt 0 view .LVU420
 1400 002c 07B0     		add	sp, sp, #28
 1401              	.LCFI27:
 1402              		.cfi_def_cfa_offset 12
 1403              		@ sp needed
 1404 002e 30BD     		pop	{r4, r5, pc}
 709:stm/stm32l4xx/STM32L4xx_HAL_Driver/Src/stm32l4xx_ll_sdmmc.c **** 
 1405              		.loc 1 709 1 view .LVU421
 1406              		.cfi_endproc
 1407              	.LFE307:
 1409              		.section	.text.SDMMC_CmdEraseStartAdd,"ax",%progbits
 1410              		.align	1
 1411              		.global	SDMMC_CmdEraseStartAdd
 1412              		.syntax unified
 1413              		.thumb
 1414              		.thumb_func
 1416              	SDMMC_CmdEraseStartAdd:
 1417              	.LVL93:
 1418              	.LFB308:
 717:stm/stm32l4xx/STM32L4xx_HAL_Driver/Src/stm32l4xx_ll_sdmmc.c ****   SDMMC_CmdInitTypeDef  sdmmc_cmdinit;
 1419              		.loc 1 717 1 is_stmt 1 view -0
 1420              		.cfi_startproc
 1421              		@ args = 0, pretend = 0, frame = 24
 1422              		@ frame_needed = 0, uses_anonymous_args = 0
 717:stm/stm32l4xx/STM32L4xx_HAL_Driver/Src/stm32l4xx_ll_sdmmc.c ****   SDMMC_CmdInitTypeDef  sdmmc_cmdinit;
 1423              		.loc 1 717 1 is_stmt 0 view .LVU423
 1424 0000 30B5     		push	{r4, r5, lr}
 1425              	.LCFI28:
 1426              		.cfi_def_cfa_offset 12
 1427              		.cfi_offset 4, -12
 1428              		.cfi_offset 5, -8
 1429              		.cfi_offset 14, -4
 1430 0002 87B0     		sub	sp, sp, #28
 1431              	.LCFI29:
 1432              		.cfi_def_cfa_offset 40
 1433 0004 0446     		mov	r4, r0
 718:stm/stm32l4xx/STM32L4xx_HAL_Driver/Src/stm32l4xx_ll_sdmmc.c ****   uint32_t errorstate;
 1434              		.loc 1 718 3 is_stmt 1 view .LVU424
 719:stm/stm32l4xx/STM32L4xx_HAL_Driver/Src/stm32l4xx_ll_sdmmc.c **** 
 1435              		.loc 1 719 3 view .LVU425
 722:stm/stm32l4xx/STM32L4xx_HAL_Driver/Src/stm32l4xx_ll_sdmmc.c ****   sdmmc_cmdinit.CmdIndex         = SDMMC_CMD_ERASE_GRP_START;
 1436              		.loc 1 722 3 view .LVU426
 722:stm/stm32l4xx/STM32L4xx_HAL_Driver/Src/stm32l4xx_ll_sdmmc.c ****   sdmmc_cmdinit.CmdIndex         = SDMMC_CMD_ERASE_GRP_START;
 1437              		.loc 1 722 34 is_stmt 0 view .LVU427
 1438 0006 0191     		str	r1, [sp, #4]
 723:stm/stm32l4xx/STM32L4xx_HAL_Driver/Src/stm32l4xx_ll_sdmmc.c ****   sdmmc_cmdinit.Response         = SDMMC_RESPONSE_SHORT;
 1439              		.loc 1 723 3 is_stmt 1 view .LVU428
ARM GAS  /var/tmp//ccKapYbW.s 			page 62


 723:stm/stm32l4xx/STM32L4xx_HAL_Driver/Src/stm32l4xx_ll_sdmmc.c ****   sdmmc_cmdinit.Response         = SDMMC_RESPONSE_SHORT;
 1440              		.loc 1 723 34 is_stmt 0 view .LVU429
 1441 0008 2325     		movs	r5, #35
 1442 000a 0295     		str	r5, [sp, #8]
 724:stm/stm32l4xx/STM32L4xx_HAL_Driver/Src/stm32l4xx_ll_sdmmc.c ****   sdmmc_cmdinit.WaitForInterrupt = SDMMC_WAIT_NO;
 1443              		.loc 1 724 3 is_stmt 1 view .LVU430
 724:stm/stm32l4xx/STM32L4xx_HAL_Driver/Src/stm32l4xx_ll_sdmmc.c ****   sdmmc_cmdinit.WaitForInterrupt = SDMMC_WAIT_NO;
 1444              		.loc 1 724 34 is_stmt 0 view .LVU431
 1445 000c 4023     		movs	r3, #64
 1446 000e 0393     		str	r3, [sp, #12]
 725:stm/stm32l4xx/STM32L4xx_HAL_Driver/Src/stm32l4xx_ll_sdmmc.c ****   sdmmc_cmdinit.CPSM             = SDMMC_CPSM_ENABLE;
 1447              		.loc 1 725 3 is_stmt 1 view .LVU432
 725:stm/stm32l4xx/STM32L4xx_HAL_Driver/Src/stm32l4xx_ll_sdmmc.c ****   sdmmc_cmdinit.CPSM             = SDMMC_CPSM_ENABLE;
 1448              		.loc 1 725 34 is_stmt 0 view .LVU433
 1449 0010 0023     		movs	r3, #0
 1450 0012 0493     		str	r3, [sp, #16]
 726:stm/stm32l4xx/STM32L4xx_HAL_Driver/Src/stm32l4xx_ll_sdmmc.c ****   (void)SDMMC_SendCommand(SDMMCx, &sdmmc_cmdinit);
 1451              		.loc 1 726 3 is_stmt 1 view .LVU434
 726:stm/stm32l4xx/STM32L4xx_HAL_Driver/Src/stm32l4xx_ll_sdmmc.c ****   (void)SDMMC_SendCommand(SDMMCx, &sdmmc_cmdinit);
 1452              		.loc 1 726 34 is_stmt 0 view .LVU435
 1453 0014 4FF48063 		mov	r3, #1024
 1454 0018 0593     		str	r3, [sp, #20]
 727:stm/stm32l4xx/STM32L4xx_HAL_Driver/Src/stm32l4xx_ll_sdmmc.c **** 
 1455              		.loc 1 727 3 is_stmt 1 view .LVU436
 727:stm/stm32l4xx/STM32L4xx_HAL_Driver/Src/stm32l4xx_ll_sdmmc.c **** 
 1456              		.loc 1 727 9 is_stmt 0 view .LVU437
 1457 001a 01A9     		add	r1, sp, #4
 1458              	.LVL94:
 727:stm/stm32l4xx/STM32L4xx_HAL_Driver/Src/stm32l4xx_ll_sdmmc.c **** 
 1459              		.loc 1 727 9 view .LVU438
 1460 001c FFF7FEFF 		bl	SDMMC_SendCommand
 1461              	.LVL95:
 730:stm/stm32l4xx/STM32L4xx_HAL_Driver/Src/stm32l4xx_ll_sdmmc.c **** 
 1462              		.loc 1 730 3 is_stmt 1 view .LVU439
 730:stm/stm32l4xx/STM32L4xx_HAL_Driver/Src/stm32l4xx_ll_sdmmc.c **** 
 1463              		.loc 1 730 16 is_stmt 0 view .LVU440
 1464 0020 41F28832 		movw	r2, #5000
 1465 0024 2946     		mov	r1, r5
 1466 0026 2046     		mov	r0, r4
 1467 0028 FFF7FEFF 		bl	SDMMC_GetCmdResp1
 1468              	.LVL96:
 732:stm/stm32l4xx/STM32L4xx_HAL_Driver/Src/stm32l4xx_ll_sdmmc.c **** }
 1469              		.loc 1 732 3 is_stmt 1 view .LVU441
 733:stm/stm32l4xx/STM32L4xx_HAL_Driver/Src/stm32l4xx_ll_sdmmc.c **** 
 1470              		.loc 1 733 1 is_stmt 0 view .LVU442
 1471 002c 07B0     		add	sp, sp, #28
 1472              	.LCFI30:
 1473              		.cfi_def_cfa_offset 12
 1474              		@ sp needed
 1475 002e 30BD     		pop	{r4, r5, pc}
 733:stm/stm32l4xx/STM32L4xx_HAL_Driver/Src/stm32l4xx_ll_sdmmc.c **** 
 1476              		.loc 1 733 1 view .LVU443
 1477              		.cfi_endproc
 1478              	.LFE308:
 1480              		.section	.text.SDMMC_CmdEraseEndAdd,"ax",%progbits
 1481              		.align	1
 1482              		.global	SDMMC_CmdEraseEndAdd
ARM GAS  /var/tmp//ccKapYbW.s 			page 63


 1483              		.syntax unified
 1484              		.thumb
 1485              		.thumb_func
 1487              	SDMMC_CmdEraseEndAdd:
 1488              	.LVL97:
 1489              	.LFB309:
 741:stm/stm32l4xx/STM32L4xx_HAL_Driver/Src/stm32l4xx_ll_sdmmc.c ****   SDMMC_CmdInitTypeDef  sdmmc_cmdinit;
 1490              		.loc 1 741 1 is_stmt 1 view -0
 1491              		.cfi_startproc
 1492              		@ args = 0, pretend = 0, frame = 24
 1493              		@ frame_needed = 0, uses_anonymous_args = 0
 741:stm/stm32l4xx/STM32L4xx_HAL_Driver/Src/stm32l4xx_ll_sdmmc.c ****   SDMMC_CmdInitTypeDef  sdmmc_cmdinit;
 1494              		.loc 1 741 1 is_stmt 0 view .LVU445
 1495 0000 30B5     		push	{r4, r5, lr}
 1496              	.LCFI31:
 1497              		.cfi_def_cfa_offset 12
 1498              		.cfi_offset 4, -12
 1499              		.cfi_offset 5, -8
 1500              		.cfi_offset 14, -4
 1501 0002 87B0     		sub	sp, sp, #28
 1502              	.LCFI32:
 1503              		.cfi_def_cfa_offset 40
 1504 0004 0446     		mov	r4, r0
 742:stm/stm32l4xx/STM32L4xx_HAL_Driver/Src/stm32l4xx_ll_sdmmc.c ****   uint32_t errorstate;
 1505              		.loc 1 742 3 is_stmt 1 view .LVU446
 743:stm/stm32l4xx/STM32L4xx_HAL_Driver/Src/stm32l4xx_ll_sdmmc.c **** 
 1506              		.loc 1 743 3 view .LVU447
 746:stm/stm32l4xx/STM32L4xx_HAL_Driver/Src/stm32l4xx_ll_sdmmc.c ****   sdmmc_cmdinit.CmdIndex         = SDMMC_CMD_ERASE_GRP_END;
 1507              		.loc 1 746 3 view .LVU448
 746:stm/stm32l4xx/STM32L4xx_HAL_Driver/Src/stm32l4xx_ll_sdmmc.c ****   sdmmc_cmdinit.CmdIndex         = SDMMC_CMD_ERASE_GRP_END;
 1508              		.loc 1 746 34 is_stmt 0 view .LVU449
 1509 0006 0191     		str	r1, [sp, #4]
 747:stm/stm32l4xx/STM32L4xx_HAL_Driver/Src/stm32l4xx_ll_sdmmc.c ****   sdmmc_cmdinit.Response         = SDMMC_RESPONSE_SHORT;
 1510              		.loc 1 747 3 is_stmt 1 view .LVU450
 747:stm/stm32l4xx/STM32L4xx_HAL_Driver/Src/stm32l4xx_ll_sdmmc.c ****   sdmmc_cmdinit.Response         = SDMMC_RESPONSE_SHORT;
 1511              		.loc 1 747 34 is_stmt 0 view .LVU451
 1512 0008 2425     		movs	r5, #36
 1513 000a 0295     		str	r5, [sp, #8]
 748:stm/stm32l4xx/STM32L4xx_HAL_Driver/Src/stm32l4xx_ll_sdmmc.c ****   sdmmc_cmdinit.WaitForInterrupt = SDMMC_WAIT_NO;
 1514              		.loc 1 748 3 is_stmt 1 view .LVU452
 748:stm/stm32l4xx/STM32L4xx_HAL_Driver/Src/stm32l4xx_ll_sdmmc.c ****   sdmmc_cmdinit.WaitForInterrupt = SDMMC_WAIT_NO;
 1515              		.loc 1 748 34 is_stmt 0 view .LVU453
 1516 000c 4023     		movs	r3, #64
 1517 000e 0393     		str	r3, [sp, #12]
 749:stm/stm32l4xx/STM32L4xx_HAL_Driver/Src/stm32l4xx_ll_sdmmc.c ****   sdmmc_cmdinit.CPSM             = SDMMC_CPSM_ENABLE;
 1518              		.loc 1 749 3 is_stmt 1 view .LVU454
 749:stm/stm32l4xx/STM32L4xx_HAL_Driver/Src/stm32l4xx_ll_sdmmc.c ****   sdmmc_cmdinit.CPSM             = SDMMC_CPSM_ENABLE;
 1519              		.loc 1 749 34 is_stmt 0 view .LVU455
 1520 0010 0023     		movs	r3, #0
 1521 0012 0493     		str	r3, [sp, #16]
 750:stm/stm32l4xx/STM32L4xx_HAL_Driver/Src/stm32l4xx_ll_sdmmc.c ****   (void)SDMMC_SendCommand(SDMMCx, &sdmmc_cmdinit);
 1522              		.loc 1 750 3 is_stmt 1 view .LVU456
 750:stm/stm32l4xx/STM32L4xx_HAL_Driver/Src/stm32l4xx_ll_sdmmc.c ****   (void)SDMMC_SendCommand(SDMMCx, &sdmmc_cmdinit);
 1523              		.loc 1 750 34 is_stmt 0 view .LVU457
 1524 0014 4FF48063 		mov	r3, #1024
 1525 0018 0593     		str	r3, [sp, #20]
 751:stm/stm32l4xx/STM32L4xx_HAL_Driver/Src/stm32l4xx_ll_sdmmc.c **** 
ARM GAS  /var/tmp//ccKapYbW.s 			page 64


 1526              		.loc 1 751 3 is_stmt 1 view .LVU458
 751:stm/stm32l4xx/STM32L4xx_HAL_Driver/Src/stm32l4xx_ll_sdmmc.c **** 
 1527              		.loc 1 751 9 is_stmt 0 view .LVU459
 1528 001a 01A9     		add	r1, sp, #4
 1529              	.LVL98:
 751:stm/stm32l4xx/STM32L4xx_HAL_Driver/Src/stm32l4xx_ll_sdmmc.c **** 
 1530              		.loc 1 751 9 view .LVU460
 1531 001c FFF7FEFF 		bl	SDMMC_SendCommand
 1532              	.LVL99:
 754:stm/stm32l4xx/STM32L4xx_HAL_Driver/Src/stm32l4xx_ll_sdmmc.c **** 
 1533              		.loc 1 754 3 is_stmt 1 view .LVU461
 754:stm/stm32l4xx/STM32L4xx_HAL_Driver/Src/stm32l4xx_ll_sdmmc.c **** 
 1534              		.loc 1 754 16 is_stmt 0 view .LVU462
 1535 0020 41F28832 		movw	r2, #5000
 1536 0024 2946     		mov	r1, r5
 1537 0026 2046     		mov	r0, r4
 1538 0028 FFF7FEFF 		bl	SDMMC_GetCmdResp1
 1539              	.LVL100:
 756:stm/stm32l4xx/STM32L4xx_HAL_Driver/Src/stm32l4xx_ll_sdmmc.c **** }
 1540              		.loc 1 756 3 is_stmt 1 view .LVU463
 757:stm/stm32l4xx/STM32L4xx_HAL_Driver/Src/stm32l4xx_ll_sdmmc.c **** 
 1541              		.loc 1 757 1 is_stmt 0 view .LVU464
 1542 002c 07B0     		add	sp, sp, #28
 1543              	.LCFI33:
 1544              		.cfi_def_cfa_offset 12
 1545              		@ sp needed
 1546 002e 30BD     		pop	{r4, r5, pc}
 757:stm/stm32l4xx/STM32L4xx_HAL_Driver/Src/stm32l4xx_ll_sdmmc.c **** 
 1547              		.loc 1 757 1 view .LVU465
 1548              		.cfi_endproc
 1549              	.LFE309:
 1551              		.section	.text.SDMMC_CmdErase,"ax",%progbits
 1552              		.align	1
 1553              		.global	SDMMC_CmdErase
 1554              		.syntax unified
 1555              		.thumb
 1556              		.thumb_func
 1558              	SDMMC_CmdErase:
 1559              	.LVL101:
 1560              	.LFB310:
 766:stm/stm32l4xx/STM32L4xx_HAL_Driver/Src/stm32l4xx_ll_sdmmc.c ****   SDMMC_CmdInitTypeDef  sdmmc_cmdinit;
 1561              		.loc 1 766 1 is_stmt 1 view -0
 1562              		.cfi_startproc
 1563              		@ args = 0, pretend = 0, frame = 24
 1564              		@ frame_needed = 0, uses_anonymous_args = 0
 766:stm/stm32l4xx/STM32L4xx_HAL_Driver/Src/stm32l4xx_ll_sdmmc.c ****   SDMMC_CmdInitTypeDef  sdmmc_cmdinit;
 1565              		.loc 1 766 1 is_stmt 0 view .LVU467
 1566 0000 30B5     		push	{r4, r5, lr}
 1567              	.LCFI34:
 1568              		.cfi_def_cfa_offset 12
 1569              		.cfi_offset 4, -12
 1570              		.cfi_offset 5, -8
 1571              		.cfi_offset 14, -4
 1572 0002 87B0     		sub	sp, sp, #28
 1573              	.LCFI35:
 1574              		.cfi_def_cfa_offset 40
 1575 0004 0446     		mov	r4, r0
ARM GAS  /var/tmp//ccKapYbW.s 			page 65


 767:stm/stm32l4xx/STM32L4xx_HAL_Driver/Src/stm32l4xx_ll_sdmmc.c ****   uint32_t errorstate;
 1576              		.loc 1 767 3 is_stmt 1 view .LVU468
 768:stm/stm32l4xx/STM32L4xx_HAL_Driver/Src/stm32l4xx_ll_sdmmc.c **** 
 1577              		.loc 1 768 3 view .LVU469
 771:stm/stm32l4xx/STM32L4xx_HAL_Driver/Src/stm32l4xx_ll_sdmmc.c ****   sdmmc_cmdinit.CmdIndex         = SDMMC_CMD_ERASE;
 1578              		.loc 1 771 3 view .LVU470
 771:stm/stm32l4xx/STM32L4xx_HAL_Driver/Src/stm32l4xx_ll_sdmmc.c ****   sdmmc_cmdinit.CmdIndex         = SDMMC_CMD_ERASE;
 1579              		.loc 1 771 34 is_stmt 0 view .LVU471
 1580 0006 0191     		str	r1, [sp, #4]
 772:stm/stm32l4xx/STM32L4xx_HAL_Driver/Src/stm32l4xx_ll_sdmmc.c ****   sdmmc_cmdinit.Response         = SDMMC_RESPONSE_SHORT;
 1581              		.loc 1 772 3 is_stmt 1 view .LVU472
 772:stm/stm32l4xx/STM32L4xx_HAL_Driver/Src/stm32l4xx_ll_sdmmc.c ****   sdmmc_cmdinit.Response         = SDMMC_RESPONSE_SHORT;
 1582              		.loc 1 772 34 is_stmt 0 view .LVU473
 1583 0008 2625     		movs	r5, #38
 1584 000a 0295     		str	r5, [sp, #8]
 773:stm/stm32l4xx/STM32L4xx_HAL_Driver/Src/stm32l4xx_ll_sdmmc.c ****   sdmmc_cmdinit.WaitForInterrupt = SDMMC_WAIT_NO;
 1585              		.loc 1 773 3 is_stmt 1 view .LVU474
 773:stm/stm32l4xx/STM32L4xx_HAL_Driver/Src/stm32l4xx_ll_sdmmc.c ****   sdmmc_cmdinit.WaitForInterrupt = SDMMC_WAIT_NO;
 1586              		.loc 1 773 34 is_stmt 0 view .LVU475
 1587 000c 4023     		movs	r3, #64
 1588 000e 0393     		str	r3, [sp, #12]
 774:stm/stm32l4xx/STM32L4xx_HAL_Driver/Src/stm32l4xx_ll_sdmmc.c ****   sdmmc_cmdinit.CPSM             = SDMMC_CPSM_ENABLE;
 1589              		.loc 1 774 3 is_stmt 1 view .LVU476
 774:stm/stm32l4xx/STM32L4xx_HAL_Driver/Src/stm32l4xx_ll_sdmmc.c ****   sdmmc_cmdinit.CPSM             = SDMMC_CPSM_ENABLE;
 1590              		.loc 1 774 34 is_stmt 0 view .LVU477
 1591 0010 0023     		movs	r3, #0
 1592 0012 0493     		str	r3, [sp, #16]
 775:stm/stm32l4xx/STM32L4xx_HAL_Driver/Src/stm32l4xx_ll_sdmmc.c ****   (void)SDMMC_SendCommand(SDMMCx, &sdmmc_cmdinit);
 1593              		.loc 1 775 3 is_stmt 1 view .LVU478
 775:stm/stm32l4xx/STM32L4xx_HAL_Driver/Src/stm32l4xx_ll_sdmmc.c ****   (void)SDMMC_SendCommand(SDMMCx, &sdmmc_cmdinit);
 1594              		.loc 1 775 34 is_stmt 0 view .LVU479
 1595 0014 4FF48063 		mov	r3, #1024
 1596 0018 0593     		str	r3, [sp, #20]
 776:stm/stm32l4xx/STM32L4xx_HAL_Driver/Src/stm32l4xx_ll_sdmmc.c **** 
 1597              		.loc 1 776 3 is_stmt 1 view .LVU480
 776:stm/stm32l4xx/STM32L4xx_HAL_Driver/Src/stm32l4xx_ll_sdmmc.c **** 
 1598              		.loc 1 776 9 is_stmt 0 view .LVU481
 1599 001a 01A9     		add	r1, sp, #4
 1600              	.LVL102:
 776:stm/stm32l4xx/STM32L4xx_HAL_Driver/Src/stm32l4xx_ll_sdmmc.c **** 
 1601              		.loc 1 776 9 view .LVU482
 1602 001c FFF7FEFF 		bl	SDMMC_SendCommand
 1603              	.LVL103:
 779:stm/stm32l4xx/STM32L4xx_HAL_Driver/Src/stm32l4xx_ll_sdmmc.c **** 
 1604              		.loc 1 779 3 is_stmt 1 view .LVU483
 779:stm/stm32l4xx/STM32L4xx_HAL_Driver/Src/stm32l4xx_ll_sdmmc.c **** 
 1605              		.loc 1 779 16 is_stmt 0 view .LVU484
 1606 0020 4FF21862 		movw	r2, #63000
 1607 0024 2946     		mov	r1, r5
 1608 0026 2046     		mov	r0, r4
 1609 0028 FFF7FEFF 		bl	SDMMC_GetCmdResp1
 1610              	.LVL104:
 781:stm/stm32l4xx/STM32L4xx_HAL_Driver/Src/stm32l4xx_ll_sdmmc.c **** }
 1611              		.loc 1 781 3 is_stmt 1 view .LVU485
 782:stm/stm32l4xx/STM32L4xx_HAL_Driver/Src/stm32l4xx_ll_sdmmc.c **** 
 1612              		.loc 1 782 1 is_stmt 0 view .LVU486
 1613 002c 07B0     		add	sp, sp, #28
ARM GAS  /var/tmp//ccKapYbW.s 			page 66


 1614              	.LCFI36:
 1615              		.cfi_def_cfa_offset 12
 1616              		@ sp needed
 1617 002e 30BD     		pop	{r4, r5, pc}
 782:stm/stm32l4xx/STM32L4xx_HAL_Driver/Src/stm32l4xx_ll_sdmmc.c **** 
 1618              		.loc 1 782 1 view .LVU487
 1619              		.cfi_endproc
 1620              	.LFE310:
 1622              		.section	.text.SDMMC_CmdStopTransfer,"ax",%progbits
 1623              		.align	1
 1624              		.global	SDMMC_CmdStopTransfer
 1625              		.syntax unified
 1626              		.thumb
 1627              		.thumb_func
 1629              	SDMMC_CmdStopTransfer:
 1630              	.LVL105:
 1631              	.LFB311:
 790:stm/stm32l4xx/STM32L4xx_HAL_Driver/Src/stm32l4xx_ll_sdmmc.c ****   SDMMC_CmdInitTypeDef  sdmmc_cmdinit;
 1632              		.loc 1 790 1 is_stmt 1 view -0
 1633              		.cfi_startproc
 1634              		@ args = 0, pretend = 0, frame = 24
 1635              		@ frame_needed = 0, uses_anonymous_args = 0
 790:stm/stm32l4xx/STM32L4xx_HAL_Driver/Src/stm32l4xx_ll_sdmmc.c ****   SDMMC_CmdInitTypeDef  sdmmc_cmdinit;
 1636              		.loc 1 790 1 is_stmt 0 view .LVU489
 1637 0000 30B5     		push	{r4, r5, lr}
 1638              	.LCFI37:
 1639              		.cfi_def_cfa_offset 12
 1640              		.cfi_offset 4, -12
 1641              		.cfi_offset 5, -8
 1642              		.cfi_offset 14, -4
 1643 0002 87B0     		sub	sp, sp, #28
 1644              	.LCFI38:
 1645              		.cfi_def_cfa_offset 40
 1646 0004 0446     		mov	r4, r0
 791:stm/stm32l4xx/STM32L4xx_HAL_Driver/Src/stm32l4xx_ll_sdmmc.c ****   uint32_t errorstate;
 1647              		.loc 1 791 3 is_stmt 1 view .LVU490
 792:stm/stm32l4xx/STM32L4xx_HAL_Driver/Src/stm32l4xx_ll_sdmmc.c **** 
 1648              		.loc 1 792 3 view .LVU491
 795:stm/stm32l4xx/STM32L4xx_HAL_Driver/Src/stm32l4xx_ll_sdmmc.c ****   sdmmc_cmdinit.CmdIndex         = SDMMC_CMD_STOP_TRANSMISSION;
 1649              		.loc 1 795 3 view .LVU492
 795:stm/stm32l4xx/STM32L4xx_HAL_Driver/Src/stm32l4xx_ll_sdmmc.c ****   sdmmc_cmdinit.CmdIndex         = SDMMC_CMD_STOP_TRANSMISSION;
 1650              		.loc 1 795 34 is_stmt 0 view .LVU493
 1651 0006 0023     		movs	r3, #0
 1652 0008 0193     		str	r3, [sp, #4]
 796:stm/stm32l4xx/STM32L4xx_HAL_Driver/Src/stm32l4xx_ll_sdmmc.c ****   sdmmc_cmdinit.Response         = SDMMC_RESPONSE_SHORT;
 1653              		.loc 1 796 3 is_stmt 1 view .LVU494
 796:stm/stm32l4xx/STM32L4xx_HAL_Driver/Src/stm32l4xx_ll_sdmmc.c ****   sdmmc_cmdinit.Response         = SDMMC_RESPONSE_SHORT;
 1654              		.loc 1 796 34 is_stmt 0 view .LVU495
 1655 000a 0C25     		movs	r5, #12
 1656 000c 0295     		str	r5, [sp, #8]
 797:stm/stm32l4xx/STM32L4xx_HAL_Driver/Src/stm32l4xx_ll_sdmmc.c ****   sdmmc_cmdinit.WaitForInterrupt = SDMMC_WAIT_NO;
 1657              		.loc 1 797 3 is_stmt 1 view .LVU496
 797:stm/stm32l4xx/STM32L4xx_HAL_Driver/Src/stm32l4xx_ll_sdmmc.c ****   sdmmc_cmdinit.WaitForInterrupt = SDMMC_WAIT_NO;
 1658              		.loc 1 797 34 is_stmt 0 view .LVU497
 1659 000e 4022     		movs	r2, #64
 1660 0010 0392     		str	r2, [sp, #12]
 798:stm/stm32l4xx/STM32L4xx_HAL_Driver/Src/stm32l4xx_ll_sdmmc.c ****   sdmmc_cmdinit.CPSM             = SDMMC_CPSM_ENABLE;
ARM GAS  /var/tmp//ccKapYbW.s 			page 67


 1661              		.loc 1 798 3 is_stmt 1 view .LVU498
 798:stm/stm32l4xx/STM32L4xx_HAL_Driver/Src/stm32l4xx_ll_sdmmc.c ****   sdmmc_cmdinit.CPSM             = SDMMC_CPSM_ENABLE;
 1662              		.loc 1 798 34 is_stmt 0 view .LVU499
 1663 0012 0493     		str	r3, [sp, #16]
 799:stm/stm32l4xx/STM32L4xx_HAL_Driver/Src/stm32l4xx_ll_sdmmc.c **** 
 1664              		.loc 1 799 3 is_stmt 1 view .LVU500
 799:stm/stm32l4xx/STM32L4xx_HAL_Driver/Src/stm32l4xx_ll_sdmmc.c **** 
 1665              		.loc 1 799 34 is_stmt 0 view .LVU501
 1666 0014 4FF48063 		mov	r3, #1024
 1667 0018 0593     		str	r3, [sp, #20]
 806:stm/stm32l4xx/STM32L4xx_HAL_Driver/Src/stm32l4xx_ll_sdmmc.c **** 
 1668              		.loc 1 806 3 is_stmt 1 view .LVU502
 806:stm/stm32l4xx/STM32L4xx_HAL_Driver/Src/stm32l4xx_ll_sdmmc.c **** 
 1669              		.loc 1 806 9 is_stmt 0 view .LVU503
 1670 001a 01A9     		add	r1, sp, #4
 1671 001c FFF7FEFF 		bl	SDMMC_SendCommand
 1672              	.LVL106:
 809:stm/stm32l4xx/STM32L4xx_HAL_Driver/Src/stm32l4xx_ll_sdmmc.c **** 
 1673              		.loc 1 809 3 is_stmt 1 view .LVU504
 809:stm/stm32l4xx/STM32L4xx_HAL_Driver/Src/stm32l4xx_ll_sdmmc.c **** 
 1674              		.loc 1 809 16 is_stmt 0 view .LVU505
 1675 0020 034A     		ldr	r2, .L76
 1676 0022 2946     		mov	r1, r5
 1677 0024 2046     		mov	r0, r4
 1678 0026 FFF7FEFF 		bl	SDMMC_GetCmdResp1
 1679              	.LVL107:
 815:stm/stm32l4xx/STM32L4xx_HAL_Driver/Src/stm32l4xx_ll_sdmmc.c **** }
 1680              		.loc 1 815 3 is_stmt 1 view .LVU506
 816:stm/stm32l4xx/STM32L4xx_HAL_Driver/Src/stm32l4xx_ll_sdmmc.c **** 
 1681              		.loc 1 816 1 is_stmt 0 view .LVU507
 1682 002a 07B0     		add	sp, sp, #28
 1683              	.LCFI39:
 1684              		.cfi_def_cfa_offset 12
 1685              		@ sp needed
 1686 002c 30BD     		pop	{r4, r5, pc}
 1687              	.LVL108:
 1688              	.L77:
 816:stm/stm32l4xx/STM32L4xx_HAL_Driver/Src/stm32l4xx_ll_sdmmc.c **** 
 1689              		.loc 1 816 1 view .LVU508
 1690 002e 00BF     		.align	2
 1691              	.L76:
 1692 0030 00E1F505 		.word	100000000
 1693              		.cfi_endproc
 1694              	.LFE311:
 1696              		.section	.text.SDMMC_CmdSelDesel,"ax",%progbits
 1697              		.align	1
 1698              		.global	SDMMC_CmdSelDesel
 1699              		.syntax unified
 1700              		.thumb
 1701              		.thumb_func
 1703              	SDMMC_CmdSelDesel:
 1704              	.LVL109:
 1705              	.LFB312:
 825:stm/stm32l4xx/STM32L4xx_HAL_Driver/Src/stm32l4xx_ll_sdmmc.c ****   SDMMC_CmdInitTypeDef  sdmmc_cmdinit;
 1706              		.loc 1 825 1 is_stmt 1 view -0
 1707              		.cfi_startproc
 1708              		@ args = 0, pretend = 0, frame = 24
ARM GAS  /var/tmp//ccKapYbW.s 			page 68


 1709              		@ frame_needed = 0, uses_anonymous_args = 0
 825:stm/stm32l4xx/STM32L4xx_HAL_Driver/Src/stm32l4xx_ll_sdmmc.c ****   SDMMC_CmdInitTypeDef  sdmmc_cmdinit;
 1710              		.loc 1 825 1 is_stmt 0 view .LVU510
 1711 0000 30B5     		push	{r4, r5, lr}
 1712              	.LCFI40:
 1713              		.cfi_def_cfa_offset 12
 1714              		.cfi_offset 4, -12
 1715              		.cfi_offset 5, -8
 1716              		.cfi_offset 14, -4
 1717 0002 87B0     		sub	sp, sp, #28
 1718              	.LCFI41:
 1719              		.cfi_def_cfa_offset 40
 1720 0004 0446     		mov	r4, r0
 826:stm/stm32l4xx/STM32L4xx_HAL_Driver/Src/stm32l4xx_ll_sdmmc.c ****   uint32_t errorstate;
 1721              		.loc 1 826 3 is_stmt 1 view .LVU511
 827:stm/stm32l4xx/STM32L4xx_HAL_Driver/Src/stm32l4xx_ll_sdmmc.c **** 
 1722              		.loc 1 827 3 view .LVU512
 830:stm/stm32l4xx/STM32L4xx_HAL_Driver/Src/stm32l4xx_ll_sdmmc.c ****   sdmmc_cmdinit.CmdIndex         = SDMMC_CMD_SEL_DESEL_CARD;
 1723              		.loc 1 830 3 view .LVU513
 830:stm/stm32l4xx/STM32L4xx_HAL_Driver/Src/stm32l4xx_ll_sdmmc.c ****   sdmmc_cmdinit.CmdIndex         = SDMMC_CMD_SEL_DESEL_CARD;
 1724              		.loc 1 830 34 is_stmt 0 view .LVU514
 1725 0006 0192     		str	r2, [sp, #4]
 831:stm/stm32l4xx/STM32L4xx_HAL_Driver/Src/stm32l4xx_ll_sdmmc.c ****   sdmmc_cmdinit.Response         = SDMMC_RESPONSE_SHORT;
 1726              		.loc 1 831 3 is_stmt 1 view .LVU515
 831:stm/stm32l4xx/STM32L4xx_HAL_Driver/Src/stm32l4xx_ll_sdmmc.c ****   sdmmc_cmdinit.Response         = SDMMC_RESPONSE_SHORT;
 1727              		.loc 1 831 34 is_stmt 0 view .LVU516
 1728 0008 0725     		movs	r5, #7
 1729 000a 0295     		str	r5, [sp, #8]
 832:stm/stm32l4xx/STM32L4xx_HAL_Driver/Src/stm32l4xx_ll_sdmmc.c ****   sdmmc_cmdinit.WaitForInterrupt = SDMMC_WAIT_NO;
 1730              		.loc 1 832 3 is_stmt 1 view .LVU517
 832:stm/stm32l4xx/STM32L4xx_HAL_Driver/Src/stm32l4xx_ll_sdmmc.c ****   sdmmc_cmdinit.WaitForInterrupt = SDMMC_WAIT_NO;
 1731              		.loc 1 832 34 is_stmt 0 view .LVU518
 1732 000c 4023     		movs	r3, #64
 1733 000e 0393     		str	r3, [sp, #12]
 833:stm/stm32l4xx/STM32L4xx_HAL_Driver/Src/stm32l4xx_ll_sdmmc.c ****   sdmmc_cmdinit.CPSM             = SDMMC_CPSM_ENABLE;
 1734              		.loc 1 833 3 is_stmt 1 view .LVU519
 833:stm/stm32l4xx/STM32L4xx_HAL_Driver/Src/stm32l4xx_ll_sdmmc.c ****   sdmmc_cmdinit.CPSM             = SDMMC_CPSM_ENABLE;
 1735              		.loc 1 833 34 is_stmt 0 view .LVU520
 1736 0010 0023     		movs	r3, #0
 1737 0012 0493     		str	r3, [sp, #16]
 834:stm/stm32l4xx/STM32L4xx_HAL_Driver/Src/stm32l4xx_ll_sdmmc.c ****   (void)SDMMC_SendCommand(SDMMCx, &sdmmc_cmdinit);
 1738              		.loc 1 834 3 is_stmt 1 view .LVU521
 834:stm/stm32l4xx/STM32L4xx_HAL_Driver/Src/stm32l4xx_ll_sdmmc.c ****   (void)SDMMC_SendCommand(SDMMCx, &sdmmc_cmdinit);
 1739              		.loc 1 834 34 is_stmt 0 view .LVU522
 1740 0014 4FF48063 		mov	r3, #1024
 1741 0018 0593     		str	r3, [sp, #20]
 835:stm/stm32l4xx/STM32L4xx_HAL_Driver/Src/stm32l4xx_ll_sdmmc.c **** 
 1742              		.loc 1 835 3 is_stmt 1 view .LVU523
 835:stm/stm32l4xx/STM32L4xx_HAL_Driver/Src/stm32l4xx_ll_sdmmc.c **** 
 1743              		.loc 1 835 9 is_stmt 0 view .LVU524
 1744 001a 01A9     		add	r1, sp, #4
 1745 001c FFF7FEFF 		bl	SDMMC_SendCommand
 1746              	.LVL110:
 838:stm/stm32l4xx/STM32L4xx_HAL_Driver/Src/stm32l4xx_ll_sdmmc.c **** 
 1747              		.loc 1 838 3 is_stmt 1 view .LVU525
 838:stm/stm32l4xx/STM32L4xx_HAL_Driver/Src/stm32l4xx_ll_sdmmc.c **** 
 1748              		.loc 1 838 16 is_stmt 0 view .LVU526
ARM GAS  /var/tmp//ccKapYbW.s 			page 69


 1749 0020 41F28832 		movw	r2, #5000
 1750 0024 2946     		mov	r1, r5
 1751 0026 2046     		mov	r0, r4
 1752 0028 FFF7FEFF 		bl	SDMMC_GetCmdResp1
 1753              	.LVL111:
 840:stm/stm32l4xx/STM32L4xx_HAL_Driver/Src/stm32l4xx_ll_sdmmc.c **** }
 1754              		.loc 1 840 3 is_stmt 1 view .LVU527
 841:stm/stm32l4xx/STM32L4xx_HAL_Driver/Src/stm32l4xx_ll_sdmmc.c **** 
 1755              		.loc 1 841 1 is_stmt 0 view .LVU528
 1756 002c 07B0     		add	sp, sp, #28
 1757              	.LCFI42:
 1758              		.cfi_def_cfa_offset 12
 1759              		@ sp needed
 1760 002e 30BD     		pop	{r4, r5, pc}
 841:stm/stm32l4xx/STM32L4xx_HAL_Driver/Src/stm32l4xx_ll_sdmmc.c **** 
 1761              		.loc 1 841 1 view .LVU529
 1762              		.cfi_endproc
 1763              	.LFE312:
 1765              		.section	.text.SDMMC_CmdAppCommand,"ax",%progbits
 1766              		.align	1
 1767              		.global	SDMMC_CmdAppCommand
 1768              		.syntax unified
 1769              		.thumb
 1770              		.thumb_func
 1772              	SDMMC_CmdAppCommand:
 1773              	.LVL112:
 1774              	.LFB315:
 903:stm/stm32l4xx/STM32L4xx_HAL_Driver/Src/stm32l4xx_ll_sdmmc.c ****   SDMMC_CmdInitTypeDef  sdmmc_cmdinit;
 1775              		.loc 1 903 1 is_stmt 1 view -0
 1776              		.cfi_startproc
 1777              		@ args = 0, pretend = 0, frame = 24
 1778              		@ frame_needed = 0, uses_anonymous_args = 0
 903:stm/stm32l4xx/STM32L4xx_HAL_Driver/Src/stm32l4xx_ll_sdmmc.c ****   SDMMC_CmdInitTypeDef  sdmmc_cmdinit;
 1779              		.loc 1 903 1 is_stmt 0 view .LVU531
 1780 0000 30B5     		push	{r4, r5, lr}
 1781              	.LCFI43:
 1782              		.cfi_def_cfa_offset 12
 1783              		.cfi_offset 4, -12
 1784              		.cfi_offset 5, -8
 1785              		.cfi_offset 14, -4
 1786 0002 87B0     		sub	sp, sp, #28
 1787              	.LCFI44:
 1788              		.cfi_def_cfa_offset 40
 1789 0004 0446     		mov	r4, r0
 904:stm/stm32l4xx/STM32L4xx_HAL_Driver/Src/stm32l4xx_ll_sdmmc.c ****   uint32_t errorstate;
 1790              		.loc 1 904 3 is_stmt 1 view .LVU532
 905:stm/stm32l4xx/STM32L4xx_HAL_Driver/Src/stm32l4xx_ll_sdmmc.c **** 
 1791              		.loc 1 905 3 view .LVU533
 907:stm/stm32l4xx/STM32L4xx_HAL_Driver/Src/stm32l4xx_ll_sdmmc.c ****   sdmmc_cmdinit.CmdIndex         = SDMMC_CMD_APP_CMD;
 1792              		.loc 1 907 3 view .LVU534
 907:stm/stm32l4xx/STM32L4xx_HAL_Driver/Src/stm32l4xx_ll_sdmmc.c ****   sdmmc_cmdinit.CmdIndex         = SDMMC_CMD_APP_CMD;
 1793              		.loc 1 907 34 is_stmt 0 view .LVU535
 1794 0006 0191     		str	r1, [sp, #4]
 908:stm/stm32l4xx/STM32L4xx_HAL_Driver/Src/stm32l4xx_ll_sdmmc.c ****   sdmmc_cmdinit.Response         = SDMMC_RESPONSE_SHORT;
 1795              		.loc 1 908 3 is_stmt 1 view .LVU536
 908:stm/stm32l4xx/STM32L4xx_HAL_Driver/Src/stm32l4xx_ll_sdmmc.c ****   sdmmc_cmdinit.Response         = SDMMC_RESPONSE_SHORT;
 1796              		.loc 1 908 34 is_stmt 0 view .LVU537
ARM GAS  /var/tmp//ccKapYbW.s 			page 70


 1797 0008 3725     		movs	r5, #55
 1798 000a 0295     		str	r5, [sp, #8]
 909:stm/stm32l4xx/STM32L4xx_HAL_Driver/Src/stm32l4xx_ll_sdmmc.c ****   sdmmc_cmdinit.WaitForInterrupt = SDMMC_WAIT_NO;
 1799              		.loc 1 909 3 is_stmt 1 view .LVU538
 909:stm/stm32l4xx/STM32L4xx_HAL_Driver/Src/stm32l4xx_ll_sdmmc.c ****   sdmmc_cmdinit.WaitForInterrupt = SDMMC_WAIT_NO;
 1800              		.loc 1 909 34 is_stmt 0 view .LVU539
 1801 000c 4023     		movs	r3, #64
 1802 000e 0393     		str	r3, [sp, #12]
 910:stm/stm32l4xx/STM32L4xx_HAL_Driver/Src/stm32l4xx_ll_sdmmc.c ****   sdmmc_cmdinit.CPSM             = SDMMC_CPSM_ENABLE;
 1803              		.loc 1 910 3 is_stmt 1 view .LVU540
 910:stm/stm32l4xx/STM32L4xx_HAL_Driver/Src/stm32l4xx_ll_sdmmc.c ****   sdmmc_cmdinit.CPSM             = SDMMC_CPSM_ENABLE;
 1804              		.loc 1 910 34 is_stmt 0 view .LVU541
 1805 0010 0023     		movs	r3, #0
 1806 0012 0493     		str	r3, [sp, #16]
 911:stm/stm32l4xx/STM32L4xx_HAL_Driver/Src/stm32l4xx_ll_sdmmc.c ****   (void)SDMMC_SendCommand(SDMMCx, &sdmmc_cmdinit);
 1807              		.loc 1 911 3 is_stmt 1 view .LVU542
 911:stm/stm32l4xx/STM32L4xx_HAL_Driver/Src/stm32l4xx_ll_sdmmc.c ****   (void)SDMMC_SendCommand(SDMMCx, &sdmmc_cmdinit);
 1808              		.loc 1 911 34 is_stmt 0 view .LVU543
 1809 0014 4FF48063 		mov	r3, #1024
 1810 0018 0593     		str	r3, [sp, #20]
 912:stm/stm32l4xx/STM32L4xx_HAL_Driver/Src/stm32l4xx_ll_sdmmc.c **** 
 1811              		.loc 1 912 3 is_stmt 1 view .LVU544
 912:stm/stm32l4xx/STM32L4xx_HAL_Driver/Src/stm32l4xx_ll_sdmmc.c **** 
 1812              		.loc 1 912 9 is_stmt 0 view .LVU545
 1813 001a 01A9     		add	r1, sp, #4
 1814              	.LVL113:
 912:stm/stm32l4xx/STM32L4xx_HAL_Driver/Src/stm32l4xx_ll_sdmmc.c **** 
 1815              		.loc 1 912 9 view .LVU546
 1816 001c FFF7FEFF 		bl	SDMMC_SendCommand
 1817              	.LVL114:
 918:stm/stm32l4xx/STM32L4xx_HAL_Driver/Src/stm32l4xx_ll_sdmmc.c **** 
 1818              		.loc 1 918 3 is_stmt 1 view .LVU547
 918:stm/stm32l4xx/STM32L4xx_HAL_Driver/Src/stm32l4xx_ll_sdmmc.c **** 
 1819              		.loc 1 918 16 is_stmt 0 view .LVU548
 1820 0020 41F28832 		movw	r2, #5000
 1821 0024 2946     		mov	r1, r5
 1822 0026 2046     		mov	r0, r4
 1823 0028 FFF7FEFF 		bl	SDMMC_GetCmdResp1
 1824              	.LVL115:
 920:stm/stm32l4xx/STM32L4xx_HAL_Driver/Src/stm32l4xx_ll_sdmmc.c **** }
 1825              		.loc 1 920 3 is_stmt 1 view .LVU549
 921:stm/stm32l4xx/STM32L4xx_HAL_Driver/Src/stm32l4xx_ll_sdmmc.c **** 
 1826              		.loc 1 921 1 is_stmt 0 view .LVU550
 1827 002c 07B0     		add	sp, sp, #28
 1828              	.LCFI45:
 1829              		.cfi_def_cfa_offset 12
 1830              		@ sp needed
 1831 002e 30BD     		pop	{r4, r5, pc}
 921:stm/stm32l4xx/STM32L4xx_HAL_Driver/Src/stm32l4xx_ll_sdmmc.c **** 
 1832              		.loc 1 921 1 view .LVU551
 1833              		.cfi_endproc
 1834              	.LFE315:
 1836              		.section	.text.SDMMC_CmdBusWidth,"ax",%progbits
 1837              		.align	1
 1838              		.global	SDMMC_CmdBusWidth
 1839              		.syntax unified
 1840              		.thumb
ARM GAS  /var/tmp//ccKapYbW.s 			page 71


 1841              		.thumb_func
 1843              	SDMMC_CmdBusWidth:
 1844              	.LVL116:
 1845              	.LFB317:
 959:stm/stm32l4xx/STM32L4xx_HAL_Driver/Src/stm32l4xx_ll_sdmmc.c ****   SDMMC_CmdInitTypeDef  sdmmc_cmdinit;
 1846              		.loc 1 959 1 is_stmt 1 view -0
 1847              		.cfi_startproc
 1848              		@ args = 0, pretend = 0, frame = 24
 1849              		@ frame_needed = 0, uses_anonymous_args = 0
 959:stm/stm32l4xx/STM32L4xx_HAL_Driver/Src/stm32l4xx_ll_sdmmc.c ****   SDMMC_CmdInitTypeDef  sdmmc_cmdinit;
 1850              		.loc 1 959 1 is_stmt 0 view .LVU553
 1851 0000 30B5     		push	{r4, r5, lr}
 1852              	.LCFI46:
 1853              		.cfi_def_cfa_offset 12
 1854              		.cfi_offset 4, -12
 1855              		.cfi_offset 5, -8
 1856              		.cfi_offset 14, -4
 1857 0002 87B0     		sub	sp, sp, #28
 1858              	.LCFI47:
 1859              		.cfi_def_cfa_offset 40
 1860 0004 0446     		mov	r4, r0
 960:stm/stm32l4xx/STM32L4xx_HAL_Driver/Src/stm32l4xx_ll_sdmmc.c ****   uint32_t errorstate;
 1861              		.loc 1 960 3 is_stmt 1 view .LVU554
 961:stm/stm32l4xx/STM32L4xx_HAL_Driver/Src/stm32l4xx_ll_sdmmc.c **** 
 1862              		.loc 1 961 3 view .LVU555
 963:stm/stm32l4xx/STM32L4xx_HAL_Driver/Src/stm32l4xx_ll_sdmmc.c ****   sdmmc_cmdinit.CmdIndex         = SDMMC_CMD_APP_SD_SET_BUSWIDTH;
 1863              		.loc 1 963 3 view .LVU556
 963:stm/stm32l4xx/STM32L4xx_HAL_Driver/Src/stm32l4xx_ll_sdmmc.c ****   sdmmc_cmdinit.CmdIndex         = SDMMC_CMD_APP_SD_SET_BUSWIDTH;
 1864              		.loc 1 963 34 is_stmt 0 view .LVU557
 1865 0006 0191     		str	r1, [sp, #4]
 964:stm/stm32l4xx/STM32L4xx_HAL_Driver/Src/stm32l4xx_ll_sdmmc.c ****   sdmmc_cmdinit.Response         = SDMMC_RESPONSE_SHORT;
 1866              		.loc 1 964 3 is_stmt 1 view .LVU558
 964:stm/stm32l4xx/STM32L4xx_HAL_Driver/Src/stm32l4xx_ll_sdmmc.c ****   sdmmc_cmdinit.Response         = SDMMC_RESPONSE_SHORT;
 1867              		.loc 1 964 34 is_stmt 0 view .LVU559
 1868 0008 0625     		movs	r5, #6
 1869 000a 0295     		str	r5, [sp, #8]
 965:stm/stm32l4xx/STM32L4xx_HAL_Driver/Src/stm32l4xx_ll_sdmmc.c ****   sdmmc_cmdinit.WaitForInterrupt = SDMMC_WAIT_NO;
 1870              		.loc 1 965 3 is_stmt 1 view .LVU560
 965:stm/stm32l4xx/STM32L4xx_HAL_Driver/Src/stm32l4xx_ll_sdmmc.c ****   sdmmc_cmdinit.WaitForInterrupt = SDMMC_WAIT_NO;
 1871              		.loc 1 965 34 is_stmt 0 view .LVU561
 1872 000c 4023     		movs	r3, #64
 1873 000e 0393     		str	r3, [sp, #12]
 966:stm/stm32l4xx/STM32L4xx_HAL_Driver/Src/stm32l4xx_ll_sdmmc.c ****   sdmmc_cmdinit.CPSM             = SDMMC_CPSM_ENABLE;
 1874              		.loc 1 966 3 is_stmt 1 view .LVU562
 966:stm/stm32l4xx/STM32L4xx_HAL_Driver/Src/stm32l4xx_ll_sdmmc.c ****   sdmmc_cmdinit.CPSM             = SDMMC_CPSM_ENABLE;
 1875              		.loc 1 966 34 is_stmt 0 view .LVU563
 1876 0010 0023     		movs	r3, #0
 1877 0012 0493     		str	r3, [sp, #16]
 967:stm/stm32l4xx/STM32L4xx_HAL_Driver/Src/stm32l4xx_ll_sdmmc.c ****   (void)SDMMC_SendCommand(SDMMCx, &sdmmc_cmdinit);
 1878              		.loc 1 967 3 is_stmt 1 view .LVU564
 967:stm/stm32l4xx/STM32L4xx_HAL_Driver/Src/stm32l4xx_ll_sdmmc.c ****   (void)SDMMC_SendCommand(SDMMCx, &sdmmc_cmdinit);
 1879              		.loc 1 967 34 is_stmt 0 view .LVU565
 1880 0014 4FF48063 		mov	r3, #1024
 1881 0018 0593     		str	r3, [sp, #20]
 968:stm/stm32l4xx/STM32L4xx_HAL_Driver/Src/stm32l4xx_ll_sdmmc.c **** 
 1882              		.loc 1 968 3 is_stmt 1 view .LVU566
 968:stm/stm32l4xx/STM32L4xx_HAL_Driver/Src/stm32l4xx_ll_sdmmc.c **** 
ARM GAS  /var/tmp//ccKapYbW.s 			page 72


 1883              		.loc 1 968 9 is_stmt 0 view .LVU567
 1884 001a 01A9     		add	r1, sp, #4
 1885              	.LVL117:
 968:stm/stm32l4xx/STM32L4xx_HAL_Driver/Src/stm32l4xx_ll_sdmmc.c **** 
 1886              		.loc 1 968 9 view .LVU568
 1887 001c FFF7FEFF 		bl	SDMMC_SendCommand
 1888              	.LVL118:
 971:stm/stm32l4xx/STM32L4xx_HAL_Driver/Src/stm32l4xx_ll_sdmmc.c **** 
 1889              		.loc 1 971 3 is_stmt 1 view .LVU569
 971:stm/stm32l4xx/STM32L4xx_HAL_Driver/Src/stm32l4xx_ll_sdmmc.c **** 
 1890              		.loc 1 971 16 is_stmt 0 view .LVU570
 1891 0020 41F28832 		movw	r2, #5000
 1892 0024 2946     		mov	r1, r5
 1893 0026 2046     		mov	r0, r4
 1894 0028 FFF7FEFF 		bl	SDMMC_GetCmdResp1
 1895              	.LVL119:
 973:stm/stm32l4xx/STM32L4xx_HAL_Driver/Src/stm32l4xx_ll_sdmmc.c **** }
 1896              		.loc 1 973 3 is_stmt 1 view .LVU571
 974:stm/stm32l4xx/STM32L4xx_HAL_Driver/Src/stm32l4xx_ll_sdmmc.c **** 
 1897              		.loc 1 974 1 is_stmt 0 view .LVU572
 1898 002c 07B0     		add	sp, sp, #28
 1899              	.LCFI48:
 1900              		.cfi_def_cfa_offset 12
 1901              		@ sp needed
 1902 002e 30BD     		pop	{r4, r5, pc}
 974:stm/stm32l4xx/STM32L4xx_HAL_Driver/Src/stm32l4xx_ll_sdmmc.c **** 
 1903              		.loc 1 974 1 view .LVU573
 1904              		.cfi_endproc
 1905              	.LFE317:
 1907              		.section	.text.SDMMC_CmdSendSCR,"ax",%progbits
 1908              		.align	1
 1909              		.global	SDMMC_CmdSendSCR
 1910              		.syntax unified
 1911              		.thumb
 1912              		.thumb_func
 1914              	SDMMC_CmdSendSCR:
 1915              	.LVL120:
 1916              	.LFB318:
 982:stm/stm32l4xx/STM32L4xx_HAL_Driver/Src/stm32l4xx_ll_sdmmc.c ****   SDMMC_CmdInitTypeDef  sdmmc_cmdinit;
 1917              		.loc 1 982 1 is_stmt 1 view -0
 1918              		.cfi_startproc
 1919              		@ args = 0, pretend = 0, frame = 24
 1920              		@ frame_needed = 0, uses_anonymous_args = 0
 982:stm/stm32l4xx/STM32L4xx_HAL_Driver/Src/stm32l4xx_ll_sdmmc.c ****   SDMMC_CmdInitTypeDef  sdmmc_cmdinit;
 1921              		.loc 1 982 1 is_stmt 0 view .LVU575
 1922 0000 30B5     		push	{r4, r5, lr}
 1923              	.LCFI49:
 1924              		.cfi_def_cfa_offset 12
 1925              		.cfi_offset 4, -12
 1926              		.cfi_offset 5, -8
 1927              		.cfi_offset 14, -4
 1928 0002 87B0     		sub	sp, sp, #28
 1929              	.LCFI50:
 1930              		.cfi_def_cfa_offset 40
 1931 0004 0446     		mov	r4, r0
 983:stm/stm32l4xx/STM32L4xx_HAL_Driver/Src/stm32l4xx_ll_sdmmc.c ****   uint32_t errorstate;
 1932              		.loc 1 983 3 is_stmt 1 view .LVU576
ARM GAS  /var/tmp//ccKapYbW.s 			page 73


 984:stm/stm32l4xx/STM32L4xx_HAL_Driver/Src/stm32l4xx_ll_sdmmc.c **** 
 1933              		.loc 1 984 3 view .LVU577
 987:stm/stm32l4xx/STM32L4xx_HAL_Driver/Src/stm32l4xx_ll_sdmmc.c ****   sdmmc_cmdinit.CmdIndex         = SDMMC_CMD_SD_APP_SEND_SCR;
 1934              		.loc 1 987 3 view .LVU578
 987:stm/stm32l4xx/STM32L4xx_HAL_Driver/Src/stm32l4xx_ll_sdmmc.c ****   sdmmc_cmdinit.CmdIndex         = SDMMC_CMD_SD_APP_SEND_SCR;
 1935              		.loc 1 987 34 is_stmt 0 view .LVU579
 1936 0006 0023     		movs	r3, #0
 1937 0008 0193     		str	r3, [sp, #4]
 988:stm/stm32l4xx/STM32L4xx_HAL_Driver/Src/stm32l4xx_ll_sdmmc.c ****   sdmmc_cmdinit.Response         = SDMMC_RESPONSE_SHORT;
 1938              		.loc 1 988 3 is_stmt 1 view .LVU580
 988:stm/stm32l4xx/STM32L4xx_HAL_Driver/Src/stm32l4xx_ll_sdmmc.c ****   sdmmc_cmdinit.Response         = SDMMC_RESPONSE_SHORT;
 1939              		.loc 1 988 34 is_stmt 0 view .LVU581
 1940 000a 3325     		movs	r5, #51
 1941 000c 0295     		str	r5, [sp, #8]
 989:stm/stm32l4xx/STM32L4xx_HAL_Driver/Src/stm32l4xx_ll_sdmmc.c ****   sdmmc_cmdinit.WaitForInterrupt = SDMMC_WAIT_NO;
 1942              		.loc 1 989 3 is_stmt 1 view .LVU582
 989:stm/stm32l4xx/STM32L4xx_HAL_Driver/Src/stm32l4xx_ll_sdmmc.c ****   sdmmc_cmdinit.WaitForInterrupt = SDMMC_WAIT_NO;
 1943              		.loc 1 989 34 is_stmt 0 view .LVU583
 1944 000e 4022     		movs	r2, #64
 1945 0010 0392     		str	r2, [sp, #12]
 990:stm/stm32l4xx/STM32L4xx_HAL_Driver/Src/stm32l4xx_ll_sdmmc.c ****   sdmmc_cmdinit.CPSM             = SDMMC_CPSM_ENABLE;
 1946              		.loc 1 990 3 is_stmt 1 view .LVU584
 990:stm/stm32l4xx/STM32L4xx_HAL_Driver/Src/stm32l4xx_ll_sdmmc.c ****   sdmmc_cmdinit.CPSM             = SDMMC_CPSM_ENABLE;
 1947              		.loc 1 990 34 is_stmt 0 view .LVU585
 1948 0012 0493     		str	r3, [sp, #16]
 991:stm/stm32l4xx/STM32L4xx_HAL_Driver/Src/stm32l4xx_ll_sdmmc.c ****   (void)SDMMC_SendCommand(SDMMCx, &sdmmc_cmdinit);
 1949              		.loc 1 991 3 is_stmt 1 view .LVU586
 991:stm/stm32l4xx/STM32L4xx_HAL_Driver/Src/stm32l4xx_ll_sdmmc.c ****   (void)SDMMC_SendCommand(SDMMCx, &sdmmc_cmdinit);
 1950              		.loc 1 991 34 is_stmt 0 view .LVU587
 1951 0014 4FF48063 		mov	r3, #1024
 1952 0018 0593     		str	r3, [sp, #20]
 992:stm/stm32l4xx/STM32L4xx_HAL_Driver/Src/stm32l4xx_ll_sdmmc.c **** 
 1953              		.loc 1 992 3 is_stmt 1 view .LVU588
 992:stm/stm32l4xx/STM32L4xx_HAL_Driver/Src/stm32l4xx_ll_sdmmc.c **** 
 1954              		.loc 1 992 9 is_stmt 0 view .LVU589
 1955 001a 01A9     		add	r1, sp, #4
 1956 001c FFF7FEFF 		bl	SDMMC_SendCommand
 1957              	.LVL121:
 995:stm/stm32l4xx/STM32L4xx_HAL_Driver/Src/stm32l4xx_ll_sdmmc.c **** 
 1958              		.loc 1 995 3 is_stmt 1 view .LVU590
 995:stm/stm32l4xx/STM32L4xx_HAL_Driver/Src/stm32l4xx_ll_sdmmc.c **** 
 1959              		.loc 1 995 16 is_stmt 0 view .LVU591
 1960 0020 41F28832 		movw	r2, #5000
 1961 0024 2946     		mov	r1, r5
 1962 0026 2046     		mov	r0, r4
 1963 0028 FFF7FEFF 		bl	SDMMC_GetCmdResp1
 1964              	.LVL122:
 997:stm/stm32l4xx/STM32L4xx_HAL_Driver/Src/stm32l4xx_ll_sdmmc.c **** }
 1965              		.loc 1 997 3 is_stmt 1 view .LVU592
 998:stm/stm32l4xx/STM32L4xx_HAL_Driver/Src/stm32l4xx_ll_sdmmc.c **** 
 1966              		.loc 1 998 1 is_stmt 0 view .LVU593
 1967 002c 07B0     		add	sp, sp, #28
 1968              	.LCFI51:
 1969              		.cfi_def_cfa_offset 12
 1970              		@ sp needed
 1971 002e 30BD     		pop	{r4, r5, pc}
 998:stm/stm32l4xx/STM32L4xx_HAL_Driver/Src/stm32l4xx_ll_sdmmc.c **** 
ARM GAS  /var/tmp//ccKapYbW.s 			page 74


 1972              		.loc 1 998 1 view .LVU594
 1973              		.cfi_endproc
 1974              	.LFE318:
 1976              		.section	.text.SDMMC_CmdSetRelAddMmc,"ax",%progbits
 1977              		.align	1
 1978              		.global	SDMMC_CmdSetRelAddMmc
 1979              		.syntax unified
 1980              		.thumb
 1981              		.thumb_func
 1983              	SDMMC_CmdSetRelAddMmc:
 1984              	.LVL123:
 1985              	.LFB322:
1081:stm/stm32l4xx/STM32L4xx_HAL_Driver/Src/stm32l4xx_ll_sdmmc.c ****   SDMMC_CmdInitTypeDef  sdmmc_cmdinit;
 1986              		.loc 1 1081 1 is_stmt 1 view -0
 1987              		.cfi_startproc
 1988              		@ args = 0, pretend = 0, frame = 24
 1989              		@ frame_needed = 0, uses_anonymous_args = 0
1081:stm/stm32l4xx/STM32L4xx_HAL_Driver/Src/stm32l4xx_ll_sdmmc.c ****   SDMMC_CmdInitTypeDef  sdmmc_cmdinit;
 1990              		.loc 1 1081 1 is_stmt 0 view .LVU596
 1991 0000 30B5     		push	{r4, r5, lr}
 1992              	.LCFI52:
 1993              		.cfi_def_cfa_offset 12
 1994              		.cfi_offset 4, -12
 1995              		.cfi_offset 5, -8
 1996              		.cfi_offset 14, -4
 1997 0002 87B0     		sub	sp, sp, #28
 1998              	.LCFI53:
 1999              		.cfi_def_cfa_offset 40
 2000 0004 0446     		mov	r4, r0
1082:stm/stm32l4xx/STM32L4xx_HAL_Driver/Src/stm32l4xx_ll_sdmmc.c ****   uint32_t errorstate;
 2001              		.loc 1 1082 3 is_stmt 1 view .LVU597
1083:stm/stm32l4xx/STM32L4xx_HAL_Driver/Src/stm32l4xx_ll_sdmmc.c **** 
 2002              		.loc 1 1083 3 view .LVU598
1086:stm/stm32l4xx/STM32L4xx_HAL_Driver/Src/stm32l4xx_ll_sdmmc.c ****   sdmmc_cmdinit.CmdIndex         = SDMMC_CMD_SET_REL_ADDR;
 2003              		.loc 1 1086 3 view .LVU599
1086:stm/stm32l4xx/STM32L4xx_HAL_Driver/Src/stm32l4xx_ll_sdmmc.c ****   sdmmc_cmdinit.CmdIndex         = SDMMC_CMD_SET_REL_ADDR;
 2004              		.loc 1 1086 51 is_stmt 0 view .LVU600
 2005 0006 0904     		lsls	r1, r1, #16
 2006              	.LVL124:
1086:stm/stm32l4xx/STM32L4xx_HAL_Driver/Src/stm32l4xx_ll_sdmmc.c ****   sdmmc_cmdinit.CmdIndex         = SDMMC_CMD_SET_REL_ADDR;
 2007              		.loc 1 1086 34 view .LVU601
 2008 0008 0191     		str	r1, [sp, #4]
1087:stm/stm32l4xx/STM32L4xx_HAL_Driver/Src/stm32l4xx_ll_sdmmc.c ****   sdmmc_cmdinit.Response         = SDMMC_RESPONSE_SHORT;
 2009              		.loc 1 1087 3 is_stmt 1 view .LVU602
1087:stm/stm32l4xx/STM32L4xx_HAL_Driver/Src/stm32l4xx_ll_sdmmc.c ****   sdmmc_cmdinit.Response         = SDMMC_RESPONSE_SHORT;
 2010              		.loc 1 1087 34 is_stmt 0 view .LVU603
 2011 000a 0325     		movs	r5, #3
 2012 000c 0295     		str	r5, [sp, #8]
1088:stm/stm32l4xx/STM32L4xx_HAL_Driver/Src/stm32l4xx_ll_sdmmc.c ****   sdmmc_cmdinit.WaitForInterrupt = SDMMC_WAIT_NO;
 2013              		.loc 1 1088 3 is_stmt 1 view .LVU604
1088:stm/stm32l4xx/STM32L4xx_HAL_Driver/Src/stm32l4xx_ll_sdmmc.c ****   sdmmc_cmdinit.WaitForInterrupt = SDMMC_WAIT_NO;
 2014              		.loc 1 1088 34 is_stmt 0 view .LVU605
 2015 000e 4023     		movs	r3, #64
 2016 0010 0393     		str	r3, [sp, #12]
1089:stm/stm32l4xx/STM32L4xx_HAL_Driver/Src/stm32l4xx_ll_sdmmc.c ****   sdmmc_cmdinit.CPSM             = SDMMC_CPSM_ENABLE;
 2017              		.loc 1 1089 3 is_stmt 1 view .LVU606
1089:stm/stm32l4xx/STM32L4xx_HAL_Driver/Src/stm32l4xx_ll_sdmmc.c ****   sdmmc_cmdinit.CPSM             = SDMMC_CPSM_ENABLE;
ARM GAS  /var/tmp//ccKapYbW.s 			page 75


 2018              		.loc 1 1089 34 is_stmt 0 view .LVU607
 2019 0012 0023     		movs	r3, #0
 2020 0014 0493     		str	r3, [sp, #16]
1090:stm/stm32l4xx/STM32L4xx_HAL_Driver/Src/stm32l4xx_ll_sdmmc.c ****   (void)SDMMC_SendCommand(SDMMCx, &sdmmc_cmdinit);
 2021              		.loc 1 1090 3 is_stmt 1 view .LVU608
1090:stm/stm32l4xx/STM32L4xx_HAL_Driver/Src/stm32l4xx_ll_sdmmc.c ****   (void)SDMMC_SendCommand(SDMMCx, &sdmmc_cmdinit);
 2022              		.loc 1 1090 34 is_stmt 0 view .LVU609
 2023 0016 4FF48063 		mov	r3, #1024
 2024 001a 0593     		str	r3, [sp, #20]
1091:stm/stm32l4xx/STM32L4xx_HAL_Driver/Src/stm32l4xx_ll_sdmmc.c **** 
 2025              		.loc 1 1091 3 is_stmt 1 view .LVU610
1091:stm/stm32l4xx/STM32L4xx_HAL_Driver/Src/stm32l4xx_ll_sdmmc.c **** 
 2026              		.loc 1 1091 9 is_stmt 0 view .LVU611
 2027 001c 01A9     		add	r1, sp, #4
 2028 001e FFF7FEFF 		bl	SDMMC_SendCommand
 2029              	.LVL125:
1094:stm/stm32l4xx/STM32L4xx_HAL_Driver/Src/stm32l4xx_ll_sdmmc.c **** 
 2030              		.loc 1 1094 3 is_stmt 1 view .LVU612
1094:stm/stm32l4xx/STM32L4xx_HAL_Driver/Src/stm32l4xx_ll_sdmmc.c **** 
 2031              		.loc 1 1094 16 is_stmt 0 view .LVU613
 2032 0022 41F28832 		movw	r2, #5000
 2033 0026 2946     		mov	r1, r5
 2034 0028 2046     		mov	r0, r4
 2035 002a FFF7FEFF 		bl	SDMMC_GetCmdResp1
 2036              	.LVL126:
1096:stm/stm32l4xx/STM32L4xx_HAL_Driver/Src/stm32l4xx_ll_sdmmc.c **** }
 2037              		.loc 1 1096 3 is_stmt 1 view .LVU614
1097:stm/stm32l4xx/STM32L4xx_HAL_Driver/Src/stm32l4xx_ll_sdmmc.c **** 
 2038              		.loc 1 1097 1 is_stmt 0 view .LVU615
 2039 002e 07B0     		add	sp, sp, #28
 2040              	.LCFI54:
 2041              		.cfi_def_cfa_offset 12
 2042              		@ sp needed
 2043 0030 30BD     		pop	{r4, r5, pc}
1097:stm/stm32l4xx/STM32L4xx_HAL_Driver/Src/stm32l4xx_ll_sdmmc.c **** 
 2044              		.loc 1 1097 1 view .LVU616
 2045              		.cfi_endproc
 2046              	.LFE322:
 2048              		.section	.text.SDMMC_CmdSleepMmc,"ax",%progbits
 2049              		.align	1
 2050              		.global	SDMMC_CmdSleepMmc
 2051              		.syntax unified
 2052              		.thumb
 2053              		.thumb_func
 2055              	SDMMC_CmdSleepMmc:
 2056              	.LVL127:
 2057              	.LFB323:
1106:stm/stm32l4xx/STM32L4xx_HAL_Driver/Src/stm32l4xx_ll_sdmmc.c ****   SDMMC_CmdInitTypeDef  sdmmc_cmdinit;
 2058              		.loc 1 1106 1 is_stmt 1 view -0
 2059              		.cfi_startproc
 2060              		@ args = 0, pretend = 0, frame = 24
 2061              		@ frame_needed = 0, uses_anonymous_args = 0
1106:stm/stm32l4xx/STM32L4xx_HAL_Driver/Src/stm32l4xx_ll_sdmmc.c ****   SDMMC_CmdInitTypeDef  sdmmc_cmdinit;
 2062              		.loc 1 1106 1 is_stmt 0 view .LVU618
 2063 0000 30B5     		push	{r4, r5, lr}
 2064              	.LCFI55:
 2065              		.cfi_def_cfa_offset 12
ARM GAS  /var/tmp//ccKapYbW.s 			page 76


 2066              		.cfi_offset 4, -12
 2067              		.cfi_offset 5, -8
 2068              		.cfi_offset 14, -4
 2069 0002 87B0     		sub	sp, sp, #28
 2070              	.LCFI56:
 2071              		.cfi_def_cfa_offset 40
 2072 0004 0446     		mov	r4, r0
1107:stm/stm32l4xx/STM32L4xx_HAL_Driver/Src/stm32l4xx_ll_sdmmc.c ****   uint32_t errorstate;
 2073              		.loc 1 1107 3 is_stmt 1 view .LVU619
1108:stm/stm32l4xx/STM32L4xx_HAL_Driver/Src/stm32l4xx_ll_sdmmc.c **** 
 2074              		.loc 1 1108 3 view .LVU620
1111:stm/stm32l4xx/STM32L4xx_HAL_Driver/Src/stm32l4xx_ll_sdmmc.c ****   sdmmc_cmdinit.CmdIndex         = SDMMC_CMD_MMC_SLEEP_AWAKE;
 2075              		.loc 1 1111 3 view .LVU621
1111:stm/stm32l4xx/STM32L4xx_HAL_Driver/Src/stm32l4xx_ll_sdmmc.c ****   sdmmc_cmdinit.CmdIndex         = SDMMC_CMD_MMC_SLEEP_AWAKE;
 2076              		.loc 1 1111 34 is_stmt 0 view .LVU622
 2077 0006 0191     		str	r1, [sp, #4]
1112:stm/stm32l4xx/STM32L4xx_HAL_Driver/Src/stm32l4xx_ll_sdmmc.c ****   sdmmc_cmdinit.Response         = SDMMC_RESPONSE_SHORT;
 2078              		.loc 1 1112 3 is_stmt 1 view .LVU623
1112:stm/stm32l4xx/STM32L4xx_HAL_Driver/Src/stm32l4xx_ll_sdmmc.c ****   sdmmc_cmdinit.Response         = SDMMC_RESPONSE_SHORT;
 2079              		.loc 1 1112 34 is_stmt 0 view .LVU624
 2080 0008 0525     		movs	r5, #5
 2081 000a 0295     		str	r5, [sp, #8]
1113:stm/stm32l4xx/STM32L4xx_HAL_Driver/Src/stm32l4xx_ll_sdmmc.c ****   sdmmc_cmdinit.WaitForInterrupt = SDMMC_WAIT_NO;
 2082              		.loc 1 1113 3 is_stmt 1 view .LVU625
1113:stm/stm32l4xx/STM32L4xx_HAL_Driver/Src/stm32l4xx_ll_sdmmc.c ****   sdmmc_cmdinit.WaitForInterrupt = SDMMC_WAIT_NO;
 2083              		.loc 1 1113 34 is_stmt 0 view .LVU626
 2084 000c 4023     		movs	r3, #64
 2085 000e 0393     		str	r3, [sp, #12]
1114:stm/stm32l4xx/STM32L4xx_HAL_Driver/Src/stm32l4xx_ll_sdmmc.c ****   sdmmc_cmdinit.CPSM             = SDMMC_CPSM_ENABLE;
 2086              		.loc 1 1114 3 is_stmt 1 view .LVU627
1114:stm/stm32l4xx/STM32L4xx_HAL_Driver/Src/stm32l4xx_ll_sdmmc.c ****   sdmmc_cmdinit.CPSM             = SDMMC_CPSM_ENABLE;
 2087              		.loc 1 1114 34 is_stmt 0 view .LVU628
 2088 0010 0023     		movs	r3, #0
 2089 0012 0493     		str	r3, [sp, #16]
1115:stm/stm32l4xx/STM32L4xx_HAL_Driver/Src/stm32l4xx_ll_sdmmc.c ****   (void)SDMMC_SendCommand(SDMMCx, &sdmmc_cmdinit);
 2090              		.loc 1 1115 3 is_stmt 1 view .LVU629
1115:stm/stm32l4xx/STM32L4xx_HAL_Driver/Src/stm32l4xx_ll_sdmmc.c ****   (void)SDMMC_SendCommand(SDMMCx, &sdmmc_cmdinit);
 2091              		.loc 1 1115 34 is_stmt 0 view .LVU630
 2092 0014 4FF48063 		mov	r3, #1024
 2093 0018 0593     		str	r3, [sp, #20]
1116:stm/stm32l4xx/STM32L4xx_HAL_Driver/Src/stm32l4xx_ll_sdmmc.c **** 
 2094              		.loc 1 1116 3 is_stmt 1 view .LVU631
1116:stm/stm32l4xx/STM32L4xx_HAL_Driver/Src/stm32l4xx_ll_sdmmc.c **** 
 2095              		.loc 1 1116 9 is_stmt 0 view .LVU632
 2096 001a 01A9     		add	r1, sp, #4
 2097              	.LVL128:
1116:stm/stm32l4xx/STM32L4xx_HAL_Driver/Src/stm32l4xx_ll_sdmmc.c **** 
 2098              		.loc 1 1116 9 view .LVU633
 2099 001c FFF7FEFF 		bl	SDMMC_SendCommand
 2100              	.LVL129:
1119:stm/stm32l4xx/STM32L4xx_HAL_Driver/Src/stm32l4xx_ll_sdmmc.c **** 
 2101              		.loc 1 1119 3 is_stmt 1 view .LVU634
1119:stm/stm32l4xx/STM32L4xx_HAL_Driver/Src/stm32l4xx_ll_sdmmc.c **** 
 2102              		.loc 1 1119 16 is_stmt 0 view .LVU635
 2103 0020 41F28832 		movw	r2, #5000
 2104 0024 2946     		mov	r1, r5
 2105 0026 2046     		mov	r0, r4
ARM GAS  /var/tmp//ccKapYbW.s 			page 77


 2106 0028 FFF7FEFF 		bl	SDMMC_GetCmdResp1
 2107              	.LVL130:
1121:stm/stm32l4xx/STM32L4xx_HAL_Driver/Src/stm32l4xx_ll_sdmmc.c **** }
 2108              		.loc 1 1121 3 is_stmt 1 view .LVU636
1122:stm/stm32l4xx/STM32L4xx_HAL_Driver/Src/stm32l4xx_ll_sdmmc.c **** 
 2109              		.loc 1 1122 1 is_stmt 0 view .LVU637
 2110 002c 07B0     		add	sp, sp, #28
 2111              	.LCFI57:
 2112              		.cfi_def_cfa_offset 12
 2113              		@ sp needed
 2114 002e 30BD     		pop	{r4, r5, pc}
1122:stm/stm32l4xx/STM32L4xx_HAL_Driver/Src/stm32l4xx_ll_sdmmc.c **** 
 2115              		.loc 1 1122 1 view .LVU638
 2116              		.cfi_endproc
 2117              	.LFE323:
 2119              		.section	.text.SDMMC_CmdSendStatus,"ax",%progbits
 2120              		.align	1
 2121              		.global	SDMMC_CmdSendStatus
 2122              		.syntax unified
 2123              		.thumb
 2124              		.thumb_func
 2126              	SDMMC_CmdSendStatus:
 2127              	.LVL131:
 2128              	.LFB324:
1131:stm/stm32l4xx/STM32L4xx_HAL_Driver/Src/stm32l4xx_ll_sdmmc.c ****   SDMMC_CmdInitTypeDef  sdmmc_cmdinit;
 2129              		.loc 1 1131 1 is_stmt 1 view -0
 2130              		.cfi_startproc
 2131              		@ args = 0, pretend = 0, frame = 24
 2132              		@ frame_needed = 0, uses_anonymous_args = 0
1131:stm/stm32l4xx/STM32L4xx_HAL_Driver/Src/stm32l4xx_ll_sdmmc.c ****   SDMMC_CmdInitTypeDef  sdmmc_cmdinit;
 2133              		.loc 1 1131 1 is_stmt 0 view .LVU640
 2134 0000 30B5     		push	{r4, r5, lr}
 2135              	.LCFI58:
 2136              		.cfi_def_cfa_offset 12
 2137              		.cfi_offset 4, -12
 2138              		.cfi_offset 5, -8
 2139              		.cfi_offset 14, -4
 2140 0002 87B0     		sub	sp, sp, #28
 2141              	.LCFI59:
 2142              		.cfi_def_cfa_offset 40
 2143 0004 0446     		mov	r4, r0
1132:stm/stm32l4xx/STM32L4xx_HAL_Driver/Src/stm32l4xx_ll_sdmmc.c ****   uint32_t errorstate;
 2144              		.loc 1 1132 3 is_stmt 1 view .LVU641
1133:stm/stm32l4xx/STM32L4xx_HAL_Driver/Src/stm32l4xx_ll_sdmmc.c **** 
 2145              		.loc 1 1133 3 view .LVU642
1135:stm/stm32l4xx/STM32L4xx_HAL_Driver/Src/stm32l4xx_ll_sdmmc.c ****   sdmmc_cmdinit.CmdIndex         = SDMMC_CMD_SEND_STATUS;
 2146              		.loc 1 1135 3 view .LVU643
1135:stm/stm32l4xx/STM32L4xx_HAL_Driver/Src/stm32l4xx_ll_sdmmc.c ****   sdmmc_cmdinit.CmdIndex         = SDMMC_CMD_SEND_STATUS;
 2147              		.loc 1 1135 34 is_stmt 0 view .LVU644
 2148 0006 0191     		str	r1, [sp, #4]
1136:stm/stm32l4xx/STM32L4xx_HAL_Driver/Src/stm32l4xx_ll_sdmmc.c ****   sdmmc_cmdinit.Response         = SDMMC_RESPONSE_SHORT;
 2149              		.loc 1 1136 3 is_stmt 1 view .LVU645
1136:stm/stm32l4xx/STM32L4xx_HAL_Driver/Src/stm32l4xx_ll_sdmmc.c ****   sdmmc_cmdinit.Response         = SDMMC_RESPONSE_SHORT;
 2150              		.loc 1 1136 34 is_stmt 0 view .LVU646
 2151 0008 0D25     		movs	r5, #13
 2152 000a 0295     		str	r5, [sp, #8]
1137:stm/stm32l4xx/STM32L4xx_HAL_Driver/Src/stm32l4xx_ll_sdmmc.c ****   sdmmc_cmdinit.WaitForInterrupt = SDMMC_WAIT_NO;
ARM GAS  /var/tmp//ccKapYbW.s 			page 78


 2153              		.loc 1 1137 3 is_stmt 1 view .LVU647
1137:stm/stm32l4xx/STM32L4xx_HAL_Driver/Src/stm32l4xx_ll_sdmmc.c ****   sdmmc_cmdinit.WaitForInterrupt = SDMMC_WAIT_NO;
 2154              		.loc 1 1137 34 is_stmt 0 view .LVU648
 2155 000c 4023     		movs	r3, #64
 2156 000e 0393     		str	r3, [sp, #12]
1138:stm/stm32l4xx/STM32L4xx_HAL_Driver/Src/stm32l4xx_ll_sdmmc.c ****   sdmmc_cmdinit.CPSM             = SDMMC_CPSM_ENABLE;
 2157              		.loc 1 1138 3 is_stmt 1 view .LVU649
1138:stm/stm32l4xx/STM32L4xx_HAL_Driver/Src/stm32l4xx_ll_sdmmc.c ****   sdmmc_cmdinit.CPSM             = SDMMC_CPSM_ENABLE;
 2158              		.loc 1 1138 34 is_stmt 0 view .LVU650
 2159 0010 0023     		movs	r3, #0
 2160 0012 0493     		str	r3, [sp, #16]
1139:stm/stm32l4xx/STM32L4xx_HAL_Driver/Src/stm32l4xx_ll_sdmmc.c ****   (void)SDMMC_SendCommand(SDMMCx, &sdmmc_cmdinit);
 2161              		.loc 1 1139 3 is_stmt 1 view .LVU651
1139:stm/stm32l4xx/STM32L4xx_HAL_Driver/Src/stm32l4xx_ll_sdmmc.c ****   (void)SDMMC_SendCommand(SDMMCx, &sdmmc_cmdinit);
 2162              		.loc 1 1139 34 is_stmt 0 view .LVU652
 2163 0014 4FF48063 		mov	r3, #1024
 2164 0018 0593     		str	r3, [sp, #20]
1140:stm/stm32l4xx/STM32L4xx_HAL_Driver/Src/stm32l4xx_ll_sdmmc.c **** 
 2165              		.loc 1 1140 3 is_stmt 1 view .LVU653
1140:stm/stm32l4xx/STM32L4xx_HAL_Driver/Src/stm32l4xx_ll_sdmmc.c **** 
 2166              		.loc 1 1140 9 is_stmt 0 view .LVU654
 2167 001a 01A9     		add	r1, sp, #4
 2168              	.LVL132:
1140:stm/stm32l4xx/STM32L4xx_HAL_Driver/Src/stm32l4xx_ll_sdmmc.c **** 
 2169              		.loc 1 1140 9 view .LVU655
 2170 001c FFF7FEFF 		bl	SDMMC_SendCommand
 2171              	.LVL133:
1143:stm/stm32l4xx/STM32L4xx_HAL_Driver/Src/stm32l4xx_ll_sdmmc.c **** 
 2172              		.loc 1 1143 3 is_stmt 1 view .LVU656
1143:stm/stm32l4xx/STM32L4xx_HAL_Driver/Src/stm32l4xx_ll_sdmmc.c **** 
 2173              		.loc 1 1143 16 is_stmt 0 view .LVU657
 2174 0020 41F28832 		movw	r2, #5000
 2175 0024 2946     		mov	r1, r5
 2176 0026 2046     		mov	r0, r4
 2177 0028 FFF7FEFF 		bl	SDMMC_GetCmdResp1
 2178              	.LVL134:
1145:stm/stm32l4xx/STM32L4xx_HAL_Driver/Src/stm32l4xx_ll_sdmmc.c **** }
 2179              		.loc 1 1145 3 is_stmt 1 view .LVU658
1146:stm/stm32l4xx/STM32L4xx_HAL_Driver/Src/stm32l4xx_ll_sdmmc.c **** 
 2180              		.loc 1 1146 1 is_stmt 0 view .LVU659
 2181 002c 07B0     		add	sp, sp, #28
 2182              	.LCFI60:
 2183              		.cfi_def_cfa_offset 12
 2184              		@ sp needed
 2185 002e 30BD     		pop	{r4, r5, pc}
1146:stm/stm32l4xx/STM32L4xx_HAL_Driver/Src/stm32l4xx_ll_sdmmc.c **** 
 2186              		.loc 1 1146 1 view .LVU660
 2187              		.cfi_endproc
 2188              	.LFE324:
 2190              		.section	.text.SDMMC_CmdStatusRegister,"ax",%progbits
 2191              		.align	1
 2192              		.global	SDMMC_CmdStatusRegister
 2193              		.syntax unified
 2194              		.thumb
 2195              		.thumb_func
 2197              	SDMMC_CmdStatusRegister:
 2198              	.LVL135:
ARM GAS  /var/tmp//ccKapYbW.s 			page 79


 2199              	.LFB325:
1154:stm/stm32l4xx/STM32L4xx_HAL_Driver/Src/stm32l4xx_ll_sdmmc.c ****   SDMMC_CmdInitTypeDef  sdmmc_cmdinit;
 2200              		.loc 1 1154 1 is_stmt 1 view -0
 2201              		.cfi_startproc
 2202              		@ args = 0, pretend = 0, frame = 24
 2203              		@ frame_needed = 0, uses_anonymous_args = 0
1154:stm/stm32l4xx/STM32L4xx_HAL_Driver/Src/stm32l4xx_ll_sdmmc.c ****   SDMMC_CmdInitTypeDef  sdmmc_cmdinit;
 2204              		.loc 1 1154 1 is_stmt 0 view .LVU662
 2205 0000 30B5     		push	{r4, r5, lr}
 2206              	.LCFI61:
 2207              		.cfi_def_cfa_offset 12
 2208              		.cfi_offset 4, -12
 2209              		.cfi_offset 5, -8
 2210              		.cfi_offset 14, -4
 2211 0002 87B0     		sub	sp, sp, #28
 2212              	.LCFI62:
 2213              		.cfi_def_cfa_offset 40
 2214 0004 0446     		mov	r4, r0
1155:stm/stm32l4xx/STM32L4xx_HAL_Driver/Src/stm32l4xx_ll_sdmmc.c ****   uint32_t errorstate;
 2215              		.loc 1 1155 3 is_stmt 1 view .LVU663
1156:stm/stm32l4xx/STM32L4xx_HAL_Driver/Src/stm32l4xx_ll_sdmmc.c **** 
 2216              		.loc 1 1156 3 view .LVU664
1158:stm/stm32l4xx/STM32L4xx_HAL_Driver/Src/stm32l4xx_ll_sdmmc.c ****   sdmmc_cmdinit.CmdIndex         = SDMMC_CMD_SD_APP_STATUS;
 2217              		.loc 1 1158 3 view .LVU665
1158:stm/stm32l4xx/STM32L4xx_HAL_Driver/Src/stm32l4xx_ll_sdmmc.c ****   sdmmc_cmdinit.CmdIndex         = SDMMC_CMD_SD_APP_STATUS;
 2218              		.loc 1 1158 34 is_stmt 0 view .LVU666
 2219 0006 0023     		movs	r3, #0
 2220 0008 0193     		str	r3, [sp, #4]
1159:stm/stm32l4xx/STM32L4xx_HAL_Driver/Src/stm32l4xx_ll_sdmmc.c ****   sdmmc_cmdinit.Response         = SDMMC_RESPONSE_SHORT;
 2221              		.loc 1 1159 3 is_stmt 1 view .LVU667
1159:stm/stm32l4xx/STM32L4xx_HAL_Driver/Src/stm32l4xx_ll_sdmmc.c ****   sdmmc_cmdinit.Response         = SDMMC_RESPONSE_SHORT;
 2222              		.loc 1 1159 34 is_stmt 0 view .LVU668
 2223 000a 0D25     		movs	r5, #13
 2224 000c 0295     		str	r5, [sp, #8]
1160:stm/stm32l4xx/STM32L4xx_HAL_Driver/Src/stm32l4xx_ll_sdmmc.c ****   sdmmc_cmdinit.WaitForInterrupt = SDMMC_WAIT_NO;
 2225              		.loc 1 1160 3 is_stmt 1 view .LVU669
1160:stm/stm32l4xx/STM32L4xx_HAL_Driver/Src/stm32l4xx_ll_sdmmc.c ****   sdmmc_cmdinit.WaitForInterrupt = SDMMC_WAIT_NO;
 2226              		.loc 1 1160 34 is_stmt 0 view .LVU670
 2227 000e 4022     		movs	r2, #64
 2228 0010 0392     		str	r2, [sp, #12]
1161:stm/stm32l4xx/STM32L4xx_HAL_Driver/Src/stm32l4xx_ll_sdmmc.c ****   sdmmc_cmdinit.CPSM             = SDMMC_CPSM_ENABLE;
 2229              		.loc 1 1161 3 is_stmt 1 view .LVU671
1161:stm/stm32l4xx/STM32L4xx_HAL_Driver/Src/stm32l4xx_ll_sdmmc.c ****   sdmmc_cmdinit.CPSM             = SDMMC_CPSM_ENABLE;
 2230              		.loc 1 1161 34 is_stmt 0 view .LVU672
 2231 0012 0493     		str	r3, [sp, #16]
1162:stm/stm32l4xx/STM32L4xx_HAL_Driver/Src/stm32l4xx_ll_sdmmc.c ****   (void)SDMMC_SendCommand(SDMMCx, &sdmmc_cmdinit);
 2232              		.loc 1 1162 3 is_stmt 1 view .LVU673
1162:stm/stm32l4xx/STM32L4xx_HAL_Driver/Src/stm32l4xx_ll_sdmmc.c ****   (void)SDMMC_SendCommand(SDMMCx, &sdmmc_cmdinit);
 2233              		.loc 1 1162 34 is_stmt 0 view .LVU674
 2234 0014 4FF48063 		mov	r3, #1024
 2235 0018 0593     		str	r3, [sp, #20]
1163:stm/stm32l4xx/STM32L4xx_HAL_Driver/Src/stm32l4xx_ll_sdmmc.c **** 
 2236              		.loc 1 1163 3 is_stmt 1 view .LVU675
1163:stm/stm32l4xx/STM32L4xx_HAL_Driver/Src/stm32l4xx_ll_sdmmc.c **** 
 2237              		.loc 1 1163 9 is_stmt 0 view .LVU676
 2238 001a 01A9     		add	r1, sp, #4
 2239 001c FFF7FEFF 		bl	SDMMC_SendCommand
ARM GAS  /var/tmp//ccKapYbW.s 			page 80


 2240              	.LVL136:
1166:stm/stm32l4xx/STM32L4xx_HAL_Driver/Src/stm32l4xx_ll_sdmmc.c **** 
 2241              		.loc 1 1166 3 is_stmt 1 view .LVU677
1166:stm/stm32l4xx/STM32L4xx_HAL_Driver/Src/stm32l4xx_ll_sdmmc.c **** 
 2242              		.loc 1 1166 16 is_stmt 0 view .LVU678
 2243 0020 41F28832 		movw	r2, #5000
 2244 0024 2946     		mov	r1, r5
 2245 0026 2046     		mov	r0, r4
 2246 0028 FFF7FEFF 		bl	SDMMC_GetCmdResp1
 2247              	.LVL137:
1168:stm/stm32l4xx/STM32L4xx_HAL_Driver/Src/stm32l4xx_ll_sdmmc.c **** }
 2248              		.loc 1 1168 3 is_stmt 1 view .LVU679
1169:stm/stm32l4xx/STM32L4xx_HAL_Driver/Src/stm32l4xx_ll_sdmmc.c **** 
 2249              		.loc 1 1169 1 is_stmt 0 view .LVU680
 2250 002c 07B0     		add	sp, sp, #28
 2251              	.LCFI63:
 2252              		.cfi_def_cfa_offset 12
 2253              		@ sp needed
 2254 002e 30BD     		pop	{r4, r5, pc}
1169:stm/stm32l4xx/STM32L4xx_HAL_Driver/Src/stm32l4xx_ll_sdmmc.c **** 
 2255              		.loc 1 1169 1 view .LVU681
 2256              		.cfi_endproc
 2257              	.LFE325:
 2259              		.section	.text.SDMMC_CmdSwitch,"ax",%progbits
 2260              		.align	1
 2261              		.global	SDMMC_CmdSwitch
 2262              		.syntax unified
 2263              		.thumb
 2264              		.thumb_func
 2266              	SDMMC_CmdSwitch:
 2267              	.LVL138:
 2268              	.LFB327:
1203:stm/stm32l4xx/STM32L4xx_HAL_Driver/Src/stm32l4xx_ll_sdmmc.c ****   SDMMC_CmdInitTypeDef  sdmmc_cmdinit;
 2269              		.loc 1 1203 1 is_stmt 1 view -0
 2270              		.cfi_startproc
 2271              		@ args = 0, pretend = 0, frame = 24
 2272              		@ frame_needed = 0, uses_anonymous_args = 0
1203:stm/stm32l4xx/STM32L4xx_HAL_Driver/Src/stm32l4xx_ll_sdmmc.c ****   SDMMC_CmdInitTypeDef  sdmmc_cmdinit;
 2273              		.loc 1 1203 1 is_stmt 0 view .LVU683
 2274 0000 30B5     		push	{r4, r5, lr}
 2275              	.LCFI64:
 2276              		.cfi_def_cfa_offset 12
 2277              		.cfi_offset 4, -12
 2278              		.cfi_offset 5, -8
 2279              		.cfi_offset 14, -4
 2280 0002 87B0     		sub	sp, sp, #28
 2281              	.LCFI65:
 2282              		.cfi_def_cfa_offset 40
 2283 0004 0446     		mov	r4, r0
1204:stm/stm32l4xx/STM32L4xx_HAL_Driver/Src/stm32l4xx_ll_sdmmc.c ****   uint32_t errorstate;
 2284              		.loc 1 1204 3 is_stmt 1 view .LVU684
1205:stm/stm32l4xx/STM32L4xx_HAL_Driver/Src/stm32l4xx_ll_sdmmc.c **** 
 2285              		.loc 1 1205 3 view .LVU685
1209:stm/stm32l4xx/STM32L4xx_HAL_Driver/Src/stm32l4xx_ll_sdmmc.c ****   sdmmc_cmdinit.CmdIndex         = SDMMC_CMD_HS_SWITCH;
 2286              		.loc 1 1209 3 view .LVU686
1209:stm/stm32l4xx/STM32L4xx_HAL_Driver/Src/stm32l4xx_ll_sdmmc.c ****   sdmmc_cmdinit.CmdIndex         = SDMMC_CMD_HS_SWITCH;
 2287              		.loc 1 1209 34 is_stmt 0 view .LVU687
ARM GAS  /var/tmp//ccKapYbW.s 			page 81


 2288 0006 0191     		str	r1, [sp, #4]
1210:stm/stm32l4xx/STM32L4xx_HAL_Driver/Src/stm32l4xx_ll_sdmmc.c ****   sdmmc_cmdinit.Response         = SDMMC_RESPONSE_SHORT;
 2289              		.loc 1 1210 3 is_stmt 1 view .LVU688
1210:stm/stm32l4xx/STM32L4xx_HAL_Driver/Src/stm32l4xx_ll_sdmmc.c ****   sdmmc_cmdinit.Response         = SDMMC_RESPONSE_SHORT;
 2290              		.loc 1 1210 34 is_stmt 0 view .LVU689
 2291 0008 0625     		movs	r5, #6
 2292 000a 0295     		str	r5, [sp, #8]
1211:stm/stm32l4xx/STM32L4xx_HAL_Driver/Src/stm32l4xx_ll_sdmmc.c ****   sdmmc_cmdinit.WaitForInterrupt = SDMMC_WAIT_NO;
 2293              		.loc 1 1211 3 is_stmt 1 view .LVU690
1211:stm/stm32l4xx/STM32L4xx_HAL_Driver/Src/stm32l4xx_ll_sdmmc.c ****   sdmmc_cmdinit.WaitForInterrupt = SDMMC_WAIT_NO;
 2294              		.loc 1 1211 34 is_stmt 0 view .LVU691
 2295 000c 4023     		movs	r3, #64
 2296 000e 0393     		str	r3, [sp, #12]
1212:stm/stm32l4xx/STM32L4xx_HAL_Driver/Src/stm32l4xx_ll_sdmmc.c ****   sdmmc_cmdinit.CPSM             = SDMMC_CPSM_ENABLE;
 2297              		.loc 1 1212 3 is_stmt 1 view .LVU692
1212:stm/stm32l4xx/STM32L4xx_HAL_Driver/Src/stm32l4xx_ll_sdmmc.c ****   sdmmc_cmdinit.CPSM             = SDMMC_CPSM_ENABLE;
 2298              		.loc 1 1212 34 is_stmt 0 view .LVU693
 2299 0010 0023     		movs	r3, #0
 2300 0012 0493     		str	r3, [sp, #16]
1213:stm/stm32l4xx/STM32L4xx_HAL_Driver/Src/stm32l4xx_ll_sdmmc.c ****   (void)SDMMC_SendCommand(SDMMCx, &sdmmc_cmdinit);
 2301              		.loc 1 1213 3 is_stmt 1 view .LVU694
1213:stm/stm32l4xx/STM32L4xx_HAL_Driver/Src/stm32l4xx_ll_sdmmc.c ****   (void)SDMMC_SendCommand(SDMMCx, &sdmmc_cmdinit);
 2302              		.loc 1 1213 34 is_stmt 0 view .LVU695
 2303 0014 4FF48063 		mov	r3, #1024
 2304 0018 0593     		str	r3, [sp, #20]
1214:stm/stm32l4xx/STM32L4xx_HAL_Driver/Src/stm32l4xx_ll_sdmmc.c **** 
 2305              		.loc 1 1214 3 is_stmt 1 view .LVU696
1214:stm/stm32l4xx/STM32L4xx_HAL_Driver/Src/stm32l4xx_ll_sdmmc.c **** 
 2306              		.loc 1 1214 9 is_stmt 0 view .LVU697
 2307 001a 01A9     		add	r1, sp, #4
 2308              	.LVL139:
1214:stm/stm32l4xx/STM32L4xx_HAL_Driver/Src/stm32l4xx_ll_sdmmc.c **** 
 2309              		.loc 1 1214 9 view .LVU698
 2310 001c FFF7FEFF 		bl	SDMMC_SendCommand
 2311              	.LVL140:
1217:stm/stm32l4xx/STM32L4xx_HAL_Driver/Src/stm32l4xx_ll_sdmmc.c **** 
 2312              		.loc 1 1217 3 is_stmt 1 view .LVU699
1217:stm/stm32l4xx/STM32L4xx_HAL_Driver/Src/stm32l4xx_ll_sdmmc.c **** 
 2313              		.loc 1 1217 16 is_stmt 0 view .LVU700
 2314 0020 41F28832 		movw	r2, #5000
 2315 0024 2946     		mov	r1, r5
 2316 0026 2046     		mov	r0, r4
 2317 0028 FFF7FEFF 		bl	SDMMC_GetCmdResp1
 2318              	.LVL141:
1219:stm/stm32l4xx/STM32L4xx_HAL_Driver/Src/stm32l4xx_ll_sdmmc.c **** }
 2319              		.loc 1 1219 3 is_stmt 1 view .LVU701
1220:stm/stm32l4xx/STM32L4xx_HAL_Driver/Src/stm32l4xx_ll_sdmmc.c **** 
 2320              		.loc 1 1220 1 is_stmt 0 view .LVU702
 2321 002c 07B0     		add	sp, sp, #28
 2322              	.LCFI66:
 2323              		.cfi_def_cfa_offset 12
 2324              		@ sp needed
 2325 002e 30BD     		pop	{r4, r5, pc}
1220:stm/stm32l4xx/STM32L4xx_HAL_Driver/Src/stm32l4xx_ll_sdmmc.c **** 
 2326              		.loc 1 1220 1 view .LVU703
 2327              		.cfi_endproc
 2328              	.LFE327:
ARM GAS  /var/tmp//ccKapYbW.s 			page 82


 2330              		.section	.text.SDMMC_CmdSendEXTCSD,"ax",%progbits
 2331              		.align	1
 2332              		.global	SDMMC_CmdSendEXTCSD
 2333              		.syntax unified
 2334              		.thumb
 2335              		.thumb_func
 2337              	SDMMC_CmdSendEXTCSD:
 2338              	.LVL142:
 2339              	.LFB328:
1255:stm/stm32l4xx/STM32L4xx_HAL_Driver/Src/stm32l4xx_ll_sdmmc.c ****   SDMMC_CmdInitTypeDef  sdmmc_cmdinit;
 2340              		.loc 1 1255 1 is_stmt 1 view -0
 2341              		.cfi_startproc
 2342              		@ args = 0, pretend = 0, frame = 24
 2343              		@ frame_needed = 0, uses_anonymous_args = 0
1255:stm/stm32l4xx/STM32L4xx_HAL_Driver/Src/stm32l4xx_ll_sdmmc.c ****   SDMMC_CmdInitTypeDef  sdmmc_cmdinit;
 2344              		.loc 1 1255 1 is_stmt 0 view .LVU705
 2345 0000 30B5     		push	{r4, r5, lr}
 2346              	.LCFI67:
 2347              		.cfi_def_cfa_offset 12
 2348              		.cfi_offset 4, -12
 2349              		.cfi_offset 5, -8
 2350              		.cfi_offset 14, -4
 2351 0002 87B0     		sub	sp, sp, #28
 2352              	.LCFI68:
 2353              		.cfi_def_cfa_offset 40
 2354 0004 0446     		mov	r4, r0
1256:stm/stm32l4xx/STM32L4xx_HAL_Driver/Src/stm32l4xx_ll_sdmmc.c ****   uint32_t errorstate;
 2355              		.loc 1 1256 3 is_stmt 1 view .LVU706
1257:stm/stm32l4xx/STM32L4xx_HAL_Driver/Src/stm32l4xx_ll_sdmmc.c **** 
 2356              		.loc 1 1257 3 view .LVU707
1260:stm/stm32l4xx/STM32L4xx_HAL_Driver/Src/stm32l4xx_ll_sdmmc.c ****   sdmmc_cmdinit.CmdIndex         = SDMMC_CMD_HS_SEND_EXT_CSD;
 2357              		.loc 1 1260 3 view .LVU708
1260:stm/stm32l4xx/STM32L4xx_HAL_Driver/Src/stm32l4xx_ll_sdmmc.c ****   sdmmc_cmdinit.CmdIndex         = SDMMC_CMD_HS_SEND_EXT_CSD;
 2358              		.loc 1 1260 34 is_stmt 0 view .LVU709
 2359 0006 0191     		str	r1, [sp, #4]
1261:stm/stm32l4xx/STM32L4xx_HAL_Driver/Src/stm32l4xx_ll_sdmmc.c ****   sdmmc_cmdinit.Response         = SDMMC_RESPONSE_SHORT;
 2360              		.loc 1 1261 3 is_stmt 1 view .LVU710
1261:stm/stm32l4xx/STM32L4xx_HAL_Driver/Src/stm32l4xx_ll_sdmmc.c ****   sdmmc_cmdinit.Response         = SDMMC_RESPONSE_SHORT;
 2361              		.loc 1 1261 34 is_stmt 0 view .LVU711
 2362 0008 0825     		movs	r5, #8
 2363 000a 0295     		str	r5, [sp, #8]
1262:stm/stm32l4xx/STM32L4xx_HAL_Driver/Src/stm32l4xx_ll_sdmmc.c ****   sdmmc_cmdinit.WaitForInterrupt = SDMMC_WAIT_NO;
 2364              		.loc 1 1262 3 is_stmt 1 view .LVU712
1262:stm/stm32l4xx/STM32L4xx_HAL_Driver/Src/stm32l4xx_ll_sdmmc.c ****   sdmmc_cmdinit.WaitForInterrupt = SDMMC_WAIT_NO;
 2365              		.loc 1 1262 34 is_stmt 0 view .LVU713
 2366 000c 4023     		movs	r3, #64
 2367 000e 0393     		str	r3, [sp, #12]
1263:stm/stm32l4xx/STM32L4xx_HAL_Driver/Src/stm32l4xx_ll_sdmmc.c ****   sdmmc_cmdinit.CPSM             = SDMMC_CPSM_ENABLE;
 2368              		.loc 1 1263 3 is_stmt 1 view .LVU714
1263:stm/stm32l4xx/STM32L4xx_HAL_Driver/Src/stm32l4xx_ll_sdmmc.c ****   sdmmc_cmdinit.CPSM             = SDMMC_CPSM_ENABLE;
 2369              		.loc 1 1263 34 is_stmt 0 view .LVU715
 2370 0010 0023     		movs	r3, #0
 2371 0012 0493     		str	r3, [sp, #16]
1264:stm/stm32l4xx/STM32L4xx_HAL_Driver/Src/stm32l4xx_ll_sdmmc.c ****   (void)SDMMC_SendCommand(SDMMCx, &sdmmc_cmdinit);
 2372              		.loc 1 1264 3 is_stmt 1 view .LVU716
1264:stm/stm32l4xx/STM32L4xx_HAL_Driver/Src/stm32l4xx_ll_sdmmc.c ****   (void)SDMMC_SendCommand(SDMMCx, &sdmmc_cmdinit);
 2373              		.loc 1 1264 34 is_stmt 0 view .LVU717
ARM GAS  /var/tmp//ccKapYbW.s 			page 83


 2374 0014 4FF48063 		mov	r3, #1024
 2375 0018 0593     		str	r3, [sp, #20]
1265:stm/stm32l4xx/STM32L4xx_HAL_Driver/Src/stm32l4xx_ll_sdmmc.c **** 
 2376              		.loc 1 1265 3 is_stmt 1 view .LVU718
1265:stm/stm32l4xx/STM32L4xx_HAL_Driver/Src/stm32l4xx_ll_sdmmc.c **** 
 2377              		.loc 1 1265 9 is_stmt 0 view .LVU719
 2378 001a 01A9     		add	r1, sp, #4
 2379              	.LVL143:
1265:stm/stm32l4xx/STM32L4xx_HAL_Driver/Src/stm32l4xx_ll_sdmmc.c **** 
 2380              		.loc 1 1265 9 view .LVU720
 2381 001c FFF7FEFF 		bl	SDMMC_SendCommand
 2382              	.LVL144:
1268:stm/stm32l4xx/STM32L4xx_HAL_Driver/Src/stm32l4xx_ll_sdmmc.c **** 
 2383              		.loc 1 1268 3 is_stmt 1 view .LVU721
1268:stm/stm32l4xx/STM32L4xx_HAL_Driver/Src/stm32l4xx_ll_sdmmc.c **** 
 2384              		.loc 1 1268 16 is_stmt 0 view .LVU722
 2385 0020 41F28832 		movw	r2, #5000
 2386 0024 2946     		mov	r1, r5
 2387 0026 2046     		mov	r0, r4
 2388 0028 FFF7FEFF 		bl	SDMMC_GetCmdResp1
 2389              	.LVL145:
1270:stm/stm32l4xx/STM32L4xx_HAL_Driver/Src/stm32l4xx_ll_sdmmc.c **** }
 2390              		.loc 1 1270 3 is_stmt 1 view .LVU723
1271:stm/stm32l4xx/STM32L4xx_HAL_Driver/Src/stm32l4xx_ll_sdmmc.c **** 
 2391              		.loc 1 1271 1 is_stmt 0 view .LVU724
 2392 002c 07B0     		add	sp, sp, #28
 2393              	.LCFI69:
 2394              		.cfi_def_cfa_offset 12
 2395              		@ sp needed
 2396 002e 30BD     		pop	{r4, r5, pc}
1271:stm/stm32l4xx/STM32L4xx_HAL_Driver/Src/stm32l4xx_ll_sdmmc.c **** 
 2397              		.loc 1 1271 1 view .LVU725
 2398              		.cfi_endproc
 2399              	.LFE328:
 2401              		.section	.text.SDMMC_GetCmdResp2,"ax",%progbits
 2402              		.align	1
 2403              		.global	SDMMC_GetCmdResp2
 2404              		.syntax unified
 2405              		.thumb
 2406              		.thumb_func
 2408              	SDMMC_GetCmdResp2:
 2409              	.LVL146:
 2410              	.LFB330:
1437:stm/stm32l4xx/STM32L4xx_HAL_Driver/Src/stm32l4xx_ll_sdmmc.c ****   uint32_t sta_reg;
 2411              		.loc 1 1437 1 is_stmt 1 view -0
 2412              		.cfi_startproc
 2413              		@ args = 0, pretend = 0, frame = 0
 2414              		@ frame_needed = 0, uses_anonymous_args = 0
 2415              		@ link register save eliminated.
1437:stm/stm32l4xx/STM32L4xx_HAL_Driver/Src/stm32l4xx_ll_sdmmc.c ****   uint32_t sta_reg;
 2416              		.loc 1 1437 1 is_stmt 0 view .LVU727
 2417 0000 0146     		mov	r1, r0
1438:stm/stm32l4xx/STM32L4xx_HAL_Driver/Src/stm32l4xx_ll_sdmmc.c ****   /* 8 is the number of required instructions cycles for the below loop statement.
 2418              		.loc 1 1438 3 is_stmt 1 view .LVU728
1441:stm/stm32l4xx/STM32L4xx_HAL_Driver/Src/stm32l4xx_ll_sdmmc.c **** 
 2419              		.loc 1 1441 3 view .LVU729
1441:stm/stm32l4xx/STM32L4xx_HAL_Driver/Src/stm32l4xx_ll_sdmmc.c **** 
ARM GAS  /var/tmp//ccKapYbW.s 			page 84


 2420              		.loc 1 1441 61 is_stmt 0 view .LVU730
 2421 0002 144B     		ldr	r3, .L106
 2422 0004 1B68     		ldr	r3, [r3]
 2423 0006 144A     		ldr	r2, .L106+4
 2424 0008 A2FB0323 		umull	r2, r3, r2, r3
 2425 000c 5B0A     		lsrs	r3, r3, #9
1441:stm/stm32l4xx/STM32L4xx_HAL_Driver/Src/stm32l4xx_ll_sdmmc.c **** 
 2426              		.loc 1 1441 12 view .LVU731
 2427 000e 41F28832 		movw	r2, #5000
 2428 0012 02FB03F3 		mul	r3, r2, r3
 2429              	.LVL147:
 2430              	.L100:
1443:stm/stm32l4xx/STM32L4xx_HAL_Driver/Src/stm32l4xx_ll_sdmmc.c ****   {
 2431              		.loc 1 1443 3 is_stmt 1 view .LVU732
1445:stm/stm32l4xx/STM32L4xx_HAL_Driver/Src/stm32l4xx_ll_sdmmc.c ****     {
 2432              		.loc 1 1445 5 view .LVU733
 2433 0016 1A46     		mov	r2, r3
1445:stm/stm32l4xx/STM32L4xx_HAL_Driver/Src/stm32l4xx_ll_sdmmc.c ****     {
 2434              		.loc 1 1445 14 is_stmt 0 view .LVU734
 2435 0018 013B     		subs	r3, r3, #1
 2436              	.LVL148:
1445:stm/stm32l4xx/STM32L4xx_HAL_Driver/Src/stm32l4xx_ll_sdmmc.c ****     {
 2437              		.loc 1 1445 8 view .LVU735
 2438 001a BAB1     		cbz	r2, .L103
1449:stm/stm32l4xx/STM32L4xx_HAL_Driver/Src/stm32l4xx_ll_sdmmc.c ****   }while(((sta_reg & (SDMMC_FLAG_CCRCFAIL | SDMMC_FLAG_CMDREND | SDMMC_FLAG_CTIMEOUT)) == 0U) ||
 2439              		.loc 1 1449 5 is_stmt 1 view .LVU736
1449:stm/stm32l4xx/STM32L4xx_HAL_Driver/Src/stm32l4xx_ll_sdmmc.c ****   }while(((sta_reg & (SDMMC_FLAG_CCRCFAIL | SDMMC_FLAG_CMDREND | SDMMC_FLAG_CTIMEOUT)) == 0U) ||
 2440              		.loc 1 1449 13 is_stmt 0 view .LVU737
 2441 001c 4A6B     		ldr	r2, [r1, #52]
 2442              	.LVL149:
1450:stm/stm32l4xx/STM32L4xx_HAL_Driver/Src/stm32l4xx_ll_sdmmc.c ****          ((sta_reg & SDMMC_FLAG_CMDACT) != 0U ));
 2443              		.loc 1 1450 95 is_stmt 1 view .LVU738
 2444 001e 12F0450F 		tst	r2, #69
 2445 0022 F8D0     		beq	.L100
1450:stm/stm32l4xx/STM32L4xx_HAL_Driver/Src/stm32l4xx_ll_sdmmc.c ****          ((sta_reg & SDMMC_FLAG_CMDACT) != 0U ));
 2446              		.loc 1 1450 95 is_stmt 0 discriminator 1 view .LVU739
 2447 0024 12F4006F 		tst	r2, #2048
 2448 0028 F5D1     		bne	.L100
1453:stm/stm32l4xx/STM32L4xx_HAL_Driver/Src/stm32l4xx_ll_sdmmc.c ****   {
 2449              		.loc 1 1453 3 is_stmt 1 view .LVU740
1453:stm/stm32l4xx/STM32L4xx_HAL_Driver/Src/stm32l4xx_ll_sdmmc.c ****   {
 2450              		.loc 1 1453 7 is_stmt 0 view .LVU741
 2451 002a 4B6B     		ldr	r3, [r1, #52]
 2452              	.LVL150:
1453:stm/stm32l4xx/STM32L4xx_HAL_Driver/Src/stm32l4xx_ll_sdmmc.c ****   {
 2453              		.loc 1 1453 6 view .LVU742
 2454 002c 13F0040F 		tst	r3, #4
 2455 0030 06D1     		bne	.L104
1459:stm/stm32l4xx/STM32L4xx_HAL_Driver/Src/stm32l4xx_ll_sdmmc.c ****   {
 2456              		.loc 1 1459 8 is_stmt 1 view .LVU743
1459:stm/stm32l4xx/STM32L4xx_HAL_Driver/Src/stm32l4xx_ll_sdmmc.c ****   {
 2457              		.loc 1 1459 12 is_stmt 0 view .LVU744
 2458 0032 486B     		ldr	r0, [r1, #52]
 2459              	.LVL151:
1459:stm/stm32l4xx/STM32L4xx_HAL_Driver/Src/stm32l4xx_ll_sdmmc.c ****   {
 2460              		.loc 1 1459 11 view .LVU745
 2461 0034 10F00100 		ands	r0, r0, #1
ARM GAS  /var/tmp//ccKapYbW.s 			page 85


 2462 0038 05D1     		bne	.L105
1469:stm/stm32l4xx/STM32L4xx_HAL_Driver/Src/stm32l4xx_ll_sdmmc.c ****   }
 2463              		.loc 1 1469 5 is_stmt 1 view .LVU746
 2464 003a C523     		movs	r3, #197
 2465 003c 8B63     		str	r3, [r1, #56]
1472:stm/stm32l4xx/STM32L4xx_HAL_Driver/Src/stm32l4xx_ll_sdmmc.c **** }
 2466              		.loc 1 1472 3 view .LVU747
1472:stm/stm32l4xx/STM32L4xx_HAL_Driver/Src/stm32l4xx_ll_sdmmc.c **** }
 2467              		.loc 1 1472 10 is_stmt 0 view .LVU748
 2468 003e 7047     		bx	lr
 2469              	.LVL152:
 2470              	.L104:
1455:stm/stm32l4xx/STM32L4xx_HAL_Driver/Src/stm32l4xx_ll_sdmmc.c **** 
 2471              		.loc 1 1455 5 is_stmt 1 view .LVU749
 2472 0040 0420     		movs	r0, #4
 2473              	.LVL153:
1455:stm/stm32l4xx/STM32L4xx_HAL_Driver/Src/stm32l4xx_ll_sdmmc.c **** 
 2474              		.loc 1 1455 5 is_stmt 0 view .LVU750
 2475 0042 8863     		str	r0, [r1, #56]
1457:stm/stm32l4xx/STM32L4xx_HAL_Driver/Src/stm32l4xx_ll_sdmmc.c ****   }
 2476              		.loc 1 1457 5 is_stmt 1 view .LVU751
1457:stm/stm32l4xx/STM32L4xx_HAL_Driver/Src/stm32l4xx_ll_sdmmc.c ****   }
 2477              		.loc 1 1457 12 is_stmt 0 view .LVU752
 2478 0044 7047     		bx	lr
 2479              	.L105:
1461:stm/stm32l4xx/STM32L4xx_HAL_Driver/Src/stm32l4xx_ll_sdmmc.c **** 
 2480              		.loc 1 1461 5 is_stmt 1 view .LVU753
 2481 0046 0120     		movs	r0, #1
 2482 0048 8863     		str	r0, [r1, #56]
1463:stm/stm32l4xx/STM32L4xx_HAL_Driver/Src/stm32l4xx_ll_sdmmc.c ****   }
 2483              		.loc 1 1463 5 view .LVU754
1463:stm/stm32l4xx/STM32L4xx_HAL_Driver/Src/stm32l4xx_ll_sdmmc.c ****   }
 2484              		.loc 1 1463 12 is_stmt 0 view .LVU755
 2485 004a 7047     		bx	lr
 2486              	.LVL154:
 2487              	.L103:
1447:stm/stm32l4xx/STM32L4xx_HAL_Driver/Src/stm32l4xx_ll_sdmmc.c ****     }
 2488              		.loc 1 1447 14 view .LVU756
 2489 004c 4FF00040 		mov	r0, #-2147483648
 2490              	.LVL155:
1473:stm/stm32l4xx/STM32L4xx_HAL_Driver/Src/stm32l4xx_ll_sdmmc.c **** 
 2491              		.loc 1 1473 1 view .LVU757
 2492 0050 7047     		bx	lr
 2493              	.L107:
 2494 0052 00BF     		.align	2
 2495              	.L106:
 2496 0054 00000000 		.word	SystemCoreClock
 2497 0058 D34D6210 		.word	274877907
 2498              		.cfi_endproc
 2499              	.LFE330:
 2501              		.section	.text.SDMMC_CmdSendCID,"ax",%progbits
 2502              		.align	1
 2503              		.global	SDMMC_CmdSendCID
 2504              		.syntax unified
 2505              		.thumb
 2506              		.thumb_func
 2508              	SDMMC_CmdSendCID:
ARM GAS  /var/tmp//ccKapYbW.s 			page 86


 2509              	.LVL156:
 2510              	.LFB319:
1006:stm/stm32l4xx/STM32L4xx_HAL_Driver/Src/stm32l4xx_ll_sdmmc.c ****   SDMMC_CmdInitTypeDef  sdmmc_cmdinit;
 2511              		.loc 1 1006 1 is_stmt 1 view -0
 2512              		.cfi_startproc
 2513              		@ args = 0, pretend = 0, frame = 24
 2514              		@ frame_needed = 0, uses_anonymous_args = 0
1006:stm/stm32l4xx/STM32L4xx_HAL_Driver/Src/stm32l4xx_ll_sdmmc.c ****   SDMMC_CmdInitTypeDef  sdmmc_cmdinit;
 2515              		.loc 1 1006 1 is_stmt 0 view .LVU759
 2516 0000 10B5     		push	{r4, lr}
 2517              	.LCFI70:
 2518              		.cfi_def_cfa_offset 8
 2519              		.cfi_offset 4, -8
 2520              		.cfi_offset 14, -4
 2521 0002 86B0     		sub	sp, sp, #24
 2522              	.LCFI71:
 2523              		.cfi_def_cfa_offset 32
 2524 0004 0446     		mov	r4, r0
1007:stm/stm32l4xx/STM32L4xx_HAL_Driver/Src/stm32l4xx_ll_sdmmc.c ****   uint32_t errorstate;
 2525              		.loc 1 1007 3 is_stmt 1 view .LVU760
1008:stm/stm32l4xx/STM32L4xx_HAL_Driver/Src/stm32l4xx_ll_sdmmc.c **** 
 2526              		.loc 1 1008 3 view .LVU761
1011:stm/stm32l4xx/STM32L4xx_HAL_Driver/Src/stm32l4xx_ll_sdmmc.c ****   sdmmc_cmdinit.CmdIndex         = SDMMC_CMD_ALL_SEND_CID;
 2527              		.loc 1 1011 3 view .LVU762
1011:stm/stm32l4xx/STM32L4xx_HAL_Driver/Src/stm32l4xx_ll_sdmmc.c ****   sdmmc_cmdinit.CmdIndex         = SDMMC_CMD_ALL_SEND_CID;
 2528              		.loc 1 1011 34 is_stmt 0 view .LVU763
 2529 0006 0023     		movs	r3, #0
 2530 0008 0193     		str	r3, [sp, #4]
1012:stm/stm32l4xx/STM32L4xx_HAL_Driver/Src/stm32l4xx_ll_sdmmc.c ****   sdmmc_cmdinit.Response         = SDMMC_RESPONSE_LONG;
 2531              		.loc 1 1012 3 is_stmt 1 view .LVU764
1012:stm/stm32l4xx/STM32L4xx_HAL_Driver/Src/stm32l4xx_ll_sdmmc.c ****   sdmmc_cmdinit.Response         = SDMMC_RESPONSE_LONG;
 2532              		.loc 1 1012 34 is_stmt 0 view .LVU765
 2533 000a 0222     		movs	r2, #2
 2534 000c 0292     		str	r2, [sp, #8]
1013:stm/stm32l4xx/STM32L4xx_HAL_Driver/Src/stm32l4xx_ll_sdmmc.c ****   sdmmc_cmdinit.WaitForInterrupt = SDMMC_WAIT_NO;
 2535              		.loc 1 1013 3 is_stmt 1 view .LVU766
1013:stm/stm32l4xx/STM32L4xx_HAL_Driver/Src/stm32l4xx_ll_sdmmc.c ****   sdmmc_cmdinit.WaitForInterrupt = SDMMC_WAIT_NO;
 2536              		.loc 1 1013 34 is_stmt 0 view .LVU767
 2537 000e C022     		movs	r2, #192
 2538 0010 0392     		str	r2, [sp, #12]
1014:stm/stm32l4xx/STM32L4xx_HAL_Driver/Src/stm32l4xx_ll_sdmmc.c ****   sdmmc_cmdinit.CPSM             = SDMMC_CPSM_ENABLE;
 2539              		.loc 1 1014 3 is_stmt 1 view .LVU768
1014:stm/stm32l4xx/STM32L4xx_HAL_Driver/Src/stm32l4xx_ll_sdmmc.c ****   sdmmc_cmdinit.CPSM             = SDMMC_CPSM_ENABLE;
 2540              		.loc 1 1014 34 is_stmt 0 view .LVU769
 2541 0012 0493     		str	r3, [sp, #16]
1015:stm/stm32l4xx/STM32L4xx_HAL_Driver/Src/stm32l4xx_ll_sdmmc.c ****   (void)SDMMC_SendCommand(SDMMCx, &sdmmc_cmdinit);
 2542              		.loc 1 1015 3 is_stmt 1 view .LVU770
1015:stm/stm32l4xx/STM32L4xx_HAL_Driver/Src/stm32l4xx_ll_sdmmc.c ****   (void)SDMMC_SendCommand(SDMMCx, &sdmmc_cmdinit);
 2543              		.loc 1 1015 34 is_stmt 0 view .LVU771
 2544 0014 4FF48063 		mov	r3, #1024
 2545 0018 0593     		str	r3, [sp, #20]
1016:stm/stm32l4xx/STM32L4xx_HAL_Driver/Src/stm32l4xx_ll_sdmmc.c **** 
 2546              		.loc 1 1016 3 is_stmt 1 view .LVU772
1016:stm/stm32l4xx/STM32L4xx_HAL_Driver/Src/stm32l4xx_ll_sdmmc.c **** 
 2547              		.loc 1 1016 9 is_stmt 0 view .LVU773
 2548 001a 01A9     		add	r1, sp, #4
 2549 001c FFF7FEFF 		bl	SDMMC_SendCommand
ARM GAS  /var/tmp//ccKapYbW.s 			page 87


 2550              	.LVL157:
1019:stm/stm32l4xx/STM32L4xx_HAL_Driver/Src/stm32l4xx_ll_sdmmc.c **** 
 2551              		.loc 1 1019 3 is_stmt 1 view .LVU774
1019:stm/stm32l4xx/STM32L4xx_HAL_Driver/Src/stm32l4xx_ll_sdmmc.c **** 
 2552              		.loc 1 1019 16 is_stmt 0 view .LVU775
 2553 0020 2046     		mov	r0, r4
 2554 0022 FFF7FEFF 		bl	SDMMC_GetCmdResp2
 2555              	.LVL158:
1021:stm/stm32l4xx/STM32L4xx_HAL_Driver/Src/stm32l4xx_ll_sdmmc.c **** }
 2556              		.loc 1 1021 3 is_stmt 1 view .LVU776
1022:stm/stm32l4xx/STM32L4xx_HAL_Driver/Src/stm32l4xx_ll_sdmmc.c **** 
 2557              		.loc 1 1022 1 is_stmt 0 view .LVU777
 2558 0026 06B0     		add	sp, sp, #24
 2559              	.LCFI72:
 2560              		.cfi_def_cfa_offset 8
 2561              		@ sp needed
 2562 0028 10BD     		pop	{r4, pc}
1022:stm/stm32l4xx/STM32L4xx_HAL_Driver/Src/stm32l4xx_ll_sdmmc.c **** 
 2563              		.loc 1 1022 1 view .LVU778
 2564              		.cfi_endproc
 2565              	.LFE319:
 2567              		.section	.text.SDMMC_CmdSendCSD,"ax",%progbits
 2568              		.align	1
 2569              		.global	SDMMC_CmdSendCSD
 2570              		.syntax unified
 2571              		.thumb
 2572              		.thumb_func
 2574              	SDMMC_CmdSendCSD:
 2575              	.LVL159:
 2576              	.LFB320:
1031:stm/stm32l4xx/STM32L4xx_HAL_Driver/Src/stm32l4xx_ll_sdmmc.c ****   SDMMC_CmdInitTypeDef  sdmmc_cmdinit;
 2577              		.loc 1 1031 1 is_stmt 1 view -0
 2578              		.cfi_startproc
 2579              		@ args = 0, pretend = 0, frame = 24
 2580              		@ frame_needed = 0, uses_anonymous_args = 0
1031:stm/stm32l4xx/STM32L4xx_HAL_Driver/Src/stm32l4xx_ll_sdmmc.c ****   SDMMC_CmdInitTypeDef  sdmmc_cmdinit;
 2581              		.loc 1 1031 1 is_stmt 0 view .LVU780
 2582 0000 10B5     		push	{r4, lr}
 2583              	.LCFI73:
 2584              		.cfi_def_cfa_offset 8
 2585              		.cfi_offset 4, -8
 2586              		.cfi_offset 14, -4
 2587 0002 86B0     		sub	sp, sp, #24
 2588              	.LCFI74:
 2589              		.cfi_def_cfa_offset 32
 2590 0004 0446     		mov	r4, r0
1032:stm/stm32l4xx/STM32L4xx_HAL_Driver/Src/stm32l4xx_ll_sdmmc.c ****   uint32_t errorstate;
 2591              		.loc 1 1032 3 is_stmt 1 view .LVU781
1033:stm/stm32l4xx/STM32L4xx_HAL_Driver/Src/stm32l4xx_ll_sdmmc.c **** 
 2592              		.loc 1 1033 3 view .LVU782
1036:stm/stm32l4xx/STM32L4xx_HAL_Driver/Src/stm32l4xx_ll_sdmmc.c ****   sdmmc_cmdinit.CmdIndex         = SDMMC_CMD_SEND_CSD;
 2593              		.loc 1 1036 3 view .LVU783
1036:stm/stm32l4xx/STM32L4xx_HAL_Driver/Src/stm32l4xx_ll_sdmmc.c ****   sdmmc_cmdinit.CmdIndex         = SDMMC_CMD_SEND_CSD;
 2594              		.loc 1 1036 34 is_stmt 0 view .LVU784
 2595 0006 0191     		str	r1, [sp, #4]
1037:stm/stm32l4xx/STM32L4xx_HAL_Driver/Src/stm32l4xx_ll_sdmmc.c ****   sdmmc_cmdinit.Response         = SDMMC_RESPONSE_LONG;
 2596              		.loc 1 1037 3 is_stmt 1 view .LVU785
ARM GAS  /var/tmp//ccKapYbW.s 			page 88


1037:stm/stm32l4xx/STM32L4xx_HAL_Driver/Src/stm32l4xx_ll_sdmmc.c ****   sdmmc_cmdinit.Response         = SDMMC_RESPONSE_LONG;
 2597              		.loc 1 1037 34 is_stmt 0 view .LVU786
 2598 0008 0923     		movs	r3, #9
 2599 000a 0293     		str	r3, [sp, #8]
1038:stm/stm32l4xx/STM32L4xx_HAL_Driver/Src/stm32l4xx_ll_sdmmc.c ****   sdmmc_cmdinit.WaitForInterrupt = SDMMC_WAIT_NO;
 2600              		.loc 1 1038 3 is_stmt 1 view .LVU787
1038:stm/stm32l4xx/STM32L4xx_HAL_Driver/Src/stm32l4xx_ll_sdmmc.c ****   sdmmc_cmdinit.WaitForInterrupt = SDMMC_WAIT_NO;
 2601              		.loc 1 1038 34 is_stmt 0 view .LVU788
 2602 000c C023     		movs	r3, #192
 2603 000e 0393     		str	r3, [sp, #12]
1039:stm/stm32l4xx/STM32L4xx_HAL_Driver/Src/stm32l4xx_ll_sdmmc.c ****   sdmmc_cmdinit.CPSM             = SDMMC_CPSM_ENABLE;
 2604              		.loc 1 1039 3 is_stmt 1 view .LVU789
1039:stm/stm32l4xx/STM32L4xx_HAL_Driver/Src/stm32l4xx_ll_sdmmc.c ****   sdmmc_cmdinit.CPSM             = SDMMC_CPSM_ENABLE;
 2605              		.loc 1 1039 34 is_stmt 0 view .LVU790
 2606 0010 0023     		movs	r3, #0
 2607 0012 0493     		str	r3, [sp, #16]
1040:stm/stm32l4xx/STM32L4xx_HAL_Driver/Src/stm32l4xx_ll_sdmmc.c ****   (void)SDMMC_SendCommand(SDMMCx, &sdmmc_cmdinit);
 2608              		.loc 1 1040 3 is_stmt 1 view .LVU791
1040:stm/stm32l4xx/STM32L4xx_HAL_Driver/Src/stm32l4xx_ll_sdmmc.c ****   (void)SDMMC_SendCommand(SDMMCx, &sdmmc_cmdinit);
 2609              		.loc 1 1040 34 is_stmt 0 view .LVU792
 2610 0014 4FF48063 		mov	r3, #1024
 2611 0018 0593     		str	r3, [sp, #20]
1041:stm/stm32l4xx/STM32L4xx_HAL_Driver/Src/stm32l4xx_ll_sdmmc.c **** 
 2612              		.loc 1 1041 3 is_stmt 1 view .LVU793
1041:stm/stm32l4xx/STM32L4xx_HAL_Driver/Src/stm32l4xx_ll_sdmmc.c **** 
 2613              		.loc 1 1041 9 is_stmt 0 view .LVU794
 2614 001a 01A9     		add	r1, sp, #4
 2615              	.LVL160:
1041:stm/stm32l4xx/STM32L4xx_HAL_Driver/Src/stm32l4xx_ll_sdmmc.c **** 
 2616              		.loc 1 1041 9 view .LVU795
 2617 001c FFF7FEFF 		bl	SDMMC_SendCommand
 2618              	.LVL161:
1044:stm/stm32l4xx/STM32L4xx_HAL_Driver/Src/stm32l4xx_ll_sdmmc.c **** 
 2619              		.loc 1 1044 3 is_stmt 1 view .LVU796
1044:stm/stm32l4xx/STM32L4xx_HAL_Driver/Src/stm32l4xx_ll_sdmmc.c **** 
 2620              		.loc 1 1044 16 is_stmt 0 view .LVU797
 2621 0020 2046     		mov	r0, r4
 2622 0022 FFF7FEFF 		bl	SDMMC_GetCmdResp2
 2623              	.LVL162:
1046:stm/stm32l4xx/STM32L4xx_HAL_Driver/Src/stm32l4xx_ll_sdmmc.c **** }
 2624              		.loc 1 1046 3 is_stmt 1 view .LVU798
1047:stm/stm32l4xx/STM32L4xx_HAL_Driver/Src/stm32l4xx_ll_sdmmc.c **** 
 2625              		.loc 1 1047 1 is_stmt 0 view .LVU799
 2626 0026 06B0     		add	sp, sp, #24
 2627              	.LCFI75:
 2628              		.cfi_def_cfa_offset 8
 2629              		@ sp needed
 2630 0028 10BD     		pop	{r4, pc}
1047:stm/stm32l4xx/STM32L4xx_HAL_Driver/Src/stm32l4xx_ll_sdmmc.c **** 
 2631              		.loc 1 1047 1 view .LVU800
 2632              		.cfi_endproc
 2633              	.LFE320:
 2635              		.section	.text.SDMMC_GetCmdResp3,"ax",%progbits
 2636              		.align	1
 2637              		.global	SDMMC_GetCmdResp3
 2638              		.syntax unified
 2639              		.thumb
ARM GAS  /var/tmp//ccKapYbW.s 			page 89


 2640              		.thumb_func
 2642              	SDMMC_GetCmdResp3:
 2643              	.LVL163:
 2644              	.LFB331:
1481:stm/stm32l4xx/STM32L4xx_HAL_Driver/Src/stm32l4xx_ll_sdmmc.c ****   uint32_t sta_reg;
 2645              		.loc 1 1481 1 is_stmt 1 view -0
 2646              		.cfi_startproc
 2647              		@ args = 0, pretend = 0, frame = 0
 2648              		@ frame_needed = 0, uses_anonymous_args = 0
 2649              		@ link register save eliminated.
1481:stm/stm32l4xx/STM32L4xx_HAL_Driver/Src/stm32l4xx_ll_sdmmc.c ****   uint32_t sta_reg;
 2650              		.loc 1 1481 1 is_stmt 0 view .LVU802
 2651 0000 0146     		mov	r1, r0
1482:stm/stm32l4xx/STM32L4xx_HAL_Driver/Src/stm32l4xx_ll_sdmmc.c ****   /* 8 is the number of required instructions cycles for the below loop statement.
 2652              		.loc 1 1482 3 is_stmt 1 view .LVU803
1485:stm/stm32l4xx/STM32L4xx_HAL_Driver/Src/stm32l4xx_ll_sdmmc.c **** 
 2653              		.loc 1 1485 3 view .LVU804
1485:stm/stm32l4xx/STM32L4xx_HAL_Driver/Src/stm32l4xx_ll_sdmmc.c **** 
 2654              		.loc 1 1485 61 is_stmt 0 view .LVU805
 2655 0002 104B     		ldr	r3, .L118
 2656 0004 1B68     		ldr	r3, [r3]
 2657 0006 104A     		ldr	r2, .L118+4
 2658 0008 A2FB0323 		umull	r2, r3, r2, r3
 2659 000c 5B0A     		lsrs	r3, r3, #9
1485:stm/stm32l4xx/STM32L4xx_HAL_Driver/Src/stm32l4xx_ll_sdmmc.c **** 
 2660              		.loc 1 1485 12 view .LVU806
 2661 000e 41F28832 		movw	r2, #5000
 2662 0012 02FB03F3 		mul	r3, r2, r3
 2663              	.LVL164:
 2664              	.L114:
1487:stm/stm32l4xx/STM32L4xx_HAL_Driver/Src/stm32l4xx_ll_sdmmc.c ****   {
 2665              		.loc 1 1487 3 is_stmt 1 view .LVU807
1489:stm/stm32l4xx/STM32L4xx_HAL_Driver/Src/stm32l4xx_ll_sdmmc.c ****     {
 2666              		.loc 1 1489 5 view .LVU808
 2667 0016 1A46     		mov	r2, r3
1489:stm/stm32l4xx/STM32L4xx_HAL_Driver/Src/stm32l4xx_ll_sdmmc.c ****     {
 2668              		.loc 1 1489 14 is_stmt 0 view .LVU809
 2669 0018 013B     		subs	r3, r3, #1
 2670              	.LVL165:
1489:stm/stm32l4xx/STM32L4xx_HAL_Driver/Src/stm32l4xx_ll_sdmmc.c ****     {
 2671              		.loc 1 1489 8 view .LVU810
 2672 001a 82B1     		cbz	r2, .L116
1493:stm/stm32l4xx/STM32L4xx_HAL_Driver/Src/stm32l4xx_ll_sdmmc.c ****   }while(((sta_reg & (SDMMC_FLAG_CCRCFAIL | SDMMC_FLAG_CMDREND | SDMMC_FLAG_CTIMEOUT)) == 0U) ||
 2673              		.loc 1 1493 5 is_stmt 1 view .LVU811
1493:stm/stm32l4xx/STM32L4xx_HAL_Driver/Src/stm32l4xx_ll_sdmmc.c ****   }while(((sta_reg & (SDMMC_FLAG_CCRCFAIL | SDMMC_FLAG_CMDREND | SDMMC_FLAG_CTIMEOUT)) == 0U) ||
 2674              		.loc 1 1493 13 is_stmt 0 view .LVU812
 2675 001c 4A6B     		ldr	r2, [r1, #52]
 2676              	.LVL166:
1494:stm/stm32l4xx/STM32L4xx_HAL_Driver/Src/stm32l4xx_ll_sdmmc.c ****          ((sta_reg & SDMMC_FLAG_CMDACT) != 0U ));
 2677              		.loc 1 1494 95 is_stmt 1 view .LVU813
 2678 001e 12F0450F 		tst	r2, #69
 2679 0022 F8D0     		beq	.L114
1494:stm/stm32l4xx/STM32L4xx_HAL_Driver/Src/stm32l4xx_ll_sdmmc.c ****          ((sta_reg & SDMMC_FLAG_CMDACT) != 0U ));
 2680              		.loc 1 1494 95 is_stmt 0 discriminator 1 view .LVU814
 2681 0024 12F4006F 		tst	r2, #2048
 2682 0028 F5D1     		bne	.L114
1497:stm/stm32l4xx/STM32L4xx_HAL_Driver/Src/stm32l4xx_ll_sdmmc.c ****   {
ARM GAS  /var/tmp//ccKapYbW.s 			page 90


 2683              		.loc 1 1497 3 is_stmt 1 view .LVU815
1497:stm/stm32l4xx/STM32L4xx_HAL_Driver/Src/stm32l4xx_ll_sdmmc.c ****   {
 2684              		.loc 1 1497 6 is_stmt 0 view .LVU816
 2685 002a 486B     		ldr	r0, [r1, #52]
 2686              	.LVL167:
1497:stm/stm32l4xx/STM32L4xx_HAL_Driver/Src/stm32l4xx_ll_sdmmc.c ****   {
 2687              		.loc 1 1497 5 view .LVU817
 2688 002c 10F00400 		ands	r0, r0, #4
 2689 0030 02D1     		bne	.L117
1506:stm/stm32l4xx/STM32L4xx_HAL_Driver/Src/stm32l4xx_ll_sdmmc.c ****   }
 2690              		.loc 1 1506 5 is_stmt 1 view .LVU818
 2691 0032 C523     		movs	r3, #197
 2692              	.LVL168:
1506:stm/stm32l4xx/STM32L4xx_HAL_Driver/Src/stm32l4xx_ll_sdmmc.c ****   }
 2693              		.loc 1 1506 5 is_stmt 0 view .LVU819
 2694 0034 8B63     		str	r3, [r1, #56]
1509:stm/stm32l4xx/STM32L4xx_HAL_Driver/Src/stm32l4xx_ll_sdmmc.c **** }
 2695              		.loc 1 1509 3 is_stmt 1 view .LVU820
1509:stm/stm32l4xx/STM32L4xx_HAL_Driver/Src/stm32l4xx_ll_sdmmc.c **** }
 2696              		.loc 1 1509 10 is_stmt 0 view .LVU821
 2697 0036 7047     		bx	lr
 2698              	.LVL169:
 2699              	.L117:
1499:stm/stm32l4xx/STM32L4xx_HAL_Driver/Src/stm32l4xx_ll_sdmmc.c **** 
 2700              		.loc 1 1499 5 is_stmt 1 view .LVU822
 2701 0038 0420     		movs	r0, #4
 2702 003a 8863     		str	r0, [r1, #56]
1501:stm/stm32l4xx/STM32L4xx_HAL_Driver/Src/stm32l4xx_ll_sdmmc.c ****   }
 2703              		.loc 1 1501 5 view .LVU823
1501:stm/stm32l4xx/STM32L4xx_HAL_Driver/Src/stm32l4xx_ll_sdmmc.c ****   }
 2704              		.loc 1 1501 12 is_stmt 0 view .LVU824
 2705 003c 7047     		bx	lr
 2706              	.LVL170:
 2707              	.L116:
1491:stm/stm32l4xx/STM32L4xx_HAL_Driver/Src/stm32l4xx_ll_sdmmc.c ****     }
 2708              		.loc 1 1491 14 view .LVU825
 2709 003e 4FF00040 		mov	r0, #-2147483648
 2710              	.LVL171:
1510:stm/stm32l4xx/STM32L4xx_HAL_Driver/Src/stm32l4xx_ll_sdmmc.c **** 
 2711              		.loc 1 1510 1 view .LVU826
 2712 0042 7047     		bx	lr
 2713              	.L119:
 2714              		.align	2
 2715              	.L118:
 2716 0044 00000000 		.word	SystemCoreClock
 2717 0048 D34D6210 		.word	274877907
 2718              		.cfi_endproc
 2719              	.LFE331:
 2721              		.section	.text.SDMMC_CmdAppOperCommand,"ax",%progbits
 2722              		.align	1
 2723              		.global	SDMMC_CmdAppOperCommand
 2724              		.syntax unified
 2725              		.thumb
 2726              		.thumb_func
 2728              	SDMMC_CmdAppOperCommand:
 2729              	.LVL172:
 2730              	.LFB316:
ARM GAS  /var/tmp//ccKapYbW.s 			page 91


 931:stm/stm32l4xx/STM32L4xx_HAL_Driver/Src/stm32l4xx_ll_sdmmc.c ****   SDMMC_CmdInitTypeDef  sdmmc_cmdinit;
 2731              		.loc 1 931 1 is_stmt 1 view -0
 2732              		.cfi_startproc
 2733              		@ args = 0, pretend = 0, frame = 24
 2734              		@ frame_needed = 0, uses_anonymous_args = 0
 931:stm/stm32l4xx/STM32L4xx_HAL_Driver/Src/stm32l4xx_ll_sdmmc.c ****   SDMMC_CmdInitTypeDef  sdmmc_cmdinit;
 2735              		.loc 1 931 1 is_stmt 0 view .LVU828
 2736 0000 10B5     		push	{r4, lr}
 2737              	.LCFI76:
 2738              		.cfi_def_cfa_offset 8
 2739              		.cfi_offset 4, -8
 2740              		.cfi_offset 14, -4
 2741 0002 86B0     		sub	sp, sp, #24
 2742              	.LCFI77:
 2743              		.cfi_def_cfa_offset 32
 2744 0004 0446     		mov	r4, r0
 932:stm/stm32l4xx/STM32L4xx_HAL_Driver/Src/stm32l4xx_ll_sdmmc.c ****   uint32_t errorstate;
 2745              		.loc 1 932 3 is_stmt 1 view .LVU829
 933:stm/stm32l4xx/STM32L4xx_HAL_Driver/Src/stm32l4xx_ll_sdmmc.c **** 
 2746              		.loc 1 933 3 view .LVU830
 938:stm/stm32l4xx/STM32L4xx_HAL_Driver/Src/stm32l4xx_ll_sdmmc.c **** #endif /* STM32L4P5xx || STM32L4Q5xx || STM32L4R5xx || STM32L4R7xx || STM32L4R9xx || STM32L4S5xx ||
 2747              		.loc 1 938 3 view .LVU831
 938:stm/stm32l4xx/STM32L4xx_HAL_Driver/Src/stm32l4xx_ll_sdmmc.c **** #endif /* STM32L4P5xx || STM32L4Q5xx || STM32L4R5xx || STM32L4R7xx || STM32L4R9xx || STM32L4S5xx ||
 2748              		.loc 1 938 60 is_stmt 0 view .LVU832
 2749 0006 41F00041 		orr	r1, r1, #-2147483648
 2750              	.LVL173:
 938:stm/stm32l4xx/STM32L4xx_HAL_Driver/Src/stm32l4xx_ll_sdmmc.c **** #endif /* STM32L4P5xx || STM32L4Q5xx || STM32L4R5xx || STM32L4R7xx || STM32L4R9xx || STM32L4S5xx ||
 2751              		.loc 1 938 60 view .LVU833
 2752 000a 41F48011 		orr	r1, r1, #1048576
 938:stm/stm32l4xx/STM32L4xx_HAL_Driver/Src/stm32l4xx_ll_sdmmc.c **** #endif /* STM32L4P5xx || STM32L4Q5xx || STM32L4R5xx || STM32L4R7xx || STM32L4R9xx || STM32L4S5xx ||
 2753              		.loc 1 938 34 view .LVU834
 2754 000e 0191     		str	r1, [sp, #4]
 940:stm/stm32l4xx/STM32L4xx_HAL_Driver/Src/stm32l4xx_ll_sdmmc.c ****   sdmmc_cmdinit.Response         = SDMMC_RESPONSE_SHORT;
 2755              		.loc 1 940 3 is_stmt 1 view .LVU835
 940:stm/stm32l4xx/STM32L4xx_HAL_Driver/Src/stm32l4xx_ll_sdmmc.c ****   sdmmc_cmdinit.Response         = SDMMC_RESPONSE_SHORT;
 2756              		.loc 1 940 34 is_stmt 0 view .LVU836
 2757 0010 2923     		movs	r3, #41
 2758 0012 0293     		str	r3, [sp, #8]
 941:stm/stm32l4xx/STM32L4xx_HAL_Driver/Src/stm32l4xx_ll_sdmmc.c ****   sdmmc_cmdinit.WaitForInterrupt = SDMMC_WAIT_NO;
 2759              		.loc 1 941 3 is_stmt 1 view .LVU837
 941:stm/stm32l4xx/STM32L4xx_HAL_Driver/Src/stm32l4xx_ll_sdmmc.c ****   sdmmc_cmdinit.WaitForInterrupt = SDMMC_WAIT_NO;
 2760              		.loc 1 941 34 is_stmt 0 view .LVU838
 2761 0014 4023     		movs	r3, #64
 2762 0016 0393     		str	r3, [sp, #12]
 942:stm/stm32l4xx/STM32L4xx_HAL_Driver/Src/stm32l4xx_ll_sdmmc.c ****   sdmmc_cmdinit.CPSM             = SDMMC_CPSM_ENABLE;
 2763              		.loc 1 942 3 is_stmt 1 view .LVU839
 942:stm/stm32l4xx/STM32L4xx_HAL_Driver/Src/stm32l4xx_ll_sdmmc.c ****   sdmmc_cmdinit.CPSM             = SDMMC_CPSM_ENABLE;
 2764              		.loc 1 942 34 is_stmt 0 view .LVU840
 2765 0018 0023     		movs	r3, #0
 2766 001a 0493     		str	r3, [sp, #16]
 943:stm/stm32l4xx/STM32L4xx_HAL_Driver/Src/stm32l4xx_ll_sdmmc.c ****   (void)SDMMC_SendCommand(SDMMCx, &sdmmc_cmdinit);
 2767              		.loc 1 943 3 is_stmt 1 view .LVU841
 943:stm/stm32l4xx/STM32L4xx_HAL_Driver/Src/stm32l4xx_ll_sdmmc.c ****   (void)SDMMC_SendCommand(SDMMCx, &sdmmc_cmdinit);
 2768              		.loc 1 943 34 is_stmt 0 view .LVU842
 2769 001c 4FF48063 		mov	r3, #1024
 2770 0020 0593     		str	r3, [sp, #20]
 944:stm/stm32l4xx/STM32L4xx_HAL_Driver/Src/stm32l4xx_ll_sdmmc.c **** 
ARM GAS  /var/tmp//ccKapYbW.s 			page 92


 2771              		.loc 1 944 3 is_stmt 1 view .LVU843
 944:stm/stm32l4xx/STM32L4xx_HAL_Driver/Src/stm32l4xx_ll_sdmmc.c **** 
 2772              		.loc 1 944 9 is_stmt 0 view .LVU844
 2773 0022 01A9     		add	r1, sp, #4
 2774 0024 FFF7FEFF 		bl	SDMMC_SendCommand
 2775              	.LVL174:
 947:stm/stm32l4xx/STM32L4xx_HAL_Driver/Src/stm32l4xx_ll_sdmmc.c **** 
 2776              		.loc 1 947 3 is_stmt 1 view .LVU845
 947:stm/stm32l4xx/STM32L4xx_HAL_Driver/Src/stm32l4xx_ll_sdmmc.c **** 
 2777              		.loc 1 947 16 is_stmt 0 view .LVU846
 2778 0028 2046     		mov	r0, r4
 2779 002a FFF7FEFF 		bl	SDMMC_GetCmdResp3
 2780              	.LVL175:
 949:stm/stm32l4xx/STM32L4xx_HAL_Driver/Src/stm32l4xx_ll_sdmmc.c **** }
 2781              		.loc 1 949 3 is_stmt 1 view .LVU847
 950:stm/stm32l4xx/STM32L4xx_HAL_Driver/Src/stm32l4xx_ll_sdmmc.c **** 
 2782              		.loc 1 950 1 is_stmt 0 view .LVU848
 2783 002e 06B0     		add	sp, sp, #24
 2784              	.LCFI78:
 2785              		.cfi_def_cfa_offset 8
 2786              		@ sp needed
 2787 0030 10BD     		pop	{r4, pc}
 950:stm/stm32l4xx/STM32L4xx_HAL_Driver/Src/stm32l4xx_ll_sdmmc.c **** 
 2788              		.loc 1 950 1 view .LVU849
 2789              		.cfi_endproc
 2790              	.LFE316:
 2792              		.section	.text.SDMMC_CmdOpCondition,"ax",%progbits
 2793              		.align	1
 2794              		.global	SDMMC_CmdOpCondition
 2795              		.syntax unified
 2796              		.thumb
 2797              		.thumb_func
 2799              	SDMMC_CmdOpCondition:
 2800              	.LVL176:
 2801              	.LFB326:
1179:stm/stm32l4xx/STM32L4xx_HAL_Driver/Src/stm32l4xx_ll_sdmmc.c ****   SDMMC_CmdInitTypeDef  sdmmc_cmdinit;
 2802              		.loc 1 1179 1 is_stmt 1 view -0
 2803              		.cfi_startproc
 2804              		@ args = 0, pretend = 0, frame = 24
 2805              		@ frame_needed = 0, uses_anonymous_args = 0
1179:stm/stm32l4xx/STM32L4xx_HAL_Driver/Src/stm32l4xx_ll_sdmmc.c ****   SDMMC_CmdInitTypeDef  sdmmc_cmdinit;
 2806              		.loc 1 1179 1 is_stmt 0 view .LVU851
 2807 0000 10B5     		push	{r4, lr}
 2808              	.LCFI79:
 2809              		.cfi_def_cfa_offset 8
 2810              		.cfi_offset 4, -8
 2811              		.cfi_offset 14, -4
 2812 0002 86B0     		sub	sp, sp, #24
 2813              	.LCFI80:
 2814              		.cfi_def_cfa_offset 32
 2815 0004 0446     		mov	r4, r0
1180:stm/stm32l4xx/STM32L4xx_HAL_Driver/Src/stm32l4xx_ll_sdmmc.c ****   uint32_t errorstate;
 2816              		.loc 1 1180 3 is_stmt 1 view .LVU852
1181:stm/stm32l4xx/STM32L4xx_HAL_Driver/Src/stm32l4xx_ll_sdmmc.c **** 
 2817              		.loc 1 1181 3 view .LVU853
1183:stm/stm32l4xx/STM32L4xx_HAL_Driver/Src/stm32l4xx_ll_sdmmc.c ****   sdmmc_cmdinit.CmdIndex         = SDMMC_CMD_SEND_OP_COND;
 2818              		.loc 1 1183 3 view .LVU854
ARM GAS  /var/tmp//ccKapYbW.s 			page 93


1183:stm/stm32l4xx/STM32L4xx_HAL_Driver/Src/stm32l4xx_ll_sdmmc.c ****   sdmmc_cmdinit.CmdIndex         = SDMMC_CMD_SEND_OP_COND;
 2819              		.loc 1 1183 34 is_stmt 0 view .LVU855
 2820 0006 0191     		str	r1, [sp, #4]
1184:stm/stm32l4xx/STM32L4xx_HAL_Driver/Src/stm32l4xx_ll_sdmmc.c ****   sdmmc_cmdinit.Response         = SDMMC_RESPONSE_SHORT;
 2821              		.loc 1 1184 3 is_stmt 1 view .LVU856
1184:stm/stm32l4xx/STM32L4xx_HAL_Driver/Src/stm32l4xx_ll_sdmmc.c ****   sdmmc_cmdinit.Response         = SDMMC_RESPONSE_SHORT;
 2822              		.loc 1 1184 34 is_stmt 0 view .LVU857
 2823 0008 0123     		movs	r3, #1
 2824 000a 0293     		str	r3, [sp, #8]
1185:stm/stm32l4xx/STM32L4xx_HAL_Driver/Src/stm32l4xx_ll_sdmmc.c ****   sdmmc_cmdinit.WaitForInterrupt = SDMMC_WAIT_NO;
 2825              		.loc 1 1185 3 is_stmt 1 view .LVU858
1185:stm/stm32l4xx/STM32L4xx_HAL_Driver/Src/stm32l4xx_ll_sdmmc.c ****   sdmmc_cmdinit.WaitForInterrupt = SDMMC_WAIT_NO;
 2826              		.loc 1 1185 34 is_stmt 0 view .LVU859
 2827 000c 4023     		movs	r3, #64
 2828 000e 0393     		str	r3, [sp, #12]
1186:stm/stm32l4xx/STM32L4xx_HAL_Driver/Src/stm32l4xx_ll_sdmmc.c ****   sdmmc_cmdinit.CPSM             = SDMMC_CPSM_ENABLE;
 2829              		.loc 1 1186 3 is_stmt 1 view .LVU860
1186:stm/stm32l4xx/STM32L4xx_HAL_Driver/Src/stm32l4xx_ll_sdmmc.c ****   sdmmc_cmdinit.CPSM             = SDMMC_CPSM_ENABLE;
 2830              		.loc 1 1186 34 is_stmt 0 view .LVU861
 2831 0010 0023     		movs	r3, #0
 2832 0012 0493     		str	r3, [sp, #16]
1187:stm/stm32l4xx/STM32L4xx_HAL_Driver/Src/stm32l4xx_ll_sdmmc.c ****   (void)SDMMC_SendCommand(SDMMCx, &sdmmc_cmdinit);
 2833              		.loc 1 1187 3 is_stmt 1 view .LVU862
1187:stm/stm32l4xx/STM32L4xx_HAL_Driver/Src/stm32l4xx_ll_sdmmc.c ****   (void)SDMMC_SendCommand(SDMMCx, &sdmmc_cmdinit);
 2834              		.loc 1 1187 34 is_stmt 0 view .LVU863
 2835 0014 4FF48063 		mov	r3, #1024
 2836 0018 0593     		str	r3, [sp, #20]
1188:stm/stm32l4xx/STM32L4xx_HAL_Driver/Src/stm32l4xx_ll_sdmmc.c **** 
 2837              		.loc 1 1188 3 is_stmt 1 view .LVU864
1188:stm/stm32l4xx/STM32L4xx_HAL_Driver/Src/stm32l4xx_ll_sdmmc.c **** 
 2838              		.loc 1 1188 9 is_stmt 0 view .LVU865
 2839 001a 01A9     		add	r1, sp, #4
 2840              	.LVL177:
1188:stm/stm32l4xx/STM32L4xx_HAL_Driver/Src/stm32l4xx_ll_sdmmc.c **** 
 2841              		.loc 1 1188 9 view .LVU866
 2842 001c FFF7FEFF 		bl	SDMMC_SendCommand
 2843              	.LVL178:
1191:stm/stm32l4xx/STM32L4xx_HAL_Driver/Src/stm32l4xx_ll_sdmmc.c **** 
 2844              		.loc 1 1191 3 is_stmt 1 view .LVU867
1191:stm/stm32l4xx/STM32L4xx_HAL_Driver/Src/stm32l4xx_ll_sdmmc.c **** 
 2845              		.loc 1 1191 16 is_stmt 0 view .LVU868
 2846 0020 2046     		mov	r0, r4
 2847 0022 FFF7FEFF 		bl	SDMMC_GetCmdResp3
 2848              	.LVL179:
1193:stm/stm32l4xx/STM32L4xx_HAL_Driver/Src/stm32l4xx_ll_sdmmc.c **** }
 2849              		.loc 1 1193 3 is_stmt 1 view .LVU869
1194:stm/stm32l4xx/STM32L4xx_HAL_Driver/Src/stm32l4xx_ll_sdmmc.c **** 
 2850              		.loc 1 1194 1 is_stmt 0 view .LVU870
 2851 0026 06B0     		add	sp, sp, #24
 2852              	.LCFI81:
 2853              		.cfi_def_cfa_offset 8
 2854              		@ sp needed
 2855 0028 10BD     		pop	{r4, pc}
1194:stm/stm32l4xx/STM32L4xx_HAL_Driver/Src/stm32l4xx_ll_sdmmc.c **** 
 2856              		.loc 1 1194 1 view .LVU871
 2857              		.cfi_endproc
 2858              	.LFE326:
ARM GAS  /var/tmp//ccKapYbW.s 			page 94


 2860              		.section	.text.SDMMC_GetCmdResp6,"ax",%progbits
 2861              		.align	1
 2862              		.global	SDMMC_GetCmdResp6
 2863              		.syntax unified
 2864              		.thumb
 2865              		.thumb_func
 2867              	SDMMC_GetCmdResp6:
 2868              	.LVL180:
 2869              	.LFB332:
1521:stm/stm32l4xx/STM32L4xx_HAL_Driver/Src/stm32l4xx_ll_sdmmc.c ****   uint32_t response_r1;
 2870              		.loc 1 1521 1 is_stmt 1 view -0
 2871              		.cfi_startproc
 2872              		@ args = 0, pretend = 0, frame = 0
 2873              		@ frame_needed = 0, uses_anonymous_args = 0
1521:stm/stm32l4xx/STM32L4xx_HAL_Driver/Src/stm32l4xx_ll_sdmmc.c ****   uint32_t response_r1;
 2874              		.loc 1 1521 1 is_stmt 0 view .LVU873
 2875 0000 F8B5     		push	{r3, r4, r5, r6, r7, lr}
 2876              	.LCFI82:
 2877              		.cfi_def_cfa_offset 24
 2878              		.cfi_offset 3, -24
 2879              		.cfi_offset 4, -20
 2880              		.cfi_offset 5, -16
 2881              		.cfi_offset 6, -12
 2882              		.cfi_offset 7, -8
 2883              		.cfi_offset 14, -4
 2884 0002 0546     		mov	r5, r0
 2885 0004 0E46     		mov	r6, r1
 2886 0006 1746     		mov	r7, r2
1522:stm/stm32l4xx/STM32L4xx_HAL_Driver/Src/stm32l4xx_ll_sdmmc.c ****   uint32_t sta_reg;
 2887              		.loc 1 1522 3 is_stmt 1 view .LVU874
1523:stm/stm32l4xx/STM32L4xx_HAL_Driver/Src/stm32l4xx_ll_sdmmc.c **** 
 2888              		.loc 1 1523 3 view .LVU875
1527:stm/stm32l4xx/STM32L4xx_HAL_Driver/Src/stm32l4xx_ll_sdmmc.c **** 
 2889              		.loc 1 1527 3 view .LVU876
1527:stm/stm32l4xx/STM32L4xx_HAL_Driver/Src/stm32l4xx_ll_sdmmc.c **** 
 2890              		.loc 1 1527 61 is_stmt 0 view .LVU877
 2891 0008 234B     		ldr	r3, .L138
 2892 000a 1B68     		ldr	r3, [r3]
 2893 000c 234A     		ldr	r2, .L138+4
 2894              	.LVL181:
1527:stm/stm32l4xx/STM32L4xx_HAL_Driver/Src/stm32l4xx_ll_sdmmc.c **** 
 2895              		.loc 1 1527 61 view .LVU878
 2896 000e A2FB0323 		umull	r2, r3, r2, r3
 2897 0012 5B0A     		lsrs	r3, r3, #9
1527:stm/stm32l4xx/STM32L4xx_HAL_Driver/Src/stm32l4xx_ll_sdmmc.c **** 
 2898              		.loc 1 1527 12 view .LVU879
 2899 0014 41F28832 		movw	r2, #5000
 2900 0018 02FB03F3 		mul	r3, r2, r3
 2901              	.LVL182:
 2902              	.L126:
1529:stm/stm32l4xx/STM32L4xx_HAL_Driver/Src/stm32l4xx_ll_sdmmc.c ****   {
 2903              		.loc 1 1529 3 is_stmt 1 view .LVU880
1531:stm/stm32l4xx/STM32L4xx_HAL_Driver/Src/stm32l4xx_ll_sdmmc.c ****     {
 2904              		.loc 1 1531 5 view .LVU881
 2905 001c 1A46     		mov	r2, r3
1531:stm/stm32l4xx/STM32L4xx_HAL_Driver/Src/stm32l4xx_ll_sdmmc.c ****     {
 2906              		.loc 1 1531 14 is_stmt 0 view .LVU882
ARM GAS  /var/tmp//ccKapYbW.s 			page 95


 2907 001e 013B     		subs	r3, r3, #1
 2908              	.LVL183:
1531:stm/stm32l4xx/STM32L4xx_HAL_Driver/Src/stm32l4xx_ll_sdmmc.c ****     {
 2909              		.loc 1 1531 8 view .LVU883
 2910 0020 8AB3     		cbz	r2, .L130
1535:stm/stm32l4xx/STM32L4xx_HAL_Driver/Src/stm32l4xx_ll_sdmmc.c ****   }while(((sta_reg & (SDMMC_FLAG_CCRCFAIL | SDMMC_FLAG_CMDREND | SDMMC_FLAG_CTIMEOUT)) == 0U) ||
 2911              		.loc 1 1535 5 is_stmt 1 view .LVU884
1535:stm/stm32l4xx/STM32L4xx_HAL_Driver/Src/stm32l4xx_ll_sdmmc.c ****   }while(((sta_reg & (SDMMC_FLAG_CCRCFAIL | SDMMC_FLAG_CMDREND | SDMMC_FLAG_CTIMEOUT)) == 0U) ||
 2912              		.loc 1 1535 13 is_stmt 0 view .LVU885
 2913 0022 6C6B     		ldr	r4, [r5, #52]
 2914              	.LVL184:
1536:stm/stm32l4xx/STM32L4xx_HAL_Driver/Src/stm32l4xx_ll_sdmmc.c ****          ((sta_reg & SDMMC_FLAG_CMDACT) != 0U ));
 2915              		.loc 1 1536 95 is_stmt 1 view .LVU886
 2916 0024 14F0450F 		tst	r4, #69
 2917 0028 F8D0     		beq	.L126
1536:stm/stm32l4xx/STM32L4xx_HAL_Driver/Src/stm32l4xx_ll_sdmmc.c ****          ((sta_reg & SDMMC_FLAG_CMDACT) != 0U ));
 2918              		.loc 1 1536 95 is_stmt 0 discriminator 1 view .LVU887
 2919 002a 14F4006F 		tst	r4, #2048
 2920 002e F5D1     		bne	.L126
1539:stm/stm32l4xx/STM32L4xx_HAL_Driver/Src/stm32l4xx_ll_sdmmc.c ****   {
 2921              		.loc 1 1539 3 is_stmt 1 view .LVU888
1539:stm/stm32l4xx/STM32L4xx_HAL_Driver/Src/stm32l4xx_ll_sdmmc.c ****   {
 2922              		.loc 1 1539 6 is_stmt 0 view .LVU889
 2923 0030 6B6B     		ldr	r3, [r5, #52]
 2924              	.LVL185:
1539:stm/stm32l4xx/STM32L4xx_HAL_Driver/Src/stm32l4xx_ll_sdmmc.c ****   {
 2925              		.loc 1 1539 5 view .LVU890
 2926 0032 13F0040F 		tst	r3, #4
 2927 0036 06D1     		bne	.L135
1545:stm/stm32l4xx/STM32L4xx_HAL_Driver/Src/stm32l4xx_ll_sdmmc.c ****   {
 2928              		.loc 1 1545 8 is_stmt 1 view .LVU891
1545:stm/stm32l4xx/STM32L4xx_HAL_Driver/Src/stm32l4xx_ll_sdmmc.c ****   {
 2929              		.loc 1 1545 11 is_stmt 0 view .LVU892
 2930 0038 6B6B     		ldr	r3, [r5, #52]
1545:stm/stm32l4xx/STM32L4xx_HAL_Driver/Src/stm32l4xx_ll_sdmmc.c ****   {
 2931              		.loc 1 1545 10 view .LVU893
 2932 003a 13F0010F 		tst	r3, #1
 2933 003e 05D0     		beq	.L128
1547:stm/stm32l4xx/STM32L4xx_HAL_Driver/Src/stm32l4xx_ll_sdmmc.c **** 
 2934              		.loc 1 1547 5 is_stmt 1 view .LVU894
 2935 0040 0120     		movs	r0, #1
 2936              	.LVL186:
1547:stm/stm32l4xx/STM32L4xx_HAL_Driver/Src/stm32l4xx_ll_sdmmc.c **** 
 2937              		.loc 1 1547 5 is_stmt 0 view .LVU895
 2938 0042 A863     		str	r0, [r5, #56]
1549:stm/stm32l4xx/STM32L4xx_HAL_Driver/Src/stm32l4xx_ll_sdmmc.c ****   }
 2939              		.loc 1 1549 5 is_stmt 1 view .LVU896
1549:stm/stm32l4xx/STM32L4xx_HAL_Driver/Src/stm32l4xx_ll_sdmmc.c ****   }
 2940              		.loc 1 1549 12 is_stmt 0 view .LVU897
 2941 0044 21E0     		b	.L124
 2942              	.LVL187:
 2943              	.L135:
1541:stm/stm32l4xx/STM32L4xx_HAL_Driver/Src/stm32l4xx_ll_sdmmc.c **** 
 2944              		.loc 1 1541 5 is_stmt 1 view .LVU898
 2945 0046 0420     		movs	r0, #4
 2946              	.LVL188:
1541:stm/stm32l4xx/STM32L4xx_HAL_Driver/Src/stm32l4xx_ll_sdmmc.c **** 
ARM GAS  /var/tmp//ccKapYbW.s 			page 96


 2947              		.loc 1 1541 5 is_stmt 0 view .LVU899
 2948 0048 A863     		str	r0, [r5, #56]
1543:stm/stm32l4xx/STM32L4xx_HAL_Driver/Src/stm32l4xx_ll_sdmmc.c ****   }
 2949              		.loc 1 1543 5 is_stmt 1 view .LVU900
1543:stm/stm32l4xx/STM32L4xx_HAL_Driver/Src/stm32l4xx_ll_sdmmc.c ****   }
 2950              		.loc 1 1543 12 is_stmt 0 view .LVU901
 2951 004a 1EE0     		b	.L124
 2952              	.LVL189:
 2953              	.L128:
1554:stm/stm32l4xx/STM32L4xx_HAL_Driver/Src/stm32l4xx_ll_sdmmc.c **** 
 2954              		.loc 1 1554 3 is_stmt 1 view .LVU902
1557:stm/stm32l4xx/STM32L4xx_HAL_Driver/Src/stm32l4xx_ll_sdmmc.c ****   {
 2955              		.loc 1 1557 3 view .LVU903
1557:stm/stm32l4xx/STM32L4xx_HAL_Driver/Src/stm32l4xx_ll_sdmmc.c ****   {
 2956              		.loc 1 1557 6 is_stmt 0 view .LVU904
 2957 004c 2846     		mov	r0, r5
 2958              	.LVL190:
1557:stm/stm32l4xx/STM32L4xx_HAL_Driver/Src/stm32l4xx_ll_sdmmc.c ****   {
 2959              		.loc 1 1557 6 view .LVU905
 2960 004e FFF7FEFF 		bl	SDMMC_GetCommandResponse
 2961              	.LVL191:
1557:stm/stm32l4xx/STM32L4xx_HAL_Driver/Src/stm32l4xx_ll_sdmmc.c ****   {
 2962              		.loc 1 1557 5 view .LVU906
 2963 0052 B042     		cmp	r0, r6
 2964 0054 01D0     		beq	.L136
1559:stm/stm32l4xx/STM32L4xx_HAL_Driver/Src/stm32l4xx_ll_sdmmc.c ****   }
 2965              		.loc 1 1559 12 view .LVU907
 2966 0056 0120     		movs	r0, #1
 2967 0058 17E0     		b	.L124
 2968              	.L136:
1563:stm/stm32l4xx/STM32L4xx_HAL_Driver/Src/stm32l4xx_ll_sdmmc.c **** 
 2969              		.loc 1 1563 3 is_stmt 1 view .LVU908
 2970 005a C523     		movs	r3, #197
 2971 005c AB63     		str	r3, [r5, #56]
1566:stm/stm32l4xx/STM32L4xx_HAL_Driver/Src/stm32l4xx_ll_sdmmc.c **** 
 2972              		.loc 1 1566 3 view .LVU909
1566:stm/stm32l4xx/STM32L4xx_HAL_Driver/Src/stm32l4xx_ll_sdmmc.c **** 
 2973              		.loc 1 1566 17 is_stmt 0 view .LVU910
 2974 005e 0021     		movs	r1, #0
 2975 0060 2846     		mov	r0, r5
 2976 0062 FFF7FEFF 		bl	SDMMC_GetResponse
 2977              	.LVL192:
 2978 0066 0346     		mov	r3, r0
 2979              	.LVL193:
1568:stm/stm32l4xx/STM32L4xx_HAL_Driver/Src/stm32l4xx_ll_sdmmc.c ****   {
 2980              		.loc 1 1568 3 is_stmt 1 view .LVU911
1568:stm/stm32l4xx/STM32L4xx_HAL_Driver/Src/stm32l4xx_ll_sdmmc.c ****   {
 2981              		.loc 1 1568 5 is_stmt 0 view .LVU912
 2982 0068 10F46040 		ands	r0, r0, #57344
 2983              	.LVL194:
1568:stm/stm32l4xx/STM32L4xx_HAL_Driver/Src/stm32l4xx_ll_sdmmc.c ****   {
 2984              		.loc 1 1568 5 view .LVU913
 2985 006c 08D0     		beq	.L137
1574:stm/stm32l4xx/STM32L4xx_HAL_Driver/Src/stm32l4xx_ll_sdmmc.c ****   {
 2986              		.loc 1 1574 8 is_stmt 1 view .LVU914
1574:stm/stm32l4xx/STM32L4xx_HAL_Driver/Src/stm32l4xx_ll_sdmmc.c ****   {
 2987              		.loc 1 1574 10 is_stmt 0 view .LVU915
ARM GAS  /var/tmp//ccKapYbW.s 			page 97


 2988 006e 13F4804F 		tst	r3, #16384
 2989 0072 0BD1     		bne	.L132
1578:stm/stm32l4xx/STM32L4xx_HAL_Driver/Src/stm32l4xx_ll_sdmmc.c ****   {
 2990              		.loc 1 1578 8 is_stmt 1 view .LVU916
1578:stm/stm32l4xx/STM32L4xx_HAL_Driver/Src/stm32l4xx_ll_sdmmc.c ****   {
 2991              		.loc 1 1578 10 is_stmt 0 view .LVU917
 2992 0074 13F4004F 		tst	r3, #32768
 2993 0078 0BD0     		beq	.L133
1580:stm/stm32l4xx/STM32L4xx_HAL_Driver/Src/stm32l4xx_ll_sdmmc.c ****   }
 2994              		.loc 1 1580 12 view .LVU918
 2995 007a 4FF48050 		mov	r0, #4096
 2996 007e 04E0     		b	.L124
 2997              	.L137:
1570:stm/stm32l4xx/STM32L4xx_HAL_Driver/Src/stm32l4xx_ll_sdmmc.c **** 
 2998              		.loc 1 1570 5 is_stmt 1 view .LVU919
1570:stm/stm32l4xx/STM32L4xx_HAL_Driver/Src/stm32l4xx_ll_sdmmc.c **** 
 2999              		.loc 1 1570 13 is_stmt 0 view .LVU920
 3000 0080 1B0C     		lsrs	r3, r3, #16
 3001              	.LVL195:
1570:stm/stm32l4xx/STM32L4xx_HAL_Driver/Src/stm32l4xx_ll_sdmmc.c **** 
 3002              		.loc 1 1570 11 view .LVU921
 3003 0082 3B80     		strh	r3, [r7]	@ movhi
1572:stm/stm32l4xx/STM32L4xx_HAL_Driver/Src/stm32l4xx_ll_sdmmc.c ****   }
 3004              		.loc 1 1572 5 is_stmt 1 view .LVU922
1572:stm/stm32l4xx/STM32L4xx_HAL_Driver/Src/stm32l4xx_ll_sdmmc.c ****   }
 3005              		.loc 1 1572 12 is_stmt 0 view .LVU923
 3006 0084 01E0     		b	.L124
 3007              	.LVL196:
 3008              	.L130:
1533:stm/stm32l4xx/STM32L4xx_HAL_Driver/Src/stm32l4xx_ll_sdmmc.c ****     }
 3009              		.loc 1 1533 14 view .LVU924
 3010 0086 4FF00040 		mov	r0, #-2147483648
 3011              	.LVL197:
 3012              	.L124:
1586:stm/stm32l4xx/STM32L4xx_HAL_Driver/Src/stm32l4xx_ll_sdmmc.c **** 
 3013              		.loc 1 1586 1 view .LVU925
 3014 008a F8BD     		pop	{r3, r4, r5, r6, r7, pc}
 3015              	.LVL198:
 3016              	.L132:
1576:stm/stm32l4xx/STM32L4xx_HAL_Driver/Src/stm32l4xx_ll_sdmmc.c ****   }
 3017              		.loc 1 1576 12 view .LVU926
 3018 008c 4FF40050 		mov	r0, #8192
 3019 0090 FBE7     		b	.L124
 3020              	.L133:
1584:stm/stm32l4xx/STM32L4xx_HAL_Driver/Src/stm32l4xx_ll_sdmmc.c ****   }
 3021              		.loc 1 1584 12 view .LVU927
 3022 0092 4FF48030 		mov	r0, #65536
 3023 0096 F8E7     		b	.L124
 3024              	.L139:
 3025              		.align	2
 3026              	.L138:
 3027 0098 00000000 		.word	SystemCoreClock
 3028 009c D34D6210 		.word	274877907
 3029              		.cfi_endproc
 3030              	.LFE332:
 3032              		.section	.text.SDMMC_CmdSetRelAdd,"ax",%progbits
 3033              		.align	1
ARM GAS  /var/tmp//ccKapYbW.s 			page 98


 3034              		.global	SDMMC_CmdSetRelAdd
 3035              		.syntax unified
 3036              		.thumb
 3037              		.thumb_func
 3039              	SDMMC_CmdSetRelAdd:
 3040              	.LVL199:
 3041              	.LFB321:
1056:stm/stm32l4xx/STM32L4xx_HAL_Driver/Src/stm32l4xx_ll_sdmmc.c ****   SDMMC_CmdInitTypeDef  sdmmc_cmdinit;
 3042              		.loc 1 1056 1 is_stmt 1 view -0
 3043              		.cfi_startproc
 3044              		@ args = 0, pretend = 0, frame = 24
 3045              		@ frame_needed = 0, uses_anonymous_args = 0
1056:stm/stm32l4xx/STM32L4xx_HAL_Driver/Src/stm32l4xx_ll_sdmmc.c ****   SDMMC_CmdInitTypeDef  sdmmc_cmdinit;
 3046              		.loc 1 1056 1 is_stmt 0 view .LVU929
 3047 0000 70B5     		push	{r4, r5, r6, lr}
 3048              	.LCFI83:
 3049              		.cfi_def_cfa_offset 16
 3050              		.cfi_offset 4, -16
 3051              		.cfi_offset 5, -12
 3052              		.cfi_offset 6, -8
 3053              		.cfi_offset 14, -4
 3054 0002 86B0     		sub	sp, sp, #24
 3055              	.LCFI84:
 3056              		.cfi_def_cfa_offset 40
 3057 0004 0446     		mov	r4, r0
 3058 0006 0D46     		mov	r5, r1
1057:stm/stm32l4xx/STM32L4xx_HAL_Driver/Src/stm32l4xx_ll_sdmmc.c ****   uint32_t errorstate;
 3059              		.loc 1 1057 3 is_stmt 1 view .LVU930
1058:stm/stm32l4xx/STM32L4xx_HAL_Driver/Src/stm32l4xx_ll_sdmmc.c **** 
 3060              		.loc 1 1058 3 view .LVU931
1061:stm/stm32l4xx/STM32L4xx_HAL_Driver/Src/stm32l4xx_ll_sdmmc.c ****   sdmmc_cmdinit.CmdIndex         = SDMMC_CMD_SET_REL_ADDR;
 3061              		.loc 1 1061 3 view .LVU932
1061:stm/stm32l4xx/STM32L4xx_HAL_Driver/Src/stm32l4xx_ll_sdmmc.c ****   sdmmc_cmdinit.CmdIndex         = SDMMC_CMD_SET_REL_ADDR;
 3062              		.loc 1 1061 34 is_stmt 0 view .LVU933
 3063 0008 0023     		movs	r3, #0
 3064 000a 0193     		str	r3, [sp, #4]
1062:stm/stm32l4xx/STM32L4xx_HAL_Driver/Src/stm32l4xx_ll_sdmmc.c ****   sdmmc_cmdinit.Response         = SDMMC_RESPONSE_SHORT;
 3065              		.loc 1 1062 3 is_stmt 1 view .LVU934
1062:stm/stm32l4xx/STM32L4xx_HAL_Driver/Src/stm32l4xx_ll_sdmmc.c ****   sdmmc_cmdinit.Response         = SDMMC_RESPONSE_SHORT;
 3066              		.loc 1 1062 34 is_stmt 0 view .LVU935
 3067 000c 0326     		movs	r6, #3
 3068 000e 0296     		str	r6, [sp, #8]
1063:stm/stm32l4xx/STM32L4xx_HAL_Driver/Src/stm32l4xx_ll_sdmmc.c ****   sdmmc_cmdinit.WaitForInterrupt = SDMMC_WAIT_NO;
 3069              		.loc 1 1063 3 is_stmt 1 view .LVU936
1063:stm/stm32l4xx/STM32L4xx_HAL_Driver/Src/stm32l4xx_ll_sdmmc.c ****   sdmmc_cmdinit.WaitForInterrupt = SDMMC_WAIT_NO;
 3070              		.loc 1 1063 34 is_stmt 0 view .LVU937
 3071 0010 4022     		movs	r2, #64
 3072 0012 0392     		str	r2, [sp, #12]
1064:stm/stm32l4xx/STM32L4xx_HAL_Driver/Src/stm32l4xx_ll_sdmmc.c ****   sdmmc_cmdinit.CPSM             = SDMMC_CPSM_ENABLE;
 3073              		.loc 1 1064 3 is_stmt 1 view .LVU938
1064:stm/stm32l4xx/STM32L4xx_HAL_Driver/Src/stm32l4xx_ll_sdmmc.c ****   sdmmc_cmdinit.CPSM             = SDMMC_CPSM_ENABLE;
 3074              		.loc 1 1064 34 is_stmt 0 view .LVU939
 3075 0014 0493     		str	r3, [sp, #16]
1065:stm/stm32l4xx/STM32L4xx_HAL_Driver/Src/stm32l4xx_ll_sdmmc.c ****   (void)SDMMC_SendCommand(SDMMCx, &sdmmc_cmdinit);
 3076              		.loc 1 1065 3 is_stmt 1 view .LVU940
1065:stm/stm32l4xx/STM32L4xx_HAL_Driver/Src/stm32l4xx_ll_sdmmc.c ****   (void)SDMMC_SendCommand(SDMMCx, &sdmmc_cmdinit);
 3077              		.loc 1 1065 34 is_stmt 0 view .LVU941
ARM GAS  /var/tmp//ccKapYbW.s 			page 99


 3078 0016 4FF48063 		mov	r3, #1024
 3079 001a 0593     		str	r3, [sp, #20]
1066:stm/stm32l4xx/STM32L4xx_HAL_Driver/Src/stm32l4xx_ll_sdmmc.c **** 
 3080              		.loc 1 1066 3 is_stmt 1 view .LVU942
1066:stm/stm32l4xx/STM32L4xx_HAL_Driver/Src/stm32l4xx_ll_sdmmc.c **** 
 3081              		.loc 1 1066 9 is_stmt 0 view .LVU943
 3082 001c 01A9     		add	r1, sp, #4
 3083              	.LVL200:
1066:stm/stm32l4xx/STM32L4xx_HAL_Driver/Src/stm32l4xx_ll_sdmmc.c **** 
 3084              		.loc 1 1066 9 view .LVU944
 3085 001e FFF7FEFF 		bl	SDMMC_SendCommand
 3086              	.LVL201:
1069:stm/stm32l4xx/STM32L4xx_HAL_Driver/Src/stm32l4xx_ll_sdmmc.c **** 
 3087              		.loc 1 1069 3 is_stmt 1 view .LVU945
1069:stm/stm32l4xx/STM32L4xx_HAL_Driver/Src/stm32l4xx_ll_sdmmc.c **** 
 3088              		.loc 1 1069 16 is_stmt 0 view .LVU946
 3089 0022 2A46     		mov	r2, r5
 3090 0024 3146     		mov	r1, r6
 3091 0026 2046     		mov	r0, r4
 3092 0028 FFF7FEFF 		bl	SDMMC_GetCmdResp6
 3093              	.LVL202:
1071:stm/stm32l4xx/STM32L4xx_HAL_Driver/Src/stm32l4xx_ll_sdmmc.c **** }
 3094              		.loc 1 1071 3 is_stmt 1 view .LVU947
1072:stm/stm32l4xx/STM32L4xx_HAL_Driver/Src/stm32l4xx_ll_sdmmc.c **** 
 3095              		.loc 1 1072 1 is_stmt 0 view .LVU948
 3096 002c 06B0     		add	sp, sp, #24
 3097              	.LCFI85:
 3098              		.cfi_def_cfa_offset 16
 3099              		@ sp needed
 3100 002e 70BD     		pop	{r4, r5, r6, pc}
1072:stm/stm32l4xx/STM32L4xx_HAL_Driver/Src/stm32l4xx_ll_sdmmc.c **** 
 3101              		.loc 1 1072 1 view .LVU949
 3102              		.cfi_endproc
 3103              	.LFE321:
 3105              		.section	.text.SDMMC_GetCmdResp7,"ax",%progbits
 3106              		.align	1
 3107              		.global	SDMMC_GetCmdResp7
 3108              		.syntax unified
 3109              		.thumb
 3110              		.thumb_func
 3112              	SDMMC_GetCmdResp7:
 3113              	.LVL203:
 3114              	.LFB333:
1594:stm/stm32l4xx/STM32L4xx_HAL_Driver/Src/stm32l4xx_ll_sdmmc.c ****   uint32_t sta_reg;
 3115              		.loc 1 1594 1 is_stmt 1 view -0
 3116              		.cfi_startproc
 3117              		@ args = 0, pretend = 0, frame = 0
 3118              		@ frame_needed = 0, uses_anonymous_args = 0
 3119              		@ link register save eliminated.
1594:stm/stm32l4xx/STM32L4xx_HAL_Driver/Src/stm32l4xx_ll_sdmmc.c ****   uint32_t sta_reg;
 3120              		.loc 1 1594 1 is_stmt 0 view .LVU951
 3121 0000 0146     		mov	r1, r0
1595:stm/stm32l4xx/STM32L4xx_HAL_Driver/Src/stm32l4xx_ll_sdmmc.c ****   /* 8 is the number of required instructions cycles for the below loop statement.
 3122              		.loc 1 1595 3 is_stmt 1 view .LVU952
1598:stm/stm32l4xx/STM32L4xx_HAL_Driver/Src/stm32l4xx_ll_sdmmc.c **** 
 3123              		.loc 1 1598 3 view .LVU953
1598:stm/stm32l4xx/STM32L4xx_HAL_Driver/Src/stm32l4xx_ll_sdmmc.c **** 
ARM GAS  /var/tmp//ccKapYbW.s 			page 100


 3124              		.loc 1 1598 61 is_stmt 0 view .LVU954
 3125 0002 164B     		ldr	r3, .L150
 3126 0004 1B68     		ldr	r3, [r3]
 3127 0006 164A     		ldr	r2, .L150+4
 3128 0008 A2FB0323 		umull	r2, r3, r2, r3
 3129 000c 5B0A     		lsrs	r3, r3, #9
1598:stm/stm32l4xx/STM32L4xx_HAL_Driver/Src/stm32l4xx_ll_sdmmc.c **** 
 3130              		.loc 1 1598 12 view .LVU955
 3131 000e 41F28832 		movw	r2, #5000
 3132 0012 02FB03F3 		mul	r3, r2, r3
 3133              	.LVL204:
 3134              	.L144:
1600:stm/stm32l4xx/STM32L4xx_HAL_Driver/Src/stm32l4xx_ll_sdmmc.c ****   {
 3135              		.loc 1 1600 3 is_stmt 1 view .LVU956
1602:stm/stm32l4xx/STM32L4xx_HAL_Driver/Src/stm32l4xx_ll_sdmmc.c ****     {
 3136              		.loc 1 1602 5 view .LVU957
 3137 0016 1A46     		mov	r2, r3
1602:stm/stm32l4xx/STM32L4xx_HAL_Driver/Src/stm32l4xx_ll_sdmmc.c ****     {
 3138              		.loc 1 1602 14 is_stmt 0 view .LVU958
 3139 0018 013B     		subs	r3, r3, #1
 3140              	.LVL205:
1602:stm/stm32l4xx/STM32L4xx_HAL_Driver/Src/stm32l4xx_ll_sdmmc.c ****     {
 3141              		.loc 1 1602 8 view .LVU959
 3142 001a E2B1     		cbz	r2, .L147
1606:stm/stm32l4xx/STM32L4xx_HAL_Driver/Src/stm32l4xx_ll_sdmmc.c ****   }while(((sta_reg & (SDMMC_FLAG_CCRCFAIL | SDMMC_FLAG_CMDREND | SDMMC_FLAG_CTIMEOUT)) == 0U) ||
 3143              		.loc 1 1606 5 is_stmt 1 view .LVU960
1606:stm/stm32l4xx/STM32L4xx_HAL_Driver/Src/stm32l4xx_ll_sdmmc.c ****   }while(((sta_reg & (SDMMC_FLAG_CCRCFAIL | SDMMC_FLAG_CMDREND | SDMMC_FLAG_CTIMEOUT)) == 0U) ||
 3144              		.loc 1 1606 13 is_stmt 0 view .LVU961
 3145 001c 4A6B     		ldr	r2, [r1, #52]
 3146              	.LVL206:
1607:stm/stm32l4xx/STM32L4xx_HAL_Driver/Src/stm32l4xx_ll_sdmmc.c ****          ((sta_reg & SDMMC_FLAG_CMDACT) != 0U ));
 3147              		.loc 1 1607 95 is_stmt 1 view .LVU962
 3148 001e 12F0450F 		tst	r2, #69
 3149 0022 F8D0     		beq	.L144
1607:stm/stm32l4xx/STM32L4xx_HAL_Driver/Src/stm32l4xx_ll_sdmmc.c ****          ((sta_reg & SDMMC_FLAG_CMDACT) != 0U ));
 3150              		.loc 1 1607 95 is_stmt 0 discriminator 1 view .LVU963
 3151 0024 12F4006F 		tst	r2, #2048
 3152 0028 F5D1     		bne	.L144
1610:stm/stm32l4xx/STM32L4xx_HAL_Driver/Src/stm32l4xx_ll_sdmmc.c ****   {
 3153              		.loc 1 1610 3 is_stmt 1 view .LVU964
1610:stm/stm32l4xx/STM32L4xx_HAL_Driver/Src/stm32l4xx_ll_sdmmc.c ****   {
 3154              		.loc 1 1610 6 is_stmt 0 view .LVU965
 3155 002a 4B6B     		ldr	r3, [r1, #52]
 3156              	.LVL207:
1610:stm/stm32l4xx/STM32L4xx_HAL_Driver/Src/stm32l4xx_ll_sdmmc.c ****   {
 3157              		.loc 1 1610 5 view .LVU966
 3158 002c 13F0040F 		tst	r3, #4
 3159 0030 0BD1     		bne	.L148
1618:stm/stm32l4xx/STM32L4xx_HAL_Driver/Src/stm32l4xx_ll_sdmmc.c ****   {
 3160              		.loc 1 1618 8 is_stmt 1 view .LVU967
1618:stm/stm32l4xx/STM32L4xx_HAL_Driver/Src/stm32l4xx_ll_sdmmc.c ****   {
 3161              		.loc 1 1618 11 is_stmt 0 view .LVU968
 3162 0032 4B6B     		ldr	r3, [r1, #52]
1618:stm/stm32l4xx/STM32L4xx_HAL_Driver/Src/stm32l4xx_ll_sdmmc.c ****   {
 3163              		.loc 1 1618 10 view .LVU969
 3164 0034 13F00103 		ands	r3, r3, #1
 3165 0038 0AD1     		bne	.L149
ARM GAS  /var/tmp//ccKapYbW.s 			page 101


1628:stm/stm32l4xx/STM32L4xx_HAL_Driver/Src/stm32l4xx_ll_sdmmc.c **** 
 3166              		.loc 1 1628 3 is_stmt 1 view .LVU970
1630:stm/stm32l4xx/STM32L4xx_HAL_Driver/Src/stm32l4xx_ll_sdmmc.c ****   {
 3167              		.loc 1 1630 3 view .LVU971
1630:stm/stm32l4xx/STM32L4xx_HAL_Driver/Src/stm32l4xx_ll_sdmmc.c ****   {
 3168              		.loc 1 1630 6 is_stmt 0 view .LVU972
 3169 003a 486B     		ldr	r0, [r1, #52]
 3170              	.LVL208:
1630:stm/stm32l4xx/STM32L4xx_HAL_Driver/Src/stm32l4xx_ll_sdmmc.c ****   {
 3171              		.loc 1 1630 5 view .LVU973
 3172 003c 10F04000 		ands	r0, r0, #64
 3173 0040 0BD0     		beq	.L142
1633:stm/stm32l4xx/STM32L4xx_HAL_Driver/Src/stm32l4xx_ll_sdmmc.c ****   }
 3174              		.loc 1 1633 5 is_stmt 1 view .LVU974
 3175 0042 4022     		movs	r2, #64
 3176              	.LVL209:
1633:stm/stm32l4xx/STM32L4xx_HAL_Driver/Src/stm32l4xx_ll_sdmmc.c ****   }
 3177              		.loc 1 1633 5 is_stmt 0 view .LVU975
 3178 0044 8A63     		str	r2, [r1, #56]
1636:stm/stm32l4xx/STM32L4xx_HAL_Driver/Src/stm32l4xx_ll_sdmmc.c **** 
 3179              		.loc 1 1636 10 view .LVU976
 3180 0046 1846     		mov	r0, r3
 3181 0048 7047     		bx	lr
 3182              	.LVL210:
 3183              	.L148:
1613:stm/stm32l4xx/STM32L4xx_HAL_Driver/Src/stm32l4xx_ll_sdmmc.c **** 
 3184              		.loc 1 1613 5 is_stmt 1 view .LVU977
 3185 004a 0420     		movs	r0, #4
 3186              	.LVL211:
1613:stm/stm32l4xx/STM32L4xx_HAL_Driver/Src/stm32l4xx_ll_sdmmc.c **** 
 3187              		.loc 1 1613 5 is_stmt 0 view .LVU978
 3188 004c 8863     		str	r0, [r1, #56]
1615:stm/stm32l4xx/STM32L4xx_HAL_Driver/Src/stm32l4xx_ll_sdmmc.c ****   }
 3189              		.loc 1 1615 5 is_stmt 1 view .LVU979
1615:stm/stm32l4xx/STM32L4xx_HAL_Driver/Src/stm32l4xx_ll_sdmmc.c ****   }
 3190              		.loc 1 1615 12 is_stmt 0 view .LVU980
 3191 004e 7047     		bx	lr
 3192              	.LVL212:
 3193              	.L149:
1621:stm/stm32l4xx/STM32L4xx_HAL_Driver/Src/stm32l4xx_ll_sdmmc.c **** 
 3194              		.loc 1 1621 5 is_stmt 1 view .LVU981
 3195 0050 0120     		movs	r0, #1
 3196              	.LVL213:
1621:stm/stm32l4xx/STM32L4xx_HAL_Driver/Src/stm32l4xx_ll_sdmmc.c **** 
 3197              		.loc 1 1621 5 is_stmt 0 view .LVU982
 3198 0052 8863     		str	r0, [r1, #56]
1623:stm/stm32l4xx/STM32L4xx_HAL_Driver/Src/stm32l4xx_ll_sdmmc.c ****   }
 3199              		.loc 1 1623 5 is_stmt 1 view .LVU983
1623:stm/stm32l4xx/STM32L4xx_HAL_Driver/Src/stm32l4xx_ll_sdmmc.c ****   }
 3200              		.loc 1 1623 12 is_stmt 0 view .LVU984
 3201 0054 7047     		bx	lr
 3202              	.LVL214:
 3203              	.L147:
1604:stm/stm32l4xx/STM32L4xx_HAL_Driver/Src/stm32l4xx_ll_sdmmc.c ****     }
 3204              		.loc 1 1604 14 view .LVU985
 3205 0056 4FF00040 		mov	r0, #-2147483648
 3206              	.LVL215:
ARM GAS  /var/tmp//ccKapYbW.s 			page 102


 3207              	.L142:
1638:stm/stm32l4xx/STM32L4xx_HAL_Driver/Src/stm32l4xx_ll_sdmmc.c **** /**
 3208              		.loc 1 1638 1 view .LVU986
 3209 005a 7047     		bx	lr
 3210              	.L151:
 3211              		.align	2
 3212              	.L150:
 3213 005c 00000000 		.word	SystemCoreClock
 3214 0060 D34D6210 		.word	274877907
 3215              		.cfi_endproc
 3216              	.LFE333:
 3218              		.section	.text.SDMMC_CmdOperCond,"ax",%progbits
 3219              		.align	1
 3220              		.global	SDMMC_CmdOperCond
 3221              		.syntax unified
 3222              		.thumb
 3223              		.thumb_func
 3225              	SDMMC_CmdOperCond:
 3226              	.LVL216:
 3227              	.LFB314:
 872:stm/stm32l4xx/STM32L4xx_HAL_Driver/Src/stm32l4xx_ll_sdmmc.c ****   SDMMC_CmdInitTypeDef  sdmmc_cmdinit;
 3228              		.loc 1 872 1 is_stmt 1 view -0
 3229              		.cfi_startproc
 3230              		@ args = 0, pretend = 0, frame = 24
 3231              		@ frame_needed = 0, uses_anonymous_args = 0
 872:stm/stm32l4xx/STM32L4xx_HAL_Driver/Src/stm32l4xx_ll_sdmmc.c ****   SDMMC_CmdInitTypeDef  sdmmc_cmdinit;
 3232              		.loc 1 872 1 is_stmt 0 view .LVU988
 3233 0000 10B5     		push	{r4, lr}
 3234              	.LCFI86:
 3235              		.cfi_def_cfa_offset 8
 3236              		.cfi_offset 4, -8
 3237              		.cfi_offset 14, -4
 3238 0002 86B0     		sub	sp, sp, #24
 3239              	.LCFI87:
 3240              		.cfi_def_cfa_offset 32
 3241 0004 0446     		mov	r4, r0
 873:stm/stm32l4xx/STM32L4xx_HAL_Driver/Src/stm32l4xx_ll_sdmmc.c ****   uint32_t errorstate;
 3242              		.loc 1 873 3 is_stmt 1 view .LVU989
 874:stm/stm32l4xx/STM32L4xx_HAL_Driver/Src/stm32l4xx_ll_sdmmc.c **** 
 3243              		.loc 1 874 3 view .LVU990
 881:stm/stm32l4xx/STM32L4xx_HAL_Driver/Src/stm32l4xx_ll_sdmmc.c ****   sdmmc_cmdinit.CmdIndex         = SDMMC_CMD_HS_SEND_EXT_CSD;
 3244              		.loc 1 881 3 view .LVU991
 881:stm/stm32l4xx/STM32L4xx_HAL_Driver/Src/stm32l4xx_ll_sdmmc.c ****   sdmmc_cmdinit.CmdIndex         = SDMMC_CMD_HS_SEND_EXT_CSD;
 3245              		.loc 1 881 34 is_stmt 0 view .LVU992
 3246 0006 4FF4D573 		mov	r3, #426
 3247 000a 0193     		str	r3, [sp, #4]
 882:stm/stm32l4xx/STM32L4xx_HAL_Driver/Src/stm32l4xx_ll_sdmmc.c ****   sdmmc_cmdinit.Response         = SDMMC_RESPONSE_SHORT;
 3248              		.loc 1 882 3 is_stmt 1 view .LVU993
 882:stm/stm32l4xx/STM32L4xx_HAL_Driver/Src/stm32l4xx_ll_sdmmc.c ****   sdmmc_cmdinit.Response         = SDMMC_RESPONSE_SHORT;
 3249              		.loc 1 882 34 is_stmt 0 view .LVU994
 3250 000c 0823     		movs	r3, #8
 3251 000e 0293     		str	r3, [sp, #8]
 883:stm/stm32l4xx/STM32L4xx_HAL_Driver/Src/stm32l4xx_ll_sdmmc.c ****   sdmmc_cmdinit.WaitForInterrupt = SDMMC_WAIT_NO;
 3252              		.loc 1 883 3 is_stmt 1 view .LVU995
 883:stm/stm32l4xx/STM32L4xx_HAL_Driver/Src/stm32l4xx_ll_sdmmc.c ****   sdmmc_cmdinit.WaitForInterrupt = SDMMC_WAIT_NO;
 3253              		.loc 1 883 34 is_stmt 0 view .LVU996
 3254 0010 4023     		movs	r3, #64
ARM GAS  /var/tmp//ccKapYbW.s 			page 103


 3255 0012 0393     		str	r3, [sp, #12]
 884:stm/stm32l4xx/STM32L4xx_HAL_Driver/Src/stm32l4xx_ll_sdmmc.c ****   sdmmc_cmdinit.CPSM             = SDMMC_CPSM_ENABLE;
 3256              		.loc 1 884 3 is_stmt 1 view .LVU997
 884:stm/stm32l4xx/STM32L4xx_HAL_Driver/Src/stm32l4xx_ll_sdmmc.c ****   sdmmc_cmdinit.CPSM             = SDMMC_CPSM_ENABLE;
 3257              		.loc 1 884 34 is_stmt 0 view .LVU998
 3258 0014 0023     		movs	r3, #0
 3259 0016 0493     		str	r3, [sp, #16]
 885:stm/stm32l4xx/STM32L4xx_HAL_Driver/Src/stm32l4xx_ll_sdmmc.c ****   (void)SDMMC_SendCommand(SDMMCx, &sdmmc_cmdinit);
 3260              		.loc 1 885 3 is_stmt 1 view .LVU999
 885:stm/stm32l4xx/STM32L4xx_HAL_Driver/Src/stm32l4xx_ll_sdmmc.c ****   (void)SDMMC_SendCommand(SDMMCx, &sdmmc_cmdinit);
 3261              		.loc 1 885 34 is_stmt 0 view .LVU1000
 3262 0018 4FF48063 		mov	r3, #1024
 3263 001c 0593     		str	r3, [sp, #20]
 886:stm/stm32l4xx/STM32L4xx_HAL_Driver/Src/stm32l4xx_ll_sdmmc.c **** 
 3264              		.loc 1 886 3 is_stmt 1 view .LVU1001
 886:stm/stm32l4xx/STM32L4xx_HAL_Driver/Src/stm32l4xx_ll_sdmmc.c **** 
 3265              		.loc 1 886 9 is_stmt 0 view .LVU1002
 3266 001e 01A9     		add	r1, sp, #4
 3267 0020 FFF7FEFF 		bl	SDMMC_SendCommand
 3268              	.LVL217:
 889:stm/stm32l4xx/STM32L4xx_HAL_Driver/Src/stm32l4xx_ll_sdmmc.c **** 
 3269              		.loc 1 889 3 is_stmt 1 view .LVU1003
 889:stm/stm32l4xx/STM32L4xx_HAL_Driver/Src/stm32l4xx_ll_sdmmc.c **** 
 3270              		.loc 1 889 16 is_stmt 0 view .LVU1004
 3271 0024 2046     		mov	r0, r4
 3272 0026 FFF7FEFF 		bl	SDMMC_GetCmdResp7
 3273              	.LVL218:
 891:stm/stm32l4xx/STM32L4xx_HAL_Driver/Src/stm32l4xx_ll_sdmmc.c **** }
 3274              		.loc 1 891 3 is_stmt 1 view .LVU1005
 892:stm/stm32l4xx/STM32L4xx_HAL_Driver/Src/stm32l4xx_ll_sdmmc.c **** 
 3275              		.loc 1 892 1 is_stmt 0 view .LVU1006
 3276 002a 06B0     		add	sp, sp, #24
 3277              	.LCFI88:
 3278              		.cfi_def_cfa_offset 8
 3279              		@ sp needed
 3280 002c 10BD     		pop	{r4, pc}
 892:stm/stm32l4xx/STM32L4xx_HAL_Driver/Src/stm32l4xx_ll_sdmmc.c **** 
 3281              		.loc 1 892 1 view .LVU1007
 3282              		.cfi_endproc
 3283              	.LFE314:
 3285              		.text
 3286              	.Letext0:
 3287              		.file 2 "/nix/store/wlyks4zmr4x2sj2nrg9xhhdmjyhqk7ql-gcc-arm-embedded-12.2.rel1/arm-none-eabi/incl
 3288              		.file 3 "/nix/store/wlyks4zmr4x2sj2nrg9xhhdmjyhqk7ql-gcc-arm-embedded-12.2.rel1/arm-none-eabi/incl
 3289              		.file 4 "stm/stm32l4xx/CMSIS/Device/ST/STM32L4xx/Include/stm32l431xx.h"
 3290              		.file 5 "stm/stm32l4xx/STM32L4xx_HAL_Driver/Inc/stm32l4xx_hal_def.h"
 3291              		.file 6 "stm/stm32l4xx/STM32L4xx_HAL_Driver/Inc/stm32l4xx_ll_sdmmc.h"
 3292              		.file 7 "stm/stm32l4xx/CMSIS/Device/ST/STM32L4xx/Include/system_stm32l4xx.h"
 3293              		.file 8 "stm/stm32l4xx/STM32L4xx_HAL_Driver/Inc/stm32l4xx_hal.h"
ARM GAS  /var/tmp//ccKapYbW.s 			page 104


DEFINED SYMBOLS
                            *ABS*:0000000000000000 stm32l4xx_ll_sdmmc.c
/var/tmp//ccKapYbW.s:21     .text.SDMMC_GetCmdError:0000000000000000 $t
/var/tmp//ccKapYbW.s:26     .text.SDMMC_GetCmdError:0000000000000000 SDMMC_GetCmdError
/var/tmp//ccKapYbW.s:81     .text.SDMMC_GetCmdError:0000000000000030 $d
/var/tmp//ccKapYbW.s:87     .text.SDMMC_Init:0000000000000000 $t
/var/tmp//ccKapYbW.s:93     .text.SDMMC_Init:0000000000000000 SDMMC_Init
/var/tmp//ccKapYbW.s:159    .text.SDMMC_ReadFIFO:0000000000000000 $t
/var/tmp//ccKapYbW.s:165    .text.SDMMC_ReadFIFO:0000000000000000 SDMMC_ReadFIFO
/var/tmp//ccKapYbW.s:183    .text.SDMMC_WriteFIFO:0000000000000000 $t
/var/tmp//ccKapYbW.s:189    .text.SDMMC_WriteFIFO:0000000000000000 SDMMC_WriteFIFO
/var/tmp//ccKapYbW.s:212    .text.SDMMC_PowerState_ON:0000000000000000 $t
/var/tmp//ccKapYbW.s:218    .text.SDMMC_PowerState_ON:0000000000000000 SDMMC_PowerState_ON
/var/tmp//ccKapYbW.s:249    .text.SDMMC_PowerState_OFF:0000000000000000 $t
/var/tmp//ccKapYbW.s:255    .text.SDMMC_PowerState_OFF:0000000000000000 SDMMC_PowerState_OFF
/var/tmp//ccKapYbW.s:278    .text.SDMMC_GetPowerState:0000000000000000 $t
/var/tmp//ccKapYbW.s:284    .text.SDMMC_GetPowerState:0000000000000000 SDMMC_GetPowerState
/var/tmp//ccKapYbW.s:303    .text.SDMMC_SendCommand:0000000000000000 $t
/var/tmp//ccKapYbW.s:309    .text.SDMMC_SendCommand:0000000000000000 SDMMC_SendCommand
/var/tmp//ccKapYbW.s:362    .text.SDMMC_GetCommandResponse:0000000000000000 $t
/var/tmp//ccKapYbW.s:368    .text.SDMMC_GetCommandResponse:0000000000000000 SDMMC_GetCommandResponse
/var/tmp//ccKapYbW.s:387    .text.SDMMC_GetResponse:0000000000000000 $t
/var/tmp//ccKapYbW.s:393    .text.SDMMC_GetResponse:0000000000000000 SDMMC_GetResponse
/var/tmp//ccKapYbW.s:417    .text.SDMMC_ConfigData:0000000000000000 $t
/var/tmp//ccKapYbW.s:423    .text.SDMMC_ConfigData:0000000000000000 SDMMC_ConfigData
/var/tmp//ccKapYbW.s:481    .text.SDMMC_GetDataCounter:0000000000000000 $t
/var/tmp//ccKapYbW.s:487    .text.SDMMC_GetDataCounter:0000000000000000 SDMMC_GetDataCounter
/var/tmp//ccKapYbW.s:505    .text.SDMMC_GetFIFOCount:0000000000000000 $t
/var/tmp//ccKapYbW.s:511    .text.SDMMC_GetFIFOCount:0000000000000000 SDMMC_GetFIFOCount
/var/tmp//ccKapYbW.s:529    .text.SDMMC_SetSDMMCReadWaitMode:0000000000000000 $t
/var/tmp//ccKapYbW.s:535    .text.SDMMC_SetSDMMCReadWaitMode:0000000000000000 SDMMC_SetSDMMCReadWaitMode
/var/tmp//ccKapYbW.s:559    .text.SDMMC_CmdGoIdleState:0000000000000000 $t
/var/tmp//ccKapYbW.s:565    .text.SDMMC_CmdGoIdleState:0000000000000000 SDMMC_CmdGoIdleState
/var/tmp//ccKapYbW.s:623    .text.SDMMC_GetCmdResp1:0000000000000000 $t
/var/tmp//ccKapYbW.s:629    .text.SDMMC_GetCmdResp1:0000000000000000 SDMMC_GetCmdResp1
/var/tmp//ccKapYbW.s:906    .text.SDMMC_GetCmdResp1:0000000000000148 $d
/var/tmp//ccKapYbW.s:913    .text.SDMMC_CmdBlockLength:0000000000000000 $t
/var/tmp//ccKapYbW.s:919    .text.SDMMC_CmdBlockLength:0000000000000000 SDMMC_CmdBlockLength
/var/tmp//ccKapYbW.s:984    .text.SDMMC_CmdReadSingleBlock:0000000000000000 $t
/var/tmp//ccKapYbW.s:990    .text.SDMMC_CmdReadSingleBlock:0000000000000000 SDMMC_CmdReadSingleBlock
/var/tmp//ccKapYbW.s:1055   .text.SDMMC_CmdReadMultiBlock:0000000000000000 $t
/var/tmp//ccKapYbW.s:1061   .text.SDMMC_CmdReadMultiBlock:0000000000000000 SDMMC_CmdReadMultiBlock
/var/tmp//ccKapYbW.s:1126   .text.SDMMC_CmdWriteSingleBlock:0000000000000000 $t
/var/tmp//ccKapYbW.s:1132   .text.SDMMC_CmdWriteSingleBlock:0000000000000000 SDMMC_CmdWriteSingleBlock
/var/tmp//ccKapYbW.s:1197   .text.SDMMC_CmdWriteMultiBlock:0000000000000000 $t
/var/tmp//ccKapYbW.s:1203   .text.SDMMC_CmdWriteMultiBlock:0000000000000000 SDMMC_CmdWriteMultiBlock
/var/tmp//ccKapYbW.s:1268   .text.SDMMC_CmdSDEraseStartAdd:0000000000000000 $t
/var/tmp//ccKapYbW.s:1274   .text.SDMMC_CmdSDEraseStartAdd:0000000000000000 SDMMC_CmdSDEraseStartAdd
/var/tmp//ccKapYbW.s:1339   .text.SDMMC_CmdSDEraseEndAdd:0000000000000000 $t
/var/tmp//ccKapYbW.s:1345   .text.SDMMC_CmdSDEraseEndAdd:0000000000000000 SDMMC_CmdSDEraseEndAdd
/var/tmp//ccKapYbW.s:1410   .text.SDMMC_CmdEraseStartAdd:0000000000000000 $t
/var/tmp//ccKapYbW.s:1416   .text.SDMMC_CmdEraseStartAdd:0000000000000000 SDMMC_CmdEraseStartAdd
/var/tmp//ccKapYbW.s:1481   .text.SDMMC_CmdEraseEndAdd:0000000000000000 $t
/var/tmp//ccKapYbW.s:1487   .text.SDMMC_CmdEraseEndAdd:0000000000000000 SDMMC_CmdEraseEndAdd
/var/tmp//ccKapYbW.s:1552   .text.SDMMC_CmdErase:0000000000000000 $t
/var/tmp//ccKapYbW.s:1558   .text.SDMMC_CmdErase:0000000000000000 SDMMC_CmdErase
/var/tmp//ccKapYbW.s:1623   .text.SDMMC_CmdStopTransfer:0000000000000000 $t
ARM GAS  /var/tmp//ccKapYbW.s 			page 105


/var/tmp//ccKapYbW.s:1629   .text.SDMMC_CmdStopTransfer:0000000000000000 SDMMC_CmdStopTransfer
/var/tmp//ccKapYbW.s:1692   .text.SDMMC_CmdStopTransfer:0000000000000030 $d
/var/tmp//ccKapYbW.s:1697   .text.SDMMC_CmdSelDesel:0000000000000000 $t
/var/tmp//ccKapYbW.s:1703   .text.SDMMC_CmdSelDesel:0000000000000000 SDMMC_CmdSelDesel
/var/tmp//ccKapYbW.s:1766   .text.SDMMC_CmdAppCommand:0000000000000000 $t
/var/tmp//ccKapYbW.s:1772   .text.SDMMC_CmdAppCommand:0000000000000000 SDMMC_CmdAppCommand
/var/tmp//ccKapYbW.s:1837   .text.SDMMC_CmdBusWidth:0000000000000000 $t
/var/tmp//ccKapYbW.s:1843   .text.SDMMC_CmdBusWidth:0000000000000000 SDMMC_CmdBusWidth
/var/tmp//ccKapYbW.s:1908   .text.SDMMC_CmdSendSCR:0000000000000000 $t
/var/tmp//ccKapYbW.s:1914   .text.SDMMC_CmdSendSCR:0000000000000000 SDMMC_CmdSendSCR
/var/tmp//ccKapYbW.s:1977   .text.SDMMC_CmdSetRelAddMmc:0000000000000000 $t
/var/tmp//ccKapYbW.s:1983   .text.SDMMC_CmdSetRelAddMmc:0000000000000000 SDMMC_CmdSetRelAddMmc
/var/tmp//ccKapYbW.s:2049   .text.SDMMC_CmdSleepMmc:0000000000000000 $t
/var/tmp//ccKapYbW.s:2055   .text.SDMMC_CmdSleepMmc:0000000000000000 SDMMC_CmdSleepMmc
/var/tmp//ccKapYbW.s:2120   .text.SDMMC_CmdSendStatus:0000000000000000 $t
/var/tmp//ccKapYbW.s:2126   .text.SDMMC_CmdSendStatus:0000000000000000 SDMMC_CmdSendStatus
/var/tmp//ccKapYbW.s:2191   .text.SDMMC_CmdStatusRegister:0000000000000000 $t
/var/tmp//ccKapYbW.s:2197   .text.SDMMC_CmdStatusRegister:0000000000000000 SDMMC_CmdStatusRegister
/var/tmp//ccKapYbW.s:2260   .text.SDMMC_CmdSwitch:0000000000000000 $t
/var/tmp//ccKapYbW.s:2266   .text.SDMMC_CmdSwitch:0000000000000000 SDMMC_CmdSwitch
/var/tmp//ccKapYbW.s:2331   .text.SDMMC_CmdSendEXTCSD:0000000000000000 $t
/var/tmp//ccKapYbW.s:2337   .text.SDMMC_CmdSendEXTCSD:0000000000000000 SDMMC_CmdSendEXTCSD
/var/tmp//ccKapYbW.s:2402   .text.SDMMC_GetCmdResp2:0000000000000000 $t
/var/tmp//ccKapYbW.s:2408   .text.SDMMC_GetCmdResp2:0000000000000000 SDMMC_GetCmdResp2
/var/tmp//ccKapYbW.s:2496   .text.SDMMC_GetCmdResp2:0000000000000054 $d
/var/tmp//ccKapYbW.s:2502   .text.SDMMC_CmdSendCID:0000000000000000 $t
/var/tmp//ccKapYbW.s:2508   .text.SDMMC_CmdSendCID:0000000000000000 SDMMC_CmdSendCID
/var/tmp//ccKapYbW.s:2568   .text.SDMMC_CmdSendCSD:0000000000000000 $t
/var/tmp//ccKapYbW.s:2574   .text.SDMMC_CmdSendCSD:0000000000000000 SDMMC_CmdSendCSD
/var/tmp//ccKapYbW.s:2636   .text.SDMMC_GetCmdResp3:0000000000000000 $t
/var/tmp//ccKapYbW.s:2642   .text.SDMMC_GetCmdResp3:0000000000000000 SDMMC_GetCmdResp3
/var/tmp//ccKapYbW.s:2716   .text.SDMMC_GetCmdResp3:0000000000000044 $d
/var/tmp//ccKapYbW.s:2722   .text.SDMMC_CmdAppOperCommand:0000000000000000 $t
/var/tmp//ccKapYbW.s:2728   .text.SDMMC_CmdAppOperCommand:0000000000000000 SDMMC_CmdAppOperCommand
/var/tmp//ccKapYbW.s:2793   .text.SDMMC_CmdOpCondition:0000000000000000 $t
/var/tmp//ccKapYbW.s:2799   .text.SDMMC_CmdOpCondition:0000000000000000 SDMMC_CmdOpCondition
/var/tmp//ccKapYbW.s:2861   .text.SDMMC_GetCmdResp6:0000000000000000 $t
/var/tmp//ccKapYbW.s:2867   .text.SDMMC_GetCmdResp6:0000000000000000 SDMMC_GetCmdResp6
/var/tmp//ccKapYbW.s:3027   .text.SDMMC_GetCmdResp6:0000000000000098 $d
/var/tmp//ccKapYbW.s:3033   .text.SDMMC_CmdSetRelAdd:0000000000000000 $t
/var/tmp//ccKapYbW.s:3039   .text.SDMMC_CmdSetRelAdd:0000000000000000 SDMMC_CmdSetRelAdd
/var/tmp//ccKapYbW.s:3106   .text.SDMMC_GetCmdResp7:0000000000000000 $t
/var/tmp//ccKapYbW.s:3112   .text.SDMMC_GetCmdResp7:0000000000000000 SDMMC_GetCmdResp7
/var/tmp//ccKapYbW.s:3213   .text.SDMMC_GetCmdResp7:000000000000005c $d
/var/tmp//ccKapYbW.s:3219   .text.SDMMC_CmdOperCond:0000000000000000 $t
/var/tmp//ccKapYbW.s:3225   .text.SDMMC_CmdOperCond:0000000000000000 SDMMC_CmdOperCond

UNDEFINED SYMBOLS
SystemCoreClock
HAL_Delay
