ARM GAS  /var/tmp//ccqDFXEw.s 			page 1


   1              		.cpu cortex-m4
   2              		.arch armv7e-m
   3              		.fpu fpv4-sp-d16
   4              		.eabi_attribute 27, 1
   5              		.eabi_attribute 28, 1
   6              		.eabi_attribute 20, 1
   7              		.eabi_attribute 21, 1
   8              		.eabi_attribute 23, 3
   9              		.eabi_attribute 24, 1
  10              		.eabi_attribute 25, 1
  11              		.eabi_attribute 26, 1
  12              		.eabi_attribute 30, 1
  13              		.eabi_attribute 34, 1
  14              		.eabi_attribute 18, 4
  15              		.file	"stm32l4xx_hal_rtc_ex.c"
  16              		.text
  17              	.Ltext0:
  18              		.cfi_sections	.debug_frame
  19              		.file 1 "stm/stm32l4xx/STM32L4xx_HAL_Driver/Src/stm32l4xx_hal_rtc_ex.c"
  20              		.section	.text.HAL_RTCEx_SetTimeStamp,"ax",%progbits
  21              		.align	1
  22              		.global	HAL_RTCEx_SetTimeStamp
  23              		.syntax unified
  24              		.thumb
  25              		.thumb_func
  27              	HAL_RTCEx_SetTimeStamp:
  28              	.LVL0:
  29              	.LFB288:
   1:stm/stm32l4xx/STM32L4xx_HAL_Driver/Src/stm32l4xx_hal_rtc_ex.c **** /**
   2:stm/stm32l4xx/STM32L4xx_HAL_Driver/Src/stm32l4xx_hal_rtc_ex.c ****   ******************************************************************************
   3:stm/stm32l4xx/STM32L4xx_HAL_Driver/Src/stm32l4xx_hal_rtc_ex.c ****   * @file    stm32l4xx_hal_rtc_ex.c
   4:stm/stm32l4xx/STM32L4xx_HAL_Driver/Src/stm32l4xx_hal_rtc_ex.c ****   * @author  MCD Application Team
   5:stm/stm32l4xx/STM32L4xx_HAL_Driver/Src/stm32l4xx_hal_rtc_ex.c ****   * @brief   Extended RTC HAL module driver.
   6:stm/stm32l4xx/STM32L4xx_HAL_Driver/Src/stm32l4xx_hal_rtc_ex.c ****   *          This file provides firmware functions to manage the following
   7:stm/stm32l4xx/STM32L4xx_HAL_Driver/Src/stm32l4xx_hal_rtc_ex.c ****   *          functionalities of the Real Time Clock (RTC) Extended peripheral:
   8:stm/stm32l4xx/STM32L4xx_HAL_Driver/Src/stm32l4xx_hal_rtc_ex.c ****   *           + RTC Time Stamp functions
   9:stm/stm32l4xx/STM32L4xx_HAL_Driver/Src/stm32l4xx_hal_rtc_ex.c ****   *           + RTC Tamper functions
  10:stm/stm32l4xx/STM32L4xx_HAL_Driver/Src/stm32l4xx_hal_rtc_ex.c ****   *           + RTC Wake-up functions
  11:stm/stm32l4xx/STM32L4xx_HAL_Driver/Src/stm32l4xx_hal_rtc_ex.c ****   *           + Extended Control functions
  12:stm/stm32l4xx/STM32L4xx_HAL_Driver/Src/stm32l4xx_hal_rtc_ex.c ****   *           + Extended RTC features functions
  13:stm/stm32l4xx/STM32L4xx_HAL_Driver/Src/stm32l4xx_hal_rtc_ex.c ****   *
  14:stm/stm32l4xx/STM32L4xx_HAL_Driver/Src/stm32l4xx_hal_rtc_ex.c ****   ******************************************************************************
  15:stm/stm32l4xx/STM32L4xx_HAL_Driver/Src/stm32l4xx_hal_rtc_ex.c ****   * @attention
  16:stm/stm32l4xx/STM32L4xx_HAL_Driver/Src/stm32l4xx_hal_rtc_ex.c ****   *
  17:stm/stm32l4xx/STM32L4xx_HAL_Driver/Src/stm32l4xx_hal_rtc_ex.c ****   * Copyright (c) 2017 STMicroelectronics.
  18:stm/stm32l4xx/STM32L4xx_HAL_Driver/Src/stm32l4xx_hal_rtc_ex.c ****   * All rights reserved.
  19:stm/stm32l4xx/STM32L4xx_HAL_Driver/Src/stm32l4xx_hal_rtc_ex.c ****   *
  20:stm/stm32l4xx/STM32L4xx_HAL_Driver/Src/stm32l4xx_hal_rtc_ex.c ****   * This software is licensed under terms that can be found in the LICENSE file
  21:stm/stm32l4xx/STM32L4xx_HAL_Driver/Src/stm32l4xx_hal_rtc_ex.c ****   * in the root directory of this software component.
  22:stm/stm32l4xx/STM32L4xx_HAL_Driver/Src/stm32l4xx_hal_rtc_ex.c ****   * If no LICENSE file comes with this software, it is provided AS-IS.
  23:stm/stm32l4xx/STM32L4xx_HAL_Driver/Src/stm32l4xx_hal_rtc_ex.c ****   *
  24:stm/stm32l4xx/STM32L4xx_HAL_Driver/Src/stm32l4xx_hal_rtc_ex.c ****   ******************************************************************************
  25:stm/stm32l4xx/STM32L4xx_HAL_Driver/Src/stm32l4xx_hal_rtc_ex.c ****   @verbatim
  26:stm/stm32l4xx/STM32L4xx_HAL_Driver/Src/stm32l4xx_hal_rtc_ex.c ****   ==============================================================================
  27:stm/stm32l4xx/STM32L4xx_HAL_Driver/Src/stm32l4xx_hal_rtc_ex.c ****                   ##### How to use this driver #####
  28:stm/stm32l4xx/STM32L4xx_HAL_Driver/Src/stm32l4xx_hal_rtc_ex.c ****   ==============================================================================
  29:stm/stm32l4xx/STM32L4xx_HAL_Driver/Src/stm32l4xx_hal_rtc_ex.c ****   [..]
ARM GAS  /var/tmp//ccqDFXEw.s 			page 2


  30:stm/stm32l4xx/STM32L4xx_HAL_Driver/Src/stm32l4xx_hal_rtc_ex.c ****     (+) Enable the RTC domain access.
  31:stm/stm32l4xx/STM32L4xx_HAL_Driver/Src/stm32l4xx_hal_rtc_ex.c ****     (+) Configure the RTC Prescaler (Asynchronous and Synchronous) and RTC hour
  32:stm/stm32l4xx/STM32L4xx_HAL_Driver/Src/stm32l4xx_hal_rtc_ex.c ****         format using the HAL_RTC_Init() function.
  33:stm/stm32l4xx/STM32L4xx_HAL_Driver/Src/stm32l4xx_hal_rtc_ex.c **** 
  34:stm/stm32l4xx/STM32L4xx_HAL_Driver/Src/stm32l4xx_hal_rtc_ex.c ****   *** RTC Wakeup configuration ***
  35:stm/stm32l4xx/STM32L4xx_HAL_Driver/Src/stm32l4xx_hal_rtc_ex.c ****   ================================
  36:stm/stm32l4xx/STM32L4xx_HAL_Driver/Src/stm32l4xx_hal_rtc_ex.c ****   [..]
  37:stm/stm32l4xx/STM32L4xx_HAL_Driver/Src/stm32l4xx_hal_rtc_ex.c ****     (+) To configure the RTC Wakeup Clock source and Counter use the HAL_RTCEx_SetWakeUpTimer()
  38:stm/stm32l4xx/STM32L4xx_HAL_Driver/Src/stm32l4xx_hal_rtc_ex.c ****         function. You can also configure the RTC Wakeup timer with interrupt mode
  39:stm/stm32l4xx/STM32L4xx_HAL_Driver/Src/stm32l4xx_hal_rtc_ex.c ****         using the HAL_RTCEx_SetWakeUpTimer_IT() function.
  40:stm/stm32l4xx/STM32L4xx_HAL_Driver/Src/stm32l4xx_hal_rtc_ex.c ****     (+) To read the RTC WakeUp Counter register, use the HAL_RTCEx_GetWakeUpTimer()
  41:stm/stm32l4xx/STM32L4xx_HAL_Driver/Src/stm32l4xx_hal_rtc_ex.c ****         function.
  42:stm/stm32l4xx/STM32L4xx_HAL_Driver/Src/stm32l4xx_hal_rtc_ex.c **** 
  43:stm/stm32l4xx/STM32L4xx_HAL_Driver/Src/stm32l4xx_hal_rtc_ex.c ****   *** Outputs configuration ***
  44:stm/stm32l4xx/STM32L4xx_HAL_Driver/Src/stm32l4xx_hal_rtc_ex.c ****   =============================
  45:stm/stm32l4xx/STM32L4xx_HAL_Driver/Src/stm32l4xx_hal_rtc_ex.c ****   [..]  The RTC has 2 different outputs:
  46:stm/stm32l4xx/STM32L4xx_HAL_Driver/Src/stm32l4xx_hal_rtc_ex.c ****     (+) RTC_ALARM: this output is used to manage the RTC Alarm A, Alarm B
  47:stm/stm32l4xx/STM32L4xx_HAL_Driver/Src/stm32l4xx_hal_rtc_ex.c ****         and WaKeUp signals.
  48:stm/stm32l4xx/STM32L4xx_HAL_Driver/Src/stm32l4xx_hal_rtc_ex.c ****         To output the selected RTC signal, use the HAL_RTC_Init() function.
  49:stm/stm32l4xx/STM32L4xx_HAL_Driver/Src/stm32l4xx_hal_rtc_ex.c ****     (+) RTC_CALIB: this output is 512Hz signal or 1Hz.
  50:stm/stm32l4xx/STM32L4xx_HAL_Driver/Src/stm32l4xx_hal_rtc_ex.c ****         To enable the RTC_CALIB, use the HAL_RTCEx_SetCalibrationOutPut() function.
  51:stm/stm32l4xx/STM32L4xx_HAL_Driver/Src/stm32l4xx_hal_rtc_ex.c ****     (+) Two pins can be used as RTC_ALARM or RTC_CALIB (PC13, PB2) managed on
  52:stm/stm32l4xx/STM32L4xx_HAL_Driver/Src/stm32l4xx_hal_rtc_ex.c ****         the RTC_OR register.
  53:stm/stm32l4xx/STM32L4xx_HAL_Driver/Src/stm32l4xx_hal_rtc_ex.c ****     (+) When the RTC_CALIB or RTC_ALARM output is selected, the RTC_OUT pin is
  54:stm/stm32l4xx/STM32L4xx_HAL_Driver/Src/stm32l4xx_hal_rtc_ex.c ****         automatically configured in output alternate function.
  55:stm/stm32l4xx/STM32L4xx_HAL_Driver/Src/stm32l4xx_hal_rtc_ex.c **** 
  56:stm/stm32l4xx/STM32L4xx_HAL_Driver/Src/stm32l4xx_hal_rtc_ex.c ****   *** Smooth digital Calibration configuration ***
  57:stm/stm32l4xx/STM32L4xx_HAL_Driver/Src/stm32l4xx_hal_rtc_ex.c ****   ================================================
  58:stm/stm32l4xx/STM32L4xx_HAL_Driver/Src/stm32l4xx_hal_rtc_ex.c ****   [..]
  59:stm/stm32l4xx/STM32L4xx_HAL_Driver/Src/stm32l4xx_hal_rtc_ex.c ****     (+) Configure the RTC Original Digital Calibration Value and the corresponding
  60:stm/stm32l4xx/STM32L4xx_HAL_Driver/Src/stm32l4xx_hal_rtc_ex.c ****         calibration cycle period (32s,16s and 8s) using the HAL_RTCEx_SetSmoothCalib()
  61:stm/stm32l4xx/STM32L4xx_HAL_Driver/Src/stm32l4xx_hal_rtc_ex.c ****         function.
  62:stm/stm32l4xx/STM32L4xx_HAL_Driver/Src/stm32l4xx_hal_rtc_ex.c **** 
  63:stm/stm32l4xx/STM32L4xx_HAL_Driver/Src/stm32l4xx_hal_rtc_ex.c ****   *** TimeStamp configuration ***
  64:stm/stm32l4xx/STM32L4xx_HAL_Driver/Src/stm32l4xx_hal_rtc_ex.c ****   ===============================
  65:stm/stm32l4xx/STM32L4xx_HAL_Driver/Src/stm32l4xx_hal_rtc_ex.c ****   [..]
  66:stm/stm32l4xx/STM32L4xx_HAL_Driver/Src/stm32l4xx_hal_rtc_ex.c ****     (+) Enable the RTC TimeStamp using the HAL_RTCEx_SetTimeStamp() function.
  67:stm/stm32l4xx/STM32L4xx_HAL_Driver/Src/stm32l4xx_hal_rtc_ex.c ****         You can also configure the RTC TimeStamp with interrupt mode using the
  68:stm/stm32l4xx/STM32L4xx_HAL_Driver/Src/stm32l4xx_hal_rtc_ex.c ****         HAL_RTCEx_SetTimeStamp_IT() function.
  69:stm/stm32l4xx/STM32L4xx_HAL_Driver/Src/stm32l4xx_hal_rtc_ex.c ****     (+) To read the RTC TimeStamp Time and Date register, use the HAL_RTCEx_GetTimeStamp()
  70:stm/stm32l4xx/STM32L4xx_HAL_Driver/Src/stm32l4xx_hal_rtc_ex.c ****         function.
  71:stm/stm32l4xx/STM32L4xx_HAL_Driver/Src/stm32l4xx_hal_rtc_ex.c **** 
  72:stm/stm32l4xx/STM32L4xx_HAL_Driver/Src/stm32l4xx_hal_rtc_ex.c ****   *** Internal TimeStamp configuration ***
  73:stm/stm32l4xx/STM32L4xx_HAL_Driver/Src/stm32l4xx_hal_rtc_ex.c ****   ===============================
  74:stm/stm32l4xx/STM32L4xx_HAL_Driver/Src/stm32l4xx_hal_rtc_ex.c ****   [..]
  75:stm/stm32l4xx/STM32L4xx_HAL_Driver/Src/stm32l4xx_hal_rtc_ex.c ****     (+) Enable the RTC internal TimeStamp using the HAL_RTCEx_SetInternalTimeStamp() function.
  76:stm/stm32l4xx/STM32L4xx_HAL_Driver/Src/stm32l4xx_hal_rtc_ex.c ****         User has to check internal timestamp occurrence using __HAL_RTC_INTERNAL_TIMESTAMP_GET_FLAG
  77:stm/stm32l4xx/STM32L4xx_HAL_Driver/Src/stm32l4xx_hal_rtc_ex.c ****     (+) To read the RTC TimeStamp Time and Date register, use the HAL_RTCEx_GetTimeStamp()
  78:stm/stm32l4xx/STM32L4xx_HAL_Driver/Src/stm32l4xx_hal_rtc_ex.c ****         function.
  79:stm/stm32l4xx/STM32L4xx_HAL_Driver/Src/stm32l4xx_hal_rtc_ex.c **** 
  80:stm/stm32l4xx/STM32L4xx_HAL_Driver/Src/stm32l4xx_hal_rtc_ex.c ****    *** Tamper configuration ***
  81:stm/stm32l4xx/STM32L4xx_HAL_Driver/Src/stm32l4xx_hal_rtc_ex.c ****    ============================
  82:stm/stm32l4xx/STM32L4xx_HAL_Driver/Src/stm32l4xx_hal_rtc_ex.c ****    [..]
  83:stm/stm32l4xx/STM32L4xx_HAL_Driver/Src/stm32l4xx_hal_rtc_ex.c ****      (+) Enable the RTC Tamper and configure the Tamper filter count, trigger Edge
  84:stm/stm32l4xx/STM32L4xx_HAL_Driver/Src/stm32l4xx_hal_rtc_ex.c ****          or Level according to the Tamper filter (if equal to 0 Edge else Level)
  85:stm/stm32l4xx/STM32L4xx_HAL_Driver/Src/stm32l4xx_hal_rtc_ex.c ****          value, sampling frequency, NoErase, MaskFlag,  precharge or discharge and
  86:stm/stm32l4xx/STM32L4xx_HAL_Driver/Src/stm32l4xx_hal_rtc_ex.c ****          Pull-UP using the HAL_RTCEx_SetTamper() function. You can configure RTC Tamper
ARM GAS  /var/tmp//ccqDFXEw.s 			page 3


  87:stm/stm32l4xx/STM32L4xx_HAL_Driver/Src/stm32l4xx_hal_rtc_ex.c ****          with interrupt mode using HAL_RTCEx_SetTamper_IT() function.
  88:stm/stm32l4xx/STM32L4xx_HAL_Driver/Src/stm32l4xx_hal_rtc_ex.c ****      (+) The default configuration of the Tamper erases the backup registers. To avoid
  89:stm/stm32l4xx/STM32L4xx_HAL_Driver/Src/stm32l4xx_hal_rtc_ex.c ****          erase, enable the NoErase field on the RTC_TAMPCR register.
  90:stm/stm32l4xx/STM32L4xx_HAL_Driver/Src/stm32l4xx_hal_rtc_ex.c ****      (+) STM32L412xx and STM32L422xx only : With new RTC tamper configuration, you have to call HAL
  91:stm/stm32l4xx/STM32L4xx_HAL_Driver/Src/stm32l4xx_hal_rtc_ex.c ****          perform TAMP base address offset calculation.
  92:stm/stm32l4xx/STM32L4xx_HAL_Driver/Src/stm32l4xx_hal_rtc_ex.c ****      (+) STM32L412xx and STM32L422xx only : If you don't intend to have tamper using RTC clock, you
  93:stm/stm32l4xx/STM32L4xx_HAL_Driver/Src/stm32l4xx_hal_rtc_ex.c ****          by setting ClockEnable inti field to RTC_CLOCK_DISABLE.
  94:stm/stm32l4xx/STM32L4xx_HAL_Driver/Src/stm32l4xx_hal_rtc_ex.c ****      (+) STM32L412xx and STM32L422xx only : Enable Internal tamper using HAL_RTCEx_SetInternalTampe
  95:stm/stm32l4xx/STM32L4xx_HAL_Driver/Src/stm32l4xx_hal_rtc_ex.c ****          setting Interrupt field.
  96:stm/stm32l4xx/STM32L4xx_HAL_Driver/Src/stm32l4xx_hal_rtc_ex.c **** 
  97:stm/stm32l4xx/STM32L4xx_HAL_Driver/Src/stm32l4xx_hal_rtc_ex.c ****    *** Backup Data Registers configuration ***
  98:stm/stm32l4xx/STM32L4xx_HAL_Driver/Src/stm32l4xx_hal_rtc_ex.c ****    ===========================================
  99:stm/stm32l4xx/STM32L4xx_HAL_Driver/Src/stm32l4xx_hal_rtc_ex.c ****    [..]
 100:stm/stm32l4xx/STM32L4xx_HAL_Driver/Src/stm32l4xx_hal_rtc_ex.c ****      (+) To write to the RTC Backup Data registers, use the HAL_RTCEx_BKUPWrite()
 101:stm/stm32l4xx/STM32L4xx_HAL_Driver/Src/stm32l4xx_hal_rtc_ex.c ****          function.
 102:stm/stm32l4xx/STM32L4xx_HAL_Driver/Src/stm32l4xx_hal_rtc_ex.c ****      (+) To read the RTC Backup Data registers, use the HAL_RTCEx_BKUPRead()
 103:stm/stm32l4xx/STM32L4xx_HAL_Driver/Src/stm32l4xx_hal_rtc_ex.c ****          function.
 104:stm/stm32l4xx/STM32L4xx_HAL_Driver/Src/stm32l4xx_hal_rtc_ex.c ****      (+) STM32L412xx and STM32L422xx only : Before calling these functions you have to call HAL_RTC
 105:stm/stm32l4xx/STM32L4xx_HAL_Driver/Src/stm32l4xx_hal_rtc_ex.c ****          perform TAMP base address offset calculation.
 106:stm/stm32l4xx/STM32L4xx_HAL_Driver/Src/stm32l4xx_hal_rtc_ex.c **** 
 107:stm/stm32l4xx/STM32L4xx_HAL_Driver/Src/stm32l4xx_hal_rtc_ex.c ****   @endverbatim
 108:stm/stm32l4xx/STM32L4xx_HAL_Driver/Src/stm32l4xx_hal_rtc_ex.c ****   ******************************************************************************
 109:stm/stm32l4xx/STM32L4xx_HAL_Driver/Src/stm32l4xx_hal_rtc_ex.c ****   */
 110:stm/stm32l4xx/STM32L4xx_HAL_Driver/Src/stm32l4xx_hal_rtc_ex.c **** 
 111:stm/stm32l4xx/STM32L4xx_HAL_Driver/Src/stm32l4xx_hal_rtc_ex.c **** /* Includes ------------------------------------------------------------------*/
 112:stm/stm32l4xx/STM32L4xx_HAL_Driver/Src/stm32l4xx_hal_rtc_ex.c **** #include "stm32l4xx_hal.h"
 113:stm/stm32l4xx/STM32L4xx_HAL_Driver/Src/stm32l4xx_hal_rtc_ex.c **** 
 114:stm/stm32l4xx/STM32L4xx_HAL_Driver/Src/stm32l4xx_hal_rtc_ex.c **** /** @addtogroup STM32L4xx_HAL_Driver
 115:stm/stm32l4xx/STM32L4xx_HAL_Driver/Src/stm32l4xx_hal_rtc_ex.c ****   * @{
 116:stm/stm32l4xx/STM32L4xx_HAL_Driver/Src/stm32l4xx_hal_rtc_ex.c ****   */
 117:stm/stm32l4xx/STM32L4xx_HAL_Driver/Src/stm32l4xx_hal_rtc_ex.c **** 
 118:stm/stm32l4xx/STM32L4xx_HAL_Driver/Src/stm32l4xx_hal_rtc_ex.c **** /** @addtogroup RTCEx
 119:stm/stm32l4xx/STM32L4xx_HAL_Driver/Src/stm32l4xx_hal_rtc_ex.c ****   * @brief RTC Extended HAL module driver
 120:stm/stm32l4xx/STM32L4xx_HAL_Driver/Src/stm32l4xx_hal_rtc_ex.c ****   * @{
 121:stm/stm32l4xx/STM32L4xx_HAL_Driver/Src/stm32l4xx_hal_rtc_ex.c ****   */
 122:stm/stm32l4xx/STM32L4xx_HAL_Driver/Src/stm32l4xx_hal_rtc_ex.c **** 
 123:stm/stm32l4xx/STM32L4xx_HAL_Driver/Src/stm32l4xx_hal_rtc_ex.c **** #ifdef HAL_RTC_MODULE_ENABLED
 124:stm/stm32l4xx/STM32L4xx_HAL_Driver/Src/stm32l4xx_hal_rtc_ex.c **** 
 125:stm/stm32l4xx/STM32L4xx_HAL_Driver/Src/stm32l4xx_hal_rtc_ex.c **** /* Private typedef -----------------------------------------------------------*/
 126:stm/stm32l4xx/STM32L4xx_HAL_Driver/Src/stm32l4xx_hal_rtc_ex.c **** /* Private define ------------------------------------------------------------*/
 127:stm/stm32l4xx/STM32L4xx_HAL_Driver/Src/stm32l4xx_hal_rtc_ex.c **** /* Private macro -------------------------------------------------------------*/
 128:stm/stm32l4xx/STM32L4xx_HAL_Driver/Src/stm32l4xx_hal_rtc_ex.c **** /* Private variables ---------------------------------------------------------*/
 129:stm/stm32l4xx/STM32L4xx_HAL_Driver/Src/stm32l4xx_hal_rtc_ex.c **** /* Private function prototypes -----------------------------------------------*/
 130:stm/stm32l4xx/STM32L4xx_HAL_Driver/Src/stm32l4xx_hal_rtc_ex.c **** /* Exported functions --------------------------------------------------------*/
 131:stm/stm32l4xx/STM32L4xx_HAL_Driver/Src/stm32l4xx_hal_rtc_ex.c **** 
 132:stm/stm32l4xx/STM32L4xx_HAL_Driver/Src/stm32l4xx_hal_rtc_ex.c **** /** @addtogroup RTCEx_Exported_Functions
 133:stm/stm32l4xx/STM32L4xx_HAL_Driver/Src/stm32l4xx_hal_rtc_ex.c ****   * @{
 134:stm/stm32l4xx/STM32L4xx_HAL_Driver/Src/stm32l4xx_hal_rtc_ex.c ****   */
 135:stm/stm32l4xx/STM32L4xx_HAL_Driver/Src/stm32l4xx_hal_rtc_ex.c **** 
 136:stm/stm32l4xx/STM32L4xx_HAL_Driver/Src/stm32l4xx_hal_rtc_ex.c **** 
 137:stm/stm32l4xx/STM32L4xx_HAL_Driver/Src/stm32l4xx_hal_rtc_ex.c **** /** @addtogroup RTCEx_Exported_Functions_Group1
 138:stm/stm32l4xx/STM32L4xx_HAL_Driver/Src/stm32l4xx_hal_rtc_ex.c ****   * @brief   RTC TimeStamp and Tamper functions
 139:stm/stm32l4xx/STM32L4xx_HAL_Driver/Src/stm32l4xx_hal_rtc_ex.c ****   *
 140:stm/stm32l4xx/STM32L4xx_HAL_Driver/Src/stm32l4xx_hal_rtc_ex.c **** @verbatim
 141:stm/stm32l4xx/STM32L4xx_HAL_Driver/Src/stm32l4xx_hal_rtc_ex.c ****  ===============================================================================
 142:stm/stm32l4xx/STM32L4xx_HAL_Driver/Src/stm32l4xx_hal_rtc_ex.c ****                  ##### RTC TimeStamp and Tamper functions #####
 143:stm/stm32l4xx/STM32L4xx_HAL_Driver/Src/stm32l4xx_hal_rtc_ex.c ****  ===============================================================================
ARM GAS  /var/tmp//ccqDFXEw.s 			page 4


 144:stm/stm32l4xx/STM32L4xx_HAL_Driver/Src/stm32l4xx_hal_rtc_ex.c **** 
 145:stm/stm32l4xx/STM32L4xx_HAL_Driver/Src/stm32l4xx_hal_rtc_ex.c ****  [..] This section provides functions allowing to configure TimeStamp feature
 146:stm/stm32l4xx/STM32L4xx_HAL_Driver/Src/stm32l4xx_hal_rtc_ex.c **** 
 147:stm/stm32l4xx/STM32L4xx_HAL_Driver/Src/stm32l4xx_hal_rtc_ex.c **** @endverbatim
 148:stm/stm32l4xx/STM32L4xx_HAL_Driver/Src/stm32l4xx_hal_rtc_ex.c ****   * @{
 149:stm/stm32l4xx/STM32L4xx_HAL_Driver/Src/stm32l4xx_hal_rtc_ex.c ****   */
 150:stm/stm32l4xx/STM32L4xx_HAL_Driver/Src/stm32l4xx_hal_rtc_ex.c **** 
 151:stm/stm32l4xx/STM32L4xx_HAL_Driver/Src/stm32l4xx_hal_rtc_ex.c **** /**
 152:stm/stm32l4xx/STM32L4xx_HAL_Driver/Src/stm32l4xx_hal_rtc_ex.c ****   * @brief  Set TimeStamp.
 153:stm/stm32l4xx/STM32L4xx_HAL_Driver/Src/stm32l4xx_hal_rtc_ex.c ****   * @note   This API must be called before enabling the TimeStamp feature.
 154:stm/stm32l4xx/STM32L4xx_HAL_Driver/Src/stm32l4xx_hal_rtc_ex.c ****   * @param  hrtc RTC handle
 155:stm/stm32l4xx/STM32L4xx_HAL_Driver/Src/stm32l4xx_hal_rtc_ex.c ****   * @param  TimeStampEdge Specifies the pin edge on which the TimeStamp is
 156:stm/stm32l4xx/STM32L4xx_HAL_Driver/Src/stm32l4xx_hal_rtc_ex.c ****   *         activated.
 157:stm/stm32l4xx/STM32L4xx_HAL_Driver/Src/stm32l4xx_hal_rtc_ex.c ****   *          This parameter can be one of the following values:
 158:stm/stm32l4xx/STM32L4xx_HAL_Driver/Src/stm32l4xx_hal_rtc_ex.c ****   *             @arg RTC_TIMESTAMPEDGE_RISING: the Time stamp event occurs on the
 159:stm/stm32l4xx/STM32L4xx_HAL_Driver/Src/stm32l4xx_hal_rtc_ex.c ****   *                                        rising edge of the related pin.
 160:stm/stm32l4xx/STM32L4xx_HAL_Driver/Src/stm32l4xx_hal_rtc_ex.c ****   *             @arg RTC_TIMESTAMPEDGE_FALLING: the Time stamp event occurs on the
 161:stm/stm32l4xx/STM32L4xx_HAL_Driver/Src/stm32l4xx_hal_rtc_ex.c ****   *                                         falling edge of the related pin.
 162:stm/stm32l4xx/STM32L4xx_HAL_Driver/Src/stm32l4xx_hal_rtc_ex.c ****   * @param  RTC_TimeStampPin specifies the RTC TimeStamp Pin.
 163:stm/stm32l4xx/STM32L4xx_HAL_Driver/Src/stm32l4xx_hal_rtc_ex.c ****   *          This parameter can be one of the following values:
 164:stm/stm32l4xx/STM32L4xx_HAL_Driver/Src/stm32l4xx_hal_rtc_ex.c ****   *             @arg RTC_TIMESTAMPPIN_DEFAULT: PC13 is selected as RTC TimeStamp Pin.
 165:stm/stm32l4xx/STM32L4xx_HAL_Driver/Src/stm32l4xx_hal_rtc_ex.c ****   *               The RTC TimeStamp Pin is per default PC13, but for reasons of
 166:stm/stm32l4xx/STM32L4xx_HAL_Driver/Src/stm32l4xx_hal_rtc_ex.c ****   *               compatibility, this parameter is required.
 167:stm/stm32l4xx/STM32L4xx_HAL_Driver/Src/stm32l4xx_hal_rtc_ex.c ****   * @retval HAL status
 168:stm/stm32l4xx/STM32L4xx_HAL_Driver/Src/stm32l4xx_hal_rtc_ex.c ****   */
 169:stm/stm32l4xx/STM32L4xx_HAL_Driver/Src/stm32l4xx_hal_rtc_ex.c **** HAL_StatusTypeDef HAL_RTCEx_SetTimeStamp(RTC_HandleTypeDef *hrtc, uint32_t TimeStampEdge, uint32_t 
 170:stm/stm32l4xx/STM32L4xx_HAL_Driver/Src/stm32l4xx_hal_rtc_ex.c **** {
  30              		.loc 1 170 1 view -0
  31              		.cfi_startproc
  32              		@ args = 0, pretend = 0, frame = 0
  33              		@ frame_needed = 0, uses_anonymous_args = 0
  34              		@ link register save eliminated.
 171:stm/stm32l4xx/STM32L4xx_HAL_Driver/Src/stm32l4xx_hal_rtc_ex.c ****   uint32_t tmpreg;
  35              		.loc 1 171 3 view .LVU1
 172:stm/stm32l4xx/STM32L4xx_HAL_Driver/Src/stm32l4xx_hal_rtc_ex.c **** 
 173:stm/stm32l4xx/STM32L4xx_HAL_Driver/Src/stm32l4xx_hal_rtc_ex.c ****   /* Check the parameters */
 174:stm/stm32l4xx/STM32L4xx_HAL_Driver/Src/stm32l4xx_hal_rtc_ex.c ****   assert_param(IS_TIMESTAMP_EDGE(TimeStampEdge));
  36              		.loc 1 174 3 view .LVU2
 175:stm/stm32l4xx/STM32L4xx_HAL_Driver/Src/stm32l4xx_hal_rtc_ex.c ****   assert_param(IS_RTC_TIMESTAMP_PIN(RTC_TimeStampPin));
  37              		.loc 1 175 3 view .LVU3
 176:stm/stm32l4xx/STM32L4xx_HAL_Driver/Src/stm32l4xx_hal_rtc_ex.c **** 
 177:stm/stm32l4xx/STM32L4xx_HAL_Driver/Src/stm32l4xx_hal_rtc_ex.c ****   /* Prevent unused argument(s) compilation warning if no assert_param check */
 178:stm/stm32l4xx/STM32L4xx_HAL_Driver/Src/stm32l4xx_hal_rtc_ex.c ****   UNUSED(RTC_TimeStampPin);
  38              		.loc 1 178 3 view .LVU4
 179:stm/stm32l4xx/STM32L4xx_HAL_Driver/Src/stm32l4xx_hal_rtc_ex.c **** 
 180:stm/stm32l4xx/STM32L4xx_HAL_Driver/Src/stm32l4xx_hal_rtc_ex.c ****   /* Process Locked */
 181:stm/stm32l4xx/STM32L4xx_HAL_Driver/Src/stm32l4xx_hal_rtc_ex.c ****   __HAL_LOCK(hrtc);
  39              		.loc 1 181 3 view .LVU5
  40              		.loc 1 181 3 view .LVU6
  41 0000 90F82020 		ldrb	r2, [r0, #32]	@ zero_extendqisi2
  42              	.LVL1:
  43              		.loc 1 181 3 is_stmt 0 view .LVU7
  44 0004 012A     		cmp	r2, #1
  45 0006 25D0     		beq	.L3
 170:stm/stm32l4xx/STM32L4xx_HAL_Driver/Src/stm32l4xx_hal_rtc_ex.c ****   uint32_t tmpreg;
  46              		.loc 1 170 1 discriminator 2 view .LVU8
  47 0008 10B4     		push	{r4}
ARM GAS  /var/tmp//ccqDFXEw.s 			page 5


  48              	.LCFI0:
  49              		.cfi_def_cfa_offset 4
  50              		.cfi_offset 4, -4
  51 000a 0346     		mov	r3, r0
  52              		.loc 1 181 3 is_stmt 1 discriminator 2 view .LVU9
  53 000c 0120     		movs	r0, #1
  54              	.LVL2:
  55              		.loc 1 181 3 is_stmt 0 discriminator 2 view .LVU10
  56 000e 83F82000 		strb	r0, [r3, #32]
  57              		.loc 1 181 3 is_stmt 1 discriminator 2 view .LVU11
 182:stm/stm32l4xx/STM32L4xx_HAL_Driver/Src/stm32l4xx_hal_rtc_ex.c **** 
 183:stm/stm32l4xx/STM32L4xx_HAL_Driver/Src/stm32l4xx_hal_rtc_ex.c ****   hrtc->State = HAL_RTC_STATE_BUSY;
  58              		.loc 1 183 3 discriminator 2 view .LVU12
  59              		.loc 1 183 15 is_stmt 0 discriminator 2 view .LVU13
  60 0012 0222     		movs	r2, #2
  61 0014 83F82120 		strb	r2, [r3, #33]
 184:stm/stm32l4xx/STM32L4xx_HAL_Driver/Src/stm32l4xx_hal_rtc_ex.c **** 
 185:stm/stm32l4xx/STM32L4xx_HAL_Driver/Src/stm32l4xx_hal_rtc_ex.c ****   /* Get the RTC_CR register and clear the bits to be configured */
 186:stm/stm32l4xx/STM32L4xx_HAL_Driver/Src/stm32l4xx_hal_rtc_ex.c ****   tmpreg = (uint32_t)(hrtc->Instance->CR & (uint32_t)~(RTC_CR_TSEDGE | RTC_CR_TSE));
  62              		.loc 1 186 3 is_stmt 1 discriminator 2 view .LVU14
  63              		.loc 1 186 27 is_stmt 0 discriminator 2 view .LVU15
  64 0018 1C68     		ldr	r4, [r3]
  65              		.loc 1 186 37 discriminator 2 view .LVU16
  66 001a A268     		ldr	r2, [r4, #8]
  67              		.loc 1 186 10 discriminator 2 view .LVU17
  68 001c 22F40062 		bic	r2, r2, #2048
  69 0020 22F00802 		bic	r2, r2, #8
  70              	.LVL3:
 187:stm/stm32l4xx/STM32L4xx_HAL_Driver/Src/stm32l4xx_hal_rtc_ex.c **** 
 188:stm/stm32l4xx/STM32L4xx_HAL_Driver/Src/stm32l4xx_hal_rtc_ex.c ****   tmpreg |= TimeStampEdge;
  71              		.loc 1 188 3 is_stmt 1 discriminator 2 view .LVU18
  72              		.loc 1 188 10 is_stmt 0 discriminator 2 view .LVU19
  73 0024 0A43     		orrs	r2, r2, r1
  74              	.LVL4:
 189:stm/stm32l4xx/STM32L4xx_HAL_Driver/Src/stm32l4xx_hal_rtc_ex.c **** 
 190:stm/stm32l4xx/STM32L4xx_HAL_Driver/Src/stm32l4xx_hal_rtc_ex.c ****   /* Disable the write protection for RTC registers */
 191:stm/stm32l4xx/STM32L4xx_HAL_Driver/Src/stm32l4xx_hal_rtc_ex.c ****   __HAL_RTC_WRITEPROTECTION_DISABLE(hrtc);
  75              		.loc 1 191 3 is_stmt 1 discriminator 2 view .LVU20
  76              		.loc 1 191 3 discriminator 2 view .LVU21
  77 0026 CA21     		movs	r1, #202
  78              	.LVL5:
  79              		.loc 1 191 3 is_stmt 0 discriminator 2 view .LVU22
  80 0028 6162     		str	r1, [r4, #36]
  81              		.loc 1 191 3 is_stmt 1 discriminator 2 view .LVU23
  82 002a 1968     		ldr	r1, [r3]
  83 002c 5324     		movs	r4, #83
  84 002e 4C62     		str	r4, [r1, #36]
  85              		.loc 1 191 3 discriminator 2 view .LVU24
 192:stm/stm32l4xx/STM32L4xx_HAL_Driver/Src/stm32l4xx_hal_rtc_ex.c **** 
 193:stm/stm32l4xx/STM32L4xx_HAL_Driver/Src/stm32l4xx_hal_rtc_ex.c ****   /* Configure the Time Stamp TSEDGE and Enable bits */
 194:stm/stm32l4xx/STM32L4xx_HAL_Driver/Src/stm32l4xx_hal_rtc_ex.c ****   hrtc->Instance->CR = (uint32_t)tmpreg;
  86              		.loc 1 194 3 discriminator 2 view .LVU25
  87              		.loc 1 194 7 is_stmt 0 discriminator 2 view .LVU26
  88 0030 1968     		ldr	r1, [r3]
  89              		.loc 1 194 22 discriminator 2 view .LVU27
  90 0032 8A60     		str	r2, [r1, #8]
 195:stm/stm32l4xx/STM32L4xx_HAL_Driver/Src/stm32l4xx_hal_rtc_ex.c **** 
ARM GAS  /var/tmp//ccqDFXEw.s 			page 6


 196:stm/stm32l4xx/STM32L4xx_HAL_Driver/Src/stm32l4xx_hal_rtc_ex.c ****   __HAL_RTC_TIMESTAMP_ENABLE(hrtc);
  91              		.loc 1 196 3 is_stmt 1 discriminator 2 view .LVU28
  92 0034 1968     		ldr	r1, [r3]
  93 0036 8A68     		ldr	r2, [r1, #8]
  94              	.LVL6:
  95              		.loc 1 196 3 is_stmt 0 discriminator 2 view .LVU29
  96 0038 42F40062 		orr	r2, r2, #2048
  97 003c 8A60     		str	r2, [r1, #8]
 197:stm/stm32l4xx/STM32L4xx_HAL_Driver/Src/stm32l4xx_hal_rtc_ex.c **** 
 198:stm/stm32l4xx/STM32L4xx_HAL_Driver/Src/stm32l4xx_hal_rtc_ex.c ****   /* Enable the write protection for RTC registers */
 199:stm/stm32l4xx/STM32L4xx_HAL_Driver/Src/stm32l4xx_hal_rtc_ex.c ****   __HAL_RTC_WRITEPROTECTION_ENABLE(hrtc);
  98              		.loc 1 199 3 is_stmt 1 discriminator 2 view .LVU30
  99              		.loc 1 199 3 discriminator 2 view .LVU31
 100 003e 1A68     		ldr	r2, [r3]
 101 0040 FF21     		movs	r1, #255
 102 0042 5162     		str	r1, [r2, #36]
 103              		.loc 1 199 3 discriminator 2 view .LVU32
 200:stm/stm32l4xx/STM32L4xx_HAL_Driver/Src/stm32l4xx_hal_rtc_ex.c **** 
 201:stm/stm32l4xx/STM32L4xx_HAL_Driver/Src/stm32l4xx_hal_rtc_ex.c ****   /* Change RTC state */
 202:stm/stm32l4xx/STM32L4xx_HAL_Driver/Src/stm32l4xx_hal_rtc_ex.c ****   hrtc->State = HAL_RTC_STATE_READY;
 104              		.loc 1 202 3 discriminator 2 view .LVU33
 105              		.loc 1 202 15 is_stmt 0 discriminator 2 view .LVU34
 106 0044 83F82100 		strb	r0, [r3, #33]
 203:stm/stm32l4xx/STM32L4xx_HAL_Driver/Src/stm32l4xx_hal_rtc_ex.c **** 
 204:stm/stm32l4xx/STM32L4xx_HAL_Driver/Src/stm32l4xx_hal_rtc_ex.c ****   /* Process Unlocked */
 205:stm/stm32l4xx/STM32L4xx_HAL_Driver/Src/stm32l4xx_hal_rtc_ex.c ****   __HAL_UNLOCK(hrtc);
 107              		.loc 1 205 3 is_stmt 1 discriminator 2 view .LVU35
 108              		.loc 1 205 3 discriminator 2 view .LVU36
 109 0048 0020     		movs	r0, #0
 110 004a 83F82000 		strb	r0, [r3, #32]
 111              		.loc 1 205 3 discriminator 2 view .LVU37
 206:stm/stm32l4xx/STM32L4xx_HAL_Driver/Src/stm32l4xx_hal_rtc_ex.c **** 
 207:stm/stm32l4xx/STM32L4xx_HAL_Driver/Src/stm32l4xx_hal_rtc_ex.c ****   return HAL_OK;
 112              		.loc 1 207 3 discriminator 2 view .LVU38
 208:stm/stm32l4xx/STM32L4xx_HAL_Driver/Src/stm32l4xx_hal_rtc_ex.c **** }
 113              		.loc 1 208 1 is_stmt 0 discriminator 2 view .LVU39
 114 004e 5DF8044B 		ldr	r4, [sp], #4
 115              	.LCFI1:
 116              		.cfi_restore 4
 117              		.cfi_def_cfa_offset 0
 118 0052 7047     		bx	lr
 119              	.LVL7:
 120              	.L3:
 181:stm/stm32l4xx/STM32L4xx_HAL_Driver/Src/stm32l4xx_hal_rtc_ex.c **** 
 121              		.loc 1 181 3 view .LVU40
 122 0054 0220     		movs	r0, #2
 123              	.LVL8:
 124              		.loc 1 208 1 view .LVU41
 125 0056 7047     		bx	lr
 126              		.cfi_endproc
 127              	.LFE288:
 129              		.section	.text.HAL_RTCEx_SetTimeStamp_IT,"ax",%progbits
 130              		.align	1
 131              		.global	HAL_RTCEx_SetTimeStamp_IT
 132              		.syntax unified
 133              		.thumb
 134              		.thumb_func
ARM GAS  /var/tmp//ccqDFXEw.s 			page 7


 136              	HAL_RTCEx_SetTimeStamp_IT:
 137              	.LVL9:
 138              	.LFB289:
 209:stm/stm32l4xx/STM32L4xx_HAL_Driver/Src/stm32l4xx_hal_rtc_ex.c **** 
 210:stm/stm32l4xx/STM32L4xx_HAL_Driver/Src/stm32l4xx_hal_rtc_ex.c **** /**
 211:stm/stm32l4xx/STM32L4xx_HAL_Driver/Src/stm32l4xx_hal_rtc_ex.c ****   * @brief  Set TimeStamp with Interrupt.
 212:stm/stm32l4xx/STM32L4xx_HAL_Driver/Src/stm32l4xx_hal_rtc_ex.c ****   * @note   This API must be called before enabling the TimeStamp feature.
 213:stm/stm32l4xx/STM32L4xx_HAL_Driver/Src/stm32l4xx_hal_rtc_ex.c ****   * @param  hrtc RTC handle
 214:stm/stm32l4xx/STM32L4xx_HAL_Driver/Src/stm32l4xx_hal_rtc_ex.c ****   * @param  TimeStampEdge Specifies the pin edge on which the TimeStamp is
 215:stm/stm32l4xx/STM32L4xx_HAL_Driver/Src/stm32l4xx_hal_rtc_ex.c ****   *         activated.
 216:stm/stm32l4xx/STM32L4xx_HAL_Driver/Src/stm32l4xx_hal_rtc_ex.c ****   *          This parameter can be one of the following values:
 217:stm/stm32l4xx/STM32L4xx_HAL_Driver/Src/stm32l4xx_hal_rtc_ex.c ****   *             @arg RTC_TIMESTAMPEDGE_RISING: the Time stamp event occurs on the
 218:stm/stm32l4xx/STM32L4xx_HAL_Driver/Src/stm32l4xx_hal_rtc_ex.c ****   *                                        rising edge of the related pin.
 219:stm/stm32l4xx/STM32L4xx_HAL_Driver/Src/stm32l4xx_hal_rtc_ex.c ****   *             @arg RTC_TIMESTAMPEDGE_FALLING: the Time stamp event occurs on the
 220:stm/stm32l4xx/STM32L4xx_HAL_Driver/Src/stm32l4xx_hal_rtc_ex.c ****   *                                         falling edge of the related pin.
 221:stm/stm32l4xx/STM32L4xx_HAL_Driver/Src/stm32l4xx_hal_rtc_ex.c ****   * @param  RTC_TimeStampPin Specifies the RTC TimeStamp Pin.
 222:stm/stm32l4xx/STM32L4xx_HAL_Driver/Src/stm32l4xx_hal_rtc_ex.c ****   *          This parameter can be one of the following values:
 223:stm/stm32l4xx/STM32L4xx_HAL_Driver/Src/stm32l4xx_hal_rtc_ex.c ****   *             @arg RTC_TIMESTAMPPIN_DEFAULT: PC13 is selected as RTC TimeStamp Pin.
 224:stm/stm32l4xx/STM32L4xx_HAL_Driver/Src/stm32l4xx_hal_rtc_ex.c ****   *               The RTC TimeStamp Pin is per default PC13, but for reasons of
 225:stm/stm32l4xx/STM32L4xx_HAL_Driver/Src/stm32l4xx_hal_rtc_ex.c ****   *               compatibility, this parameter is required.
 226:stm/stm32l4xx/STM32L4xx_HAL_Driver/Src/stm32l4xx_hal_rtc_ex.c ****   * @retval HAL status
 227:stm/stm32l4xx/STM32L4xx_HAL_Driver/Src/stm32l4xx_hal_rtc_ex.c ****   */
 228:stm/stm32l4xx/STM32L4xx_HAL_Driver/Src/stm32l4xx_hal_rtc_ex.c **** HAL_StatusTypeDef HAL_RTCEx_SetTimeStamp_IT(RTC_HandleTypeDef *hrtc, uint32_t TimeStampEdge, uint32
 229:stm/stm32l4xx/STM32L4xx_HAL_Driver/Src/stm32l4xx_hal_rtc_ex.c **** {
 139              		.loc 1 229 1 is_stmt 1 view -0
 140              		.cfi_startproc
 141              		@ args = 0, pretend = 0, frame = 0
 142              		@ frame_needed = 0, uses_anonymous_args = 0
 143              		@ link register save eliminated.
 230:stm/stm32l4xx/STM32L4xx_HAL_Driver/Src/stm32l4xx_hal_rtc_ex.c ****   uint32_t tmpreg;
 144              		.loc 1 230 3 view .LVU43
 231:stm/stm32l4xx/STM32L4xx_HAL_Driver/Src/stm32l4xx_hal_rtc_ex.c **** 
 232:stm/stm32l4xx/STM32L4xx_HAL_Driver/Src/stm32l4xx_hal_rtc_ex.c ****   /* Check the parameters */
 233:stm/stm32l4xx/STM32L4xx_HAL_Driver/Src/stm32l4xx_hal_rtc_ex.c ****   assert_param(IS_TIMESTAMP_EDGE(TimeStampEdge));
 145              		.loc 1 233 3 view .LVU44
 234:stm/stm32l4xx/STM32L4xx_HAL_Driver/Src/stm32l4xx_hal_rtc_ex.c ****   assert_param(IS_RTC_TIMESTAMP_PIN(RTC_TimeStampPin));
 146              		.loc 1 234 3 view .LVU45
 235:stm/stm32l4xx/STM32L4xx_HAL_Driver/Src/stm32l4xx_hal_rtc_ex.c **** 
 236:stm/stm32l4xx/STM32L4xx_HAL_Driver/Src/stm32l4xx_hal_rtc_ex.c ****   /* Prevent unused argument(s) compilation warning if no assert_param check */
 237:stm/stm32l4xx/STM32L4xx_HAL_Driver/Src/stm32l4xx_hal_rtc_ex.c ****   UNUSED(RTC_TimeStampPin);
 147              		.loc 1 237 3 view .LVU46
 238:stm/stm32l4xx/STM32L4xx_HAL_Driver/Src/stm32l4xx_hal_rtc_ex.c **** 
 239:stm/stm32l4xx/STM32L4xx_HAL_Driver/Src/stm32l4xx_hal_rtc_ex.c ****   /* Process Locked */
 240:stm/stm32l4xx/STM32L4xx_HAL_Driver/Src/stm32l4xx_hal_rtc_ex.c ****   __HAL_LOCK(hrtc);
 148              		.loc 1 240 3 view .LVU47
 149              		.loc 1 240 3 view .LVU48
 150 0000 90F82020 		ldrb	r2, [r0, #32]	@ zero_extendqisi2
 151              	.LVL10:
 152              		.loc 1 240 3 is_stmt 0 view .LVU49
 153 0004 012A     		cmp	r2, #1
 154 0006 33D0     		beq	.L10
 229:stm/stm32l4xx/STM32L4xx_HAL_Driver/Src/stm32l4xx_hal_rtc_ex.c ****   uint32_t tmpreg;
 155              		.loc 1 229 1 discriminator 2 view .LVU50
 156 0008 10B4     		push	{r4}
 157              	.LCFI2:
 158              		.cfi_def_cfa_offset 4
 159              		.cfi_offset 4, -4
ARM GAS  /var/tmp//ccqDFXEw.s 			page 8


 160 000a 0346     		mov	r3, r0
 161              		.loc 1 240 3 is_stmt 1 discriminator 2 view .LVU51
 162 000c 0120     		movs	r0, #1
 163              	.LVL11:
 164              		.loc 1 240 3 is_stmt 0 discriminator 2 view .LVU52
 165 000e 83F82000 		strb	r0, [r3, #32]
 166              		.loc 1 240 3 is_stmt 1 discriminator 2 view .LVU53
 241:stm/stm32l4xx/STM32L4xx_HAL_Driver/Src/stm32l4xx_hal_rtc_ex.c **** 
 242:stm/stm32l4xx/STM32L4xx_HAL_Driver/Src/stm32l4xx_hal_rtc_ex.c ****   hrtc->State = HAL_RTC_STATE_BUSY;
 167              		.loc 1 242 3 discriminator 2 view .LVU54
 168              		.loc 1 242 15 is_stmt 0 discriminator 2 view .LVU55
 169 0012 0222     		movs	r2, #2
 170 0014 83F82120 		strb	r2, [r3, #33]
 243:stm/stm32l4xx/STM32L4xx_HAL_Driver/Src/stm32l4xx_hal_rtc_ex.c **** 
 244:stm/stm32l4xx/STM32L4xx_HAL_Driver/Src/stm32l4xx_hal_rtc_ex.c ****   /* Get the RTC_CR register and clear the bits to be configured */
 245:stm/stm32l4xx/STM32L4xx_HAL_Driver/Src/stm32l4xx_hal_rtc_ex.c ****   tmpreg = (uint32_t)(hrtc->Instance->CR & (uint32_t)~(RTC_CR_TSEDGE | RTC_CR_TSE));
 171              		.loc 1 245 3 is_stmt 1 discriminator 2 view .LVU56
 172              		.loc 1 245 27 is_stmt 0 discriminator 2 view .LVU57
 173 0018 1C68     		ldr	r4, [r3]
 174              		.loc 1 245 37 discriminator 2 view .LVU58
 175 001a A268     		ldr	r2, [r4, #8]
 176              		.loc 1 245 10 discriminator 2 view .LVU59
 177 001c 22F40062 		bic	r2, r2, #2048
 178 0020 22F00802 		bic	r2, r2, #8
 179              	.LVL12:
 246:stm/stm32l4xx/STM32L4xx_HAL_Driver/Src/stm32l4xx_hal_rtc_ex.c **** 
 247:stm/stm32l4xx/STM32L4xx_HAL_Driver/Src/stm32l4xx_hal_rtc_ex.c ****   tmpreg |= TimeStampEdge;
 180              		.loc 1 247 3 is_stmt 1 discriminator 2 view .LVU60
 181              		.loc 1 247 10 is_stmt 0 discriminator 2 view .LVU61
 182 0024 0A43     		orrs	r2, r2, r1
 183              	.LVL13:
 248:stm/stm32l4xx/STM32L4xx_HAL_Driver/Src/stm32l4xx_hal_rtc_ex.c **** 
 249:stm/stm32l4xx/STM32L4xx_HAL_Driver/Src/stm32l4xx_hal_rtc_ex.c ****   /* Disable the write protection for RTC registers */
 250:stm/stm32l4xx/STM32L4xx_HAL_Driver/Src/stm32l4xx_hal_rtc_ex.c ****   __HAL_RTC_WRITEPROTECTION_DISABLE(hrtc);
 184              		.loc 1 250 3 is_stmt 1 discriminator 2 view .LVU62
 185              		.loc 1 250 3 discriminator 2 view .LVU63
 186 0026 CA21     		movs	r1, #202
 187              	.LVL14:
 188              		.loc 1 250 3 is_stmt 0 discriminator 2 view .LVU64
 189 0028 6162     		str	r1, [r4, #36]
 190              		.loc 1 250 3 is_stmt 1 discriminator 2 view .LVU65
 191 002a 1968     		ldr	r1, [r3]
 192 002c 5324     		movs	r4, #83
 193 002e 4C62     		str	r4, [r1, #36]
 194              		.loc 1 250 3 discriminator 2 view .LVU66
 251:stm/stm32l4xx/STM32L4xx_HAL_Driver/Src/stm32l4xx_hal_rtc_ex.c **** 
 252:stm/stm32l4xx/STM32L4xx_HAL_Driver/Src/stm32l4xx_hal_rtc_ex.c ****   /* Configure the Time Stamp TSEDGE and Enable bits */
 253:stm/stm32l4xx/STM32L4xx_HAL_Driver/Src/stm32l4xx_hal_rtc_ex.c ****   hrtc->Instance->CR = (uint32_t)tmpreg;
 195              		.loc 1 253 3 discriminator 2 view .LVU67
 196              		.loc 1 253 7 is_stmt 0 discriminator 2 view .LVU68
 197 0030 1968     		ldr	r1, [r3]
 198              		.loc 1 253 22 discriminator 2 view .LVU69
 199 0032 8A60     		str	r2, [r1, #8]
 254:stm/stm32l4xx/STM32L4xx_HAL_Driver/Src/stm32l4xx_hal_rtc_ex.c **** 
 255:stm/stm32l4xx/STM32L4xx_HAL_Driver/Src/stm32l4xx_hal_rtc_ex.c ****   __HAL_RTC_TIMESTAMP_ENABLE(hrtc);
 200              		.loc 1 255 3 is_stmt 1 discriminator 2 view .LVU70
 201 0034 1968     		ldr	r1, [r3]
ARM GAS  /var/tmp//ccqDFXEw.s 			page 9


 202 0036 8A68     		ldr	r2, [r1, #8]
 203              	.LVL15:
 204              		.loc 1 255 3 is_stmt 0 discriminator 2 view .LVU71
 205 0038 42F40062 		orr	r2, r2, #2048
 206 003c 8A60     		str	r2, [r1, #8]
 256:stm/stm32l4xx/STM32L4xx_HAL_Driver/Src/stm32l4xx_hal_rtc_ex.c **** 
 257:stm/stm32l4xx/STM32L4xx_HAL_Driver/Src/stm32l4xx_hal_rtc_ex.c ****   /* Enable IT timestamp */
 258:stm/stm32l4xx/STM32L4xx_HAL_Driver/Src/stm32l4xx_hal_rtc_ex.c ****   __HAL_RTC_TIMESTAMP_ENABLE_IT(hrtc, RTC_IT_TS);
 207              		.loc 1 258 3 is_stmt 1 discriminator 2 view .LVU72
 208 003e 1968     		ldr	r1, [r3]
 209 0040 8A68     		ldr	r2, [r1, #8]
 210 0042 42F40042 		orr	r2, r2, #32768
 211 0046 8A60     		str	r2, [r1, #8]
 259:stm/stm32l4xx/STM32L4xx_HAL_Driver/Src/stm32l4xx_hal_rtc_ex.c **** 
 260:stm/stm32l4xx/STM32L4xx_HAL_Driver/Src/stm32l4xx_hal_rtc_ex.c ****   /* RTC timestamp Interrupt Configuration: EXTI configuration */
 261:stm/stm32l4xx/STM32L4xx_HAL_Driver/Src/stm32l4xx_hal_rtc_ex.c ****   __HAL_RTC_TAMPER_TIMESTAMP_EXTI_ENABLE_IT();
 212              		.loc 1 261 3 discriminator 2 view .LVU73
 213 0048 0A4A     		ldr	r2, .L15
 214 004a 1168     		ldr	r1, [r2]
 215 004c 41F40021 		orr	r1, r1, #524288
 216 0050 1160     		str	r1, [r2]
 262:stm/stm32l4xx/STM32L4xx_HAL_Driver/Src/stm32l4xx_hal_rtc_ex.c ****   __HAL_RTC_TAMPER_TIMESTAMP_EXTI_ENABLE_RISING_EDGE();
 217              		.loc 1 262 3 discriminator 2 view .LVU74
 218 0052 9168     		ldr	r1, [r2, #8]
 219 0054 41F40021 		orr	r1, r1, #524288
 220 0058 9160     		str	r1, [r2, #8]
 263:stm/stm32l4xx/STM32L4xx_HAL_Driver/Src/stm32l4xx_hal_rtc_ex.c **** 
 264:stm/stm32l4xx/STM32L4xx_HAL_Driver/Src/stm32l4xx_hal_rtc_ex.c ****   /* Enable the write protection for RTC registers */
 265:stm/stm32l4xx/STM32L4xx_HAL_Driver/Src/stm32l4xx_hal_rtc_ex.c ****   __HAL_RTC_WRITEPROTECTION_ENABLE(hrtc);
 221              		.loc 1 265 3 discriminator 2 view .LVU75
 222              		.loc 1 265 3 discriminator 2 view .LVU76
 223 005a 1A68     		ldr	r2, [r3]
 224 005c FF21     		movs	r1, #255
 225 005e 5162     		str	r1, [r2, #36]
 226              		.loc 1 265 3 discriminator 2 view .LVU77
 266:stm/stm32l4xx/STM32L4xx_HAL_Driver/Src/stm32l4xx_hal_rtc_ex.c **** 
 267:stm/stm32l4xx/STM32L4xx_HAL_Driver/Src/stm32l4xx_hal_rtc_ex.c ****   hrtc->State = HAL_RTC_STATE_READY;
 227              		.loc 1 267 3 discriminator 2 view .LVU78
 228              		.loc 1 267 15 is_stmt 0 discriminator 2 view .LVU79
 229 0060 83F82100 		strb	r0, [r3, #33]
 268:stm/stm32l4xx/STM32L4xx_HAL_Driver/Src/stm32l4xx_hal_rtc_ex.c **** 
 269:stm/stm32l4xx/STM32L4xx_HAL_Driver/Src/stm32l4xx_hal_rtc_ex.c ****   /* Process Unlocked */
 270:stm/stm32l4xx/STM32L4xx_HAL_Driver/Src/stm32l4xx_hal_rtc_ex.c ****   __HAL_UNLOCK(hrtc);
 230              		.loc 1 270 3 is_stmt 1 discriminator 2 view .LVU80
 231              		.loc 1 270 3 discriminator 2 view .LVU81
 232 0064 0020     		movs	r0, #0
 233 0066 83F82000 		strb	r0, [r3, #32]
 234              		.loc 1 270 3 discriminator 2 view .LVU82
 271:stm/stm32l4xx/STM32L4xx_HAL_Driver/Src/stm32l4xx_hal_rtc_ex.c **** 
 272:stm/stm32l4xx/STM32L4xx_HAL_Driver/Src/stm32l4xx_hal_rtc_ex.c ****   return HAL_OK;
 235              		.loc 1 272 3 discriminator 2 view .LVU83
 273:stm/stm32l4xx/STM32L4xx_HAL_Driver/Src/stm32l4xx_hal_rtc_ex.c **** }
 236              		.loc 1 273 1 is_stmt 0 discriminator 2 view .LVU84
 237 006a 5DF8044B 		ldr	r4, [sp], #4
 238              	.LCFI3:
 239              		.cfi_restore 4
 240              		.cfi_def_cfa_offset 0
ARM GAS  /var/tmp//ccqDFXEw.s 			page 10


 241 006e 7047     		bx	lr
 242              	.LVL16:
 243              	.L10:
 240:stm/stm32l4xx/STM32L4xx_HAL_Driver/Src/stm32l4xx_hal_rtc_ex.c **** 
 244              		.loc 1 240 3 view .LVU85
 245 0070 0220     		movs	r0, #2
 246              	.LVL17:
 247              		.loc 1 273 1 view .LVU86
 248 0072 7047     		bx	lr
 249              	.L16:
 250              		.align	2
 251              	.L15:
 252 0074 00040140 		.word	1073808384
 253              		.cfi_endproc
 254              	.LFE289:
 256              		.section	.text.HAL_RTCEx_DeactivateTimeStamp,"ax",%progbits
 257              		.align	1
 258              		.global	HAL_RTCEx_DeactivateTimeStamp
 259              		.syntax unified
 260              		.thumb
 261              		.thumb_func
 263              	HAL_RTCEx_DeactivateTimeStamp:
 264              	.LVL18:
 265              	.LFB290:
 274:stm/stm32l4xx/STM32L4xx_HAL_Driver/Src/stm32l4xx_hal_rtc_ex.c **** 
 275:stm/stm32l4xx/STM32L4xx_HAL_Driver/Src/stm32l4xx_hal_rtc_ex.c **** /**
 276:stm/stm32l4xx/STM32L4xx_HAL_Driver/Src/stm32l4xx_hal_rtc_ex.c ****   * @brief  Deactivate TimeStamp.
 277:stm/stm32l4xx/STM32L4xx_HAL_Driver/Src/stm32l4xx_hal_rtc_ex.c ****   * @param  hrtc RTC handle
 278:stm/stm32l4xx/STM32L4xx_HAL_Driver/Src/stm32l4xx_hal_rtc_ex.c ****   * @retval HAL status
 279:stm/stm32l4xx/STM32L4xx_HAL_Driver/Src/stm32l4xx_hal_rtc_ex.c ****   */
 280:stm/stm32l4xx/STM32L4xx_HAL_Driver/Src/stm32l4xx_hal_rtc_ex.c **** HAL_StatusTypeDef HAL_RTCEx_DeactivateTimeStamp(RTC_HandleTypeDef *hrtc)
 281:stm/stm32l4xx/STM32L4xx_HAL_Driver/Src/stm32l4xx_hal_rtc_ex.c **** {
 266              		.loc 1 281 1 is_stmt 1 view -0
 267              		.cfi_startproc
 268              		@ args = 0, pretend = 0, frame = 0
 269              		@ frame_needed = 0, uses_anonymous_args = 0
 270              		@ link register save eliminated.
 271              		.loc 1 281 1 is_stmt 0 view .LVU88
 272 0000 0346     		mov	r3, r0
 282:stm/stm32l4xx/STM32L4xx_HAL_Driver/Src/stm32l4xx_hal_rtc_ex.c ****   uint32_t tmpreg;
 273              		.loc 1 282 3 is_stmt 1 view .LVU89
 283:stm/stm32l4xx/STM32L4xx_HAL_Driver/Src/stm32l4xx_hal_rtc_ex.c **** 
 284:stm/stm32l4xx/STM32L4xx_HAL_Driver/Src/stm32l4xx_hal_rtc_ex.c ****   /* Process Locked */
 285:stm/stm32l4xx/STM32L4xx_HAL_Driver/Src/stm32l4xx_hal_rtc_ex.c ****   __HAL_LOCK(hrtc);
 274              		.loc 1 285 3 view .LVU90
 275              		.loc 1 285 3 view .LVU91
 276 0002 90F82020 		ldrb	r2, [r0, #32]	@ zero_extendqisi2
 277 0006 012A     		cmp	r2, #1
 278 0008 20D0     		beq	.L19
 279              		.loc 1 285 3 discriminator 2 view .LVU92
 280 000a 0121     		movs	r1, #1
 281 000c 80F82010 		strb	r1, [r0, #32]
 282              		.loc 1 285 3 discriminator 2 view .LVU93
 286:stm/stm32l4xx/STM32L4xx_HAL_Driver/Src/stm32l4xx_hal_rtc_ex.c **** 
 287:stm/stm32l4xx/STM32L4xx_HAL_Driver/Src/stm32l4xx_hal_rtc_ex.c ****   hrtc->State = HAL_RTC_STATE_BUSY;
 283              		.loc 1 287 3 discriminator 2 view .LVU94
 284              		.loc 1 287 15 is_stmt 0 discriminator 2 view .LVU95
ARM GAS  /var/tmp//ccqDFXEw.s 			page 11


 285 0010 0222     		movs	r2, #2
 286 0012 80F82120 		strb	r2, [r0, #33]
 288:stm/stm32l4xx/STM32L4xx_HAL_Driver/Src/stm32l4xx_hal_rtc_ex.c **** 
 289:stm/stm32l4xx/STM32L4xx_HAL_Driver/Src/stm32l4xx_hal_rtc_ex.c ****   /* Disable the write protection for RTC registers */
 290:stm/stm32l4xx/STM32L4xx_HAL_Driver/Src/stm32l4xx_hal_rtc_ex.c ****   __HAL_RTC_WRITEPROTECTION_DISABLE(hrtc);
 287              		.loc 1 290 3 is_stmt 1 discriminator 2 view .LVU96
 288              		.loc 1 290 3 discriminator 2 view .LVU97
 289 0016 0268     		ldr	r2, [r0]
 290 0018 CA20     		movs	r0, #202
 291              	.LVL19:
 292              		.loc 1 290 3 is_stmt 0 discriminator 2 view .LVU98
 293 001a 5062     		str	r0, [r2, #36]
 294              		.loc 1 290 3 is_stmt 1 discriminator 2 view .LVU99
 295 001c 1A68     		ldr	r2, [r3]
 296 001e 5320     		movs	r0, #83
 297 0020 5062     		str	r0, [r2, #36]
 298              		.loc 1 290 3 discriminator 2 view .LVU100
 291:stm/stm32l4xx/STM32L4xx_HAL_Driver/Src/stm32l4xx_hal_rtc_ex.c **** 
 292:stm/stm32l4xx/STM32L4xx_HAL_Driver/Src/stm32l4xx_hal_rtc_ex.c ****   /* In case of interrupt mode is used, the interrupt source must disabled */
 293:stm/stm32l4xx/STM32L4xx_HAL_Driver/Src/stm32l4xx_hal_rtc_ex.c ****   __HAL_RTC_TIMESTAMP_DISABLE_IT(hrtc, RTC_IT_TS);
 299              		.loc 1 293 3 discriminator 2 view .LVU101
 300 0022 1868     		ldr	r0, [r3]
 301 0024 8268     		ldr	r2, [r0, #8]
 302 0026 22F40042 		bic	r2, r2, #32768
 303 002a 8260     		str	r2, [r0, #8]
 294:stm/stm32l4xx/STM32L4xx_HAL_Driver/Src/stm32l4xx_hal_rtc_ex.c **** 
 295:stm/stm32l4xx/STM32L4xx_HAL_Driver/Src/stm32l4xx_hal_rtc_ex.c ****   /* Get the RTC_CR register and clear the bits to be configured */
 296:stm/stm32l4xx/STM32L4xx_HAL_Driver/Src/stm32l4xx_hal_rtc_ex.c ****   tmpreg = (uint32_t)(hrtc->Instance->CR & (uint32_t)~(RTC_CR_TSEDGE | RTC_CR_TSE));
 304              		.loc 1 296 3 discriminator 2 view .LVU102
 305              		.loc 1 296 27 is_stmt 0 discriminator 2 view .LVU103
 306 002c 1868     		ldr	r0, [r3]
 307              		.loc 1 296 37 discriminator 2 view .LVU104
 308 002e 8268     		ldr	r2, [r0, #8]
 309              		.loc 1 296 10 discriminator 2 view .LVU105
 310 0030 22F40062 		bic	r2, r2, #2048
 311 0034 22F00802 		bic	r2, r2, #8
 312              	.LVL20:
 297:stm/stm32l4xx/STM32L4xx_HAL_Driver/Src/stm32l4xx_hal_rtc_ex.c **** 
 298:stm/stm32l4xx/STM32L4xx_HAL_Driver/Src/stm32l4xx_hal_rtc_ex.c ****   /* Configure the Time Stamp TSEDGE and Enable bits */
 299:stm/stm32l4xx/STM32L4xx_HAL_Driver/Src/stm32l4xx_hal_rtc_ex.c ****   hrtc->Instance->CR = (uint32_t)tmpreg;
 313              		.loc 1 299 3 is_stmt 1 discriminator 2 view .LVU106
 314              		.loc 1 299 22 is_stmt 0 discriminator 2 view .LVU107
 315 0038 8260     		str	r2, [r0, #8]
 300:stm/stm32l4xx/STM32L4xx_HAL_Driver/Src/stm32l4xx_hal_rtc_ex.c **** 
 301:stm/stm32l4xx/STM32L4xx_HAL_Driver/Src/stm32l4xx_hal_rtc_ex.c ****   /* Enable the write protection for RTC registers */
 302:stm/stm32l4xx/STM32L4xx_HAL_Driver/Src/stm32l4xx_hal_rtc_ex.c ****   __HAL_RTC_WRITEPROTECTION_ENABLE(hrtc);
 316              		.loc 1 302 3 is_stmt 1 discriminator 2 view .LVU108
 317              		.loc 1 302 3 discriminator 2 view .LVU109
 318 003a 1A68     		ldr	r2, [r3]
 319              	.LVL21:
 320              		.loc 1 302 3 is_stmt 0 discriminator 2 view .LVU110
 321 003c FF20     		movs	r0, #255
 322              	.LVL22:
 323              		.loc 1 302 3 discriminator 2 view .LVU111
 324 003e 5062     		str	r0, [r2, #36]
 325              		.loc 1 302 3 is_stmt 1 discriminator 2 view .LVU112
 303:stm/stm32l4xx/STM32L4xx_HAL_Driver/Src/stm32l4xx_hal_rtc_ex.c **** 
ARM GAS  /var/tmp//ccqDFXEw.s 			page 12


 304:stm/stm32l4xx/STM32L4xx_HAL_Driver/Src/stm32l4xx_hal_rtc_ex.c ****   hrtc->State = HAL_RTC_STATE_READY;
 326              		.loc 1 304 3 discriminator 2 view .LVU113
 327              		.loc 1 304 15 is_stmt 0 discriminator 2 view .LVU114
 328 0040 83F82110 		strb	r1, [r3, #33]
 305:stm/stm32l4xx/STM32L4xx_HAL_Driver/Src/stm32l4xx_hal_rtc_ex.c **** 
 306:stm/stm32l4xx/STM32L4xx_HAL_Driver/Src/stm32l4xx_hal_rtc_ex.c ****   /* Process Unlocked */
 307:stm/stm32l4xx/STM32L4xx_HAL_Driver/Src/stm32l4xx_hal_rtc_ex.c ****   __HAL_UNLOCK(hrtc);
 329              		.loc 1 307 3 is_stmt 1 discriminator 2 view .LVU115
 330              		.loc 1 307 3 discriminator 2 view .LVU116
 331 0044 0020     		movs	r0, #0
 332 0046 83F82000 		strb	r0, [r3, #32]
 333              		.loc 1 307 3 discriminator 2 view .LVU117
 308:stm/stm32l4xx/STM32L4xx_HAL_Driver/Src/stm32l4xx_hal_rtc_ex.c **** 
 309:stm/stm32l4xx/STM32L4xx_HAL_Driver/Src/stm32l4xx_hal_rtc_ex.c ****   return HAL_OK;
 334              		.loc 1 309 3 discriminator 2 view .LVU118
 335              		.loc 1 309 10 is_stmt 0 discriminator 2 view .LVU119
 336 004a 7047     		bx	lr
 337              	.LVL23:
 338              	.L19:
 285:stm/stm32l4xx/STM32L4xx_HAL_Driver/Src/stm32l4xx_hal_rtc_ex.c **** 
 339              		.loc 1 285 3 view .LVU120
 340 004c 0220     		movs	r0, #2
 341              	.LVL24:
 310:stm/stm32l4xx/STM32L4xx_HAL_Driver/Src/stm32l4xx_hal_rtc_ex.c **** }
 342              		.loc 1 310 1 view .LVU121
 343 004e 7047     		bx	lr
 344              		.cfi_endproc
 345              	.LFE290:
 347              		.section	.text.HAL_RTCEx_SetInternalTimeStamp,"ax",%progbits
 348              		.align	1
 349              		.global	HAL_RTCEx_SetInternalTimeStamp
 350              		.syntax unified
 351              		.thumb
 352              		.thumb_func
 354              	HAL_RTCEx_SetInternalTimeStamp:
 355              	.LVL25:
 356              	.LFB291:
 311:stm/stm32l4xx/STM32L4xx_HAL_Driver/Src/stm32l4xx_hal_rtc_ex.c **** 
 312:stm/stm32l4xx/STM32L4xx_HAL_Driver/Src/stm32l4xx_hal_rtc_ex.c **** /**
 313:stm/stm32l4xx/STM32L4xx_HAL_Driver/Src/stm32l4xx_hal_rtc_ex.c ****   * @brief  Set Internal TimeStamp.
 314:stm/stm32l4xx/STM32L4xx_HAL_Driver/Src/stm32l4xx_hal_rtc_ex.c ****   * @note   This API must be called before enabling the internal TimeStamp feature.
 315:stm/stm32l4xx/STM32L4xx_HAL_Driver/Src/stm32l4xx_hal_rtc_ex.c ****   * @param  hrtc RTC handle
 316:stm/stm32l4xx/STM32L4xx_HAL_Driver/Src/stm32l4xx_hal_rtc_ex.c ****   * @retval HAL status
 317:stm/stm32l4xx/STM32L4xx_HAL_Driver/Src/stm32l4xx_hal_rtc_ex.c ****   */
 318:stm/stm32l4xx/STM32L4xx_HAL_Driver/Src/stm32l4xx_hal_rtc_ex.c **** HAL_StatusTypeDef HAL_RTCEx_SetInternalTimeStamp(RTC_HandleTypeDef *hrtc)
 319:stm/stm32l4xx/STM32L4xx_HAL_Driver/Src/stm32l4xx_hal_rtc_ex.c **** {
 357              		.loc 1 319 1 is_stmt 1 view -0
 358              		.cfi_startproc
 359              		@ args = 0, pretend = 0, frame = 0
 360              		@ frame_needed = 0, uses_anonymous_args = 0
 361              		@ link register save eliminated.
 320:stm/stm32l4xx/STM32L4xx_HAL_Driver/Src/stm32l4xx_hal_rtc_ex.c ****   /* Process Locked */
 321:stm/stm32l4xx/STM32L4xx_HAL_Driver/Src/stm32l4xx_hal_rtc_ex.c ****   __HAL_LOCK(hrtc);
 362              		.loc 1 321 3 view .LVU123
 363              		.loc 1 321 3 view .LVU124
 364 0000 90F82030 		ldrb	r3, [r0, #32]	@ zero_extendqisi2
 365 0004 012B     		cmp	r3, #1
ARM GAS  /var/tmp//ccqDFXEw.s 			page 13


 366 0006 1AD0     		beq	.L22
 367              		.loc 1 321 3 discriminator 2 view .LVU125
 368 0008 0122     		movs	r2, #1
 369 000a 80F82020 		strb	r2, [r0, #32]
 370              		.loc 1 321 3 discriminator 2 view .LVU126
 322:stm/stm32l4xx/STM32L4xx_HAL_Driver/Src/stm32l4xx_hal_rtc_ex.c **** 
 323:stm/stm32l4xx/STM32L4xx_HAL_Driver/Src/stm32l4xx_hal_rtc_ex.c ****   hrtc->State = HAL_RTC_STATE_BUSY;
 371              		.loc 1 323 3 discriminator 2 view .LVU127
 372              		.loc 1 323 15 is_stmt 0 discriminator 2 view .LVU128
 373 000e 0223     		movs	r3, #2
 374 0010 80F82130 		strb	r3, [r0, #33]
 324:stm/stm32l4xx/STM32L4xx_HAL_Driver/Src/stm32l4xx_hal_rtc_ex.c **** 
 325:stm/stm32l4xx/STM32L4xx_HAL_Driver/Src/stm32l4xx_hal_rtc_ex.c ****   /* Disable the write protection for RTC registers */
 326:stm/stm32l4xx/STM32L4xx_HAL_Driver/Src/stm32l4xx_hal_rtc_ex.c ****   __HAL_RTC_WRITEPROTECTION_DISABLE(hrtc);
 375              		.loc 1 326 3 is_stmt 1 discriminator 2 view .LVU129
 376              		.loc 1 326 3 discriminator 2 view .LVU130
 377 0014 0368     		ldr	r3, [r0]
 378 0016 CA21     		movs	r1, #202
 379 0018 5962     		str	r1, [r3, #36]
 380              		.loc 1 326 3 discriminator 2 view .LVU131
 381 001a 0368     		ldr	r3, [r0]
 382 001c 5321     		movs	r1, #83
 383 001e 5962     		str	r1, [r3, #36]
 384              		.loc 1 326 3 discriminator 2 view .LVU132
 327:stm/stm32l4xx/STM32L4xx_HAL_Driver/Src/stm32l4xx_hal_rtc_ex.c **** 
 328:stm/stm32l4xx/STM32L4xx_HAL_Driver/Src/stm32l4xx_hal_rtc_ex.c ****   /* Configure the internal Time Stamp Enable bits */
 329:stm/stm32l4xx/STM32L4xx_HAL_Driver/Src/stm32l4xx_hal_rtc_ex.c ****   __HAL_RTC_INTERNAL_TIMESTAMP_ENABLE(hrtc);
 385              		.loc 1 329 3 discriminator 2 view .LVU133
 386 0020 0168     		ldr	r1, [r0]
 387 0022 8B68     		ldr	r3, [r1, #8]
 388 0024 43F08073 		orr	r3, r3, #16777216
 389 0028 8B60     		str	r3, [r1, #8]
 330:stm/stm32l4xx/STM32L4xx_HAL_Driver/Src/stm32l4xx_hal_rtc_ex.c **** 
 331:stm/stm32l4xx/STM32L4xx_HAL_Driver/Src/stm32l4xx_hal_rtc_ex.c ****   /* Enable the write protection for RTC registers */
 332:stm/stm32l4xx/STM32L4xx_HAL_Driver/Src/stm32l4xx_hal_rtc_ex.c ****   __HAL_RTC_WRITEPROTECTION_ENABLE(hrtc);
 390              		.loc 1 332 3 discriminator 2 view .LVU134
 391              		.loc 1 332 3 discriminator 2 view .LVU135
 392 002a 0368     		ldr	r3, [r0]
 393 002c FF21     		movs	r1, #255
 394 002e 5962     		str	r1, [r3, #36]
 395              		.loc 1 332 3 discriminator 2 view .LVU136
 333:stm/stm32l4xx/STM32L4xx_HAL_Driver/Src/stm32l4xx_hal_rtc_ex.c **** 
 334:stm/stm32l4xx/STM32L4xx_HAL_Driver/Src/stm32l4xx_hal_rtc_ex.c ****   /* Change RTC state */
 335:stm/stm32l4xx/STM32L4xx_HAL_Driver/Src/stm32l4xx_hal_rtc_ex.c ****   hrtc->State = HAL_RTC_STATE_READY;
 396              		.loc 1 335 3 discriminator 2 view .LVU137
 397              		.loc 1 335 15 is_stmt 0 discriminator 2 view .LVU138
 398 0030 80F82120 		strb	r2, [r0, #33]
 336:stm/stm32l4xx/STM32L4xx_HAL_Driver/Src/stm32l4xx_hal_rtc_ex.c **** 
 337:stm/stm32l4xx/STM32L4xx_HAL_Driver/Src/stm32l4xx_hal_rtc_ex.c ****   /* Process Unlocked */
 338:stm/stm32l4xx/STM32L4xx_HAL_Driver/Src/stm32l4xx_hal_rtc_ex.c ****   __HAL_UNLOCK(hrtc);
 399              		.loc 1 338 3 is_stmt 1 discriminator 2 view .LVU139
 400              		.loc 1 338 3 discriminator 2 view .LVU140
 401 0034 0023     		movs	r3, #0
 402 0036 80F82030 		strb	r3, [r0, #32]
 403              		.loc 1 338 3 discriminator 2 view .LVU141
 339:stm/stm32l4xx/STM32L4xx_HAL_Driver/Src/stm32l4xx_hal_rtc_ex.c **** 
 340:stm/stm32l4xx/STM32L4xx_HAL_Driver/Src/stm32l4xx_hal_rtc_ex.c ****   return HAL_OK;
ARM GAS  /var/tmp//ccqDFXEw.s 			page 14


 404              		.loc 1 340 3 discriminator 2 view .LVU142
 405              		.loc 1 340 10 is_stmt 0 discriminator 2 view .LVU143
 406 003a 1846     		mov	r0, r3
 407              	.LVL26:
 408              		.loc 1 340 10 discriminator 2 view .LVU144
 409 003c 7047     		bx	lr
 410              	.LVL27:
 411              	.L22:
 321:stm/stm32l4xx/STM32L4xx_HAL_Driver/Src/stm32l4xx_hal_rtc_ex.c **** 
 412              		.loc 1 321 3 view .LVU145
 413 003e 0220     		movs	r0, #2
 414              	.LVL28:
 341:stm/stm32l4xx/STM32L4xx_HAL_Driver/Src/stm32l4xx_hal_rtc_ex.c **** }
 415              		.loc 1 341 1 view .LVU146
 416 0040 7047     		bx	lr
 417              		.cfi_endproc
 418              	.LFE291:
 420              		.section	.text.HAL_RTCEx_DeactivateInternalTimeStamp,"ax",%progbits
 421              		.align	1
 422              		.global	HAL_RTCEx_DeactivateInternalTimeStamp
 423              		.syntax unified
 424              		.thumb
 425              		.thumb_func
 427              	HAL_RTCEx_DeactivateInternalTimeStamp:
 428              	.LVL29:
 429              	.LFB292:
 342:stm/stm32l4xx/STM32L4xx_HAL_Driver/Src/stm32l4xx_hal_rtc_ex.c **** 
 343:stm/stm32l4xx/STM32L4xx_HAL_Driver/Src/stm32l4xx_hal_rtc_ex.c **** /**
 344:stm/stm32l4xx/STM32L4xx_HAL_Driver/Src/stm32l4xx_hal_rtc_ex.c ****   * @brief  Deactivate Internal TimeStamp.
 345:stm/stm32l4xx/STM32L4xx_HAL_Driver/Src/stm32l4xx_hal_rtc_ex.c ****   * @param  hrtc RTC handle
 346:stm/stm32l4xx/STM32L4xx_HAL_Driver/Src/stm32l4xx_hal_rtc_ex.c ****   * @retval HAL status
 347:stm/stm32l4xx/STM32L4xx_HAL_Driver/Src/stm32l4xx_hal_rtc_ex.c ****   */
 348:stm/stm32l4xx/STM32L4xx_HAL_Driver/Src/stm32l4xx_hal_rtc_ex.c **** HAL_StatusTypeDef HAL_RTCEx_DeactivateInternalTimeStamp(RTC_HandleTypeDef *hrtc)
 349:stm/stm32l4xx/STM32L4xx_HAL_Driver/Src/stm32l4xx_hal_rtc_ex.c **** {
 430              		.loc 1 349 1 is_stmt 1 view -0
 431              		.cfi_startproc
 432              		@ args = 0, pretend = 0, frame = 0
 433              		@ frame_needed = 0, uses_anonymous_args = 0
 434              		@ link register save eliminated.
 350:stm/stm32l4xx/STM32L4xx_HAL_Driver/Src/stm32l4xx_hal_rtc_ex.c ****   /* Process Locked */
 351:stm/stm32l4xx/STM32L4xx_HAL_Driver/Src/stm32l4xx_hal_rtc_ex.c ****   __HAL_LOCK(hrtc);
 435              		.loc 1 351 3 view .LVU148
 436              		.loc 1 351 3 view .LVU149
 437 0000 90F82030 		ldrb	r3, [r0, #32]	@ zero_extendqisi2
 438 0004 012B     		cmp	r3, #1
 439 0006 1AD0     		beq	.L25
 440              		.loc 1 351 3 discriminator 2 view .LVU150
 441 0008 0122     		movs	r2, #1
 442 000a 80F82020 		strb	r2, [r0, #32]
 443              		.loc 1 351 3 discriminator 2 view .LVU151
 352:stm/stm32l4xx/STM32L4xx_HAL_Driver/Src/stm32l4xx_hal_rtc_ex.c **** 
 353:stm/stm32l4xx/STM32L4xx_HAL_Driver/Src/stm32l4xx_hal_rtc_ex.c ****   hrtc->State = HAL_RTC_STATE_BUSY;
 444              		.loc 1 353 3 discriminator 2 view .LVU152
 445              		.loc 1 353 15 is_stmt 0 discriminator 2 view .LVU153
 446 000e 0223     		movs	r3, #2
 447 0010 80F82130 		strb	r3, [r0, #33]
 354:stm/stm32l4xx/STM32L4xx_HAL_Driver/Src/stm32l4xx_hal_rtc_ex.c **** 
ARM GAS  /var/tmp//ccqDFXEw.s 			page 15


 355:stm/stm32l4xx/STM32L4xx_HAL_Driver/Src/stm32l4xx_hal_rtc_ex.c ****   /* Disable the write protection for RTC registers */
 356:stm/stm32l4xx/STM32L4xx_HAL_Driver/Src/stm32l4xx_hal_rtc_ex.c ****   __HAL_RTC_WRITEPROTECTION_DISABLE(hrtc);
 448              		.loc 1 356 3 is_stmt 1 discriminator 2 view .LVU154
 449              		.loc 1 356 3 discriminator 2 view .LVU155
 450 0014 0368     		ldr	r3, [r0]
 451 0016 CA21     		movs	r1, #202
 452 0018 5962     		str	r1, [r3, #36]
 453              		.loc 1 356 3 discriminator 2 view .LVU156
 454 001a 0368     		ldr	r3, [r0]
 455 001c 5321     		movs	r1, #83
 456 001e 5962     		str	r1, [r3, #36]
 457              		.loc 1 356 3 discriminator 2 view .LVU157
 357:stm/stm32l4xx/STM32L4xx_HAL_Driver/Src/stm32l4xx_hal_rtc_ex.c **** 
 358:stm/stm32l4xx/STM32L4xx_HAL_Driver/Src/stm32l4xx_hal_rtc_ex.c ****   /* Configure the internal Time Stamp Enable bits */
 359:stm/stm32l4xx/STM32L4xx_HAL_Driver/Src/stm32l4xx_hal_rtc_ex.c ****   __HAL_RTC_INTERNAL_TIMESTAMP_DISABLE(hrtc);
 458              		.loc 1 359 3 discriminator 2 view .LVU158
 459 0020 0168     		ldr	r1, [r0]
 460 0022 8B68     		ldr	r3, [r1, #8]
 461 0024 23F08073 		bic	r3, r3, #16777216
 462 0028 8B60     		str	r3, [r1, #8]
 360:stm/stm32l4xx/STM32L4xx_HAL_Driver/Src/stm32l4xx_hal_rtc_ex.c **** 
 361:stm/stm32l4xx/STM32L4xx_HAL_Driver/Src/stm32l4xx_hal_rtc_ex.c ****   /* Enable the write protection for RTC registers */
 362:stm/stm32l4xx/STM32L4xx_HAL_Driver/Src/stm32l4xx_hal_rtc_ex.c ****   __HAL_RTC_WRITEPROTECTION_ENABLE(hrtc);
 463              		.loc 1 362 3 discriminator 2 view .LVU159
 464              		.loc 1 362 3 discriminator 2 view .LVU160
 465 002a 0368     		ldr	r3, [r0]
 466 002c FF21     		movs	r1, #255
 467 002e 5962     		str	r1, [r3, #36]
 468              		.loc 1 362 3 discriminator 2 view .LVU161
 363:stm/stm32l4xx/STM32L4xx_HAL_Driver/Src/stm32l4xx_hal_rtc_ex.c **** 
 364:stm/stm32l4xx/STM32L4xx_HAL_Driver/Src/stm32l4xx_hal_rtc_ex.c ****   hrtc->State = HAL_RTC_STATE_READY;
 469              		.loc 1 364 3 discriminator 2 view .LVU162
 470              		.loc 1 364 15 is_stmt 0 discriminator 2 view .LVU163
 471 0030 80F82120 		strb	r2, [r0, #33]
 365:stm/stm32l4xx/STM32L4xx_HAL_Driver/Src/stm32l4xx_hal_rtc_ex.c **** 
 366:stm/stm32l4xx/STM32L4xx_HAL_Driver/Src/stm32l4xx_hal_rtc_ex.c ****   /* Process Unlocked */
 367:stm/stm32l4xx/STM32L4xx_HAL_Driver/Src/stm32l4xx_hal_rtc_ex.c ****   __HAL_UNLOCK(hrtc);
 472              		.loc 1 367 3 is_stmt 1 discriminator 2 view .LVU164
 473              		.loc 1 367 3 discriminator 2 view .LVU165
 474 0034 0023     		movs	r3, #0
 475 0036 80F82030 		strb	r3, [r0, #32]
 476              		.loc 1 367 3 discriminator 2 view .LVU166
 368:stm/stm32l4xx/STM32L4xx_HAL_Driver/Src/stm32l4xx_hal_rtc_ex.c **** 
 369:stm/stm32l4xx/STM32L4xx_HAL_Driver/Src/stm32l4xx_hal_rtc_ex.c ****   return HAL_OK;
 477              		.loc 1 369 3 discriminator 2 view .LVU167
 478              		.loc 1 369 10 is_stmt 0 discriminator 2 view .LVU168
 479 003a 1846     		mov	r0, r3
 480              	.LVL30:
 481              		.loc 1 369 10 discriminator 2 view .LVU169
 482 003c 7047     		bx	lr
 483              	.LVL31:
 484              	.L25:
 351:stm/stm32l4xx/STM32L4xx_HAL_Driver/Src/stm32l4xx_hal_rtc_ex.c **** 
 485              		.loc 1 351 3 view .LVU170
 486 003e 0220     		movs	r0, #2
 487              	.LVL32:
 370:stm/stm32l4xx/STM32L4xx_HAL_Driver/Src/stm32l4xx_hal_rtc_ex.c **** }
ARM GAS  /var/tmp//ccqDFXEw.s 			page 16


 488              		.loc 1 370 1 view .LVU171
 489 0040 7047     		bx	lr
 490              		.cfi_endproc
 491              	.LFE292:
 493              		.section	.text.HAL_RTCEx_GetTimeStamp,"ax",%progbits
 494              		.align	1
 495              		.global	HAL_RTCEx_GetTimeStamp
 496              		.syntax unified
 497              		.thumb
 498              		.thumb_func
 500              	HAL_RTCEx_GetTimeStamp:
 501              	.LVL33:
 502              	.LFB293:
 371:stm/stm32l4xx/STM32L4xx_HAL_Driver/Src/stm32l4xx_hal_rtc_ex.c **** 
 372:stm/stm32l4xx/STM32L4xx_HAL_Driver/Src/stm32l4xx_hal_rtc_ex.c **** #if defined (STM32L4P5xx) || defined (STM32L4Q5xx)
 373:stm/stm32l4xx/STM32L4xx_HAL_Driver/Src/stm32l4xx_hal_rtc_ex.c **** /**
 374:stm/stm32l4xx/STM32L4xx_HAL_Driver/Src/stm32l4xx_hal_rtc_ex.c ****   * @brief  Get the RTC TimeStamp value.
 375:stm/stm32l4xx/STM32L4xx_HAL_Driver/Src/stm32l4xx_hal_rtc_ex.c ****   * @param  hrtc RTC handle
 376:stm/stm32l4xx/STM32L4xx_HAL_Driver/Src/stm32l4xx_hal_rtc_ex.c ****   * @param  sTimeStamp Pointer to Time structure
 377:stm/stm32l4xx/STM32L4xx_HAL_Driver/Src/stm32l4xx_hal_rtc_ex.c ****   *          if BinMode = RTC_BINARY_ONLY, sTimeStamp->SubSeconds only is used
 378:stm/stm32l4xx/STM32L4xx_HAL_Driver/Src/stm32l4xx_hal_rtc_ex.c ****   * @param  sTimeStampDate Pointer to Date structure
 379:stm/stm32l4xx/STM32L4xx_HAL_Driver/Src/stm32l4xx_hal_rtc_ex.c ****   *          if BinMode = RTC_BINARY_ONLY, this parameter is not used.
 380:stm/stm32l4xx/STM32L4xx_HAL_Driver/Src/stm32l4xx_hal_rtc_ex.c ****   * @param  Format specifies the format of the entered parameters.
 381:stm/stm32l4xx/STM32L4xx_HAL_Driver/Src/stm32l4xx_hal_rtc_ex.c ****   *          if BinMode = RTC_BINARY_ONLY, this parameter is not used
 382:stm/stm32l4xx/STM32L4xx_HAL_Driver/Src/stm32l4xx_hal_rtc_ex.c ****   *          else this parameter can be one of the following values
 383:stm/stm32l4xx/STM32L4xx_HAL_Driver/Src/stm32l4xx_hal_rtc_ex.c ****   *             @arg RTC_FORMAT_BIN: Binary data format
 384:stm/stm32l4xx/STM32L4xx_HAL_Driver/Src/stm32l4xx_hal_rtc_ex.c ****   *             @arg RTC_FORMAT_BCD: BCD data format
 385:stm/stm32l4xx/STM32L4xx_HAL_Driver/Src/stm32l4xx_hal_rtc_ex.c ****   * @retval HAL status
 386:stm/stm32l4xx/STM32L4xx_HAL_Driver/Src/stm32l4xx_hal_rtc_ex.c ****   */
 387:stm/stm32l4xx/STM32L4xx_HAL_Driver/Src/stm32l4xx_hal_rtc_ex.c **** HAL_StatusTypeDef HAL_RTCEx_GetTimeStamp(RTC_HandleTypeDef *hrtc, RTC_TimeTypeDef *sTimeStamp, RTC_
 388:stm/stm32l4xx/STM32L4xx_HAL_Driver/Src/stm32l4xx_hal_rtc_ex.c **** {
 389:stm/stm32l4xx/STM32L4xx_HAL_Driver/Src/stm32l4xx_hal_rtc_ex.c ****   uint32_t tmptime, tmpdate;
 390:stm/stm32l4xx/STM32L4xx_HAL_Driver/Src/stm32l4xx_hal_rtc_ex.c ****   UNUSED(hrtc);
 391:stm/stm32l4xx/STM32L4xx_HAL_Driver/Src/stm32l4xx_hal_rtc_ex.c **** 
 392:stm/stm32l4xx/STM32L4xx_HAL_Driver/Src/stm32l4xx_hal_rtc_ex.c ****   sTimeStamp->SubSeconds = READ_REG(RTC->TSSSR);
 393:stm/stm32l4xx/STM32L4xx_HAL_Driver/Src/stm32l4xx_hal_rtc_ex.c ****   if (READ_BIT(RTC->ICSR, RTC_ICSR_BIN) != RTC_BINARY_ONLY)
 394:stm/stm32l4xx/STM32L4xx_HAL_Driver/Src/stm32l4xx_hal_rtc_ex.c ****   {
 395:stm/stm32l4xx/STM32L4xx_HAL_Driver/Src/stm32l4xx_hal_rtc_ex.c ****     /* Check the parameters */
 396:stm/stm32l4xx/STM32L4xx_HAL_Driver/Src/stm32l4xx_hal_rtc_ex.c ****     assert_param(IS_RTC_FORMAT(Format));
 397:stm/stm32l4xx/STM32L4xx_HAL_Driver/Src/stm32l4xx_hal_rtc_ex.c **** 
 398:stm/stm32l4xx/STM32L4xx_HAL_Driver/Src/stm32l4xx_hal_rtc_ex.c ****     /* Get the TimeStamp time and date registers values */
 399:stm/stm32l4xx/STM32L4xx_HAL_Driver/Src/stm32l4xx_hal_rtc_ex.c ****     tmptime = READ_BIT(RTC->TSTR, RTC_TR_RESERVED_MASK);
 400:stm/stm32l4xx/STM32L4xx_HAL_Driver/Src/stm32l4xx_hal_rtc_ex.c ****     tmpdate = READ_BIT(RTC->TSDR, RTC_DR_RESERVED_MASK);
 401:stm/stm32l4xx/STM32L4xx_HAL_Driver/Src/stm32l4xx_hal_rtc_ex.c **** 
 402:stm/stm32l4xx/STM32L4xx_HAL_Driver/Src/stm32l4xx_hal_rtc_ex.c ****     /* Fill the Time structure fields with the read parameters */
 403:stm/stm32l4xx/STM32L4xx_HAL_Driver/Src/stm32l4xx_hal_rtc_ex.c ****     sTimeStamp->Hours = (uint8_t)((tmptime & (RTC_TSTR_HT | RTC_TSTR_HU)) >> RTC_TSTR_HU_Pos);
 404:stm/stm32l4xx/STM32L4xx_HAL_Driver/Src/stm32l4xx_hal_rtc_ex.c ****     sTimeStamp->Minutes = (uint8_t)((tmptime & (RTC_TSTR_MNT | RTC_TSTR_MNU)) >> RTC_TSTR_MNU_Pos);
 405:stm/stm32l4xx/STM32L4xx_HAL_Driver/Src/stm32l4xx_hal_rtc_ex.c ****     sTimeStamp->Seconds = (uint8_t)((tmptime & (RTC_TSTR_ST | RTC_TSTR_SU)) >> RTC_TSTR_SU_Pos);
 406:stm/stm32l4xx/STM32L4xx_HAL_Driver/Src/stm32l4xx_hal_rtc_ex.c ****     sTimeStamp->TimeFormat = (uint8_t)((tmptime & (RTC_TSTR_PM)) >> RTC_TSTR_PM_Pos);
 407:stm/stm32l4xx/STM32L4xx_HAL_Driver/Src/stm32l4xx_hal_rtc_ex.c ****     sTimeStamp->SubSeconds = READ_BIT(RTC->TSSSR, RTC_TSSSR_SS);
 408:stm/stm32l4xx/STM32L4xx_HAL_Driver/Src/stm32l4xx_hal_rtc_ex.c **** 
 409:stm/stm32l4xx/STM32L4xx_HAL_Driver/Src/stm32l4xx_hal_rtc_ex.c ****     /* Fill the Date structure fields with the read parameters */
 410:stm/stm32l4xx/STM32L4xx_HAL_Driver/Src/stm32l4xx_hal_rtc_ex.c ****     sTimeStampDate->Year = 0U;
 411:stm/stm32l4xx/STM32L4xx_HAL_Driver/Src/stm32l4xx_hal_rtc_ex.c ****     sTimeStampDate->Month = (uint8_t)((tmpdate & (RTC_TSDR_MT | RTC_TSDR_MU)) >> RTC_TSDR_MU_Pos);
 412:stm/stm32l4xx/STM32L4xx_HAL_Driver/Src/stm32l4xx_hal_rtc_ex.c ****     sTimeStampDate->Date = (uint8_t)(tmpdate & (RTC_TSDR_DT | RTC_TSDR_DU));
 413:stm/stm32l4xx/STM32L4xx_HAL_Driver/Src/stm32l4xx_hal_rtc_ex.c ****     sTimeStampDate->WeekDay = (uint8_t)((tmpdate & (RTC_TSDR_WDU)) >> RTC_TSDR_WDU_Pos);
 414:stm/stm32l4xx/STM32L4xx_HAL_Driver/Src/stm32l4xx_hal_rtc_ex.c **** 
ARM GAS  /var/tmp//ccqDFXEw.s 			page 17


 415:stm/stm32l4xx/STM32L4xx_HAL_Driver/Src/stm32l4xx_hal_rtc_ex.c ****     /* Check the input parameters format */
 416:stm/stm32l4xx/STM32L4xx_HAL_Driver/Src/stm32l4xx_hal_rtc_ex.c ****     if (Format == RTC_FORMAT_BIN)
 417:stm/stm32l4xx/STM32L4xx_HAL_Driver/Src/stm32l4xx_hal_rtc_ex.c ****     {
 418:stm/stm32l4xx/STM32L4xx_HAL_Driver/Src/stm32l4xx_hal_rtc_ex.c ****       /* Convert the TimeStamp structure parameters to Binary format */
 419:stm/stm32l4xx/STM32L4xx_HAL_Driver/Src/stm32l4xx_hal_rtc_ex.c ****       sTimeStamp->Hours = (uint8_t)RTC_Bcd2ToByte(sTimeStamp->Hours);
 420:stm/stm32l4xx/STM32L4xx_HAL_Driver/Src/stm32l4xx_hal_rtc_ex.c ****       sTimeStamp->Minutes = (uint8_t)RTC_Bcd2ToByte(sTimeStamp->Minutes);
 421:stm/stm32l4xx/STM32L4xx_HAL_Driver/Src/stm32l4xx_hal_rtc_ex.c ****       sTimeStamp->Seconds = (uint8_t)RTC_Bcd2ToByte(sTimeStamp->Seconds);
 422:stm/stm32l4xx/STM32L4xx_HAL_Driver/Src/stm32l4xx_hal_rtc_ex.c **** 
 423:stm/stm32l4xx/STM32L4xx_HAL_Driver/Src/stm32l4xx_hal_rtc_ex.c ****       /* Convert the DateTimeStamp structure parameters to Binary format */
 424:stm/stm32l4xx/STM32L4xx_HAL_Driver/Src/stm32l4xx_hal_rtc_ex.c ****       sTimeStampDate->Month = (uint8_t)RTC_Bcd2ToByte(sTimeStampDate->Month);
 425:stm/stm32l4xx/STM32L4xx_HAL_Driver/Src/stm32l4xx_hal_rtc_ex.c ****       sTimeStampDate->Date = (uint8_t)RTC_Bcd2ToByte(sTimeStampDate->Date);
 426:stm/stm32l4xx/STM32L4xx_HAL_Driver/Src/stm32l4xx_hal_rtc_ex.c ****       sTimeStampDate->WeekDay = (uint8_t)RTC_Bcd2ToByte(sTimeStampDate->WeekDay);
 427:stm/stm32l4xx/STM32L4xx_HAL_Driver/Src/stm32l4xx_hal_rtc_ex.c ****     }
 428:stm/stm32l4xx/STM32L4xx_HAL_Driver/Src/stm32l4xx_hal_rtc_ex.c ****   }
 429:stm/stm32l4xx/STM32L4xx_HAL_Driver/Src/stm32l4xx_hal_rtc_ex.c **** 
 430:stm/stm32l4xx/STM32L4xx_HAL_Driver/Src/stm32l4xx_hal_rtc_ex.c ****   /* Clear the TIMESTAMP Flags */
 431:stm/stm32l4xx/STM32L4xx_HAL_Driver/Src/stm32l4xx_hal_rtc_ex.c ****   WRITE_REG(RTC->SCR, (RTC_SCR_CITSF | RTC_SCR_CTSF));
 432:stm/stm32l4xx/STM32L4xx_HAL_Driver/Src/stm32l4xx_hal_rtc_ex.c **** 
 433:stm/stm32l4xx/STM32L4xx_HAL_Driver/Src/stm32l4xx_hal_rtc_ex.c ****   return HAL_OK;
 434:stm/stm32l4xx/STM32L4xx_HAL_Driver/Src/stm32l4xx_hal_rtc_ex.c **** }
 435:stm/stm32l4xx/STM32L4xx_HAL_Driver/Src/stm32l4xx_hal_rtc_ex.c **** #else /* #if defined (STM32L4P5xx) || defined (STM32L4Q5xx) */
 436:stm/stm32l4xx/STM32L4xx_HAL_Driver/Src/stm32l4xx_hal_rtc_ex.c **** 
 437:stm/stm32l4xx/STM32L4xx_HAL_Driver/Src/stm32l4xx_hal_rtc_ex.c **** /**
 438:stm/stm32l4xx/STM32L4xx_HAL_Driver/Src/stm32l4xx_hal_rtc_ex.c ****   * @brief  Get the RTC TimeStamp value.
 439:stm/stm32l4xx/STM32L4xx_HAL_Driver/Src/stm32l4xx_hal_rtc_ex.c ****   * @param  hrtc RTC handle
 440:stm/stm32l4xx/STM32L4xx_HAL_Driver/Src/stm32l4xx_hal_rtc_ex.c ****   * @param  sTimeStamp Pointer to Time structure
 441:stm/stm32l4xx/STM32L4xx_HAL_Driver/Src/stm32l4xx_hal_rtc_ex.c ****   * @param  sTimeStampDate Pointer to Date structure
 442:stm/stm32l4xx/STM32L4xx_HAL_Driver/Src/stm32l4xx_hal_rtc_ex.c ****   * @param  Format specifies the format of the entered parameters.
 443:stm/stm32l4xx/STM32L4xx_HAL_Driver/Src/stm32l4xx_hal_rtc_ex.c ****   *          This parameter can be one of the following values:
 444:stm/stm32l4xx/STM32L4xx_HAL_Driver/Src/stm32l4xx_hal_rtc_ex.c ****   *             @arg RTC_FORMAT_BIN: Binary data format
 445:stm/stm32l4xx/STM32L4xx_HAL_Driver/Src/stm32l4xx_hal_rtc_ex.c ****   *             @arg RTC_FORMAT_BCD: BCD data format
 446:stm/stm32l4xx/STM32L4xx_HAL_Driver/Src/stm32l4xx_hal_rtc_ex.c ****   * @retval HAL status
 447:stm/stm32l4xx/STM32L4xx_HAL_Driver/Src/stm32l4xx_hal_rtc_ex.c ****   */
 448:stm/stm32l4xx/STM32L4xx_HAL_Driver/Src/stm32l4xx_hal_rtc_ex.c **** HAL_StatusTypeDef HAL_RTCEx_GetTimeStamp(RTC_HandleTypeDef *hrtc, RTC_TimeTypeDef *sTimeStamp, RTC_
 449:stm/stm32l4xx/STM32L4xx_HAL_Driver/Src/stm32l4xx_hal_rtc_ex.c **** {
 503              		.loc 1 449 1 is_stmt 1 view -0
 504              		.cfi_startproc
 505              		@ args = 0, pretend = 0, frame = 0
 506              		@ frame_needed = 0, uses_anonymous_args = 0
 507              		.loc 1 449 1 is_stmt 0 view .LVU173
 508 0000 70B5     		push	{r4, r5, r6, lr}
 509              	.LCFI4:
 510              		.cfi_def_cfa_offset 16
 511              		.cfi_offset 4, -16
 512              		.cfi_offset 5, -12
 513              		.cfi_offset 6, -8
 514              		.cfi_offset 14, -4
 515 0002 0646     		mov	r6, r0
 516 0004 0C46     		mov	r4, r1
 517 0006 1546     		mov	r5, r2
 450:stm/stm32l4xx/STM32L4xx_HAL_Driver/Src/stm32l4xx_hal_rtc_ex.c ****   uint32_t tmptime, tmpdate;
 518              		.loc 1 450 3 is_stmt 1 view .LVU174
 451:stm/stm32l4xx/STM32L4xx_HAL_Driver/Src/stm32l4xx_hal_rtc_ex.c **** 
 452:stm/stm32l4xx/STM32L4xx_HAL_Driver/Src/stm32l4xx_hal_rtc_ex.c ****   /* Check the parameters */
 453:stm/stm32l4xx/STM32L4xx_HAL_Driver/Src/stm32l4xx_hal_rtc_ex.c ****   assert_param(IS_RTC_FORMAT(Format));
 519              		.loc 1 453 3 view .LVU175
 454:stm/stm32l4xx/STM32L4xx_HAL_Driver/Src/stm32l4xx_hal_rtc_ex.c **** 
ARM GAS  /var/tmp//ccqDFXEw.s 			page 18


 455:stm/stm32l4xx/STM32L4xx_HAL_Driver/Src/stm32l4xx_hal_rtc_ex.c ****   /* Get the TimeStamp time and date registers values */
 456:stm/stm32l4xx/STM32L4xx_HAL_Driver/Src/stm32l4xx_hal_rtc_ex.c ****   tmptime = (uint32_t)(hrtc->Instance->TSTR & RTC_TR_RESERVED_MASK);
 520              		.loc 1 456 3 view .LVU176
 521              		.loc 1 456 28 is_stmt 0 view .LVU177
 522 0008 0168     		ldr	r1, [r0]
 523              	.LVL34:
 524              		.loc 1 456 38 view .LVU178
 525 000a 0A6B     		ldr	r2, [r1, #48]
 526              	.LVL35:
 457:stm/stm32l4xx/STM32L4xx_HAL_Driver/Src/stm32l4xx_hal_rtc_ex.c ****   tmpdate = (uint32_t)(hrtc->Instance->TSDR & RTC_DR_RESERVED_MASK);
 527              		.loc 1 457 3 is_stmt 1 view .LVU179
 528              		.loc 1 457 38 is_stmt 0 view .LVU180
 529 000c 496B     		ldr	r1, [r1, #52]
 530              	.LVL36:
 458:stm/stm32l4xx/STM32L4xx_HAL_Driver/Src/stm32l4xx_hal_rtc_ex.c **** 
 459:stm/stm32l4xx/STM32L4xx_HAL_Driver/Src/stm32l4xx_hal_rtc_ex.c ****   /* Fill the Time structure fields with the read parameters */
 460:stm/stm32l4xx/STM32L4xx_HAL_Driver/Src/stm32l4xx_hal_rtc_ex.c ****   sTimeStamp->Hours = (uint8_t)((tmptime & (RTC_TSTR_HT | RTC_TSTR_HU)) >> RTC_TSTR_HU_Pos);
 531              		.loc 1 460 3 is_stmt 1 view .LVU181
 532              		.loc 1 460 23 is_stmt 0 view .LVU182
 533 000e C2F30540 		ubfx	r0, r2, #16, #6
 534              	.LVL37:
 535              		.loc 1 460 21 view .LVU183
 536 0012 2070     		strb	r0, [r4]
 461:stm/stm32l4xx/STM32L4xx_HAL_Driver/Src/stm32l4xx_hal_rtc_ex.c ****   sTimeStamp->Minutes = (uint8_t)((tmptime & (RTC_TSTR_MNT | RTC_TSTR_MNU)) >> RTC_TSTR_MNU_Pos);
 537              		.loc 1 461 3 is_stmt 1 view .LVU184
 538              		.loc 1 461 25 is_stmt 0 view .LVU185
 539 0014 C2F30620 		ubfx	r0, r2, #8, #7
 540              		.loc 1 461 23 view .LVU186
 541 0018 6070     		strb	r0, [r4, #1]
 462:stm/stm32l4xx/STM32L4xx_HAL_Driver/Src/stm32l4xx_hal_rtc_ex.c ****   sTimeStamp->Seconds = (uint8_t)((tmptime & (RTC_TSTR_ST | RTC_TSTR_SU)) >> RTC_TSTR_SU_Pos);
 542              		.loc 1 462 3 is_stmt 1 view .LVU187
 543              		.loc 1 462 25 is_stmt 0 view .LVU188
 544 001a 02F07F00 		and	r0, r2, #127
 545              		.loc 1 462 23 view .LVU189
 546 001e A070     		strb	r0, [r4, #2]
 463:stm/stm32l4xx/STM32L4xx_HAL_Driver/Src/stm32l4xx_hal_rtc_ex.c ****   sTimeStamp->TimeFormat = (uint8_t)((tmptime & (RTC_TSTR_PM)) >> RTC_TSTR_PM_Pos);
 547              		.loc 1 463 3 is_stmt 1 view .LVU190
 548              		.loc 1 463 28 is_stmt 0 view .LVU191
 549 0020 C2F38052 		ubfx	r2, r2, #22, #1
 550              	.LVL38:
 551              		.loc 1 463 26 view .LVU192
 552 0024 E270     		strb	r2, [r4, #3]
 464:stm/stm32l4xx/STM32L4xx_HAL_Driver/Src/stm32l4xx_hal_rtc_ex.c ****   sTimeStamp->SubSeconds = (uint32_t) hrtc->Instance->TSSSR;
 553              		.loc 1 464 3 is_stmt 1 view .LVU193
 554              		.loc 1 464 43 is_stmt 0 view .LVU194
 555 0026 3268     		ldr	r2, [r6]
 556              		.loc 1 464 53 view .LVU195
 557 0028 926B     		ldr	r2, [r2, #56]
 558              		.loc 1 464 26 view .LVU196
 559 002a 6260     		str	r2, [r4, #4]
 465:stm/stm32l4xx/STM32L4xx_HAL_Driver/Src/stm32l4xx_hal_rtc_ex.c **** 
 466:stm/stm32l4xx/STM32L4xx_HAL_Driver/Src/stm32l4xx_hal_rtc_ex.c ****   /* Fill the Date structure fields with the read parameters */
 467:stm/stm32l4xx/STM32L4xx_HAL_Driver/Src/stm32l4xx_hal_rtc_ex.c ****   sTimeStampDate->Year = 0U;
 560              		.loc 1 467 3 is_stmt 1 view .LVU197
 561              		.loc 1 467 24 is_stmt 0 view .LVU198
 562 002c 0022     		movs	r2, #0
 563 002e EA70     		strb	r2, [r5, #3]
ARM GAS  /var/tmp//ccqDFXEw.s 			page 19


 468:stm/stm32l4xx/STM32L4xx_HAL_Driver/Src/stm32l4xx_hal_rtc_ex.c ****   sTimeStampDate->Month = (uint8_t)((tmpdate & (RTC_TSDR_MT | RTC_TSDR_MU)) >> RTC_TSDR_MU_Pos);
 564              		.loc 1 468 3 is_stmt 1 view .LVU199
 565              		.loc 1 468 27 is_stmt 0 view .LVU200
 566 0030 C1F30422 		ubfx	r2, r1, #8, #5
 567              		.loc 1 468 25 view .LVU201
 568 0034 6A70     		strb	r2, [r5, #1]
 469:stm/stm32l4xx/STM32L4xx_HAL_Driver/Src/stm32l4xx_hal_rtc_ex.c ****   sTimeStampDate->Date = (uint8_t)((tmpdate & (RTC_TSDR_DT | RTC_TSDR_DU)) >> RTC_TSDR_DU_Pos);
 569              		.loc 1 469 3 is_stmt 1 view .LVU202
 570              		.loc 1 469 26 is_stmt 0 view .LVU203
 571 0036 01F03F02 		and	r2, r1, #63
 572              		.loc 1 469 24 view .LVU204
 573 003a AA70     		strb	r2, [r5, #2]
 470:stm/stm32l4xx/STM32L4xx_HAL_Driver/Src/stm32l4xx_hal_rtc_ex.c ****   sTimeStampDate->WeekDay = (uint8_t)((tmpdate & (RTC_TSDR_WDU)) >> RTC_TSDR_WDU_Pos);
 574              		.loc 1 470 3 is_stmt 1 view .LVU205
 575              		.loc 1 470 29 is_stmt 0 view .LVU206
 576 003c C1F34231 		ubfx	r1, r1, #13, #3
 577              	.LVL39:
 578              		.loc 1 470 27 view .LVU207
 579 0040 2970     		strb	r1, [r5]
 471:stm/stm32l4xx/STM32L4xx_HAL_Driver/Src/stm32l4xx_hal_rtc_ex.c **** 
 472:stm/stm32l4xx/STM32L4xx_HAL_Driver/Src/stm32l4xx_hal_rtc_ex.c ****   /* Check the input parameters format */
 473:stm/stm32l4xx/STM32L4xx_HAL_Driver/Src/stm32l4xx_hal_rtc_ex.c ****   if (Format == RTC_FORMAT_BIN)
 580              		.loc 1 473 3 is_stmt 1 view .LVU208
 581              		.loc 1 473 6 is_stmt 0 view .LVU209
 582 0042 6BB1     		cbz	r3, .L29
 583              	.LVL40:
 584              	.L27:
 474:stm/stm32l4xx/STM32L4xx_HAL_Driver/Src/stm32l4xx_hal_rtc_ex.c ****   {
 475:stm/stm32l4xx/STM32L4xx_HAL_Driver/Src/stm32l4xx_hal_rtc_ex.c ****     /* Convert the TimeStamp structure parameters to Binary format */
 476:stm/stm32l4xx/STM32L4xx_HAL_Driver/Src/stm32l4xx_hal_rtc_ex.c ****     sTimeStamp->Hours = (uint8_t)RTC_Bcd2ToByte(sTimeStamp->Hours);
 477:stm/stm32l4xx/STM32L4xx_HAL_Driver/Src/stm32l4xx_hal_rtc_ex.c ****     sTimeStamp->Minutes = (uint8_t)RTC_Bcd2ToByte(sTimeStamp->Minutes);
 478:stm/stm32l4xx/STM32L4xx_HAL_Driver/Src/stm32l4xx_hal_rtc_ex.c ****     sTimeStamp->Seconds = (uint8_t)RTC_Bcd2ToByte(sTimeStamp->Seconds);
 479:stm/stm32l4xx/STM32L4xx_HAL_Driver/Src/stm32l4xx_hal_rtc_ex.c **** 
 480:stm/stm32l4xx/STM32L4xx_HAL_Driver/Src/stm32l4xx_hal_rtc_ex.c ****     /* Convert the DateTimeStamp structure parameters to Binary format */
 481:stm/stm32l4xx/STM32L4xx_HAL_Driver/Src/stm32l4xx_hal_rtc_ex.c ****     sTimeStampDate->Month = (uint8_t)RTC_Bcd2ToByte(sTimeStampDate->Month);
 482:stm/stm32l4xx/STM32L4xx_HAL_Driver/Src/stm32l4xx_hal_rtc_ex.c ****     sTimeStampDate->Date = (uint8_t)RTC_Bcd2ToByte(sTimeStampDate->Date);
 483:stm/stm32l4xx/STM32L4xx_HAL_Driver/Src/stm32l4xx_hal_rtc_ex.c ****     sTimeStampDate->WeekDay = (uint8_t)RTC_Bcd2ToByte(sTimeStampDate->WeekDay);
 484:stm/stm32l4xx/STM32L4xx_HAL_Driver/Src/stm32l4xx_hal_rtc_ex.c ****   }
 485:stm/stm32l4xx/STM32L4xx_HAL_Driver/Src/stm32l4xx_hal_rtc_ex.c **** 
 486:stm/stm32l4xx/STM32L4xx_HAL_Driver/Src/stm32l4xx_hal_rtc_ex.c ****   /* Clear the TIMESTAMP Flags */
 487:stm/stm32l4xx/STM32L4xx_HAL_Driver/Src/stm32l4xx_hal_rtc_ex.c ****   __HAL_RTC_INTERNAL_TIMESTAMP_CLEAR_FLAG(hrtc, RTC_FLAG_ITSF);
 585              		.loc 1 487 3 is_stmt 1 view .LVU210
 586 0044 3168     		ldr	r1, [r6]
 587 0046 CA68     		ldr	r2, [r1, #12]
 588 0048 D2B2     		uxtb	r2, r2
 589 004a 124B     		ldr	r3, .L30
 590 004c 1343     		orrs	r3, r3, r2
 591 004e CB60     		str	r3, [r1, #12]
 488:stm/stm32l4xx/STM32L4xx_HAL_Driver/Src/stm32l4xx_hal_rtc_ex.c ****   __HAL_RTC_TIMESTAMP_CLEAR_FLAG(hrtc, RTC_FLAG_TSF);
 592              		.loc 1 488 3 view .LVU211
 593 0050 3268     		ldr	r2, [r6]
 594 0052 D368     		ldr	r3, [r2, #12]
 595 0054 DBB2     		uxtb	r3, r3
 596 0056 63F40863 		orn	r3, r3, #2176
 597 005a D360     		str	r3, [r2, #12]
 489:stm/stm32l4xx/STM32L4xx_HAL_Driver/Src/stm32l4xx_hal_rtc_ex.c **** 
 490:stm/stm32l4xx/STM32L4xx_HAL_Driver/Src/stm32l4xx_hal_rtc_ex.c ****   return HAL_OK;
ARM GAS  /var/tmp//ccqDFXEw.s 			page 20


 598              		.loc 1 490 3 view .LVU212
 491:stm/stm32l4xx/STM32L4xx_HAL_Driver/Src/stm32l4xx_hal_rtc_ex.c **** }
 599              		.loc 1 491 1 is_stmt 0 view .LVU213
 600 005c 0020     		movs	r0, #0
 601 005e 70BD     		pop	{r4, r5, r6, pc}
 602              	.LVL41:
 603              	.L29:
 476:stm/stm32l4xx/STM32L4xx_HAL_Driver/Src/stm32l4xx_hal_rtc_ex.c ****     sTimeStamp->Minutes = (uint8_t)RTC_Bcd2ToByte(sTimeStamp->Minutes);
 604              		.loc 1 476 5 is_stmt 1 view .LVU214
 476:stm/stm32l4xx/STM32L4xx_HAL_Driver/Src/stm32l4xx_hal_rtc_ex.c ****     sTimeStamp->Minutes = (uint8_t)RTC_Bcd2ToByte(sTimeStamp->Minutes);
 605              		.loc 1 476 34 is_stmt 0 view .LVU215
 606 0060 2078     		ldrb	r0, [r4]	@ zero_extendqisi2
 607 0062 FFF7FEFF 		bl	RTC_Bcd2ToByte
 608              	.LVL42:
 476:stm/stm32l4xx/STM32L4xx_HAL_Driver/Src/stm32l4xx_hal_rtc_ex.c ****     sTimeStamp->Minutes = (uint8_t)RTC_Bcd2ToByte(sTimeStamp->Minutes);
 609              		.loc 1 476 23 view .LVU216
 610 0066 2070     		strb	r0, [r4]
 477:stm/stm32l4xx/STM32L4xx_HAL_Driver/Src/stm32l4xx_hal_rtc_ex.c ****     sTimeStamp->Seconds = (uint8_t)RTC_Bcd2ToByte(sTimeStamp->Seconds);
 611              		.loc 1 477 5 is_stmt 1 view .LVU217
 477:stm/stm32l4xx/STM32L4xx_HAL_Driver/Src/stm32l4xx_hal_rtc_ex.c ****     sTimeStamp->Seconds = (uint8_t)RTC_Bcd2ToByte(sTimeStamp->Seconds);
 612              		.loc 1 477 36 is_stmt 0 view .LVU218
 613 0068 6078     		ldrb	r0, [r4, #1]	@ zero_extendqisi2
 614 006a FFF7FEFF 		bl	RTC_Bcd2ToByte
 615              	.LVL43:
 477:stm/stm32l4xx/STM32L4xx_HAL_Driver/Src/stm32l4xx_hal_rtc_ex.c ****     sTimeStamp->Seconds = (uint8_t)RTC_Bcd2ToByte(sTimeStamp->Seconds);
 616              		.loc 1 477 25 view .LVU219
 617 006e 6070     		strb	r0, [r4, #1]
 478:stm/stm32l4xx/STM32L4xx_HAL_Driver/Src/stm32l4xx_hal_rtc_ex.c **** 
 618              		.loc 1 478 5 is_stmt 1 view .LVU220
 478:stm/stm32l4xx/STM32L4xx_HAL_Driver/Src/stm32l4xx_hal_rtc_ex.c **** 
 619              		.loc 1 478 36 is_stmt 0 view .LVU221
 620 0070 A078     		ldrb	r0, [r4, #2]	@ zero_extendqisi2
 621 0072 FFF7FEFF 		bl	RTC_Bcd2ToByte
 622              	.LVL44:
 478:stm/stm32l4xx/STM32L4xx_HAL_Driver/Src/stm32l4xx_hal_rtc_ex.c **** 
 623              		.loc 1 478 25 view .LVU222
 624 0076 A070     		strb	r0, [r4, #2]
 481:stm/stm32l4xx/STM32L4xx_HAL_Driver/Src/stm32l4xx_hal_rtc_ex.c ****     sTimeStampDate->Date = (uint8_t)RTC_Bcd2ToByte(sTimeStampDate->Date);
 625              		.loc 1 481 5 is_stmt 1 view .LVU223
 481:stm/stm32l4xx/STM32L4xx_HAL_Driver/Src/stm32l4xx_hal_rtc_ex.c ****     sTimeStampDate->Date = (uint8_t)RTC_Bcd2ToByte(sTimeStampDate->Date);
 626              		.loc 1 481 38 is_stmt 0 view .LVU224
 627 0078 6878     		ldrb	r0, [r5, #1]	@ zero_extendqisi2
 628 007a FFF7FEFF 		bl	RTC_Bcd2ToByte
 629              	.LVL45:
 481:stm/stm32l4xx/STM32L4xx_HAL_Driver/Src/stm32l4xx_hal_rtc_ex.c ****     sTimeStampDate->Date = (uint8_t)RTC_Bcd2ToByte(sTimeStampDate->Date);
 630              		.loc 1 481 27 view .LVU225
 631 007e 6870     		strb	r0, [r5, #1]
 482:stm/stm32l4xx/STM32L4xx_HAL_Driver/Src/stm32l4xx_hal_rtc_ex.c ****     sTimeStampDate->WeekDay = (uint8_t)RTC_Bcd2ToByte(sTimeStampDate->WeekDay);
 632              		.loc 1 482 5 is_stmt 1 view .LVU226
 482:stm/stm32l4xx/STM32L4xx_HAL_Driver/Src/stm32l4xx_hal_rtc_ex.c ****     sTimeStampDate->WeekDay = (uint8_t)RTC_Bcd2ToByte(sTimeStampDate->WeekDay);
 633              		.loc 1 482 37 is_stmt 0 view .LVU227
 634 0080 A878     		ldrb	r0, [r5, #2]	@ zero_extendqisi2
 635 0082 FFF7FEFF 		bl	RTC_Bcd2ToByte
 636              	.LVL46:
 482:stm/stm32l4xx/STM32L4xx_HAL_Driver/Src/stm32l4xx_hal_rtc_ex.c ****     sTimeStampDate->WeekDay = (uint8_t)RTC_Bcd2ToByte(sTimeStampDate->WeekDay);
 637              		.loc 1 482 26 view .LVU228
 638 0086 A870     		strb	r0, [r5, #2]
ARM GAS  /var/tmp//ccqDFXEw.s 			page 21


 483:stm/stm32l4xx/STM32L4xx_HAL_Driver/Src/stm32l4xx_hal_rtc_ex.c ****   }
 639              		.loc 1 483 5 is_stmt 1 view .LVU229
 483:stm/stm32l4xx/STM32L4xx_HAL_Driver/Src/stm32l4xx_hal_rtc_ex.c ****   }
 640              		.loc 1 483 40 is_stmt 0 view .LVU230
 641 0088 2878     		ldrb	r0, [r5]	@ zero_extendqisi2
 642 008a FFF7FEFF 		bl	RTC_Bcd2ToByte
 643              	.LVL47:
 483:stm/stm32l4xx/STM32L4xx_HAL_Driver/Src/stm32l4xx_hal_rtc_ex.c ****   }
 644              		.loc 1 483 29 view .LVU231
 645 008e 2870     		strb	r0, [r5]
 646 0090 D8E7     		b	.L27
 647              	.L31:
 648 0092 00BF     		.align	2
 649              	.L30:
 650 0094 7FFFFDFF 		.word	-131201
 651              		.cfi_endproc
 652              	.LFE293:
 654              		.section	.text.HAL_RTCEx_TimeStampEventCallback,"ax",%progbits
 655              		.align	1
 656              		.weak	HAL_RTCEx_TimeStampEventCallback
 657              		.syntax unified
 658              		.thumb
 659              		.thumb_func
 661              	HAL_RTCEx_TimeStampEventCallback:
 662              	.LVL48:
 663              	.LFB295:
 492:stm/stm32l4xx/STM32L4xx_HAL_Driver/Src/stm32l4xx_hal_rtc_ex.c **** #endif /* #if defined (STM32L4P5xx) || defined (STM32L4Q5xx) */
 493:stm/stm32l4xx/STM32L4xx_HAL_Driver/Src/stm32l4xx_hal_rtc_ex.c **** 
 494:stm/stm32l4xx/STM32L4xx_HAL_Driver/Src/stm32l4xx_hal_rtc_ex.c **** /**
 495:stm/stm32l4xx/STM32L4xx_HAL_Driver/Src/stm32l4xx_hal_rtc_ex.c ****   * @brief  Handle TimeStamp interrupt request.
 496:stm/stm32l4xx/STM32L4xx_HAL_Driver/Src/stm32l4xx_hal_rtc_ex.c ****   * @param  hrtc RTC handle
 497:stm/stm32l4xx/STM32L4xx_HAL_Driver/Src/stm32l4xx_hal_rtc_ex.c ****   * @retval None
 498:stm/stm32l4xx/STM32L4xx_HAL_Driver/Src/stm32l4xx_hal_rtc_ex.c ****   */
 499:stm/stm32l4xx/STM32L4xx_HAL_Driver/Src/stm32l4xx_hal_rtc_ex.c **** #if defined(STM32L412xx) || defined(STM32L422xx) || defined (STM32L4P5xx) || defined (STM32L4Q5xx)
 500:stm/stm32l4xx/STM32L4xx_HAL_Driver/Src/stm32l4xx_hal_rtc_ex.c **** 
 501:stm/stm32l4xx/STM32L4xx_HAL_Driver/Src/stm32l4xx_hal_rtc_ex.c **** void HAL_RTCEx_TamperTimeStampIRQHandler(RTC_HandleTypeDef *hrtc)
 502:stm/stm32l4xx/STM32L4xx_HAL_Driver/Src/stm32l4xx_hal_rtc_ex.c **** {
 503:stm/stm32l4xx/STM32L4xx_HAL_Driver/Src/stm32l4xx_hal_rtc_ex.c **** 
 504:stm/stm32l4xx/STM32L4xx_HAL_Driver/Src/stm32l4xx_hal_rtc_ex.c ****   /* Process TAMP instance pointer */
 505:stm/stm32l4xx/STM32L4xx_HAL_Driver/Src/stm32l4xx_hal_rtc_ex.c ****   TAMP_TypeDef *tamp = (TAMP_TypeDef *)((uint32_t)hrtc->Instance + hrtc->TampOffset);
 506:stm/stm32l4xx/STM32L4xx_HAL_Driver/Src/stm32l4xx_hal_rtc_ex.c **** 
 507:stm/stm32l4xx/STM32L4xx_HAL_Driver/Src/stm32l4xx_hal_rtc_ex.c ****   /* Clear the EXTI's Flag for RTC TimeStamp and Tamper */
 508:stm/stm32l4xx/STM32L4xx_HAL_Driver/Src/stm32l4xx_hal_rtc_ex.c ****   __HAL_RTC_TAMPER_TIMESTAMP_EXTI_CLEAR_FLAG();
 509:stm/stm32l4xx/STM32L4xx_HAL_Driver/Src/stm32l4xx_hal_rtc_ex.c **** 
 510:stm/stm32l4xx/STM32L4xx_HAL_Driver/Src/stm32l4xx_hal_rtc_ex.c ****   if ((hrtc->Instance->MISR & RTC_MISR_TSMF) != 0u)
 511:stm/stm32l4xx/STM32L4xx_HAL_Driver/Src/stm32l4xx_hal_rtc_ex.c ****   {
 512:stm/stm32l4xx/STM32L4xx_HAL_Driver/Src/stm32l4xx_hal_rtc_ex.c **** #if (USE_HAL_RTC_REGISTER_CALLBACKS == 1)
 513:stm/stm32l4xx/STM32L4xx_HAL_Driver/Src/stm32l4xx_hal_rtc_ex.c ****     /* Call TimeStampEvent registered Callback */
 514:stm/stm32l4xx/STM32L4xx_HAL_Driver/Src/stm32l4xx_hal_rtc_ex.c ****     hrtc->TimeStampEventCallback(hrtc);
 515:stm/stm32l4xx/STM32L4xx_HAL_Driver/Src/stm32l4xx_hal_rtc_ex.c **** #else
 516:stm/stm32l4xx/STM32L4xx_HAL_Driver/Src/stm32l4xx_hal_rtc_ex.c ****     HAL_RTCEx_TimeStampEventCallback(hrtc);
 517:stm/stm32l4xx/STM32L4xx_HAL_Driver/Src/stm32l4xx_hal_rtc_ex.c **** #endif
 518:stm/stm32l4xx/STM32L4xx_HAL_Driver/Src/stm32l4xx_hal_rtc_ex.c ****     /* Not immediately clear flags because the content of RTC_TSTR and RTC_TSDR arecleared when TSF
 519:stm/stm32l4xx/STM32L4xx_HAL_Driver/Src/stm32l4xx_hal_rtc_ex.c ****     hrtc->Instance->SCR = RTC_SCR_CTSF;
 520:stm/stm32l4xx/STM32L4xx_HAL_Driver/Src/stm32l4xx_hal_rtc_ex.c ****   }
 521:stm/stm32l4xx/STM32L4xx_HAL_Driver/Src/stm32l4xx_hal_rtc_ex.c **** 
 522:stm/stm32l4xx/STM32L4xx_HAL_Driver/Src/stm32l4xx_hal_rtc_ex.c ****   /* Get interrupt status */
ARM GAS  /var/tmp//ccqDFXEw.s 			page 22


 523:stm/stm32l4xx/STM32L4xx_HAL_Driver/Src/stm32l4xx_hal_rtc_ex.c ****   uint32_t tmp = tamp->MISR;
 524:stm/stm32l4xx/STM32L4xx_HAL_Driver/Src/stm32l4xx_hal_rtc_ex.c **** 
 525:stm/stm32l4xx/STM32L4xx_HAL_Driver/Src/stm32l4xx_hal_rtc_ex.c ****   /* Immediately clear flags */
 526:stm/stm32l4xx/STM32L4xx_HAL_Driver/Src/stm32l4xx_hal_rtc_ex.c ****   tamp->SCR = tmp;
 527:stm/stm32l4xx/STM32L4xx_HAL_Driver/Src/stm32l4xx_hal_rtc_ex.c **** 
 528:stm/stm32l4xx/STM32L4xx_HAL_Driver/Src/stm32l4xx_hal_rtc_ex.c **** #if defined(RTC_TAMPER1_SUPPORT)
 529:stm/stm32l4xx/STM32L4xx_HAL_Driver/Src/stm32l4xx_hal_rtc_ex.c ****   /* Check Tamper1 status */
 530:stm/stm32l4xx/STM32L4xx_HAL_Driver/Src/stm32l4xx_hal_rtc_ex.c ****   if ((tmp & RTC_TAMPER_1) == RTC_TAMPER_1)
 531:stm/stm32l4xx/STM32L4xx_HAL_Driver/Src/stm32l4xx_hal_rtc_ex.c ****   {
 532:stm/stm32l4xx/STM32L4xx_HAL_Driver/Src/stm32l4xx_hal_rtc_ex.c **** #if (USE_HAL_RTC_REGISTER_CALLBACKS == 1)
 533:stm/stm32l4xx/STM32L4xx_HAL_Driver/Src/stm32l4xx_hal_rtc_ex.c ****     /* Call Tamper 1 Event registered Callback */
 534:stm/stm32l4xx/STM32L4xx_HAL_Driver/Src/stm32l4xx_hal_rtc_ex.c ****     hrtc->Tamper1EventCallback(hrtc);
 535:stm/stm32l4xx/STM32L4xx_HAL_Driver/Src/stm32l4xx_hal_rtc_ex.c **** #else
 536:stm/stm32l4xx/STM32L4xx_HAL_Driver/Src/stm32l4xx_hal_rtc_ex.c ****     /* Tamper1 callback */
 537:stm/stm32l4xx/STM32L4xx_HAL_Driver/Src/stm32l4xx_hal_rtc_ex.c ****     HAL_RTCEx_Tamper1EventCallback(hrtc);
 538:stm/stm32l4xx/STM32L4xx_HAL_Driver/Src/stm32l4xx_hal_rtc_ex.c **** #endif
 539:stm/stm32l4xx/STM32L4xx_HAL_Driver/Src/stm32l4xx_hal_rtc_ex.c ****   }
 540:stm/stm32l4xx/STM32L4xx_HAL_Driver/Src/stm32l4xx_hal_rtc_ex.c **** #endif /* RTC_TAMPER1_SUPPORT */
 541:stm/stm32l4xx/STM32L4xx_HAL_Driver/Src/stm32l4xx_hal_rtc_ex.c **** 
 542:stm/stm32l4xx/STM32L4xx_HAL_Driver/Src/stm32l4xx_hal_rtc_ex.c ****   /* Check Tamper2 status */
 543:stm/stm32l4xx/STM32L4xx_HAL_Driver/Src/stm32l4xx_hal_rtc_ex.c ****   if ((tmp & RTC_TAMPER_2) == RTC_TAMPER_2)
 544:stm/stm32l4xx/STM32L4xx_HAL_Driver/Src/stm32l4xx_hal_rtc_ex.c ****   {
 545:stm/stm32l4xx/STM32L4xx_HAL_Driver/Src/stm32l4xx_hal_rtc_ex.c **** #if (USE_HAL_RTC_REGISTER_CALLBACKS == 1)
 546:stm/stm32l4xx/STM32L4xx_HAL_Driver/Src/stm32l4xx_hal_rtc_ex.c ****     /* Call Tamper 2 Event registered Callback */
 547:stm/stm32l4xx/STM32L4xx_HAL_Driver/Src/stm32l4xx_hal_rtc_ex.c ****     hrtc->Tamper2EventCallback(hrtc);
 548:stm/stm32l4xx/STM32L4xx_HAL_Driver/Src/stm32l4xx_hal_rtc_ex.c **** #else
 549:stm/stm32l4xx/STM32L4xx_HAL_Driver/Src/stm32l4xx_hal_rtc_ex.c ****     /* Tamper2 callback */
 550:stm/stm32l4xx/STM32L4xx_HAL_Driver/Src/stm32l4xx_hal_rtc_ex.c ****     HAL_RTCEx_Tamper2EventCallback(hrtc);
 551:stm/stm32l4xx/STM32L4xx_HAL_Driver/Src/stm32l4xx_hal_rtc_ex.c **** #endif
 552:stm/stm32l4xx/STM32L4xx_HAL_Driver/Src/stm32l4xx_hal_rtc_ex.c ****   }
 553:stm/stm32l4xx/STM32L4xx_HAL_Driver/Src/stm32l4xx_hal_rtc_ex.c **** 
 554:stm/stm32l4xx/STM32L4xx_HAL_Driver/Src/stm32l4xx_hal_rtc_ex.c **** #if defined(RTC_TAMPER3_SUPPORT)
 555:stm/stm32l4xx/STM32L4xx_HAL_Driver/Src/stm32l4xx_hal_rtc_ex.c ****   /* Check Tamper3 status */
 556:stm/stm32l4xx/STM32L4xx_HAL_Driver/Src/stm32l4xx_hal_rtc_ex.c ****   if ((tmp & RTC_TAMPER_3) == RTC_TAMPER_3)
 557:stm/stm32l4xx/STM32L4xx_HAL_Driver/Src/stm32l4xx_hal_rtc_ex.c ****   {
 558:stm/stm32l4xx/STM32L4xx_HAL_Driver/Src/stm32l4xx_hal_rtc_ex.c **** #if (USE_HAL_RTC_REGISTER_CALLBACKS == 1)
 559:stm/stm32l4xx/STM32L4xx_HAL_Driver/Src/stm32l4xx_hal_rtc_ex.c ****     /* Call Tamper 3 Event registered Callback */
 560:stm/stm32l4xx/STM32L4xx_HAL_Driver/Src/stm32l4xx_hal_rtc_ex.c ****     hrtc->Tamper3EventCallback(hrtc);
 561:stm/stm32l4xx/STM32L4xx_HAL_Driver/Src/stm32l4xx_hal_rtc_ex.c **** #else
 562:stm/stm32l4xx/STM32L4xx_HAL_Driver/Src/stm32l4xx_hal_rtc_ex.c ****     /* Tamper3 callback */
 563:stm/stm32l4xx/STM32L4xx_HAL_Driver/Src/stm32l4xx_hal_rtc_ex.c ****     HAL_RTCEx_Tamper3EventCallback(hrtc);
 564:stm/stm32l4xx/STM32L4xx_HAL_Driver/Src/stm32l4xx_hal_rtc_ex.c **** #endif
 565:stm/stm32l4xx/STM32L4xx_HAL_Driver/Src/stm32l4xx_hal_rtc_ex.c ****   }
 566:stm/stm32l4xx/STM32L4xx_HAL_Driver/Src/stm32l4xx_hal_rtc_ex.c **** 
 567:stm/stm32l4xx/STM32L4xx_HAL_Driver/Src/stm32l4xx_hal_rtc_ex.c **** #endif /* RTC_TAMPER3_SUPPORT */
 568:stm/stm32l4xx/STM32L4xx_HAL_Driver/Src/stm32l4xx_hal_rtc_ex.c **** 
 569:stm/stm32l4xx/STM32L4xx_HAL_Driver/Src/stm32l4xx_hal_rtc_ex.c ****   /* Change RTC state */
 570:stm/stm32l4xx/STM32L4xx_HAL_Driver/Src/stm32l4xx_hal_rtc_ex.c ****   hrtc->State = HAL_RTC_STATE_READY;
 571:stm/stm32l4xx/STM32L4xx_HAL_Driver/Src/stm32l4xx_hal_rtc_ex.c **** }
 572:stm/stm32l4xx/STM32L4xx_HAL_Driver/Src/stm32l4xx_hal_rtc_ex.c **** 
 573:stm/stm32l4xx/STM32L4xx_HAL_Driver/Src/stm32l4xx_hal_rtc_ex.c **** #else /* #if defined(STM32L412xx) || defined(STM32L422xx) || defined (STM32L4P5xx) || defined (STM3
 574:stm/stm32l4xx/STM32L4xx_HAL_Driver/Src/stm32l4xx_hal_rtc_ex.c **** 
 575:stm/stm32l4xx/STM32L4xx_HAL_Driver/Src/stm32l4xx_hal_rtc_ex.c **** void HAL_RTCEx_TamperTimeStampIRQHandler(RTC_HandleTypeDef *hrtc)
 576:stm/stm32l4xx/STM32L4xx_HAL_Driver/Src/stm32l4xx_hal_rtc_ex.c **** {
 577:stm/stm32l4xx/STM32L4xx_HAL_Driver/Src/stm32l4xx_hal_rtc_ex.c ****   /* Clear the EXTI's Flag for RTC TimeStamp and Tamper */
 578:stm/stm32l4xx/STM32L4xx_HAL_Driver/Src/stm32l4xx_hal_rtc_ex.c ****   __HAL_RTC_TAMPER_TIMESTAMP_EXTI_CLEAR_FLAG();
 579:stm/stm32l4xx/STM32L4xx_HAL_Driver/Src/stm32l4xx_hal_rtc_ex.c **** 
ARM GAS  /var/tmp//ccqDFXEw.s 			page 23


 580:stm/stm32l4xx/STM32L4xx_HAL_Driver/Src/stm32l4xx_hal_rtc_ex.c ****   /* Get the TimeStamp interrupt source enable status and pending flag status */
 581:stm/stm32l4xx/STM32L4xx_HAL_Driver/Src/stm32l4xx_hal_rtc_ex.c ****   if (__HAL_RTC_TIMESTAMP_GET_IT_SOURCE(hrtc, RTC_IT_TS) != 0U)
 582:stm/stm32l4xx/STM32L4xx_HAL_Driver/Src/stm32l4xx_hal_rtc_ex.c ****   {
 583:stm/stm32l4xx/STM32L4xx_HAL_Driver/Src/stm32l4xx_hal_rtc_ex.c ****     if (__HAL_RTC_TIMESTAMP_GET_FLAG(hrtc, RTC_FLAG_TSF) != 0U)
 584:stm/stm32l4xx/STM32L4xx_HAL_Driver/Src/stm32l4xx_hal_rtc_ex.c ****     {
 585:stm/stm32l4xx/STM32L4xx_HAL_Driver/Src/stm32l4xx_hal_rtc_ex.c ****       /* TIMESTAMP callback */
 586:stm/stm32l4xx/STM32L4xx_HAL_Driver/Src/stm32l4xx_hal_rtc_ex.c **** #if (USE_HAL_RTC_REGISTER_CALLBACKS == 1)
 587:stm/stm32l4xx/STM32L4xx_HAL_Driver/Src/stm32l4xx_hal_rtc_ex.c ****       hrtc->TimeStampEventCallback(hrtc);
 588:stm/stm32l4xx/STM32L4xx_HAL_Driver/Src/stm32l4xx_hal_rtc_ex.c **** #else  /* (USE_HAL_RTC_REGISTER_CALLBACKS == 1) */
 589:stm/stm32l4xx/STM32L4xx_HAL_Driver/Src/stm32l4xx_hal_rtc_ex.c ****       HAL_RTCEx_TimeStampEventCallback(hrtc);
 590:stm/stm32l4xx/STM32L4xx_HAL_Driver/Src/stm32l4xx_hal_rtc_ex.c **** #endif /* (USE_HAL_RTC_REGISTER_CALLBACKS == 1) */
 591:stm/stm32l4xx/STM32L4xx_HAL_Driver/Src/stm32l4xx_hal_rtc_ex.c **** 
 592:stm/stm32l4xx/STM32L4xx_HAL_Driver/Src/stm32l4xx_hal_rtc_ex.c ****       /* Clear the TIMESTAMP interrupt pending bit (this will clear timestamp time and date registe
 593:stm/stm32l4xx/STM32L4xx_HAL_Driver/Src/stm32l4xx_hal_rtc_ex.c ****       __HAL_RTC_TIMESTAMP_CLEAR_FLAG(hrtc, RTC_FLAG_TSF);
 594:stm/stm32l4xx/STM32L4xx_HAL_Driver/Src/stm32l4xx_hal_rtc_ex.c ****     }
 595:stm/stm32l4xx/STM32L4xx_HAL_Driver/Src/stm32l4xx_hal_rtc_ex.c ****   }
 596:stm/stm32l4xx/STM32L4xx_HAL_Driver/Src/stm32l4xx_hal_rtc_ex.c **** 
 597:stm/stm32l4xx/STM32L4xx_HAL_Driver/Src/stm32l4xx_hal_rtc_ex.c **** #if defined(RTC_TAMPER1_SUPPORT)
 598:stm/stm32l4xx/STM32L4xx_HAL_Driver/Src/stm32l4xx_hal_rtc_ex.c ****   /* Get the Tamper1 interrupt source enable status and pending flag status */
 599:stm/stm32l4xx/STM32L4xx_HAL_Driver/Src/stm32l4xx_hal_rtc_ex.c ****   if (__HAL_RTC_TAMPER_GET_IT_SOURCE(hrtc, RTC_IT_TAMP | RTC_IT_TAMP1) != 0U)
 600:stm/stm32l4xx/STM32L4xx_HAL_Driver/Src/stm32l4xx_hal_rtc_ex.c ****   {
 601:stm/stm32l4xx/STM32L4xx_HAL_Driver/Src/stm32l4xx_hal_rtc_ex.c ****     if (__HAL_RTC_TAMPER_GET_FLAG(hrtc, RTC_FLAG_TAMP1F) != 0U)
 602:stm/stm32l4xx/STM32L4xx_HAL_Driver/Src/stm32l4xx_hal_rtc_ex.c ****     {
 603:stm/stm32l4xx/STM32L4xx_HAL_Driver/Src/stm32l4xx_hal_rtc_ex.c ****       /* Clear the Tamper1 interrupt pending bit */
 604:stm/stm32l4xx/STM32L4xx_HAL_Driver/Src/stm32l4xx_hal_rtc_ex.c ****       __HAL_RTC_TAMPER_CLEAR_FLAG(hrtc, RTC_FLAG_TAMP1F);
 605:stm/stm32l4xx/STM32L4xx_HAL_Driver/Src/stm32l4xx_hal_rtc_ex.c **** 
 606:stm/stm32l4xx/STM32L4xx_HAL_Driver/Src/stm32l4xx_hal_rtc_ex.c ****       /* Tamper1 callback */
 607:stm/stm32l4xx/STM32L4xx_HAL_Driver/Src/stm32l4xx_hal_rtc_ex.c **** #if (USE_HAL_RTC_REGISTER_CALLBACKS == 1)
 608:stm/stm32l4xx/STM32L4xx_HAL_Driver/Src/stm32l4xx_hal_rtc_ex.c ****       hrtc->Tamper1EventCallback(hrtc);
 609:stm/stm32l4xx/STM32L4xx_HAL_Driver/Src/stm32l4xx_hal_rtc_ex.c **** #else  /* (USE_HAL_RTC_REGISTER_CALLBACKS == 1) */
 610:stm/stm32l4xx/STM32L4xx_HAL_Driver/Src/stm32l4xx_hal_rtc_ex.c ****       HAL_RTCEx_Tamper1EventCallback(hrtc);
 611:stm/stm32l4xx/STM32L4xx_HAL_Driver/Src/stm32l4xx_hal_rtc_ex.c **** #endif /* (USE_HAL_RTC_REGISTER_CALLBACKS == 1) */
 612:stm/stm32l4xx/STM32L4xx_HAL_Driver/Src/stm32l4xx_hal_rtc_ex.c ****     }
 613:stm/stm32l4xx/STM32L4xx_HAL_Driver/Src/stm32l4xx_hal_rtc_ex.c ****   }
 614:stm/stm32l4xx/STM32L4xx_HAL_Driver/Src/stm32l4xx_hal_rtc_ex.c **** #endif /* RTC_TAMPER1_SUPPORT */
 615:stm/stm32l4xx/STM32L4xx_HAL_Driver/Src/stm32l4xx_hal_rtc_ex.c **** 
 616:stm/stm32l4xx/STM32L4xx_HAL_Driver/Src/stm32l4xx_hal_rtc_ex.c ****   /* Get the Tamper2 interrupt source enable status and pending flag status */
 617:stm/stm32l4xx/STM32L4xx_HAL_Driver/Src/stm32l4xx_hal_rtc_ex.c ****   if (__HAL_RTC_TAMPER_GET_IT_SOURCE(hrtc, RTC_IT_TAMP | RTC_IT_TAMP2) != 0U)
 618:stm/stm32l4xx/STM32L4xx_HAL_Driver/Src/stm32l4xx_hal_rtc_ex.c ****   {
 619:stm/stm32l4xx/STM32L4xx_HAL_Driver/Src/stm32l4xx_hal_rtc_ex.c ****     if (__HAL_RTC_TAMPER_GET_FLAG(hrtc, RTC_FLAG_TAMP2F) != 0U)
 620:stm/stm32l4xx/STM32L4xx_HAL_Driver/Src/stm32l4xx_hal_rtc_ex.c ****     {
 621:stm/stm32l4xx/STM32L4xx_HAL_Driver/Src/stm32l4xx_hal_rtc_ex.c ****       /* Clear the Tamper2 interrupt pending bit */
 622:stm/stm32l4xx/STM32L4xx_HAL_Driver/Src/stm32l4xx_hal_rtc_ex.c ****       __HAL_RTC_TAMPER_CLEAR_FLAG(hrtc, RTC_FLAG_TAMP2F);
 623:stm/stm32l4xx/STM32L4xx_HAL_Driver/Src/stm32l4xx_hal_rtc_ex.c **** 
 624:stm/stm32l4xx/STM32L4xx_HAL_Driver/Src/stm32l4xx_hal_rtc_ex.c ****       /* Tamper2 callback */
 625:stm/stm32l4xx/STM32L4xx_HAL_Driver/Src/stm32l4xx_hal_rtc_ex.c **** #if (USE_HAL_RTC_REGISTER_CALLBACKS == 1)
 626:stm/stm32l4xx/STM32L4xx_HAL_Driver/Src/stm32l4xx_hal_rtc_ex.c ****       hrtc->Tamper2EventCallback(hrtc);
 627:stm/stm32l4xx/STM32L4xx_HAL_Driver/Src/stm32l4xx_hal_rtc_ex.c **** #else  /* (USE_HAL_RTC_REGISTER_CALLBACKS == 1) */
 628:stm/stm32l4xx/STM32L4xx_HAL_Driver/Src/stm32l4xx_hal_rtc_ex.c ****       HAL_RTCEx_Tamper2EventCallback(hrtc);
 629:stm/stm32l4xx/STM32L4xx_HAL_Driver/Src/stm32l4xx_hal_rtc_ex.c **** #endif /* (USE_HAL_RTC_REGISTER_CALLBACKS == 1) */
 630:stm/stm32l4xx/STM32L4xx_HAL_Driver/Src/stm32l4xx_hal_rtc_ex.c ****     }
 631:stm/stm32l4xx/STM32L4xx_HAL_Driver/Src/stm32l4xx_hal_rtc_ex.c ****   }
 632:stm/stm32l4xx/STM32L4xx_HAL_Driver/Src/stm32l4xx_hal_rtc_ex.c **** 
 633:stm/stm32l4xx/STM32L4xx_HAL_Driver/Src/stm32l4xx_hal_rtc_ex.c **** #if defined(RTC_TAMPER3_SUPPORT)
 634:stm/stm32l4xx/STM32L4xx_HAL_Driver/Src/stm32l4xx_hal_rtc_ex.c ****   /* Get the Tamper3 interrupts source enable status */
 635:stm/stm32l4xx/STM32L4xx_HAL_Driver/Src/stm32l4xx_hal_rtc_ex.c ****   if (__HAL_RTC_TAMPER_GET_IT_SOURCE(hrtc, RTC_IT_TAMP | RTC_IT_TAMP3) != 0U)
 636:stm/stm32l4xx/STM32L4xx_HAL_Driver/Src/stm32l4xx_hal_rtc_ex.c ****   {
ARM GAS  /var/tmp//ccqDFXEw.s 			page 24


 637:stm/stm32l4xx/STM32L4xx_HAL_Driver/Src/stm32l4xx_hal_rtc_ex.c ****     if (__HAL_RTC_TAMPER_GET_FLAG(hrtc, RTC_FLAG_TAMP3F) != 0U)
 638:stm/stm32l4xx/STM32L4xx_HAL_Driver/Src/stm32l4xx_hal_rtc_ex.c ****     {
 639:stm/stm32l4xx/STM32L4xx_HAL_Driver/Src/stm32l4xx_hal_rtc_ex.c ****       /* Clear the Tamper3 interrupt pending bit */
 640:stm/stm32l4xx/STM32L4xx_HAL_Driver/Src/stm32l4xx_hal_rtc_ex.c ****       __HAL_RTC_TAMPER_CLEAR_FLAG(hrtc, RTC_FLAG_TAMP3F);
 641:stm/stm32l4xx/STM32L4xx_HAL_Driver/Src/stm32l4xx_hal_rtc_ex.c **** 
 642:stm/stm32l4xx/STM32L4xx_HAL_Driver/Src/stm32l4xx_hal_rtc_ex.c ****       /* Tamper3 callback */
 643:stm/stm32l4xx/STM32L4xx_HAL_Driver/Src/stm32l4xx_hal_rtc_ex.c **** #if (USE_HAL_RTC_REGISTER_CALLBACKS == 1)
 644:stm/stm32l4xx/STM32L4xx_HAL_Driver/Src/stm32l4xx_hal_rtc_ex.c ****       hrtc->Tamper3EventCallback(hrtc);
 645:stm/stm32l4xx/STM32L4xx_HAL_Driver/Src/stm32l4xx_hal_rtc_ex.c **** #else
 646:stm/stm32l4xx/STM32L4xx_HAL_Driver/Src/stm32l4xx_hal_rtc_ex.c ****       HAL_RTCEx_Tamper3EventCallback(hrtc);
 647:stm/stm32l4xx/STM32L4xx_HAL_Driver/Src/stm32l4xx_hal_rtc_ex.c **** #endif /* USE_HAL_RTC_REGISTER_CALLBACKS */
 648:stm/stm32l4xx/STM32L4xx_HAL_Driver/Src/stm32l4xx_hal_rtc_ex.c ****     }
 649:stm/stm32l4xx/STM32L4xx_HAL_Driver/Src/stm32l4xx_hal_rtc_ex.c ****   }
 650:stm/stm32l4xx/STM32L4xx_HAL_Driver/Src/stm32l4xx_hal_rtc_ex.c **** #endif /* RTC_TAMPER3_SUPPORT */
 651:stm/stm32l4xx/STM32L4xx_HAL_Driver/Src/stm32l4xx_hal_rtc_ex.c **** 
 652:stm/stm32l4xx/STM32L4xx_HAL_Driver/Src/stm32l4xx_hal_rtc_ex.c ****   /* Change RTC state */
 653:stm/stm32l4xx/STM32L4xx_HAL_Driver/Src/stm32l4xx_hal_rtc_ex.c ****   hrtc->State = HAL_RTC_STATE_READY;
 654:stm/stm32l4xx/STM32L4xx_HAL_Driver/Src/stm32l4xx_hal_rtc_ex.c **** }
 655:stm/stm32l4xx/STM32L4xx_HAL_Driver/Src/stm32l4xx_hal_rtc_ex.c **** #endif /* #if defined(STM32L412xx) || defined(STM32L422xx) || defined (STM32L4P5xx) || defined (STM
 656:stm/stm32l4xx/STM32L4xx_HAL_Driver/Src/stm32l4xx_hal_rtc_ex.c **** 
 657:stm/stm32l4xx/STM32L4xx_HAL_Driver/Src/stm32l4xx_hal_rtc_ex.c **** /**
 658:stm/stm32l4xx/STM32L4xx_HAL_Driver/Src/stm32l4xx_hal_rtc_ex.c ****   * @brief  TimeStamp callback.
 659:stm/stm32l4xx/STM32L4xx_HAL_Driver/Src/stm32l4xx_hal_rtc_ex.c ****   * @param  hrtc RTC handle
 660:stm/stm32l4xx/STM32L4xx_HAL_Driver/Src/stm32l4xx_hal_rtc_ex.c ****   * @retval None
 661:stm/stm32l4xx/STM32L4xx_HAL_Driver/Src/stm32l4xx_hal_rtc_ex.c ****   */
 662:stm/stm32l4xx/STM32L4xx_HAL_Driver/Src/stm32l4xx_hal_rtc_ex.c **** __weak void HAL_RTCEx_TimeStampEventCallback(RTC_HandleTypeDef *hrtc)
 663:stm/stm32l4xx/STM32L4xx_HAL_Driver/Src/stm32l4xx_hal_rtc_ex.c **** {
 664              		.loc 1 663 1 is_stmt 1 view -0
 665              		.cfi_startproc
 666              		@ args = 0, pretend = 0, frame = 0
 667              		@ frame_needed = 0, uses_anonymous_args = 0
 668              		@ link register save eliminated.
 664:stm/stm32l4xx/STM32L4xx_HAL_Driver/Src/stm32l4xx_hal_rtc_ex.c ****   /* Prevent unused argument(s) compilation warning */
 665:stm/stm32l4xx/STM32L4xx_HAL_Driver/Src/stm32l4xx_hal_rtc_ex.c ****   UNUSED(hrtc);
 669              		.loc 1 665 3 view .LVU233
 666:stm/stm32l4xx/STM32L4xx_HAL_Driver/Src/stm32l4xx_hal_rtc_ex.c **** 
 667:stm/stm32l4xx/STM32L4xx_HAL_Driver/Src/stm32l4xx_hal_rtc_ex.c ****   /* NOTE : This function should not be modified, when the callback is needed,
 668:stm/stm32l4xx/STM32L4xx_HAL_Driver/Src/stm32l4xx_hal_rtc_ex.c ****             the HAL_RTCEx_TimeStampEventCallback could be implemented in the user file
 669:stm/stm32l4xx/STM32L4xx_HAL_Driver/Src/stm32l4xx_hal_rtc_ex.c ****    */
 670:stm/stm32l4xx/STM32L4xx_HAL_Driver/Src/stm32l4xx_hal_rtc_ex.c **** }
 670              		.loc 1 670 1 is_stmt 0 view .LVU234
 671 0000 7047     		bx	lr
 672              		.cfi_endproc
 673              	.LFE295:
 675              		.section	.text.HAL_RTCEx_PollForTimeStampEvent,"ax",%progbits
 676              		.align	1
 677              		.global	HAL_RTCEx_PollForTimeStampEvent
 678              		.syntax unified
 679              		.thumb
 680              		.thumb_func
 682              	HAL_RTCEx_PollForTimeStampEvent:
 683              	.LVL49:
 684              	.LFB296:
 671:stm/stm32l4xx/STM32L4xx_HAL_Driver/Src/stm32l4xx_hal_rtc_ex.c **** 
 672:stm/stm32l4xx/STM32L4xx_HAL_Driver/Src/stm32l4xx_hal_rtc_ex.c **** /**
 673:stm/stm32l4xx/STM32L4xx_HAL_Driver/Src/stm32l4xx_hal_rtc_ex.c ****   * @brief  Handle TimeStamp polling request.
 674:stm/stm32l4xx/STM32L4xx_HAL_Driver/Src/stm32l4xx_hal_rtc_ex.c ****   * @param  hrtc RTC handle
ARM GAS  /var/tmp//ccqDFXEw.s 			page 25


 675:stm/stm32l4xx/STM32L4xx_HAL_Driver/Src/stm32l4xx_hal_rtc_ex.c ****   * @param  Timeout Timeout duration
 676:stm/stm32l4xx/STM32L4xx_HAL_Driver/Src/stm32l4xx_hal_rtc_ex.c ****   * @retval HAL status
 677:stm/stm32l4xx/STM32L4xx_HAL_Driver/Src/stm32l4xx_hal_rtc_ex.c ****   */
 678:stm/stm32l4xx/STM32L4xx_HAL_Driver/Src/stm32l4xx_hal_rtc_ex.c **** HAL_StatusTypeDef HAL_RTCEx_PollForTimeStampEvent(RTC_HandleTypeDef *hrtc, uint32_t Timeout)
 679:stm/stm32l4xx/STM32L4xx_HAL_Driver/Src/stm32l4xx_hal_rtc_ex.c **** {
 685              		.loc 1 679 1 is_stmt 1 view -0
 686              		.cfi_startproc
 687              		@ args = 0, pretend = 0, frame = 0
 688              		@ frame_needed = 0, uses_anonymous_args = 0
 689              		.loc 1 679 1 is_stmt 0 view .LVU236
 690 0000 70B5     		push	{r4, r5, r6, lr}
 691              	.LCFI5:
 692              		.cfi_def_cfa_offset 16
 693              		.cfi_offset 4, -16
 694              		.cfi_offset 5, -12
 695              		.cfi_offset 6, -8
 696              		.cfi_offset 14, -4
 697 0002 0446     		mov	r4, r0
 698 0004 0D46     		mov	r5, r1
 680:stm/stm32l4xx/STM32L4xx_HAL_Driver/Src/stm32l4xx_hal_rtc_ex.c ****   uint32_t tickstart = HAL_GetTick();
 699              		.loc 1 680 3 is_stmt 1 view .LVU237
 700              		.loc 1 680 24 is_stmt 0 view .LVU238
 701 0006 FFF7FEFF 		bl	HAL_GetTick
 702              	.LVL50:
 703              		.loc 1 680 24 view .LVU239
 704 000a 0646     		mov	r6, r0
 705              	.LVL51:
 681:stm/stm32l4xx/STM32L4xx_HAL_Driver/Src/stm32l4xx_hal_rtc_ex.c **** 
 682:stm/stm32l4xx/STM32L4xx_HAL_Driver/Src/stm32l4xx_hal_rtc_ex.c ****   while (__HAL_RTC_TIMESTAMP_GET_FLAG(hrtc, RTC_FLAG_TSF) == 0U)
 706              		.loc 1 682 3 is_stmt 1 view .LVU240
 707              	.L37:
 708              		.loc 1 682 59 view .LVU241
 709              		.loc 1 682 10 is_stmt 0 view .LVU242
 710 000c 2368     		ldr	r3, [r4]
 711 000e DA68     		ldr	r2, [r3, #12]
 712              		.loc 1 682 59 view .LVU243
 713 0010 12F4006F 		tst	r2, #2048
 714 0014 1BD1     		bne	.L41
 683:stm/stm32l4xx/STM32L4xx_HAL_Driver/Src/stm32l4xx_hal_rtc_ex.c ****   {
 684:stm/stm32l4xx/STM32L4xx_HAL_Driver/Src/stm32l4xx_hal_rtc_ex.c ****     if (__HAL_RTC_TIMESTAMP_GET_FLAG(hrtc, RTC_FLAG_TSOVF) != 0U)
 715              		.loc 1 684 5 is_stmt 1 view .LVU244
 716              		.loc 1 684 9 is_stmt 0 view .LVU245
 717 0016 DA68     		ldr	r2, [r3, #12]
 718              		.loc 1 684 8 view .LVU246
 719 0018 12F4805F 		tst	r2, #4096
 720 001c 0DD1     		bne	.L42
 685:stm/stm32l4xx/STM32L4xx_HAL_Driver/Src/stm32l4xx_hal_rtc_ex.c ****     {
 686:stm/stm32l4xx/STM32L4xx_HAL_Driver/Src/stm32l4xx_hal_rtc_ex.c ****       /* Clear the TIMESTAMP OverRun Flag */
 687:stm/stm32l4xx/STM32L4xx_HAL_Driver/Src/stm32l4xx_hal_rtc_ex.c ****       __HAL_RTC_TIMESTAMP_CLEAR_FLAG(hrtc, RTC_FLAG_TSOVF);
 688:stm/stm32l4xx/STM32L4xx_HAL_Driver/Src/stm32l4xx_hal_rtc_ex.c **** 
 689:stm/stm32l4xx/STM32L4xx_HAL_Driver/Src/stm32l4xx_hal_rtc_ex.c ****       /* Change TIMESTAMP state */
 690:stm/stm32l4xx/STM32L4xx_HAL_Driver/Src/stm32l4xx_hal_rtc_ex.c ****       hrtc->State = HAL_RTC_STATE_ERROR;
 691:stm/stm32l4xx/STM32L4xx_HAL_Driver/Src/stm32l4xx_hal_rtc_ex.c **** 
 692:stm/stm32l4xx/STM32L4xx_HAL_Driver/Src/stm32l4xx_hal_rtc_ex.c ****       return HAL_ERROR;
 693:stm/stm32l4xx/STM32L4xx_HAL_Driver/Src/stm32l4xx_hal_rtc_ex.c ****     }
 694:stm/stm32l4xx/STM32L4xx_HAL_Driver/Src/stm32l4xx_hal_rtc_ex.c **** 
 695:stm/stm32l4xx/STM32L4xx_HAL_Driver/Src/stm32l4xx_hal_rtc_ex.c ****     if (Timeout != HAL_MAX_DELAY)
ARM GAS  /var/tmp//ccqDFXEw.s 			page 26


 721              		.loc 1 695 5 is_stmt 1 view .LVU247
 722              		.loc 1 695 8 is_stmt 0 view .LVU248
 723 001e B5F1FF3F 		cmp	r5, #-1
 724 0022 F3D0     		beq	.L37
 696:stm/stm32l4xx/STM32L4xx_HAL_Driver/Src/stm32l4xx_hal_rtc_ex.c ****     {
 697:stm/stm32l4xx/STM32L4xx_HAL_Driver/Src/stm32l4xx_hal_rtc_ex.c ****       if (((HAL_GetTick() - tickstart) > Timeout) || (Timeout == 0U))
 725              		.loc 1 697 7 is_stmt 1 view .LVU249
 726              		.loc 1 697 13 is_stmt 0 view .LVU250
 727 0024 FFF7FEFF 		bl	HAL_GetTick
 728              	.LVL52:
 729              		.loc 1 697 27 view .LVU251
 730 0028 801B     		subs	r0, r0, r6
 731              		.loc 1 697 10 view .LVU252
 732 002a A842     		cmp	r0, r5
 733 002c 01D8     		bhi	.L38
 734              		.loc 1 697 51 discriminator 1 view .LVU253
 735 002e 002D     		cmp	r5, #0
 736 0030 ECD1     		bne	.L37
 737              	.L38:
 698:stm/stm32l4xx/STM32L4xx_HAL_Driver/Src/stm32l4xx_hal_rtc_ex.c ****       {
 699:stm/stm32l4xx/STM32L4xx_HAL_Driver/Src/stm32l4xx_hal_rtc_ex.c ****         hrtc->State = HAL_RTC_STATE_TIMEOUT;
 738              		.loc 1 699 9 is_stmt 1 view .LVU254
 739              		.loc 1 699 21 is_stmt 0 view .LVU255
 740 0032 0320     		movs	r0, #3
 741 0034 84F82100 		strb	r0, [r4, #33]
 700:stm/stm32l4xx/STM32L4xx_HAL_Driver/Src/stm32l4xx_hal_rtc_ex.c ****         return HAL_TIMEOUT;
 742              		.loc 1 700 9 is_stmt 1 view .LVU256
 743              		.loc 1 700 16 is_stmt 0 view .LVU257
 744 0038 0DE0     		b	.L36
 745              	.L42:
 687:stm/stm32l4xx/STM32L4xx_HAL_Driver/Src/stm32l4xx_hal_rtc_ex.c **** 
 746              		.loc 1 687 7 is_stmt 1 view .LVU258
 747 003a DA68     		ldr	r2, [r3, #12]
 748 003c D2B2     		uxtb	r2, r2
 749 003e 62F48452 		orn	r2, r2, #4224
 750 0042 DA60     		str	r2, [r3, #12]
 690:stm/stm32l4xx/STM32L4xx_HAL_Driver/Src/stm32l4xx_hal_rtc_ex.c **** 
 751              		.loc 1 690 7 view .LVU259
 690:stm/stm32l4xx/STM32L4xx_HAL_Driver/Src/stm32l4xx_hal_rtc_ex.c **** 
 752              		.loc 1 690 19 is_stmt 0 view .LVU260
 753 0044 0423     		movs	r3, #4
 754 0046 84F82130 		strb	r3, [r4, #33]
 692:stm/stm32l4xx/STM32L4xx_HAL_Driver/Src/stm32l4xx_hal_rtc_ex.c ****     }
 755              		.loc 1 692 7 is_stmt 1 view .LVU261
 692:stm/stm32l4xx/STM32L4xx_HAL_Driver/Src/stm32l4xx_hal_rtc_ex.c ****     }
 756              		.loc 1 692 14 is_stmt 0 view .LVU262
 757 004a 0120     		movs	r0, #1
 758 004c 03E0     		b	.L36
 759              	.L41:
 701:stm/stm32l4xx/STM32L4xx_HAL_Driver/Src/stm32l4xx_hal_rtc_ex.c ****       }
 702:stm/stm32l4xx/STM32L4xx_HAL_Driver/Src/stm32l4xx_hal_rtc_ex.c ****     }
 703:stm/stm32l4xx/STM32L4xx_HAL_Driver/Src/stm32l4xx_hal_rtc_ex.c ****   }
 704:stm/stm32l4xx/STM32L4xx_HAL_Driver/Src/stm32l4xx_hal_rtc_ex.c **** 
 705:stm/stm32l4xx/STM32L4xx_HAL_Driver/Src/stm32l4xx_hal_rtc_ex.c ****   /* Change RTC state */
 706:stm/stm32l4xx/STM32L4xx_HAL_Driver/Src/stm32l4xx_hal_rtc_ex.c ****   hrtc->State = HAL_RTC_STATE_READY;
 760              		.loc 1 706 3 is_stmt 1 view .LVU263
 761              		.loc 1 706 15 is_stmt 0 view .LVU264
ARM GAS  /var/tmp//ccqDFXEw.s 			page 27


 762 004e 0123     		movs	r3, #1
 763 0050 84F82130 		strb	r3, [r4, #33]
 707:stm/stm32l4xx/STM32L4xx_HAL_Driver/Src/stm32l4xx_hal_rtc_ex.c **** 
 708:stm/stm32l4xx/STM32L4xx_HAL_Driver/Src/stm32l4xx_hal_rtc_ex.c ****   return HAL_OK;
 764              		.loc 1 708 3 is_stmt 1 view .LVU265
 765              		.loc 1 708 10 is_stmt 0 view .LVU266
 766 0054 0020     		movs	r0, #0
 767              	.L36:
 709:stm/stm32l4xx/STM32L4xx_HAL_Driver/Src/stm32l4xx_hal_rtc_ex.c **** }
 768              		.loc 1 709 1 view .LVU267
 769 0056 70BD     		pop	{r4, r5, r6, pc}
 770              		.loc 1 709 1 view .LVU268
 771              		.cfi_endproc
 772              	.LFE296:
 774              		.section	.text.HAL_RTCEx_SetWakeUpTimer,"ax",%progbits
 775              		.align	1
 776              		.global	HAL_RTCEx_SetWakeUpTimer
 777              		.syntax unified
 778              		.thumb
 779              		.thumb_func
 781              	HAL_RTCEx_SetWakeUpTimer:
 782              	.LVL53:
 783              	.LFB297:
 710:stm/stm32l4xx/STM32L4xx_HAL_Driver/Src/stm32l4xx_hal_rtc_ex.c **** 
 711:stm/stm32l4xx/STM32L4xx_HAL_Driver/Src/stm32l4xx_hal_rtc_ex.c **** /**
 712:stm/stm32l4xx/STM32L4xx_HAL_Driver/Src/stm32l4xx_hal_rtc_ex.c ****   * @}
 713:stm/stm32l4xx/STM32L4xx_HAL_Driver/Src/stm32l4xx_hal_rtc_ex.c ****   */
 714:stm/stm32l4xx/STM32L4xx_HAL_Driver/Src/stm32l4xx_hal_rtc_ex.c **** 
 715:stm/stm32l4xx/STM32L4xx_HAL_Driver/Src/stm32l4xx_hal_rtc_ex.c **** /** @addtogroup RTCEx_Exported_Functions_Group2
 716:stm/stm32l4xx/STM32L4xx_HAL_Driver/Src/stm32l4xx_hal_rtc_ex.c ****   * @brief    RTC Wake-up functions
 717:stm/stm32l4xx/STM32L4xx_HAL_Driver/Src/stm32l4xx_hal_rtc_ex.c ****   *
 718:stm/stm32l4xx/STM32L4xx_HAL_Driver/Src/stm32l4xx_hal_rtc_ex.c **** @verbatim
 719:stm/stm32l4xx/STM32L4xx_HAL_Driver/Src/stm32l4xx_hal_rtc_ex.c ****  ===============================================================================
 720:stm/stm32l4xx/STM32L4xx_HAL_Driver/Src/stm32l4xx_hal_rtc_ex.c ****                         ##### RTC Wake-up functions #####
 721:stm/stm32l4xx/STM32L4xx_HAL_Driver/Src/stm32l4xx_hal_rtc_ex.c ****  ===============================================================================
 722:stm/stm32l4xx/STM32L4xx_HAL_Driver/Src/stm32l4xx_hal_rtc_ex.c **** 
 723:stm/stm32l4xx/STM32L4xx_HAL_Driver/Src/stm32l4xx_hal_rtc_ex.c ****  [..] This section provides functions allowing to configure Wake-up feature
 724:stm/stm32l4xx/STM32L4xx_HAL_Driver/Src/stm32l4xx_hal_rtc_ex.c **** 
 725:stm/stm32l4xx/STM32L4xx_HAL_Driver/Src/stm32l4xx_hal_rtc_ex.c **** @endverbatim
 726:stm/stm32l4xx/STM32L4xx_HAL_Driver/Src/stm32l4xx_hal_rtc_ex.c ****   * @{
 727:stm/stm32l4xx/STM32L4xx_HAL_Driver/Src/stm32l4xx_hal_rtc_ex.c ****   */
 728:stm/stm32l4xx/STM32L4xx_HAL_Driver/Src/stm32l4xx_hal_rtc_ex.c **** 
 729:stm/stm32l4xx/STM32L4xx_HAL_Driver/Src/stm32l4xx_hal_rtc_ex.c **** /**
 730:stm/stm32l4xx/STM32L4xx_HAL_Driver/Src/stm32l4xx_hal_rtc_ex.c ****   * @brief  Set wake up timer.
 731:stm/stm32l4xx/STM32L4xx_HAL_Driver/Src/stm32l4xx_hal_rtc_ex.c ****   * @param  hrtc RTC handle
 732:stm/stm32l4xx/STM32L4xx_HAL_Driver/Src/stm32l4xx_hal_rtc_ex.c ****   * @param  WakeUpCounter Wake up counter
 733:stm/stm32l4xx/STM32L4xx_HAL_Driver/Src/stm32l4xx_hal_rtc_ex.c ****   * @param  WakeUpClock Wake up clock
 734:stm/stm32l4xx/STM32L4xx_HAL_Driver/Src/stm32l4xx_hal_rtc_ex.c ****   * @retval HAL status
 735:stm/stm32l4xx/STM32L4xx_HAL_Driver/Src/stm32l4xx_hal_rtc_ex.c ****   */
 736:stm/stm32l4xx/STM32L4xx_HAL_Driver/Src/stm32l4xx_hal_rtc_ex.c **** HAL_StatusTypeDef HAL_RTCEx_SetWakeUpTimer(RTC_HandleTypeDef *hrtc, uint32_t WakeUpCounter, uint32_
 737:stm/stm32l4xx/STM32L4xx_HAL_Driver/Src/stm32l4xx_hal_rtc_ex.c **** {
 784              		.loc 1 737 1 is_stmt 1 view -0
 785              		.cfi_startproc
 786              		@ args = 0, pretend = 0, frame = 0
 787              		@ frame_needed = 0, uses_anonymous_args = 0
 788              		.loc 1 737 1 is_stmt 0 view .LVU270
 789 0000 F8B5     		push	{r3, r4, r5, r6, r7, lr}
ARM GAS  /var/tmp//ccqDFXEw.s 			page 28


 790              	.LCFI6:
 791              		.cfi_def_cfa_offset 24
 792              		.cfi_offset 3, -24
 793              		.cfi_offset 4, -20
 794              		.cfi_offset 5, -16
 795              		.cfi_offset 6, -12
 796              		.cfi_offset 7, -8
 797              		.cfi_offset 14, -4
 738:stm/stm32l4xx/STM32L4xx_HAL_Driver/Src/stm32l4xx_hal_rtc_ex.c ****   uint32_t tickstart;
 798              		.loc 1 738 3 is_stmt 1 view .LVU271
 739:stm/stm32l4xx/STM32L4xx_HAL_Driver/Src/stm32l4xx_hal_rtc_ex.c **** 
 740:stm/stm32l4xx/STM32L4xx_HAL_Driver/Src/stm32l4xx_hal_rtc_ex.c ****   /* Check the parameters */
 741:stm/stm32l4xx/STM32L4xx_HAL_Driver/Src/stm32l4xx_hal_rtc_ex.c ****   assert_param(IS_RTC_WAKEUP_CLOCK(WakeUpClock));
 799              		.loc 1 741 3 view .LVU272
 742:stm/stm32l4xx/STM32L4xx_HAL_Driver/Src/stm32l4xx_hal_rtc_ex.c ****   assert_param(IS_RTC_WAKEUP_COUNTER(WakeUpCounter));
 800              		.loc 1 742 3 view .LVU273
 743:stm/stm32l4xx/STM32L4xx_HAL_Driver/Src/stm32l4xx_hal_rtc_ex.c **** 
 744:stm/stm32l4xx/STM32L4xx_HAL_Driver/Src/stm32l4xx_hal_rtc_ex.c ****   /* Process Locked */
 745:stm/stm32l4xx/STM32L4xx_HAL_Driver/Src/stm32l4xx_hal_rtc_ex.c ****   __HAL_LOCK(hrtc);
 801              		.loc 1 745 3 view .LVU274
 802              		.loc 1 745 3 view .LVU275
 803 0002 90F82030 		ldrb	r3, [r0, #32]	@ zero_extendqisi2
 804 0006 012B     		cmp	r3, #1
 805 0008 47D0     		beq	.L48
 806 000a 0446     		mov	r4, r0
 807 000c 0D46     		mov	r5, r1
 808 000e 1646     		mov	r6, r2
 809              		.loc 1 745 3 discriminator 2 view .LVU276
 810 0010 0123     		movs	r3, #1
 811 0012 80F82030 		strb	r3, [r0, #32]
 812              		.loc 1 745 3 discriminator 2 view .LVU277
 746:stm/stm32l4xx/STM32L4xx_HAL_Driver/Src/stm32l4xx_hal_rtc_ex.c **** 
 747:stm/stm32l4xx/STM32L4xx_HAL_Driver/Src/stm32l4xx_hal_rtc_ex.c ****   hrtc->State = HAL_RTC_STATE_BUSY;
 813              		.loc 1 747 3 discriminator 2 view .LVU278
 814              		.loc 1 747 15 is_stmt 0 discriminator 2 view .LVU279
 815 0016 0223     		movs	r3, #2
 816 0018 80F82130 		strb	r3, [r0, #33]
 748:stm/stm32l4xx/STM32L4xx_HAL_Driver/Src/stm32l4xx_hal_rtc_ex.c **** 
 749:stm/stm32l4xx/STM32L4xx_HAL_Driver/Src/stm32l4xx_hal_rtc_ex.c ****   /* Disable the write protection for RTC registers */
 750:stm/stm32l4xx/STM32L4xx_HAL_Driver/Src/stm32l4xx_hal_rtc_ex.c ****   __HAL_RTC_WRITEPROTECTION_DISABLE(hrtc);
 817              		.loc 1 750 3 is_stmt 1 discriminator 2 view .LVU280
 818              		.loc 1 750 3 discriminator 2 view .LVU281
 819 001c 0368     		ldr	r3, [r0]
 820 001e CA22     		movs	r2, #202
 821              	.LVL54:
 822              		.loc 1 750 3 is_stmt 0 discriminator 2 view .LVU282
 823 0020 5A62     		str	r2, [r3, #36]
 824              		.loc 1 750 3 is_stmt 1 discriminator 2 view .LVU283
 825 0022 0368     		ldr	r3, [r0]
 826 0024 5322     		movs	r2, #83
 827 0026 5A62     		str	r2, [r3, #36]
 828              		.loc 1 750 3 discriminator 2 view .LVU284
 751:stm/stm32l4xx/STM32L4xx_HAL_Driver/Src/stm32l4xx_hal_rtc_ex.c **** 
 752:stm/stm32l4xx/STM32L4xx_HAL_Driver/Src/stm32l4xx_hal_rtc_ex.c ****   /* Clear WUTE in RTC_CR to disable the wakeup timer */
 753:stm/stm32l4xx/STM32L4xx_HAL_Driver/Src/stm32l4xx_hal_rtc_ex.c ****   CLEAR_BIT(hrtc->Instance->CR, RTC_CR_WUTE);
 829              		.loc 1 753 3 discriminator 2 view .LVU285
 830 0028 0268     		ldr	r2, [r0]
ARM GAS  /var/tmp//ccqDFXEw.s 			page 29


 831 002a 9368     		ldr	r3, [r2, #8]
 832 002c 23F48063 		bic	r3, r3, #1024
 833 0030 9360     		str	r3, [r2, #8]
 754:stm/stm32l4xx/STM32L4xx_HAL_Driver/Src/stm32l4xx_hal_rtc_ex.c **** 
 755:stm/stm32l4xx/STM32L4xx_HAL_Driver/Src/stm32l4xx_hal_rtc_ex.c ****   /* Poll WUTWF until it is set in RTC_ICSR to make sure the access to wakeup autoreload
 756:stm/stm32l4xx/STM32L4xx_HAL_Driver/Src/stm32l4xx_hal_rtc_ex.c ****      counter and to WUCKSEL[2:0] bits is allowed. This step must be skipped in
 757:stm/stm32l4xx/STM32L4xx_HAL_Driver/Src/stm32l4xx_hal_rtc_ex.c ****      calendar initialization mode. */
 758:stm/stm32l4xx/STM32L4xx_HAL_Driver/Src/stm32l4xx_hal_rtc_ex.c **** #if defined(STM32L412xx) || defined(STM32L422xx) || defined (STM32L4P5xx) || defined (STM32L4Q5xx)
 759:stm/stm32l4xx/STM32L4xx_HAL_Driver/Src/stm32l4xx_hal_rtc_ex.c ****   if (READ_BIT(hrtc->Instance->ICSR, RTC_ICSR_INITF) == 0U)
 760:stm/stm32l4xx/STM32L4xx_HAL_Driver/Src/stm32l4xx_hal_rtc_ex.c **** #else
 761:stm/stm32l4xx/STM32L4xx_HAL_Driver/Src/stm32l4xx_hal_rtc_ex.c ****   if (READ_BIT(hrtc->Instance->ISR, RTC_ISR_INITF) == 0U)
 834              		.loc 1 761 3 discriminator 2 view .LVU286
 835              		.loc 1 761 7 is_stmt 0 discriminator 2 view .LVU287
 836 0032 0368     		ldr	r3, [r0]
 837 0034 DB68     		ldr	r3, [r3, #12]
 838              		.loc 1 761 6 discriminator 2 view .LVU288
 839 0036 13F0400F 		tst	r3, #64
 840 003a 16D0     		beq	.L50
 841              	.LVL55:
 842              	.L45:
 762:stm/stm32l4xx/STM32L4xx_HAL_Driver/Src/stm32l4xx_hal_rtc_ex.c **** #endif
 763:stm/stm32l4xx/STM32L4xx_HAL_Driver/Src/stm32l4xx_hal_rtc_ex.c ****   {
 764:stm/stm32l4xx/STM32L4xx_HAL_Driver/Src/stm32l4xx_hal_rtc_ex.c ****     tickstart = HAL_GetTick();
 765:stm/stm32l4xx/STM32L4xx_HAL_Driver/Src/stm32l4xx_hal_rtc_ex.c **** #if defined(STM32L412xx) || defined(STM32L422xx) || defined (STM32L4P5xx) || defined (STM32L4Q5xx)
 766:stm/stm32l4xx/STM32L4xx_HAL_Driver/Src/stm32l4xx_hal_rtc_ex.c ****     while (READ_BIT(hrtc->Instance->ICSR, RTC_ICSR_WUTWF) == 0U)
 767:stm/stm32l4xx/STM32L4xx_HAL_Driver/Src/stm32l4xx_hal_rtc_ex.c **** #else
 768:stm/stm32l4xx/STM32L4xx_HAL_Driver/Src/stm32l4xx_hal_rtc_ex.c ****     while (READ_BIT(hrtc->Instance->ISR, RTC_ISR_WUTWF) == 0U)
 769:stm/stm32l4xx/STM32L4xx_HAL_Driver/Src/stm32l4xx_hal_rtc_ex.c **** #endif
 770:stm/stm32l4xx/STM32L4xx_HAL_Driver/Src/stm32l4xx_hal_rtc_ex.c ****     {
 771:stm/stm32l4xx/STM32L4xx_HAL_Driver/Src/stm32l4xx_hal_rtc_ex.c ****       if ((HAL_GetTick() - tickstart) > RTC_TIMEOUT_VALUE)
 772:stm/stm32l4xx/STM32L4xx_HAL_Driver/Src/stm32l4xx_hal_rtc_ex.c ****       {
 773:stm/stm32l4xx/STM32L4xx_HAL_Driver/Src/stm32l4xx_hal_rtc_ex.c ****         /* Enable the write protection for RTC registers */
 774:stm/stm32l4xx/STM32L4xx_HAL_Driver/Src/stm32l4xx_hal_rtc_ex.c ****         __HAL_RTC_WRITEPROTECTION_ENABLE(hrtc);
 775:stm/stm32l4xx/STM32L4xx_HAL_Driver/Src/stm32l4xx_hal_rtc_ex.c **** 
 776:stm/stm32l4xx/STM32L4xx_HAL_Driver/Src/stm32l4xx_hal_rtc_ex.c ****         hrtc->State = HAL_RTC_STATE_TIMEOUT;
 777:stm/stm32l4xx/STM32L4xx_HAL_Driver/Src/stm32l4xx_hal_rtc_ex.c **** 
 778:stm/stm32l4xx/STM32L4xx_HAL_Driver/Src/stm32l4xx_hal_rtc_ex.c ****         /* Process Unlocked */
 779:stm/stm32l4xx/STM32L4xx_HAL_Driver/Src/stm32l4xx_hal_rtc_ex.c ****         __HAL_UNLOCK(hrtc);
 780:stm/stm32l4xx/STM32L4xx_HAL_Driver/Src/stm32l4xx_hal_rtc_ex.c **** 
 781:stm/stm32l4xx/STM32L4xx_HAL_Driver/Src/stm32l4xx_hal_rtc_ex.c ****         return HAL_TIMEOUT;
 782:stm/stm32l4xx/STM32L4xx_HAL_Driver/Src/stm32l4xx_hal_rtc_ex.c ****       }
 783:stm/stm32l4xx/STM32L4xx_HAL_Driver/Src/stm32l4xx_hal_rtc_ex.c ****     }
 784:stm/stm32l4xx/STM32L4xx_HAL_Driver/Src/stm32l4xx_hal_rtc_ex.c ****   }
 785:stm/stm32l4xx/STM32L4xx_HAL_Driver/Src/stm32l4xx_hal_rtc_ex.c **** 
 786:stm/stm32l4xx/STM32L4xx_HAL_Driver/Src/stm32l4xx_hal_rtc_ex.c ****   /* Configure the clock source */
 787:stm/stm32l4xx/STM32L4xx_HAL_Driver/Src/stm32l4xx_hal_rtc_ex.c ****   MODIFY_REG(hrtc->Instance->CR, RTC_CR_WUCKSEL, (uint32_t)WakeUpClock);
 843              		.loc 1 787 3 is_stmt 1 view .LVU289
 844 003c 2168     		ldr	r1, [r4]
 845 003e 8B68     		ldr	r3, [r1, #8]
 846 0040 23F00703 		bic	r3, r3, #7
 847 0044 3343     		orrs	r3, r3, r6
 848 0046 8B60     		str	r3, [r1, #8]
 788:stm/stm32l4xx/STM32L4xx_HAL_Driver/Src/stm32l4xx_hal_rtc_ex.c **** 
 789:stm/stm32l4xx/STM32L4xx_HAL_Driver/Src/stm32l4xx_hal_rtc_ex.c ****   /* Configure the Wakeup Timer counter */
 790:stm/stm32l4xx/STM32L4xx_HAL_Driver/Src/stm32l4xx_hal_rtc_ex.c ****   WRITE_REG(hrtc->Instance->WUTR, (uint32_t)WakeUpCounter);
 849              		.loc 1 790 3 view .LVU290
 850 0048 2368     		ldr	r3, [r4]
ARM GAS  /var/tmp//ccqDFXEw.s 			page 30


 851 004a 5D61     		str	r5, [r3, #20]
 791:stm/stm32l4xx/STM32L4xx_HAL_Driver/Src/stm32l4xx_hal_rtc_ex.c **** 
 792:stm/stm32l4xx/STM32L4xx_HAL_Driver/Src/stm32l4xx_hal_rtc_ex.c ****   /* Enable the Wakeup Timer */
 793:stm/stm32l4xx/STM32L4xx_HAL_Driver/Src/stm32l4xx_hal_rtc_ex.c ****   SET_BIT(hrtc->Instance->CR, RTC_CR_WUTE);
 852              		.loc 1 793 3 view .LVU291
 853 004c 2268     		ldr	r2, [r4]
 854 004e 9368     		ldr	r3, [r2, #8]
 855 0050 43F48063 		orr	r3, r3, #1024
 856 0054 9360     		str	r3, [r2, #8]
 794:stm/stm32l4xx/STM32L4xx_HAL_Driver/Src/stm32l4xx_hal_rtc_ex.c **** 
 795:stm/stm32l4xx/STM32L4xx_HAL_Driver/Src/stm32l4xx_hal_rtc_ex.c ****   /* Enable the write protection for RTC registers */
 796:stm/stm32l4xx/STM32L4xx_HAL_Driver/Src/stm32l4xx_hal_rtc_ex.c ****   __HAL_RTC_WRITEPROTECTION_ENABLE(hrtc);
 857              		.loc 1 796 3 view .LVU292
 858              		.loc 1 796 3 view .LVU293
 859 0056 2368     		ldr	r3, [r4]
 860 0058 FF22     		movs	r2, #255
 861 005a 5A62     		str	r2, [r3, #36]
 862              		.loc 1 796 3 view .LVU294
 797:stm/stm32l4xx/STM32L4xx_HAL_Driver/Src/stm32l4xx_hal_rtc_ex.c **** 
 798:stm/stm32l4xx/STM32L4xx_HAL_Driver/Src/stm32l4xx_hal_rtc_ex.c ****   hrtc->State = HAL_RTC_STATE_READY;
 863              		.loc 1 798 3 view .LVU295
 864              		.loc 1 798 15 is_stmt 0 view .LVU296
 865 005c 0123     		movs	r3, #1
 866 005e 84F82130 		strb	r3, [r4, #33]
 799:stm/stm32l4xx/STM32L4xx_HAL_Driver/Src/stm32l4xx_hal_rtc_ex.c **** 
 800:stm/stm32l4xx/STM32L4xx_HAL_Driver/Src/stm32l4xx_hal_rtc_ex.c ****   /* Process Unlocked */
 801:stm/stm32l4xx/STM32L4xx_HAL_Driver/Src/stm32l4xx_hal_rtc_ex.c ****   __HAL_UNLOCK(hrtc);
 867              		.loc 1 801 3 is_stmt 1 view .LVU297
 868              		.loc 1 801 3 view .LVU298
 869 0062 0020     		movs	r0, #0
 870 0064 84F82000 		strb	r0, [r4, #32]
 871              		.loc 1 801 3 view .LVU299
 802:stm/stm32l4xx/STM32L4xx_HAL_Driver/Src/stm32l4xx_hal_rtc_ex.c **** 
 803:stm/stm32l4xx/STM32L4xx_HAL_Driver/Src/stm32l4xx_hal_rtc_ex.c ****   return HAL_OK;
 872              		.loc 1 803 3 view .LVU300
 873              	.LVL56:
 874              	.L44:
 804:stm/stm32l4xx/STM32L4xx_HAL_Driver/Src/stm32l4xx_hal_rtc_ex.c **** }
 875              		.loc 1 804 1 is_stmt 0 view .LVU301
 876 0068 F8BD     		pop	{r3, r4, r5, r6, r7, pc}
 877              	.LVL57:
 878              	.L50:
 764:stm/stm32l4xx/STM32L4xx_HAL_Driver/Src/stm32l4xx_hal_rtc_ex.c **** #if defined(STM32L412xx) || defined(STM32L422xx) || defined (STM32L4P5xx) || defined (STM32L4Q5xx)
 879              		.loc 1 764 5 is_stmt 1 view .LVU302
 764:stm/stm32l4xx/STM32L4xx_HAL_Driver/Src/stm32l4xx_hal_rtc_ex.c **** #if defined(STM32L412xx) || defined(STM32L422xx) || defined (STM32L4P5xx) || defined (STM32L4Q5xx)
 880              		.loc 1 764 17 is_stmt 0 view .LVU303
 881 006a FFF7FEFF 		bl	HAL_GetTick
 882              	.LVL58:
 764:stm/stm32l4xx/STM32L4xx_HAL_Driver/Src/stm32l4xx_hal_rtc_ex.c **** #if defined(STM32L412xx) || defined(STM32L422xx) || defined (STM32L4P5xx) || defined (STM32L4Q5xx)
 883              		.loc 1 764 17 view .LVU304
 884 006e 0746     		mov	r7, r0
 885              	.LVL59:
 768:stm/stm32l4xx/STM32L4xx_HAL_Driver/Src/stm32l4xx_hal_rtc_ex.c **** #endif
 886              		.loc 1 768 5 is_stmt 1 view .LVU305
 887              	.L46:
 768:stm/stm32l4xx/STM32L4xx_HAL_Driver/Src/stm32l4xx_hal_rtc_ex.c **** #endif
 888              		.loc 1 768 57 view .LVU306
ARM GAS  /var/tmp//ccqDFXEw.s 			page 31


 768:stm/stm32l4xx/STM32L4xx_HAL_Driver/Src/stm32l4xx_hal_rtc_ex.c **** #endif
 889              		.loc 1 768 12 is_stmt 0 view .LVU307
 890 0070 2368     		ldr	r3, [r4]
 891 0072 DB68     		ldr	r3, [r3, #12]
 768:stm/stm32l4xx/STM32L4xx_HAL_Driver/Src/stm32l4xx_hal_rtc_ex.c **** #endif
 892              		.loc 1 768 57 view .LVU308
 893 0074 13F0040F 		tst	r3, #4
 894 0078 E0D1     		bne	.L45
 771:stm/stm32l4xx/STM32L4xx_HAL_Driver/Src/stm32l4xx_hal_rtc_ex.c ****       {
 895              		.loc 1 771 7 is_stmt 1 view .LVU309
 771:stm/stm32l4xx/STM32L4xx_HAL_Driver/Src/stm32l4xx_hal_rtc_ex.c ****       {
 896              		.loc 1 771 12 is_stmt 0 view .LVU310
 897 007a FFF7FEFF 		bl	HAL_GetTick
 898              	.LVL60:
 771:stm/stm32l4xx/STM32L4xx_HAL_Driver/Src/stm32l4xx_hal_rtc_ex.c ****       {
 899              		.loc 1 771 26 view .LVU311
 900 007e C01B     		subs	r0, r0, r7
 771:stm/stm32l4xx/STM32L4xx_HAL_Driver/Src/stm32l4xx_hal_rtc_ex.c ****       {
 901              		.loc 1 771 10 view .LVU312
 902 0080 B0F57A7F 		cmp	r0, #1000
 903 0084 F4D9     		bls	.L46
 774:stm/stm32l4xx/STM32L4xx_HAL_Driver/Src/stm32l4xx_hal_rtc_ex.c **** 
 904              		.loc 1 774 9 is_stmt 1 view .LVU313
 774:stm/stm32l4xx/STM32L4xx_HAL_Driver/Src/stm32l4xx_hal_rtc_ex.c **** 
 905              		.loc 1 774 9 view .LVU314
 906 0086 2368     		ldr	r3, [r4]
 907 0088 FF22     		movs	r2, #255
 908 008a 5A62     		str	r2, [r3, #36]
 774:stm/stm32l4xx/STM32L4xx_HAL_Driver/Src/stm32l4xx_hal_rtc_ex.c **** 
 909              		.loc 1 774 9 view .LVU315
 776:stm/stm32l4xx/STM32L4xx_HAL_Driver/Src/stm32l4xx_hal_rtc_ex.c **** 
 910              		.loc 1 776 9 view .LVU316
 776:stm/stm32l4xx/STM32L4xx_HAL_Driver/Src/stm32l4xx_hal_rtc_ex.c **** 
 911              		.loc 1 776 21 is_stmt 0 view .LVU317
 912 008c 0320     		movs	r0, #3
 913 008e 84F82100 		strb	r0, [r4, #33]
 779:stm/stm32l4xx/STM32L4xx_HAL_Driver/Src/stm32l4xx_hal_rtc_ex.c **** 
 914              		.loc 1 779 9 is_stmt 1 view .LVU318
 779:stm/stm32l4xx/STM32L4xx_HAL_Driver/Src/stm32l4xx_hal_rtc_ex.c **** 
 915              		.loc 1 779 9 view .LVU319
 916 0092 0023     		movs	r3, #0
 917 0094 84F82030 		strb	r3, [r4, #32]
 779:stm/stm32l4xx/STM32L4xx_HAL_Driver/Src/stm32l4xx_hal_rtc_ex.c **** 
 918              		.loc 1 779 9 view .LVU320
 781:stm/stm32l4xx/STM32L4xx_HAL_Driver/Src/stm32l4xx_hal_rtc_ex.c ****       }
 919              		.loc 1 781 9 view .LVU321
 781:stm/stm32l4xx/STM32L4xx_HAL_Driver/Src/stm32l4xx_hal_rtc_ex.c ****       }
 920              		.loc 1 781 16 is_stmt 0 view .LVU322
 921 0098 E6E7     		b	.L44
 922              	.LVL61:
 923              	.L48:
 745:stm/stm32l4xx/STM32L4xx_HAL_Driver/Src/stm32l4xx_hal_rtc_ex.c **** 
 924              		.loc 1 745 3 view .LVU323
 925 009a 0220     		movs	r0, #2
 926              	.LVL62:
 745:stm/stm32l4xx/STM32L4xx_HAL_Driver/Src/stm32l4xx_hal_rtc_ex.c **** 
 927              		.loc 1 745 3 view .LVU324
ARM GAS  /var/tmp//ccqDFXEw.s 			page 32


 928 009c E4E7     		b	.L44
 929              		.cfi_endproc
 930              	.LFE297:
 932              		.section	.text.HAL_RTCEx_SetWakeUpTimer_IT,"ax",%progbits
 933              		.align	1
 934              		.global	HAL_RTCEx_SetWakeUpTimer_IT
 935              		.syntax unified
 936              		.thumb
 937              		.thumb_func
 939              	HAL_RTCEx_SetWakeUpTimer_IT:
 940              	.LVL63:
 941              	.LFB298:
 805:stm/stm32l4xx/STM32L4xx_HAL_Driver/Src/stm32l4xx_hal_rtc_ex.c **** 
 806:stm/stm32l4xx/STM32L4xx_HAL_Driver/Src/stm32l4xx_hal_rtc_ex.c **** /**
 807:stm/stm32l4xx/STM32L4xx_HAL_Driver/Src/stm32l4xx_hal_rtc_ex.c ****   * @brief  Set wake up timer with interrupt.
 808:stm/stm32l4xx/STM32L4xx_HAL_Driver/Src/stm32l4xx_hal_rtc_ex.c ****   * @param  hrtc RTC handle
 809:stm/stm32l4xx/STM32L4xx_HAL_Driver/Src/stm32l4xx_hal_rtc_ex.c ****   * @param  WakeUpCounter Wake up counter
 810:stm/stm32l4xx/STM32L4xx_HAL_Driver/Src/stm32l4xx_hal_rtc_ex.c ****   * @param  WakeUpClock Wake up clock
 811:stm/stm32l4xx/STM32L4xx_HAL_Driver/Src/stm32l4xx_hal_rtc_ex.c ****   * @param  WakeUpAutoClr Wake up auto clear value (look at WUTOCLR in reference manual)
 812:stm/stm32l4xx/STM32L4xx_HAL_Driver/Src/stm32l4xx_hal_rtc_ex.c ****   *                       - Only available for STM32L412xx and STM32L422xx
 813:stm/stm32l4xx/STM32L4xx_HAL_Driver/Src/stm32l4xx_hal_rtc_ex.c ****   *                       - No effect if WakeUpAutoClr is set to zero
 814:stm/stm32l4xx/STM32L4xx_HAL_Driver/Src/stm32l4xx_hal_rtc_ex.c ****   *                       - This feature is meaningful in case of Low power mode to avoid any RTC s
 815:stm/stm32l4xx/STM32L4xx_HAL_Driver/Src/stm32l4xx_hal_rtc_ex.c ****   *                         That is why when WakeUpAutoClr is set, EXTI is configured as EVENT inst
 816:stm/stm32l4xx/STM32L4xx_HAL_Driver/Src/stm32l4xx_hal_rtc_ex.c ****   * @retval HAL status
 817:stm/stm32l4xx/STM32L4xx_HAL_Driver/Src/stm32l4xx_hal_rtc_ex.c ****   */
 818:stm/stm32l4xx/STM32L4xx_HAL_Driver/Src/stm32l4xx_hal_rtc_ex.c **** #if defined(STM32L412xx) || defined(STM32L422xx) || defined (STM32L4P5xx) || defined (STM32L4Q5xx)
 819:stm/stm32l4xx/STM32L4xx_HAL_Driver/Src/stm32l4xx_hal_rtc_ex.c **** HAL_StatusTypeDef HAL_RTCEx_SetWakeUpTimer_IT(RTC_HandleTypeDef *hrtc, uint32_t WakeUpCounter, uint
 820:stm/stm32l4xx/STM32L4xx_HAL_Driver/Src/stm32l4xx_hal_rtc_ex.c **** #else
 821:stm/stm32l4xx/STM32L4xx_HAL_Driver/Src/stm32l4xx_hal_rtc_ex.c **** HAL_StatusTypeDef HAL_RTCEx_SetWakeUpTimer_IT(RTC_HandleTypeDef *hrtc, uint32_t WakeUpCounter, uint
 822:stm/stm32l4xx/STM32L4xx_HAL_Driver/Src/stm32l4xx_hal_rtc_ex.c **** #endif
 823:stm/stm32l4xx/STM32L4xx_HAL_Driver/Src/stm32l4xx_hal_rtc_ex.c **** {
 942              		.loc 1 823 1 is_stmt 1 view -0
 943              		.cfi_startproc
 944              		@ args = 0, pretend = 0, frame = 0
 945              		@ frame_needed = 0, uses_anonymous_args = 0
 946              		.loc 1 823 1 is_stmt 0 view .LVU326
 947 0000 F8B5     		push	{r3, r4, r5, r6, r7, lr}
 948              	.LCFI7:
 949              		.cfi_def_cfa_offset 24
 950              		.cfi_offset 3, -24
 951              		.cfi_offset 4, -20
 952              		.cfi_offset 5, -16
 953              		.cfi_offset 6, -12
 954              		.cfi_offset 7, -8
 955              		.cfi_offset 14, -4
 824:stm/stm32l4xx/STM32L4xx_HAL_Driver/Src/stm32l4xx_hal_rtc_ex.c ****   uint32_t tickstart;
 956              		.loc 1 824 3 is_stmt 1 view .LVU327
 825:stm/stm32l4xx/STM32L4xx_HAL_Driver/Src/stm32l4xx_hal_rtc_ex.c **** 
 826:stm/stm32l4xx/STM32L4xx_HAL_Driver/Src/stm32l4xx_hal_rtc_ex.c ****   /* Check the parameters */
 827:stm/stm32l4xx/STM32L4xx_HAL_Driver/Src/stm32l4xx_hal_rtc_ex.c ****   assert_param(IS_RTC_WAKEUP_CLOCK(WakeUpClock));
 957              		.loc 1 827 3 view .LVU328
 828:stm/stm32l4xx/STM32L4xx_HAL_Driver/Src/stm32l4xx_hal_rtc_ex.c ****   assert_param(IS_RTC_WAKEUP_COUNTER(WakeUpCounter));
 958              		.loc 1 828 3 view .LVU329
 829:stm/stm32l4xx/STM32L4xx_HAL_Driver/Src/stm32l4xx_hal_rtc_ex.c **** #if defined(STM32L412xx) || defined(STM32L422xx) || defined (STM32L4P5xx) || defined (STM32L4Q5xx)
 830:stm/stm32l4xx/STM32L4xx_HAL_Driver/Src/stm32l4xx_hal_rtc_ex.c ****   /* (0x0000<=WUTOCLR<=WUT) */
 831:stm/stm32l4xx/STM32L4xx_HAL_Driver/Src/stm32l4xx_hal_rtc_ex.c ****   assert_param(WakeUpAutoClr <= WakeUpCounter);
 832:stm/stm32l4xx/STM32L4xx_HAL_Driver/Src/stm32l4xx_hal_rtc_ex.c **** #endif
ARM GAS  /var/tmp//ccqDFXEw.s 			page 33


 833:stm/stm32l4xx/STM32L4xx_HAL_Driver/Src/stm32l4xx_hal_rtc_ex.c **** 
 834:stm/stm32l4xx/STM32L4xx_HAL_Driver/Src/stm32l4xx_hal_rtc_ex.c ****   /* Process Locked */
 835:stm/stm32l4xx/STM32L4xx_HAL_Driver/Src/stm32l4xx_hal_rtc_ex.c ****   __HAL_LOCK(hrtc);
 959              		.loc 1 835 3 view .LVU330
 960              		.loc 1 835 3 view .LVU331
 961 0002 90F82030 		ldrb	r3, [r0, #32]	@ zero_extendqisi2
 962 0006 012B     		cmp	r3, #1
 963 0008 5BD0     		beq	.L56
 964 000a 0446     		mov	r4, r0
 965 000c 0E46     		mov	r6, r1
 966 000e 1546     		mov	r5, r2
 967              		.loc 1 835 3 discriminator 2 view .LVU332
 968 0010 0123     		movs	r3, #1
 969 0012 80F82030 		strb	r3, [r0, #32]
 970              		.loc 1 835 3 discriminator 2 view .LVU333
 836:stm/stm32l4xx/STM32L4xx_HAL_Driver/Src/stm32l4xx_hal_rtc_ex.c **** 
 837:stm/stm32l4xx/STM32L4xx_HAL_Driver/Src/stm32l4xx_hal_rtc_ex.c ****   hrtc->State = HAL_RTC_STATE_BUSY;
 971              		.loc 1 837 3 discriminator 2 view .LVU334
 972              		.loc 1 837 15 is_stmt 0 discriminator 2 view .LVU335
 973 0016 0223     		movs	r3, #2
 974 0018 80F82130 		strb	r3, [r0, #33]
 838:stm/stm32l4xx/STM32L4xx_HAL_Driver/Src/stm32l4xx_hal_rtc_ex.c **** 
 839:stm/stm32l4xx/STM32L4xx_HAL_Driver/Src/stm32l4xx_hal_rtc_ex.c ****   /* Disable the write protection for RTC registers */
 840:stm/stm32l4xx/STM32L4xx_HAL_Driver/Src/stm32l4xx_hal_rtc_ex.c ****   __HAL_RTC_WRITEPROTECTION_DISABLE(hrtc);
 975              		.loc 1 840 3 is_stmt 1 discriminator 2 view .LVU336
 976              		.loc 1 840 3 discriminator 2 view .LVU337
 977 001c 0368     		ldr	r3, [r0]
 978 001e CA22     		movs	r2, #202
 979              	.LVL64:
 980              		.loc 1 840 3 is_stmt 0 discriminator 2 view .LVU338
 981 0020 5A62     		str	r2, [r3, #36]
 982              		.loc 1 840 3 is_stmt 1 discriminator 2 view .LVU339
 983 0022 0368     		ldr	r3, [r0]
 984 0024 5322     		movs	r2, #83
 985 0026 5A62     		str	r2, [r3, #36]
 986              		.loc 1 840 3 discriminator 2 view .LVU340
 841:stm/stm32l4xx/STM32L4xx_HAL_Driver/Src/stm32l4xx_hal_rtc_ex.c **** 
 842:stm/stm32l4xx/STM32L4xx_HAL_Driver/Src/stm32l4xx_hal_rtc_ex.c ****   /* Clear WUTE in RTC_CR to disable the wakeup timer */
 843:stm/stm32l4xx/STM32L4xx_HAL_Driver/Src/stm32l4xx_hal_rtc_ex.c ****   CLEAR_BIT(hrtc->Instance->CR, RTC_CR_WUTE);
 987              		.loc 1 843 3 discriminator 2 view .LVU341
 988 0028 0268     		ldr	r2, [r0]
 989 002a 9368     		ldr	r3, [r2, #8]
 990 002c 23F48063 		bic	r3, r3, #1024
 991 0030 9360     		str	r3, [r2, #8]
 844:stm/stm32l4xx/STM32L4xx_HAL_Driver/Src/stm32l4xx_hal_rtc_ex.c **** 
 845:stm/stm32l4xx/STM32L4xx_HAL_Driver/Src/stm32l4xx_hal_rtc_ex.c ****   /* Clear flag Wake-Up */
 846:stm/stm32l4xx/STM32L4xx_HAL_Driver/Src/stm32l4xx_hal_rtc_ex.c ****   __HAL_RTC_WAKEUPTIMER_CLEAR_FLAG(hrtc, RTC_FLAG_WUTF);
 992              		.loc 1 846 3 discriminator 2 view .LVU342
 993 0032 0268     		ldr	r2, [r0]
 994 0034 D368     		ldr	r3, [r2, #12]
 995 0036 DBB2     		uxtb	r3, r3
 996 0038 63F49063 		orn	r3, r3, #1152
 997 003c D360     		str	r3, [r2, #12]
 847:stm/stm32l4xx/STM32L4xx_HAL_Driver/Src/stm32l4xx_hal_rtc_ex.c **** 
 848:stm/stm32l4xx/STM32L4xx_HAL_Driver/Src/stm32l4xx_hal_rtc_ex.c ****   /* Poll WUTWF until it is set in RTC_ICSR to make sure the access to wakeup autoreload
 849:stm/stm32l4xx/STM32L4xx_HAL_Driver/Src/stm32l4xx_hal_rtc_ex.c ****      counter and to WUCKSEL[2:0] bits is allowed. This step must be skipped in
 850:stm/stm32l4xx/STM32L4xx_HAL_Driver/Src/stm32l4xx_hal_rtc_ex.c ****      calendar initialization mode. */
ARM GAS  /var/tmp//ccqDFXEw.s 			page 34


 851:stm/stm32l4xx/STM32L4xx_HAL_Driver/Src/stm32l4xx_hal_rtc_ex.c **** #if defined(STM32L412xx) || defined(STM32L422xx) || defined (STM32L4P5xx) || defined (STM32L4Q5xx)
 852:stm/stm32l4xx/STM32L4xx_HAL_Driver/Src/stm32l4xx_hal_rtc_ex.c ****   if (READ_BIT(hrtc->Instance->ICSR, RTC_ICSR_INITF) == 0U)
 853:stm/stm32l4xx/STM32L4xx_HAL_Driver/Src/stm32l4xx_hal_rtc_ex.c **** #else
 854:stm/stm32l4xx/STM32L4xx_HAL_Driver/Src/stm32l4xx_hal_rtc_ex.c ****   if (READ_BIT(hrtc->Instance->ISR, RTC_ISR_INITF) == 0U)
 998              		.loc 1 854 3 discriminator 2 view .LVU343
 999              		.loc 1 854 7 is_stmt 0 discriminator 2 view .LVU344
 1000 003e 0368     		ldr	r3, [r0]
 1001 0040 DB68     		ldr	r3, [r3, #12]
 1002              		.loc 1 854 6 discriminator 2 view .LVU345
 1003 0042 13F0400F 		tst	r3, #64
 1004 0046 24D0     		beq	.L58
 1005              	.LVL65:
 1006              	.L53:
 855:stm/stm32l4xx/STM32L4xx_HAL_Driver/Src/stm32l4xx_hal_rtc_ex.c **** #endif
 856:stm/stm32l4xx/STM32L4xx_HAL_Driver/Src/stm32l4xx_hal_rtc_ex.c ****   {
 857:stm/stm32l4xx/STM32L4xx_HAL_Driver/Src/stm32l4xx_hal_rtc_ex.c ****     tickstart = HAL_GetTick();
 858:stm/stm32l4xx/STM32L4xx_HAL_Driver/Src/stm32l4xx_hal_rtc_ex.c **** #if defined(STM32L412xx) || defined(STM32L422xx) || defined (STM32L4P5xx) || defined (STM32L4Q5xx)
 859:stm/stm32l4xx/STM32L4xx_HAL_Driver/Src/stm32l4xx_hal_rtc_ex.c ****     while (READ_BIT(hrtc->Instance->ICSR, RTC_ICSR_WUTWF) == 0U)
 860:stm/stm32l4xx/STM32L4xx_HAL_Driver/Src/stm32l4xx_hal_rtc_ex.c **** #else
 861:stm/stm32l4xx/STM32L4xx_HAL_Driver/Src/stm32l4xx_hal_rtc_ex.c ****     while (READ_BIT(hrtc->Instance->ISR, RTC_ISR_WUTWF) == 0U)
 862:stm/stm32l4xx/STM32L4xx_HAL_Driver/Src/stm32l4xx_hal_rtc_ex.c **** #endif
 863:stm/stm32l4xx/STM32L4xx_HAL_Driver/Src/stm32l4xx_hal_rtc_ex.c ****     {
 864:stm/stm32l4xx/STM32L4xx_HAL_Driver/Src/stm32l4xx_hal_rtc_ex.c ****       if ((HAL_GetTick() - tickstart) > RTC_TIMEOUT_VALUE)
 865:stm/stm32l4xx/STM32L4xx_HAL_Driver/Src/stm32l4xx_hal_rtc_ex.c ****       {
 866:stm/stm32l4xx/STM32L4xx_HAL_Driver/Src/stm32l4xx_hal_rtc_ex.c ****         /* Enable the write protection for RTC registers */
 867:stm/stm32l4xx/STM32L4xx_HAL_Driver/Src/stm32l4xx_hal_rtc_ex.c ****         __HAL_RTC_WRITEPROTECTION_ENABLE(hrtc);
 868:stm/stm32l4xx/STM32L4xx_HAL_Driver/Src/stm32l4xx_hal_rtc_ex.c **** 
 869:stm/stm32l4xx/STM32L4xx_HAL_Driver/Src/stm32l4xx_hal_rtc_ex.c ****         hrtc->State = HAL_RTC_STATE_TIMEOUT;
 870:stm/stm32l4xx/STM32L4xx_HAL_Driver/Src/stm32l4xx_hal_rtc_ex.c **** 
 871:stm/stm32l4xx/STM32L4xx_HAL_Driver/Src/stm32l4xx_hal_rtc_ex.c ****         /* Process Unlocked */
 872:stm/stm32l4xx/STM32L4xx_HAL_Driver/Src/stm32l4xx_hal_rtc_ex.c ****         __HAL_UNLOCK(hrtc);
 873:stm/stm32l4xx/STM32L4xx_HAL_Driver/Src/stm32l4xx_hal_rtc_ex.c **** 
 874:stm/stm32l4xx/STM32L4xx_HAL_Driver/Src/stm32l4xx_hal_rtc_ex.c ****         return HAL_TIMEOUT;
 875:stm/stm32l4xx/STM32L4xx_HAL_Driver/Src/stm32l4xx_hal_rtc_ex.c ****       }
 876:stm/stm32l4xx/STM32L4xx_HAL_Driver/Src/stm32l4xx_hal_rtc_ex.c ****     }
 877:stm/stm32l4xx/STM32L4xx_HAL_Driver/Src/stm32l4xx_hal_rtc_ex.c ****   }
 878:stm/stm32l4xx/STM32L4xx_HAL_Driver/Src/stm32l4xx_hal_rtc_ex.c **** 
 879:stm/stm32l4xx/STM32L4xx_HAL_Driver/Src/stm32l4xx_hal_rtc_ex.c **** #if defined(STM32L412xx) || defined(STM32L422xx) || defined (STM32L4P5xx) || defined (STM32L4Q5xx)
 880:stm/stm32l4xx/STM32L4xx_HAL_Driver/Src/stm32l4xx_hal_rtc_ex.c ****   /* Configure the Wakeup Timer counter and auto clear value */
 881:stm/stm32l4xx/STM32L4xx_HAL_Driver/Src/stm32l4xx_hal_rtc_ex.c ****   hrtc->Instance->WUTR = (uint32_t)(WakeUpCounter | (WakeUpAutoClr << RTC_WUTR_WUTOCLR_Pos));
 882:stm/stm32l4xx/STM32L4xx_HAL_Driver/Src/stm32l4xx_hal_rtc_ex.c **** #else
 883:stm/stm32l4xx/STM32L4xx_HAL_Driver/Src/stm32l4xx_hal_rtc_ex.c ****   /* Configure the Wakeup Timer counter */
 884:stm/stm32l4xx/STM32L4xx_HAL_Driver/Src/stm32l4xx_hal_rtc_ex.c ****   hrtc->Instance->WUTR = (uint32_t)WakeUpCounter;
 1007              		.loc 1 884 3 is_stmt 1 view .LVU346
 1008              		.loc 1 884 7 is_stmt 0 view .LVU347
 1009 0048 2368     		ldr	r3, [r4]
 1010              		.loc 1 884 24 view .LVU348
 1011 004a 5E61     		str	r6, [r3, #20]
 885:stm/stm32l4xx/STM32L4xx_HAL_Driver/Src/stm32l4xx_hal_rtc_ex.c **** #endif
 886:stm/stm32l4xx/STM32L4xx_HAL_Driver/Src/stm32l4xx_hal_rtc_ex.c **** 
 887:stm/stm32l4xx/STM32L4xx_HAL_Driver/Src/stm32l4xx_hal_rtc_ex.c ****   /* Configure the clock source */
 888:stm/stm32l4xx/STM32L4xx_HAL_Driver/Src/stm32l4xx_hal_rtc_ex.c ****   MODIFY_REG(hrtc->Instance->CR, RTC_CR_WUCKSEL, (uint32_t)WakeUpClock);
 1012              		.loc 1 888 3 is_stmt 1 view .LVU349
 1013 004c 2268     		ldr	r2, [r4]
 1014 004e 9368     		ldr	r3, [r2, #8]
 1015 0050 23F00703 		bic	r3, r3, #7
 1016 0054 2B43     		orrs	r3, r3, r5
ARM GAS  /var/tmp//ccqDFXEw.s 			page 35


 1017 0056 9360     		str	r3, [r2, #8]
 889:stm/stm32l4xx/STM32L4xx_HAL_Driver/Src/stm32l4xx_hal_rtc_ex.c **** 
 890:stm/stm32l4xx/STM32L4xx_HAL_Driver/Src/stm32l4xx_hal_rtc_ex.c **** #if defined(STM32L412xx) || defined(STM32L422xx) || defined (STM32L4P5xx) || defined (STM32L4Q5xx)
 891:stm/stm32l4xx/STM32L4xx_HAL_Driver/Src/stm32l4xx_hal_rtc_ex.c ****   /* In case of WUT autoclr, the IRQ handler should not be called */
 892:stm/stm32l4xx/STM32L4xx_HAL_Driver/Src/stm32l4xx_hal_rtc_ex.c ****   if (WakeUpAutoClr != 0u)
 893:stm/stm32l4xx/STM32L4xx_HAL_Driver/Src/stm32l4xx_hal_rtc_ex.c ****   {
 894:stm/stm32l4xx/STM32L4xx_HAL_Driver/Src/stm32l4xx_hal_rtc_ex.c ****     /* RTC WakeUpTimer EXTI Configuration: Event configuration */
 895:stm/stm32l4xx/STM32L4xx_HAL_Driver/Src/stm32l4xx_hal_rtc_ex.c ****     __HAL_RTC_WAKEUPTIMER_EXTI_ENABLE_EVENT();
 896:stm/stm32l4xx/STM32L4xx_HAL_Driver/Src/stm32l4xx_hal_rtc_ex.c ****   }
 897:stm/stm32l4xx/STM32L4xx_HAL_Driver/Src/stm32l4xx_hal_rtc_ex.c ****   else
 898:stm/stm32l4xx/STM32L4xx_HAL_Driver/Src/stm32l4xx_hal_rtc_ex.c ****   {
 899:stm/stm32l4xx/STM32L4xx_HAL_Driver/Src/stm32l4xx_hal_rtc_ex.c ****     /* RTC WakeUpTimer EXTI Configuration: Interrupt configuration */
 900:stm/stm32l4xx/STM32L4xx_HAL_Driver/Src/stm32l4xx_hal_rtc_ex.c ****     __HAL_RTC_WAKEUPTIMER_EXTI_ENABLE_IT();
 901:stm/stm32l4xx/STM32L4xx_HAL_Driver/Src/stm32l4xx_hal_rtc_ex.c ****   }
 902:stm/stm32l4xx/STM32L4xx_HAL_Driver/Src/stm32l4xx_hal_rtc_ex.c **** #else /* defined(STM32L412xx) || defined(STM32L422xx) || defined (STM32L4P5xx) || defined (STM32L4Q
 903:stm/stm32l4xx/STM32L4xx_HAL_Driver/Src/stm32l4xx_hal_rtc_ex.c ****   __HAL_RTC_WAKEUPTIMER_EXTI_ENABLE_IT();
 1018              		.loc 1 903 3 view .LVU350
 1019 0058 1B4B     		ldr	r3, .L59
 1020 005a 1A68     		ldr	r2, [r3]
 1021 005c 42F48012 		orr	r2, r2, #1048576
 1022 0060 1A60     		str	r2, [r3]
 904:stm/stm32l4xx/STM32L4xx_HAL_Driver/Src/stm32l4xx_hal_rtc_ex.c **** #endif /* defined(STM32L412xx) || defined(STM32L422xx) || defined (STM32L4P5xx) || defined (STM32L4
 905:stm/stm32l4xx/STM32L4xx_HAL_Driver/Src/stm32l4xx_hal_rtc_ex.c **** 
 906:stm/stm32l4xx/STM32L4xx_HAL_Driver/Src/stm32l4xx_hal_rtc_ex.c ****   __HAL_RTC_WAKEUPTIMER_EXTI_ENABLE_RISING_EDGE();
 1023              		.loc 1 906 3 view .LVU351
 1024 0062 9A68     		ldr	r2, [r3, #8]
 1025 0064 42F48012 		orr	r2, r2, #1048576
 1026 0068 9A60     		str	r2, [r3, #8]
 907:stm/stm32l4xx/STM32L4xx_HAL_Driver/Src/stm32l4xx_hal_rtc_ex.c **** 
 908:stm/stm32l4xx/STM32L4xx_HAL_Driver/Src/stm32l4xx_hal_rtc_ex.c ****   /* Configure the Interrupt in the RTC_CR register */
 909:stm/stm32l4xx/STM32L4xx_HAL_Driver/Src/stm32l4xx_hal_rtc_ex.c ****   __HAL_RTC_WAKEUPTIMER_ENABLE_IT(hrtc, RTC_IT_WUT);
 1027              		.loc 1 909 3 view .LVU352
 1028 006a 2268     		ldr	r2, [r4]
 1029 006c 9368     		ldr	r3, [r2, #8]
 1030 006e 43F48043 		orr	r3, r3, #16384
 1031 0072 9360     		str	r3, [r2, #8]
 910:stm/stm32l4xx/STM32L4xx_HAL_Driver/Src/stm32l4xx_hal_rtc_ex.c **** 
 911:stm/stm32l4xx/STM32L4xx_HAL_Driver/Src/stm32l4xx_hal_rtc_ex.c ****   /* Enable the Wakeup Timer */
 912:stm/stm32l4xx/STM32L4xx_HAL_Driver/Src/stm32l4xx_hal_rtc_ex.c ****   __HAL_RTC_WAKEUPTIMER_ENABLE(hrtc);
 1032              		.loc 1 912 3 view .LVU353
 1033 0074 2268     		ldr	r2, [r4]
 1034 0076 9368     		ldr	r3, [r2, #8]
 1035 0078 43F48063 		orr	r3, r3, #1024
 1036 007c 9360     		str	r3, [r2, #8]
 913:stm/stm32l4xx/STM32L4xx_HAL_Driver/Src/stm32l4xx_hal_rtc_ex.c **** 
 914:stm/stm32l4xx/STM32L4xx_HAL_Driver/Src/stm32l4xx_hal_rtc_ex.c ****   /* Enable the write protection for RTC registers */
 915:stm/stm32l4xx/STM32L4xx_HAL_Driver/Src/stm32l4xx_hal_rtc_ex.c ****   __HAL_RTC_WRITEPROTECTION_ENABLE(hrtc);
 1037              		.loc 1 915 3 view .LVU354
 1038              		.loc 1 915 3 view .LVU355
 1039 007e 2368     		ldr	r3, [r4]
 1040 0080 FF22     		movs	r2, #255
 1041 0082 5A62     		str	r2, [r3, #36]
 1042              		.loc 1 915 3 view .LVU356
 916:stm/stm32l4xx/STM32L4xx_HAL_Driver/Src/stm32l4xx_hal_rtc_ex.c **** 
 917:stm/stm32l4xx/STM32L4xx_HAL_Driver/Src/stm32l4xx_hal_rtc_ex.c ****   hrtc->State = HAL_RTC_STATE_READY;
 1043              		.loc 1 917 3 view .LVU357
 1044              		.loc 1 917 15 is_stmt 0 view .LVU358
ARM GAS  /var/tmp//ccqDFXEw.s 			page 36


 1045 0084 0123     		movs	r3, #1
 1046 0086 84F82130 		strb	r3, [r4, #33]
 918:stm/stm32l4xx/STM32L4xx_HAL_Driver/Src/stm32l4xx_hal_rtc_ex.c **** 
 919:stm/stm32l4xx/STM32L4xx_HAL_Driver/Src/stm32l4xx_hal_rtc_ex.c ****   /* Process Unlocked */
 920:stm/stm32l4xx/STM32L4xx_HAL_Driver/Src/stm32l4xx_hal_rtc_ex.c ****   __HAL_UNLOCK(hrtc);
 1047              		.loc 1 920 3 is_stmt 1 view .LVU359
 1048              		.loc 1 920 3 view .LVU360
 1049 008a 0020     		movs	r0, #0
 1050 008c 84F82000 		strb	r0, [r4, #32]
 1051              		.loc 1 920 3 view .LVU361
 921:stm/stm32l4xx/STM32L4xx_HAL_Driver/Src/stm32l4xx_hal_rtc_ex.c **** 
 922:stm/stm32l4xx/STM32L4xx_HAL_Driver/Src/stm32l4xx_hal_rtc_ex.c ****   return HAL_OK;
 1052              		.loc 1 922 3 view .LVU362
 1053              	.LVL66:
 1054              	.L52:
 923:stm/stm32l4xx/STM32L4xx_HAL_Driver/Src/stm32l4xx_hal_rtc_ex.c **** }
 1055              		.loc 1 923 1 is_stmt 0 view .LVU363
 1056 0090 F8BD     		pop	{r3, r4, r5, r6, r7, pc}
 1057              	.LVL67:
 1058              	.L58:
 857:stm/stm32l4xx/STM32L4xx_HAL_Driver/Src/stm32l4xx_hal_rtc_ex.c **** #if defined(STM32L412xx) || defined(STM32L422xx) || defined (STM32L4P5xx) || defined (STM32L4Q5xx)
 1059              		.loc 1 857 5 is_stmt 1 view .LVU364
 857:stm/stm32l4xx/STM32L4xx_HAL_Driver/Src/stm32l4xx_hal_rtc_ex.c **** #if defined(STM32L412xx) || defined(STM32L422xx) || defined (STM32L4P5xx) || defined (STM32L4Q5xx)
 1060              		.loc 1 857 17 is_stmt 0 view .LVU365
 1061 0092 FFF7FEFF 		bl	HAL_GetTick
 1062              	.LVL68:
 857:stm/stm32l4xx/STM32L4xx_HAL_Driver/Src/stm32l4xx_hal_rtc_ex.c **** #if defined(STM32L412xx) || defined(STM32L422xx) || defined (STM32L4P5xx) || defined (STM32L4Q5xx)
 1063              		.loc 1 857 17 view .LVU366
 1064 0096 0746     		mov	r7, r0
 1065              	.LVL69:
 861:stm/stm32l4xx/STM32L4xx_HAL_Driver/Src/stm32l4xx_hal_rtc_ex.c **** #endif
 1066              		.loc 1 861 5 is_stmt 1 view .LVU367
 1067              	.L54:
 861:stm/stm32l4xx/STM32L4xx_HAL_Driver/Src/stm32l4xx_hal_rtc_ex.c **** #endif
 1068              		.loc 1 861 57 view .LVU368
 861:stm/stm32l4xx/STM32L4xx_HAL_Driver/Src/stm32l4xx_hal_rtc_ex.c **** #endif
 1069              		.loc 1 861 12 is_stmt 0 view .LVU369
 1070 0098 2368     		ldr	r3, [r4]
 1071 009a DB68     		ldr	r3, [r3, #12]
 861:stm/stm32l4xx/STM32L4xx_HAL_Driver/Src/stm32l4xx_hal_rtc_ex.c **** #endif
 1072              		.loc 1 861 57 view .LVU370
 1073 009c 13F0040F 		tst	r3, #4
 1074 00a0 D2D1     		bne	.L53
 864:stm/stm32l4xx/STM32L4xx_HAL_Driver/Src/stm32l4xx_hal_rtc_ex.c ****       {
 1075              		.loc 1 864 7 is_stmt 1 view .LVU371
 864:stm/stm32l4xx/STM32L4xx_HAL_Driver/Src/stm32l4xx_hal_rtc_ex.c ****       {
 1076              		.loc 1 864 12 is_stmt 0 view .LVU372
 1077 00a2 FFF7FEFF 		bl	HAL_GetTick
 1078              	.LVL70:
 864:stm/stm32l4xx/STM32L4xx_HAL_Driver/Src/stm32l4xx_hal_rtc_ex.c ****       {
 1079              		.loc 1 864 26 view .LVU373
 1080 00a6 C01B     		subs	r0, r0, r7
 864:stm/stm32l4xx/STM32L4xx_HAL_Driver/Src/stm32l4xx_hal_rtc_ex.c ****       {
 1081              		.loc 1 864 10 view .LVU374
 1082 00a8 B0F57A7F 		cmp	r0, #1000
 1083 00ac F4D9     		bls	.L54
 867:stm/stm32l4xx/STM32L4xx_HAL_Driver/Src/stm32l4xx_hal_rtc_ex.c **** 
ARM GAS  /var/tmp//ccqDFXEw.s 			page 37


 1084              		.loc 1 867 9 is_stmt 1 view .LVU375
 867:stm/stm32l4xx/STM32L4xx_HAL_Driver/Src/stm32l4xx_hal_rtc_ex.c **** 
 1085              		.loc 1 867 9 view .LVU376
 1086 00ae 2368     		ldr	r3, [r4]
 1087 00b0 FF22     		movs	r2, #255
 1088 00b2 5A62     		str	r2, [r3, #36]
 867:stm/stm32l4xx/STM32L4xx_HAL_Driver/Src/stm32l4xx_hal_rtc_ex.c **** 
 1089              		.loc 1 867 9 view .LVU377
 869:stm/stm32l4xx/STM32L4xx_HAL_Driver/Src/stm32l4xx_hal_rtc_ex.c **** 
 1090              		.loc 1 869 9 view .LVU378
 869:stm/stm32l4xx/STM32L4xx_HAL_Driver/Src/stm32l4xx_hal_rtc_ex.c **** 
 1091              		.loc 1 869 21 is_stmt 0 view .LVU379
 1092 00b4 0320     		movs	r0, #3
 1093 00b6 84F82100 		strb	r0, [r4, #33]
 872:stm/stm32l4xx/STM32L4xx_HAL_Driver/Src/stm32l4xx_hal_rtc_ex.c **** 
 1094              		.loc 1 872 9 is_stmt 1 view .LVU380
 872:stm/stm32l4xx/STM32L4xx_HAL_Driver/Src/stm32l4xx_hal_rtc_ex.c **** 
 1095              		.loc 1 872 9 view .LVU381
 1096 00ba 0023     		movs	r3, #0
 1097 00bc 84F82030 		strb	r3, [r4, #32]
 872:stm/stm32l4xx/STM32L4xx_HAL_Driver/Src/stm32l4xx_hal_rtc_ex.c **** 
 1098              		.loc 1 872 9 view .LVU382
 874:stm/stm32l4xx/STM32L4xx_HAL_Driver/Src/stm32l4xx_hal_rtc_ex.c ****       }
 1099              		.loc 1 874 9 view .LVU383
 874:stm/stm32l4xx/STM32L4xx_HAL_Driver/Src/stm32l4xx_hal_rtc_ex.c ****       }
 1100              		.loc 1 874 16 is_stmt 0 view .LVU384
 1101 00c0 E6E7     		b	.L52
 1102              	.LVL71:
 1103              	.L56:
 835:stm/stm32l4xx/STM32L4xx_HAL_Driver/Src/stm32l4xx_hal_rtc_ex.c **** 
 1104              		.loc 1 835 3 view .LVU385
 1105 00c2 0220     		movs	r0, #2
 1106              	.LVL72:
 835:stm/stm32l4xx/STM32L4xx_HAL_Driver/Src/stm32l4xx_hal_rtc_ex.c **** 
 1107              		.loc 1 835 3 view .LVU386
 1108 00c4 E4E7     		b	.L52
 1109              	.L60:
 1110 00c6 00BF     		.align	2
 1111              	.L59:
 1112 00c8 00040140 		.word	1073808384
 1113              		.cfi_endproc
 1114              	.LFE298:
 1116              		.section	.text.HAL_RTCEx_DeactivateWakeUpTimer,"ax",%progbits
 1117              		.align	1
 1118              		.global	HAL_RTCEx_DeactivateWakeUpTimer
 1119              		.syntax unified
 1120              		.thumb
 1121              		.thumb_func
 1123              	HAL_RTCEx_DeactivateWakeUpTimer:
 1124              	.LVL73:
 1125              	.LFB299:
 924:stm/stm32l4xx/STM32L4xx_HAL_Driver/Src/stm32l4xx_hal_rtc_ex.c **** 
 925:stm/stm32l4xx/STM32L4xx_HAL_Driver/Src/stm32l4xx_hal_rtc_ex.c **** /**
 926:stm/stm32l4xx/STM32L4xx_HAL_Driver/Src/stm32l4xx_hal_rtc_ex.c ****   * @brief  Deactivate wake up timer counter.
 927:stm/stm32l4xx/STM32L4xx_HAL_Driver/Src/stm32l4xx_hal_rtc_ex.c ****   * @param  hrtc RTC handle
 928:stm/stm32l4xx/STM32L4xx_HAL_Driver/Src/stm32l4xx_hal_rtc_ex.c ****   * @retval HAL status
 929:stm/stm32l4xx/STM32L4xx_HAL_Driver/Src/stm32l4xx_hal_rtc_ex.c ****   */
ARM GAS  /var/tmp//ccqDFXEw.s 			page 38


 930:stm/stm32l4xx/STM32L4xx_HAL_Driver/Src/stm32l4xx_hal_rtc_ex.c **** HAL_StatusTypeDef HAL_RTCEx_DeactivateWakeUpTimer(RTC_HandleTypeDef *hrtc)
 931:stm/stm32l4xx/STM32L4xx_HAL_Driver/Src/stm32l4xx_hal_rtc_ex.c **** {
 1126              		.loc 1 931 1 is_stmt 1 view -0
 1127              		.cfi_startproc
 1128              		@ args = 0, pretend = 0, frame = 0
 1129              		@ frame_needed = 0, uses_anonymous_args = 0
 1130              		.loc 1 931 1 is_stmt 0 view .LVU388
 1131 0000 38B5     		push	{r3, r4, r5, lr}
 1132              	.LCFI8:
 1133              		.cfi_def_cfa_offset 16
 1134              		.cfi_offset 3, -16
 1135              		.cfi_offset 4, -12
 1136              		.cfi_offset 5, -8
 1137              		.cfi_offset 14, -4
 932:stm/stm32l4xx/STM32L4xx_HAL_Driver/Src/stm32l4xx_hal_rtc_ex.c ****   uint32_t tickstart;
 1138              		.loc 1 932 3 is_stmt 1 view .LVU389
 933:stm/stm32l4xx/STM32L4xx_HAL_Driver/Src/stm32l4xx_hal_rtc_ex.c **** 
 934:stm/stm32l4xx/STM32L4xx_HAL_Driver/Src/stm32l4xx_hal_rtc_ex.c ****   /* Process Locked */
 935:stm/stm32l4xx/STM32L4xx_HAL_Driver/Src/stm32l4xx_hal_rtc_ex.c ****   __HAL_LOCK(hrtc);
 1139              		.loc 1 935 3 view .LVU390
 1140              		.loc 1 935 3 view .LVU391
 1141 0002 90F82030 		ldrb	r3, [r0, #32]	@ zero_extendqisi2
 1142 0006 012B     		cmp	r3, #1
 1143 0008 37D0     		beq	.L65
 1144 000a 0446     		mov	r4, r0
 1145              		.loc 1 935 3 discriminator 2 view .LVU392
 1146 000c 0123     		movs	r3, #1
 1147 000e 80F82030 		strb	r3, [r0, #32]
 1148              		.loc 1 935 3 discriminator 2 view .LVU393
 936:stm/stm32l4xx/STM32L4xx_HAL_Driver/Src/stm32l4xx_hal_rtc_ex.c **** 
 937:stm/stm32l4xx/STM32L4xx_HAL_Driver/Src/stm32l4xx_hal_rtc_ex.c ****   hrtc->State = HAL_RTC_STATE_BUSY;
 1149              		.loc 1 937 3 discriminator 2 view .LVU394
 1150              		.loc 1 937 15 is_stmt 0 discriminator 2 view .LVU395
 1151 0012 0223     		movs	r3, #2
 1152 0014 80F82130 		strb	r3, [r0, #33]
 938:stm/stm32l4xx/STM32L4xx_HAL_Driver/Src/stm32l4xx_hal_rtc_ex.c **** 
 939:stm/stm32l4xx/STM32L4xx_HAL_Driver/Src/stm32l4xx_hal_rtc_ex.c ****   /* Disable the write protection for RTC registers */
 940:stm/stm32l4xx/STM32L4xx_HAL_Driver/Src/stm32l4xx_hal_rtc_ex.c ****   __HAL_RTC_WRITEPROTECTION_DISABLE(hrtc);
 1153              		.loc 1 940 3 is_stmt 1 discriminator 2 view .LVU396
 1154              		.loc 1 940 3 discriminator 2 view .LVU397
 1155 0018 0368     		ldr	r3, [r0]
 1156 001a CA22     		movs	r2, #202
 1157 001c 5A62     		str	r2, [r3, #36]
 1158              		.loc 1 940 3 discriminator 2 view .LVU398
 1159 001e 0368     		ldr	r3, [r0]
 1160 0020 5322     		movs	r2, #83
 1161 0022 5A62     		str	r2, [r3, #36]
 1162              		.loc 1 940 3 discriminator 2 view .LVU399
 941:stm/stm32l4xx/STM32L4xx_HAL_Driver/Src/stm32l4xx_hal_rtc_ex.c **** 
 942:stm/stm32l4xx/STM32L4xx_HAL_Driver/Src/stm32l4xx_hal_rtc_ex.c ****   /* Disable the Wakeup Timer */
 943:stm/stm32l4xx/STM32L4xx_HAL_Driver/Src/stm32l4xx_hal_rtc_ex.c ****   __HAL_RTC_WAKEUPTIMER_DISABLE(hrtc);
 1163              		.loc 1 943 3 discriminator 2 view .LVU400
 1164 0024 0268     		ldr	r2, [r0]
 1165 0026 9368     		ldr	r3, [r2, #8]
 1166 0028 23F48063 		bic	r3, r3, #1024
 1167 002c 9360     		str	r3, [r2, #8]
 944:stm/stm32l4xx/STM32L4xx_HAL_Driver/Src/stm32l4xx_hal_rtc_ex.c **** 
ARM GAS  /var/tmp//ccqDFXEw.s 			page 39


 945:stm/stm32l4xx/STM32L4xx_HAL_Driver/Src/stm32l4xx_hal_rtc_ex.c ****   /* In case of interrupt mode is used, the interrupt source must disabled */
 946:stm/stm32l4xx/STM32L4xx_HAL_Driver/Src/stm32l4xx_hal_rtc_ex.c ****   __HAL_RTC_WAKEUPTIMER_DISABLE_IT(hrtc, RTC_IT_WUT);
 1168              		.loc 1 946 3 discriminator 2 view .LVU401
 1169 002e 0268     		ldr	r2, [r0]
 1170 0030 9368     		ldr	r3, [r2, #8]
 1171 0032 23F48043 		bic	r3, r3, #16384
 1172 0036 9360     		str	r3, [r2, #8]
 947:stm/stm32l4xx/STM32L4xx_HAL_Driver/Src/stm32l4xx_hal_rtc_ex.c **** 
 948:stm/stm32l4xx/STM32L4xx_HAL_Driver/Src/stm32l4xx_hal_rtc_ex.c ****   tickstart = HAL_GetTick();
 1173              		.loc 1 948 3 discriminator 2 view .LVU402
 1174              		.loc 1 948 15 is_stmt 0 discriminator 2 view .LVU403
 1175 0038 FFF7FEFF 		bl	HAL_GetTick
 1176              	.LVL74:
 1177              		.loc 1 948 15 discriminator 2 view .LVU404
 1178 003c 0546     		mov	r5, r0
 1179              	.LVL75:
 949:stm/stm32l4xx/STM32L4xx_HAL_Driver/Src/stm32l4xx_hal_rtc_ex.c ****   /* Wait till RTC WUTWF flag is set and if Time out is reached exit */
 950:stm/stm32l4xx/STM32L4xx_HAL_Driver/Src/stm32l4xx_hal_rtc_ex.c ****   while (__HAL_RTC_WAKEUPTIMER_GET_FLAG(hrtc, RTC_FLAG_WUTWF) == 0U)
 1180              		.loc 1 950 3 is_stmt 1 discriminator 2 view .LVU405
 1181              	.L63:
 1182              		.loc 1 950 63 view .LVU406
 1183              		.loc 1 950 10 is_stmt 0 view .LVU407
 1184 003e 2368     		ldr	r3, [r4]
 1185 0040 DA68     		ldr	r2, [r3, #12]
 1186              		.loc 1 950 63 view .LVU408
 1187 0042 12F0040F 		tst	r2, #4
 1188 0046 0FD1     		bne	.L67
 951:stm/stm32l4xx/STM32L4xx_HAL_Driver/Src/stm32l4xx_hal_rtc_ex.c ****   {
 952:stm/stm32l4xx/STM32L4xx_HAL_Driver/Src/stm32l4xx_hal_rtc_ex.c ****     if ((HAL_GetTick() - tickstart) > RTC_TIMEOUT_VALUE)
 1189              		.loc 1 952 5 is_stmt 1 view .LVU409
 1190              		.loc 1 952 10 is_stmt 0 view .LVU410
 1191 0048 FFF7FEFF 		bl	HAL_GetTick
 1192              	.LVL76:
 1193              		.loc 1 952 24 view .LVU411
 1194 004c 431B     		subs	r3, r0, r5
 1195              		.loc 1 952 8 view .LVU412
 1196 004e B3F57A7F 		cmp	r3, #1000
 1197 0052 F4D9     		bls	.L63
 953:stm/stm32l4xx/STM32L4xx_HAL_Driver/Src/stm32l4xx_hal_rtc_ex.c ****     {
 954:stm/stm32l4xx/STM32L4xx_HAL_Driver/Src/stm32l4xx_hal_rtc_ex.c ****       /* Enable the write protection for RTC registers */
 955:stm/stm32l4xx/STM32L4xx_HAL_Driver/Src/stm32l4xx_hal_rtc_ex.c ****       __HAL_RTC_WRITEPROTECTION_ENABLE(hrtc);
 1198              		.loc 1 955 7 is_stmt 1 view .LVU413
 1199              		.loc 1 955 7 view .LVU414
 1200 0054 2368     		ldr	r3, [r4]
 1201 0056 FF22     		movs	r2, #255
 1202 0058 5A62     		str	r2, [r3, #36]
 1203              		.loc 1 955 7 view .LVU415
 956:stm/stm32l4xx/STM32L4xx_HAL_Driver/Src/stm32l4xx_hal_rtc_ex.c **** 
 957:stm/stm32l4xx/STM32L4xx_HAL_Driver/Src/stm32l4xx_hal_rtc_ex.c ****       hrtc->State = HAL_RTC_STATE_TIMEOUT;
 1204              		.loc 1 957 7 view .LVU416
 1205              		.loc 1 957 19 is_stmt 0 view .LVU417
 1206 005a 0320     		movs	r0, #3
 1207 005c 84F82100 		strb	r0, [r4, #33]
 958:stm/stm32l4xx/STM32L4xx_HAL_Driver/Src/stm32l4xx_hal_rtc_ex.c **** 
 959:stm/stm32l4xx/STM32L4xx_HAL_Driver/Src/stm32l4xx_hal_rtc_ex.c ****       /* Process Unlocked */
 960:stm/stm32l4xx/STM32L4xx_HAL_Driver/Src/stm32l4xx_hal_rtc_ex.c ****       __HAL_UNLOCK(hrtc);
 1208              		.loc 1 960 7 is_stmt 1 view .LVU418
ARM GAS  /var/tmp//ccqDFXEw.s 			page 40


 1209              		.loc 1 960 7 view .LVU419
 1210 0060 0023     		movs	r3, #0
 1211 0062 84F82030 		strb	r3, [r4, #32]
 1212              		.loc 1 960 7 view .LVU420
 961:stm/stm32l4xx/STM32L4xx_HAL_Driver/Src/stm32l4xx_hal_rtc_ex.c **** 
 962:stm/stm32l4xx/STM32L4xx_HAL_Driver/Src/stm32l4xx_hal_rtc_ex.c ****       return HAL_TIMEOUT;
 1213              		.loc 1 962 7 view .LVU421
 1214              		.loc 1 962 14 is_stmt 0 view .LVU422
 1215 0066 07E0     		b	.L62
 1216              	.L67:
 963:stm/stm32l4xx/STM32L4xx_HAL_Driver/Src/stm32l4xx_hal_rtc_ex.c ****     }
 964:stm/stm32l4xx/STM32L4xx_HAL_Driver/Src/stm32l4xx_hal_rtc_ex.c ****   }
 965:stm/stm32l4xx/STM32L4xx_HAL_Driver/Src/stm32l4xx_hal_rtc_ex.c **** 
 966:stm/stm32l4xx/STM32L4xx_HAL_Driver/Src/stm32l4xx_hal_rtc_ex.c ****   /* Enable the write protection for RTC registers */
 967:stm/stm32l4xx/STM32L4xx_HAL_Driver/Src/stm32l4xx_hal_rtc_ex.c ****   __HAL_RTC_WRITEPROTECTION_ENABLE(hrtc);
 1217              		.loc 1 967 3 is_stmt 1 view .LVU423
 1218              		.loc 1 967 3 view .LVU424
 1219 0068 FF22     		movs	r2, #255
 1220 006a 5A62     		str	r2, [r3, #36]
 1221              		.loc 1 967 3 view .LVU425
 968:stm/stm32l4xx/STM32L4xx_HAL_Driver/Src/stm32l4xx_hal_rtc_ex.c **** 
 969:stm/stm32l4xx/STM32L4xx_HAL_Driver/Src/stm32l4xx_hal_rtc_ex.c ****   hrtc->State = HAL_RTC_STATE_READY;
 1222              		.loc 1 969 3 view .LVU426
 1223              		.loc 1 969 15 is_stmt 0 view .LVU427
 1224 006c 0123     		movs	r3, #1
 1225 006e 84F82130 		strb	r3, [r4, #33]
 970:stm/stm32l4xx/STM32L4xx_HAL_Driver/Src/stm32l4xx_hal_rtc_ex.c **** 
 971:stm/stm32l4xx/STM32L4xx_HAL_Driver/Src/stm32l4xx_hal_rtc_ex.c ****   /* Process Unlocked */
 972:stm/stm32l4xx/STM32L4xx_HAL_Driver/Src/stm32l4xx_hal_rtc_ex.c ****   __HAL_UNLOCK(hrtc);
 1226              		.loc 1 972 3 is_stmt 1 view .LVU428
 1227              		.loc 1 972 3 view .LVU429
 1228 0072 0020     		movs	r0, #0
 1229 0074 84F82000 		strb	r0, [r4, #32]
 1230              		.loc 1 972 3 view .LVU430
 973:stm/stm32l4xx/STM32L4xx_HAL_Driver/Src/stm32l4xx_hal_rtc_ex.c **** 
 974:stm/stm32l4xx/STM32L4xx_HAL_Driver/Src/stm32l4xx_hal_rtc_ex.c ****   return HAL_OK;
 1231              		.loc 1 974 3 view .LVU431
 1232              	.LVL77:
 1233              	.L62:
 975:stm/stm32l4xx/STM32L4xx_HAL_Driver/Src/stm32l4xx_hal_rtc_ex.c **** }
 1234              		.loc 1 975 1 is_stmt 0 view .LVU432
 1235 0078 38BD     		pop	{r3, r4, r5, pc}
 1236              	.LVL78:
 1237              	.L65:
 935:stm/stm32l4xx/STM32L4xx_HAL_Driver/Src/stm32l4xx_hal_rtc_ex.c **** 
 1238              		.loc 1 935 3 view .LVU433
 1239 007a 0220     		movs	r0, #2
 1240              	.LVL79:
 935:stm/stm32l4xx/STM32L4xx_HAL_Driver/Src/stm32l4xx_hal_rtc_ex.c **** 
 1241              		.loc 1 935 3 view .LVU434
 1242 007c FCE7     		b	.L62
 1243              		.cfi_endproc
 1244              	.LFE299:
 1246              		.section	.text.HAL_RTCEx_GetWakeUpTimer,"ax",%progbits
 1247              		.align	1
 1248              		.global	HAL_RTCEx_GetWakeUpTimer
 1249              		.syntax unified
ARM GAS  /var/tmp//ccqDFXEw.s 			page 41


 1250              		.thumb
 1251              		.thumb_func
 1253              	HAL_RTCEx_GetWakeUpTimer:
 1254              	.LVL80:
 1255              	.LFB300:
 976:stm/stm32l4xx/STM32L4xx_HAL_Driver/Src/stm32l4xx_hal_rtc_ex.c **** 
 977:stm/stm32l4xx/STM32L4xx_HAL_Driver/Src/stm32l4xx_hal_rtc_ex.c **** /**
 978:stm/stm32l4xx/STM32L4xx_HAL_Driver/Src/stm32l4xx_hal_rtc_ex.c ****   * @brief  Get wake up timer counter.
 979:stm/stm32l4xx/STM32L4xx_HAL_Driver/Src/stm32l4xx_hal_rtc_ex.c ****   * @param  hrtc RTC handle
 980:stm/stm32l4xx/STM32L4xx_HAL_Driver/Src/stm32l4xx_hal_rtc_ex.c ****   * @retval Counter value
 981:stm/stm32l4xx/STM32L4xx_HAL_Driver/Src/stm32l4xx_hal_rtc_ex.c ****   */
 982:stm/stm32l4xx/STM32L4xx_HAL_Driver/Src/stm32l4xx_hal_rtc_ex.c **** uint32_t HAL_RTCEx_GetWakeUpTimer(RTC_HandleTypeDef *hrtc)
 983:stm/stm32l4xx/STM32L4xx_HAL_Driver/Src/stm32l4xx_hal_rtc_ex.c **** {
 1256              		.loc 1 983 1 is_stmt 1 view -0
 1257              		.cfi_startproc
 1258              		@ args = 0, pretend = 0, frame = 0
 1259              		@ frame_needed = 0, uses_anonymous_args = 0
 1260              		@ link register save eliminated.
 984:stm/stm32l4xx/STM32L4xx_HAL_Driver/Src/stm32l4xx_hal_rtc_ex.c ****   /* Get the counter value */
 985:stm/stm32l4xx/STM32L4xx_HAL_Driver/Src/stm32l4xx_hal_rtc_ex.c ****   return ((uint32_t)(hrtc->Instance->WUTR & RTC_WUTR_WUT));
 1261              		.loc 1 985 3 view .LVU436
 1262              		.loc 1 985 26 is_stmt 0 view .LVU437
 1263 0000 0368     		ldr	r3, [r0]
 1264              		.loc 1 985 36 view .LVU438
 1265 0002 5869     		ldr	r0, [r3, #20]
 1266              	.LVL81:
 986:stm/stm32l4xx/STM32L4xx_HAL_Driver/Src/stm32l4xx_hal_rtc_ex.c **** }
 1267              		.loc 1 986 1 view .LVU439
 1268 0004 80B2     		uxth	r0, r0
 1269 0006 7047     		bx	lr
 1270              		.cfi_endproc
 1271              	.LFE300:
 1273              		.section	.text.HAL_RTCEx_WakeUpTimerEventCallback,"ax",%progbits
 1274              		.align	1
 1275              		.weak	HAL_RTCEx_WakeUpTimerEventCallback
 1276              		.syntax unified
 1277              		.thumb
 1278              		.thumb_func
 1280              	HAL_RTCEx_WakeUpTimerEventCallback:
 1281              	.LVL82:
 1282              	.LFB302:
 987:stm/stm32l4xx/STM32L4xx_HAL_Driver/Src/stm32l4xx_hal_rtc_ex.c **** 
 988:stm/stm32l4xx/STM32L4xx_HAL_Driver/Src/stm32l4xx_hal_rtc_ex.c **** /**
 989:stm/stm32l4xx/STM32L4xx_HAL_Driver/Src/stm32l4xx_hal_rtc_ex.c ****   * @brief  Handle Wake Up Timer interrupt request.
 990:stm/stm32l4xx/STM32L4xx_HAL_Driver/Src/stm32l4xx_hal_rtc_ex.c ****   * @param  hrtc RTC handle
 991:stm/stm32l4xx/STM32L4xx_HAL_Driver/Src/stm32l4xx_hal_rtc_ex.c ****   * @retval None
 992:stm/stm32l4xx/STM32L4xx_HAL_Driver/Src/stm32l4xx_hal_rtc_ex.c ****   */
 993:stm/stm32l4xx/STM32L4xx_HAL_Driver/Src/stm32l4xx_hal_rtc_ex.c **** void HAL_RTCEx_WakeUpTimerIRQHandler(RTC_HandleTypeDef *hrtc)
 994:stm/stm32l4xx/STM32L4xx_HAL_Driver/Src/stm32l4xx_hal_rtc_ex.c **** {
 995:stm/stm32l4xx/STM32L4xx_HAL_Driver/Src/stm32l4xx_hal_rtc_ex.c ****   /* Clear the EXTI's line Flag for RTC WakeUpTimer */
 996:stm/stm32l4xx/STM32L4xx_HAL_Driver/Src/stm32l4xx_hal_rtc_ex.c ****   __HAL_RTC_WAKEUPTIMER_EXTI_CLEAR_FLAG();
 997:stm/stm32l4xx/STM32L4xx_HAL_Driver/Src/stm32l4xx_hal_rtc_ex.c **** 
 998:stm/stm32l4xx/STM32L4xx_HAL_Driver/Src/stm32l4xx_hal_rtc_ex.c **** 
 999:stm/stm32l4xx/STM32L4xx_HAL_Driver/Src/stm32l4xx_hal_rtc_ex.c **** #if defined(STM32L412xx) || defined(STM32L422xx) || defined (STM32L4P5xx) || defined (STM32L4Q5xx)
1000:stm/stm32l4xx/STM32L4xx_HAL_Driver/Src/stm32l4xx_hal_rtc_ex.c ****   if ((hrtc->Instance->MISR & RTC_MISR_WUTMF) != 0u)
1001:stm/stm32l4xx/STM32L4xx_HAL_Driver/Src/stm32l4xx_hal_rtc_ex.c ****   {
1002:stm/stm32l4xx/STM32L4xx_HAL_Driver/Src/stm32l4xx_hal_rtc_ex.c ****     /* Immediately clear flags */
ARM GAS  /var/tmp//ccqDFXEw.s 			page 42


1003:stm/stm32l4xx/STM32L4xx_HAL_Driver/Src/stm32l4xx_hal_rtc_ex.c ****     hrtc->Instance->SCR = RTC_SCR_CWUTF;
1004:stm/stm32l4xx/STM32L4xx_HAL_Driver/Src/stm32l4xx_hal_rtc_ex.c **** #else
1005:stm/stm32l4xx/STM32L4xx_HAL_Driver/Src/stm32l4xx_hal_rtc_ex.c ****   /* Get the pending status of the WAKEUPTIMER Interrupt */
1006:stm/stm32l4xx/STM32L4xx_HAL_Driver/Src/stm32l4xx_hal_rtc_ex.c ****   if (__HAL_RTC_WAKEUPTIMER_GET_FLAG(hrtc, RTC_FLAG_WUTF) != 0U)
1007:stm/stm32l4xx/STM32L4xx_HAL_Driver/Src/stm32l4xx_hal_rtc_ex.c ****   {
1008:stm/stm32l4xx/STM32L4xx_HAL_Driver/Src/stm32l4xx_hal_rtc_ex.c ****     /* Clear the WAKEUPTIMER interrupt pending bit */
1009:stm/stm32l4xx/STM32L4xx_HAL_Driver/Src/stm32l4xx_hal_rtc_ex.c ****     __HAL_RTC_WAKEUPTIMER_CLEAR_FLAG(hrtc, RTC_FLAG_WUTF);
1010:stm/stm32l4xx/STM32L4xx_HAL_Driver/Src/stm32l4xx_hal_rtc_ex.c **** #endif
1011:stm/stm32l4xx/STM32L4xx_HAL_Driver/Src/stm32l4xx_hal_rtc_ex.c **** 
1012:stm/stm32l4xx/STM32L4xx_HAL_Driver/Src/stm32l4xx_hal_rtc_ex.c ****     /* WAKEUPTIMER callback */
1013:stm/stm32l4xx/STM32L4xx_HAL_Driver/Src/stm32l4xx_hal_rtc_ex.c **** #if (USE_HAL_RTC_REGISTER_CALLBACKS == 1)
1014:stm/stm32l4xx/STM32L4xx_HAL_Driver/Src/stm32l4xx_hal_rtc_ex.c ****     /* Call WakeUpTimerEvent registered Callback */
1015:stm/stm32l4xx/STM32L4xx_HAL_Driver/Src/stm32l4xx_hal_rtc_ex.c ****     hrtc->WakeUpTimerEventCallback(hrtc);
1016:stm/stm32l4xx/STM32L4xx_HAL_Driver/Src/stm32l4xx_hal_rtc_ex.c **** #else
1017:stm/stm32l4xx/STM32L4xx_HAL_Driver/Src/stm32l4xx_hal_rtc_ex.c ****     HAL_RTCEx_WakeUpTimerEventCallback(hrtc);
1018:stm/stm32l4xx/STM32L4xx_HAL_Driver/Src/stm32l4xx_hal_rtc_ex.c **** #endif /* USE_HAL_RTC_REGISTER_CALLBACKS */
1019:stm/stm32l4xx/STM32L4xx_HAL_Driver/Src/stm32l4xx_hal_rtc_ex.c ****   }
1020:stm/stm32l4xx/STM32L4xx_HAL_Driver/Src/stm32l4xx_hal_rtc_ex.c **** 
1021:stm/stm32l4xx/STM32L4xx_HAL_Driver/Src/stm32l4xx_hal_rtc_ex.c ****   /* Change RTC state */
1022:stm/stm32l4xx/STM32L4xx_HAL_Driver/Src/stm32l4xx_hal_rtc_ex.c ****   hrtc->State = HAL_RTC_STATE_READY;
1023:stm/stm32l4xx/STM32L4xx_HAL_Driver/Src/stm32l4xx_hal_rtc_ex.c **** }
1024:stm/stm32l4xx/STM32L4xx_HAL_Driver/Src/stm32l4xx_hal_rtc_ex.c **** 
1025:stm/stm32l4xx/STM32L4xx_HAL_Driver/Src/stm32l4xx_hal_rtc_ex.c **** /**
1026:stm/stm32l4xx/STM32L4xx_HAL_Driver/Src/stm32l4xx_hal_rtc_ex.c ****   * @brief  Wake Up Timer callback.
1027:stm/stm32l4xx/STM32L4xx_HAL_Driver/Src/stm32l4xx_hal_rtc_ex.c ****   * @param  hrtc RTC handle
1028:stm/stm32l4xx/STM32L4xx_HAL_Driver/Src/stm32l4xx_hal_rtc_ex.c ****   * @retval None
1029:stm/stm32l4xx/STM32L4xx_HAL_Driver/Src/stm32l4xx_hal_rtc_ex.c ****   */
1030:stm/stm32l4xx/STM32L4xx_HAL_Driver/Src/stm32l4xx_hal_rtc_ex.c **** __weak void HAL_RTCEx_WakeUpTimerEventCallback(RTC_HandleTypeDef *hrtc)
1031:stm/stm32l4xx/STM32L4xx_HAL_Driver/Src/stm32l4xx_hal_rtc_ex.c **** {
 1283              		.loc 1 1031 1 is_stmt 1 view -0
 1284              		.cfi_startproc
 1285              		@ args = 0, pretend = 0, frame = 0
 1286              		@ frame_needed = 0, uses_anonymous_args = 0
 1287              		@ link register save eliminated.
1032:stm/stm32l4xx/STM32L4xx_HAL_Driver/Src/stm32l4xx_hal_rtc_ex.c ****   /* Prevent unused argument(s) compilation warning */
1033:stm/stm32l4xx/STM32L4xx_HAL_Driver/Src/stm32l4xx_hal_rtc_ex.c ****   UNUSED(hrtc);
 1288              		.loc 1 1033 3 view .LVU441
1034:stm/stm32l4xx/STM32L4xx_HAL_Driver/Src/stm32l4xx_hal_rtc_ex.c **** 
1035:stm/stm32l4xx/STM32L4xx_HAL_Driver/Src/stm32l4xx_hal_rtc_ex.c ****   /* NOTE : This function should not be modified, when the callback is needed,
1036:stm/stm32l4xx/STM32L4xx_HAL_Driver/Src/stm32l4xx_hal_rtc_ex.c ****             the HAL_RTCEx_WakeUpTimerEventCallback could be implemented in the user file
1037:stm/stm32l4xx/STM32L4xx_HAL_Driver/Src/stm32l4xx_hal_rtc_ex.c ****    */
1038:stm/stm32l4xx/STM32L4xx_HAL_Driver/Src/stm32l4xx_hal_rtc_ex.c **** }
 1289              		.loc 1 1038 1 is_stmt 0 view .LVU442
 1290 0000 7047     		bx	lr
 1291              		.cfi_endproc
 1292              	.LFE302:
 1294              		.section	.text.HAL_RTCEx_WakeUpTimerIRQHandler,"ax",%progbits
 1295              		.align	1
 1296              		.global	HAL_RTCEx_WakeUpTimerIRQHandler
 1297              		.syntax unified
 1298              		.thumb
 1299              		.thumb_func
 1301              	HAL_RTCEx_WakeUpTimerIRQHandler:
 1302              	.LVL83:
 1303              	.LFB301:
 994:stm/stm32l4xx/STM32L4xx_HAL_Driver/Src/stm32l4xx_hal_rtc_ex.c ****   /* Clear the EXTI's line Flag for RTC WakeUpTimer */
 1304              		.loc 1 994 1 is_stmt 1 view -0
ARM GAS  /var/tmp//ccqDFXEw.s 			page 43


 1305              		.cfi_startproc
 1306              		@ args = 0, pretend = 0, frame = 0
 1307              		@ frame_needed = 0, uses_anonymous_args = 0
 994:stm/stm32l4xx/STM32L4xx_HAL_Driver/Src/stm32l4xx_hal_rtc_ex.c ****   /* Clear the EXTI's line Flag for RTC WakeUpTimer */
 1308              		.loc 1 994 1 is_stmt 0 view .LVU444
 1309 0000 10B5     		push	{r4, lr}
 1310              	.LCFI9:
 1311              		.cfi_def_cfa_offset 8
 1312              		.cfi_offset 4, -8
 1313              		.cfi_offset 14, -4
 1314 0002 0446     		mov	r4, r0
 996:stm/stm32l4xx/STM32L4xx_HAL_Driver/Src/stm32l4xx_hal_rtc_ex.c **** 
 1315              		.loc 1 996 3 is_stmt 1 view .LVU445
 1316 0004 0A4B     		ldr	r3, .L74
 1317 0006 4FF48012 		mov	r2, #1048576
 1318 000a 5A61     		str	r2, [r3, #20]
1006:stm/stm32l4xx/STM32L4xx_HAL_Driver/Src/stm32l4xx_hal_rtc_ex.c ****   {
 1319              		.loc 1 1006 3 view .LVU446
1006:stm/stm32l4xx/STM32L4xx_HAL_Driver/Src/stm32l4xx_hal_rtc_ex.c ****   {
 1320              		.loc 1 1006 7 is_stmt 0 view .LVU447
 1321 000c 0368     		ldr	r3, [r0]
 1322 000e DA68     		ldr	r2, [r3, #12]
1006:stm/stm32l4xx/STM32L4xx_HAL_Driver/Src/stm32l4xx_hal_rtc_ex.c ****   {
 1323              		.loc 1 1006 6 view .LVU448
 1324 0010 12F4806F 		tst	r2, #1024
 1325 0014 03D1     		bne	.L73
 1326              	.LVL84:
 1327              	.L71:
1022:stm/stm32l4xx/STM32L4xx_HAL_Driver/Src/stm32l4xx_hal_rtc_ex.c **** }
 1328              		.loc 1 1022 3 is_stmt 1 view .LVU449
1022:stm/stm32l4xx/STM32L4xx_HAL_Driver/Src/stm32l4xx_hal_rtc_ex.c **** }
 1329              		.loc 1 1022 15 is_stmt 0 view .LVU450
 1330 0016 0123     		movs	r3, #1
 1331 0018 84F82130 		strb	r3, [r4, #33]
1023:stm/stm32l4xx/STM32L4xx_HAL_Driver/Src/stm32l4xx_hal_rtc_ex.c **** 
 1332              		.loc 1 1023 1 view .LVU451
 1333 001c 10BD     		pop	{r4, pc}
 1334              	.LVL85:
 1335              	.L73:
1009:stm/stm32l4xx/STM32L4xx_HAL_Driver/Src/stm32l4xx_hal_rtc_ex.c **** #endif
 1336              		.loc 1 1009 5 is_stmt 1 view .LVU452
 1337 001e DA68     		ldr	r2, [r3, #12]
 1338 0020 D2B2     		uxtb	r2, r2
 1339 0022 62F49062 		orn	r2, r2, #1152
 1340 0026 DA60     		str	r2, [r3, #12]
1017:stm/stm32l4xx/STM32L4xx_HAL_Driver/Src/stm32l4xx_hal_rtc_ex.c **** #endif /* USE_HAL_RTC_REGISTER_CALLBACKS */
 1341              		.loc 1 1017 5 view .LVU453
 1342 0028 FFF7FEFF 		bl	HAL_RTCEx_WakeUpTimerEventCallback
 1343              	.LVL86:
1017:stm/stm32l4xx/STM32L4xx_HAL_Driver/Src/stm32l4xx_hal_rtc_ex.c **** #endif /* USE_HAL_RTC_REGISTER_CALLBACKS */
 1344              		.loc 1 1017 5 is_stmt 0 view .LVU454
 1345 002c F3E7     		b	.L71
 1346              	.L75:
 1347 002e 00BF     		.align	2
 1348              	.L74:
 1349 0030 00040140 		.word	1073808384
 1350              		.cfi_endproc
ARM GAS  /var/tmp//ccqDFXEw.s 			page 44


 1351              	.LFE301:
 1353              		.section	.text.HAL_RTCEx_PollForWakeUpTimerEvent,"ax",%progbits
 1354              		.align	1
 1355              		.global	HAL_RTCEx_PollForWakeUpTimerEvent
 1356              		.syntax unified
 1357              		.thumb
 1358              		.thumb_func
 1360              	HAL_RTCEx_PollForWakeUpTimerEvent:
 1361              	.LVL87:
 1362              	.LFB303:
1039:stm/stm32l4xx/STM32L4xx_HAL_Driver/Src/stm32l4xx_hal_rtc_ex.c **** 
1040:stm/stm32l4xx/STM32L4xx_HAL_Driver/Src/stm32l4xx_hal_rtc_ex.c **** 
1041:stm/stm32l4xx/STM32L4xx_HAL_Driver/Src/stm32l4xx_hal_rtc_ex.c **** /**
1042:stm/stm32l4xx/STM32L4xx_HAL_Driver/Src/stm32l4xx_hal_rtc_ex.c ****   * @brief  Handle Wake Up Timer Polling.
1043:stm/stm32l4xx/STM32L4xx_HAL_Driver/Src/stm32l4xx_hal_rtc_ex.c ****   * @param  hrtc RTC handle
1044:stm/stm32l4xx/STM32L4xx_HAL_Driver/Src/stm32l4xx_hal_rtc_ex.c ****   * @param  Timeout Timeout duration
1045:stm/stm32l4xx/STM32L4xx_HAL_Driver/Src/stm32l4xx_hal_rtc_ex.c ****   * @retval HAL status
1046:stm/stm32l4xx/STM32L4xx_HAL_Driver/Src/stm32l4xx_hal_rtc_ex.c ****   */
1047:stm/stm32l4xx/STM32L4xx_HAL_Driver/Src/stm32l4xx_hal_rtc_ex.c **** HAL_StatusTypeDef HAL_RTCEx_PollForWakeUpTimerEvent(RTC_HandleTypeDef *hrtc, uint32_t Timeout)
1048:stm/stm32l4xx/STM32L4xx_HAL_Driver/Src/stm32l4xx_hal_rtc_ex.c **** {
 1363              		.loc 1 1048 1 is_stmt 1 view -0
 1364              		.cfi_startproc
 1365              		@ args = 0, pretend = 0, frame = 0
 1366              		@ frame_needed = 0, uses_anonymous_args = 0
 1367              		.loc 1 1048 1 is_stmt 0 view .LVU456
 1368 0000 70B5     		push	{r4, r5, r6, lr}
 1369              	.LCFI10:
 1370              		.cfi_def_cfa_offset 16
 1371              		.cfi_offset 4, -16
 1372              		.cfi_offset 5, -12
 1373              		.cfi_offset 6, -8
 1374              		.cfi_offset 14, -4
 1375 0002 0446     		mov	r4, r0
 1376 0004 0D46     		mov	r5, r1
1049:stm/stm32l4xx/STM32L4xx_HAL_Driver/Src/stm32l4xx_hal_rtc_ex.c ****   uint32_t tickstart = HAL_GetTick();
 1377              		.loc 1 1049 3 is_stmt 1 view .LVU457
 1378              		.loc 1 1049 24 is_stmt 0 view .LVU458
 1379 0006 FFF7FEFF 		bl	HAL_GetTick
 1380              	.LVL88:
 1381              		.loc 1 1049 24 view .LVU459
 1382 000a 0646     		mov	r6, r0
 1383              	.LVL89:
1050:stm/stm32l4xx/STM32L4xx_HAL_Driver/Src/stm32l4xx_hal_rtc_ex.c **** 
1051:stm/stm32l4xx/STM32L4xx_HAL_Driver/Src/stm32l4xx_hal_rtc_ex.c ****   while (__HAL_RTC_WAKEUPTIMER_GET_FLAG(hrtc, RTC_FLAG_WUTF) == 0U)
 1384              		.loc 1 1051 3 is_stmt 1 view .LVU460
 1385              	.L78:
 1386              		.loc 1 1051 62 view .LVU461
 1387              		.loc 1 1051 10 is_stmt 0 view .LVU462
 1388 000c 2368     		ldr	r3, [r4]
 1389 000e DA68     		ldr	r2, [r3, #12]
 1390              		.loc 1 1051 62 view .LVU463
 1391 0010 12F4806F 		tst	r2, #1024
 1392 0014 0DD1     		bne	.L83
1052:stm/stm32l4xx/STM32L4xx_HAL_Driver/Src/stm32l4xx_hal_rtc_ex.c ****   {
1053:stm/stm32l4xx/STM32L4xx_HAL_Driver/Src/stm32l4xx_hal_rtc_ex.c ****     if (Timeout != HAL_MAX_DELAY)
 1393              		.loc 1 1053 5 is_stmt 1 view .LVU464
 1394              		.loc 1 1053 8 is_stmt 0 view .LVU465
ARM GAS  /var/tmp//ccqDFXEw.s 			page 45


 1395 0016 B5F1FF3F 		cmp	r5, #-1
 1396 001a F7D0     		beq	.L78
1054:stm/stm32l4xx/STM32L4xx_HAL_Driver/Src/stm32l4xx_hal_rtc_ex.c ****     {
1055:stm/stm32l4xx/STM32L4xx_HAL_Driver/Src/stm32l4xx_hal_rtc_ex.c ****       if (((HAL_GetTick() - tickstart) > Timeout) || (Timeout == 0U))
 1397              		.loc 1 1055 7 is_stmt 1 view .LVU466
 1398              		.loc 1 1055 13 is_stmt 0 view .LVU467
 1399 001c FFF7FEFF 		bl	HAL_GetTick
 1400              	.LVL90:
 1401              		.loc 1 1055 27 view .LVU468
 1402 0020 801B     		subs	r0, r0, r6
 1403              		.loc 1 1055 10 view .LVU469
 1404 0022 A842     		cmp	r0, r5
 1405 0024 01D8     		bhi	.L79
 1406              		.loc 1 1055 51 discriminator 1 view .LVU470
 1407 0026 002D     		cmp	r5, #0
 1408 0028 F0D1     		bne	.L78
 1409              	.L79:
1056:stm/stm32l4xx/STM32L4xx_HAL_Driver/Src/stm32l4xx_hal_rtc_ex.c ****       {
1057:stm/stm32l4xx/STM32L4xx_HAL_Driver/Src/stm32l4xx_hal_rtc_ex.c ****         hrtc->State = HAL_RTC_STATE_TIMEOUT;
 1410              		.loc 1 1057 9 is_stmt 1 view .LVU471
 1411              		.loc 1 1057 21 is_stmt 0 view .LVU472
 1412 002a 0320     		movs	r0, #3
 1413 002c 84F82100 		strb	r0, [r4, #33]
1058:stm/stm32l4xx/STM32L4xx_HAL_Driver/Src/stm32l4xx_hal_rtc_ex.c ****         return HAL_TIMEOUT;
 1414              		.loc 1 1058 9 is_stmt 1 view .LVU473
 1415              		.loc 1 1058 16 is_stmt 0 view .LVU474
 1416 0030 08E0     		b	.L80
 1417              	.L83:
1059:stm/stm32l4xx/STM32L4xx_HAL_Driver/Src/stm32l4xx_hal_rtc_ex.c ****       }
1060:stm/stm32l4xx/STM32L4xx_HAL_Driver/Src/stm32l4xx_hal_rtc_ex.c ****     }
1061:stm/stm32l4xx/STM32L4xx_HAL_Driver/Src/stm32l4xx_hal_rtc_ex.c ****   }
1062:stm/stm32l4xx/STM32L4xx_HAL_Driver/Src/stm32l4xx_hal_rtc_ex.c **** 
1063:stm/stm32l4xx/STM32L4xx_HAL_Driver/Src/stm32l4xx_hal_rtc_ex.c ****   /* Clear the WAKEUPTIMER Flag */
1064:stm/stm32l4xx/STM32L4xx_HAL_Driver/Src/stm32l4xx_hal_rtc_ex.c ****   __HAL_RTC_WAKEUPTIMER_CLEAR_FLAG(hrtc, RTC_FLAG_WUTF);
 1418              		.loc 1 1064 3 is_stmt 1 view .LVU475
 1419 0032 DA68     		ldr	r2, [r3, #12]
 1420 0034 D2B2     		uxtb	r2, r2
 1421 0036 62F49062 		orn	r2, r2, #1152
 1422 003a DA60     		str	r2, [r3, #12]
1065:stm/stm32l4xx/STM32L4xx_HAL_Driver/Src/stm32l4xx_hal_rtc_ex.c **** 
1066:stm/stm32l4xx/STM32L4xx_HAL_Driver/Src/stm32l4xx_hal_rtc_ex.c ****   /* Change RTC state */
1067:stm/stm32l4xx/STM32L4xx_HAL_Driver/Src/stm32l4xx_hal_rtc_ex.c ****   hrtc->State = HAL_RTC_STATE_READY;
 1423              		.loc 1 1067 3 view .LVU476
 1424              		.loc 1 1067 15 is_stmt 0 view .LVU477
 1425 003c 0123     		movs	r3, #1
 1426 003e 84F82130 		strb	r3, [r4, #33]
1068:stm/stm32l4xx/STM32L4xx_HAL_Driver/Src/stm32l4xx_hal_rtc_ex.c **** 
1069:stm/stm32l4xx/STM32L4xx_HAL_Driver/Src/stm32l4xx_hal_rtc_ex.c ****   return HAL_OK;
 1427              		.loc 1 1069 3 is_stmt 1 view .LVU478
 1428              		.loc 1 1069 10 is_stmt 0 view .LVU479
 1429 0042 0020     		movs	r0, #0
 1430              	.L80:
1070:stm/stm32l4xx/STM32L4xx_HAL_Driver/Src/stm32l4xx_hal_rtc_ex.c **** }
 1431              		.loc 1 1070 1 view .LVU480
 1432 0044 70BD     		pop	{r4, r5, r6, pc}
 1433              		.loc 1 1070 1 view .LVU481
 1434              		.cfi_endproc
ARM GAS  /var/tmp//ccqDFXEw.s 			page 46


 1435              	.LFE303:
 1437              		.section	.text.HAL_RTCEx_SetSmoothCalib,"ax",%progbits
 1438              		.align	1
 1439              		.global	HAL_RTCEx_SetSmoothCalib
 1440              		.syntax unified
 1441              		.thumb
 1442              		.thumb_func
 1444              	HAL_RTCEx_SetSmoothCalib:
 1445              	.LVL91:
 1446              	.LFB304:
1071:stm/stm32l4xx/STM32L4xx_HAL_Driver/Src/stm32l4xx_hal_rtc_ex.c **** 
1072:stm/stm32l4xx/STM32L4xx_HAL_Driver/Src/stm32l4xx_hal_rtc_ex.c **** /**
1073:stm/stm32l4xx/STM32L4xx_HAL_Driver/Src/stm32l4xx_hal_rtc_ex.c ****   * @}
1074:stm/stm32l4xx/STM32L4xx_HAL_Driver/Src/stm32l4xx_hal_rtc_ex.c ****   */
1075:stm/stm32l4xx/STM32L4xx_HAL_Driver/Src/stm32l4xx_hal_rtc_ex.c **** 
1076:stm/stm32l4xx/STM32L4xx_HAL_Driver/Src/stm32l4xx_hal_rtc_ex.c **** 
1077:stm/stm32l4xx/STM32L4xx_HAL_Driver/Src/stm32l4xx_hal_rtc_ex.c **** /** @addtogroup RTCEx_Exported_Functions_Group3
1078:stm/stm32l4xx/STM32L4xx_HAL_Driver/Src/stm32l4xx_hal_rtc_ex.c ****   * @brief    Extended Peripheral Control functions
1079:stm/stm32l4xx/STM32L4xx_HAL_Driver/Src/stm32l4xx_hal_rtc_ex.c ****   *
1080:stm/stm32l4xx/STM32L4xx_HAL_Driver/Src/stm32l4xx_hal_rtc_ex.c **** @verbatim
1081:stm/stm32l4xx/STM32L4xx_HAL_Driver/Src/stm32l4xx_hal_rtc_ex.c ****  ===============================================================================
1082:stm/stm32l4xx/STM32L4xx_HAL_Driver/Src/stm32l4xx_hal_rtc_ex.c ****               ##### Extended Peripheral Control functions #####
1083:stm/stm32l4xx/STM32L4xx_HAL_Driver/Src/stm32l4xx_hal_rtc_ex.c ****  ===============================================================================
1084:stm/stm32l4xx/STM32L4xx_HAL_Driver/Src/stm32l4xx_hal_rtc_ex.c ****     [..]
1085:stm/stm32l4xx/STM32L4xx_HAL_Driver/Src/stm32l4xx_hal_rtc_ex.c ****     This subsection provides functions allowing to
1086:stm/stm32l4xx/STM32L4xx_HAL_Driver/Src/stm32l4xx_hal_rtc_ex.c ****       (+) Write a data in a specified RTC Backup data register
1087:stm/stm32l4xx/STM32L4xx_HAL_Driver/Src/stm32l4xx_hal_rtc_ex.c ****       (+) Read a data in a specified RTC Backup data register
1088:stm/stm32l4xx/STM32L4xx_HAL_Driver/Src/stm32l4xx_hal_rtc_ex.c ****       (+) Set the Coarse calibration parameters.
1089:stm/stm32l4xx/STM32L4xx_HAL_Driver/Src/stm32l4xx_hal_rtc_ex.c ****       (+) Deactivate the Coarse calibration parameters
1090:stm/stm32l4xx/STM32L4xx_HAL_Driver/Src/stm32l4xx_hal_rtc_ex.c ****       (+) Set the Smooth calibration parameters.
1091:stm/stm32l4xx/STM32L4xx_HAL_Driver/Src/stm32l4xx_hal_rtc_ex.c ****       (+) STM32L412xx and STM32L422xx only : Set Low Power calibration parameter.
1092:stm/stm32l4xx/STM32L4xx_HAL_Driver/Src/stm32l4xx_hal_rtc_ex.c ****       (+) Configure the Synchronization Shift Control Settings.
1093:stm/stm32l4xx/STM32L4xx_HAL_Driver/Src/stm32l4xx_hal_rtc_ex.c ****       (+) Configure the Calibration Pinout (RTC_CALIB) Selection (1Hz or 512Hz).
1094:stm/stm32l4xx/STM32L4xx_HAL_Driver/Src/stm32l4xx_hal_rtc_ex.c ****       (+) Deactivate the Calibration Pinout (RTC_CALIB) Selection (1Hz or 512Hz).
1095:stm/stm32l4xx/STM32L4xx_HAL_Driver/Src/stm32l4xx_hal_rtc_ex.c ****       (+) Enable the RTC reference clock detection.
1096:stm/stm32l4xx/STM32L4xx_HAL_Driver/Src/stm32l4xx_hal_rtc_ex.c ****       (+) Disable the RTC reference clock detection.
1097:stm/stm32l4xx/STM32L4xx_HAL_Driver/Src/stm32l4xx_hal_rtc_ex.c ****       (+) Enable the Bypass Shadow feature.
1098:stm/stm32l4xx/STM32L4xx_HAL_Driver/Src/stm32l4xx_hal_rtc_ex.c ****       (+) Disable the Bypass Shadow feature.
1099:stm/stm32l4xx/STM32L4xx_HAL_Driver/Src/stm32l4xx_hal_rtc_ex.c **** 
1100:stm/stm32l4xx/STM32L4xx_HAL_Driver/Src/stm32l4xx_hal_rtc_ex.c **** @endverbatim
1101:stm/stm32l4xx/STM32L4xx_HAL_Driver/Src/stm32l4xx_hal_rtc_ex.c ****   * @{
1102:stm/stm32l4xx/STM32L4xx_HAL_Driver/Src/stm32l4xx_hal_rtc_ex.c ****   */
1103:stm/stm32l4xx/STM32L4xx_HAL_Driver/Src/stm32l4xx_hal_rtc_ex.c **** 
1104:stm/stm32l4xx/STM32L4xx_HAL_Driver/Src/stm32l4xx_hal_rtc_ex.c **** 
1105:stm/stm32l4xx/STM32L4xx_HAL_Driver/Src/stm32l4xx_hal_rtc_ex.c **** /**
1106:stm/stm32l4xx/STM32L4xx_HAL_Driver/Src/stm32l4xx_hal_rtc_ex.c ****   * @brief  Set the Smooth calibration parameters.
1107:stm/stm32l4xx/STM32L4xx_HAL_Driver/Src/stm32l4xx_hal_rtc_ex.c ****   * @param  hrtc RTC handle
1108:stm/stm32l4xx/STM32L4xx_HAL_Driver/Src/stm32l4xx_hal_rtc_ex.c ****   * @param  SmoothCalibPeriod Select the Smooth Calibration Period.
1109:stm/stm32l4xx/STM32L4xx_HAL_Driver/Src/stm32l4xx_hal_rtc_ex.c ****   *          This parameter can be can be one of the following values :
1110:stm/stm32l4xx/STM32L4xx_HAL_Driver/Src/stm32l4xx_hal_rtc_ex.c ****   *             @arg RTC_SMOOTHCALIB_PERIOD_32SEC: The smooth calibration period is 32s.
1111:stm/stm32l4xx/STM32L4xx_HAL_Driver/Src/stm32l4xx_hal_rtc_ex.c ****   *             @arg RTC_SMOOTHCALIB_PERIOD_16SEC: The smooth calibration period is 16s.
1112:stm/stm32l4xx/STM32L4xx_HAL_Driver/Src/stm32l4xx_hal_rtc_ex.c ****   *             @arg RTC_SMOOTHCALIB_PERIOD_8SEC: The smooth calibration period is 8s.
1113:stm/stm32l4xx/STM32L4xx_HAL_Driver/Src/stm32l4xx_hal_rtc_ex.c ****   * @param  SmoothCalibPlusPulses Select to Set or reset the CALP bit.
1114:stm/stm32l4xx/STM32L4xx_HAL_Driver/Src/stm32l4xx_hal_rtc_ex.c ****   *          This parameter can be one of the following values:
1115:stm/stm32l4xx/STM32L4xx_HAL_Driver/Src/stm32l4xx_hal_rtc_ex.c ****   *             @arg RTC_SMOOTHCALIB_PLUSPULSES_SET: Add one RTCCLK pulse every 2*11 pulses.
1116:stm/stm32l4xx/STM32L4xx_HAL_Driver/Src/stm32l4xx_hal_rtc_ex.c ****   *             @arg RTC_SMOOTHCALIB_PLUSPULSES_RESET: No RTCCLK pulses are added.
1117:stm/stm32l4xx/STM32L4xx_HAL_Driver/Src/stm32l4xx_hal_rtc_ex.c ****   * @param  SmoothCalibMinusPulsesValue Select the value of CALM[8:0] bits.
ARM GAS  /var/tmp//ccqDFXEw.s 			page 47


1118:stm/stm32l4xx/STM32L4xx_HAL_Driver/Src/stm32l4xx_hal_rtc_ex.c ****   *          This parameter can be one any value from 0 to 0x000001FF.
1119:stm/stm32l4xx/STM32L4xx_HAL_Driver/Src/stm32l4xx_hal_rtc_ex.c ****   * @note   To deactivate the smooth calibration, the field SmoothCalibPlusPulses
1120:stm/stm32l4xx/STM32L4xx_HAL_Driver/Src/stm32l4xx_hal_rtc_ex.c ****   *         must be equal to SMOOTHCALIB_PLUSPULSES_RESET and the field
1121:stm/stm32l4xx/STM32L4xx_HAL_Driver/Src/stm32l4xx_hal_rtc_ex.c ****   *         SmoothCalibMinusPulsesValue must be equal to 0.
1122:stm/stm32l4xx/STM32L4xx_HAL_Driver/Src/stm32l4xx_hal_rtc_ex.c ****   * @retval HAL status
1123:stm/stm32l4xx/STM32L4xx_HAL_Driver/Src/stm32l4xx_hal_rtc_ex.c ****   */
1124:stm/stm32l4xx/STM32L4xx_HAL_Driver/Src/stm32l4xx_hal_rtc_ex.c **** HAL_StatusTypeDef HAL_RTCEx_SetSmoothCalib(RTC_HandleTypeDef *hrtc, uint32_t SmoothCalibPeriod, uin
1125:stm/stm32l4xx/STM32L4xx_HAL_Driver/Src/stm32l4xx_hal_rtc_ex.c **** {
 1447              		.loc 1 1125 1 is_stmt 1 view -0
 1448              		.cfi_startproc
 1449              		@ args = 0, pretend = 0, frame = 0
 1450              		@ frame_needed = 0, uses_anonymous_args = 0
 1451              		.loc 1 1125 1 is_stmt 0 view .LVU483
 1452 0000 2DE9F041 		push	{r4, r5, r6, r7, r8, lr}
 1453              	.LCFI11:
 1454              		.cfi_def_cfa_offset 24
 1455              		.cfi_offset 4, -24
 1456              		.cfi_offset 5, -20
 1457              		.cfi_offset 6, -16
 1458              		.cfi_offset 7, -12
 1459              		.cfi_offset 8, -8
 1460              		.cfi_offset 14, -4
 1461 0004 1E46     		mov	r6, r3
1126:stm/stm32l4xx/STM32L4xx_HAL_Driver/Src/stm32l4xx_hal_rtc_ex.c ****   uint32_t tickstart;
 1462              		.loc 1 1126 3 is_stmt 1 view .LVU484
1127:stm/stm32l4xx/STM32L4xx_HAL_Driver/Src/stm32l4xx_hal_rtc_ex.c **** 
1128:stm/stm32l4xx/STM32L4xx_HAL_Driver/Src/stm32l4xx_hal_rtc_ex.c ****   /* Check the parameters */
1129:stm/stm32l4xx/STM32L4xx_HAL_Driver/Src/stm32l4xx_hal_rtc_ex.c ****   assert_param(IS_RTC_SMOOTH_CALIB_PERIOD(SmoothCalibPeriod));
 1463              		.loc 1 1129 3 view .LVU485
1130:stm/stm32l4xx/STM32L4xx_HAL_Driver/Src/stm32l4xx_hal_rtc_ex.c ****   assert_param(IS_RTC_SMOOTH_CALIB_PLUS(SmoothCalibPlusPulses));
 1464              		.loc 1 1130 3 view .LVU486
1131:stm/stm32l4xx/STM32L4xx_HAL_Driver/Src/stm32l4xx_hal_rtc_ex.c ****   assert_param(IS_RTC_SMOOTH_CALIB_MINUS(SmoothCalibMinusPulsesValue));
 1465              		.loc 1 1131 3 view .LVU487
1132:stm/stm32l4xx/STM32L4xx_HAL_Driver/Src/stm32l4xx_hal_rtc_ex.c **** 
1133:stm/stm32l4xx/STM32L4xx_HAL_Driver/Src/stm32l4xx_hal_rtc_ex.c ****   /* Process Locked */
1134:stm/stm32l4xx/STM32L4xx_HAL_Driver/Src/stm32l4xx_hal_rtc_ex.c ****   __HAL_LOCK(hrtc);
 1466              		.loc 1 1134 3 view .LVU488
 1467              		.loc 1 1134 3 view .LVU489
 1468 0006 90F82030 		ldrb	r3, [r0, #32]	@ zero_extendqisi2
 1469              	.LVL92:
 1470              		.loc 1 1134 3 is_stmt 0 view .LVU490
 1471 000a 012B     		cmp	r3, #1
 1472 000c 41D0     		beq	.L89
 1473 000e 0446     		mov	r4, r0
 1474 0010 0D46     		mov	r5, r1
 1475 0012 1746     		mov	r7, r2
 1476              		.loc 1 1134 3 is_stmt 1 discriminator 2 view .LVU491
 1477 0014 0123     		movs	r3, #1
 1478 0016 80F82030 		strb	r3, [r0, #32]
 1479              		.loc 1 1134 3 discriminator 2 view .LVU492
1135:stm/stm32l4xx/STM32L4xx_HAL_Driver/Src/stm32l4xx_hal_rtc_ex.c **** 
1136:stm/stm32l4xx/STM32L4xx_HAL_Driver/Src/stm32l4xx_hal_rtc_ex.c ****   hrtc->State = HAL_RTC_STATE_BUSY;
 1480              		.loc 1 1136 3 discriminator 2 view .LVU493
 1481              		.loc 1 1136 15 is_stmt 0 discriminator 2 view .LVU494
 1482 001a 0223     		movs	r3, #2
 1483 001c 80F82130 		strb	r3, [r0, #33]
1137:stm/stm32l4xx/STM32L4xx_HAL_Driver/Src/stm32l4xx_hal_rtc_ex.c **** 
ARM GAS  /var/tmp//ccqDFXEw.s 			page 48


1138:stm/stm32l4xx/STM32L4xx_HAL_Driver/Src/stm32l4xx_hal_rtc_ex.c ****   /* Disable the write protection for RTC registers */
1139:stm/stm32l4xx/STM32L4xx_HAL_Driver/Src/stm32l4xx_hal_rtc_ex.c ****   __HAL_RTC_WRITEPROTECTION_DISABLE(hrtc);
 1484              		.loc 1 1139 3 is_stmt 1 discriminator 2 view .LVU495
 1485              		.loc 1 1139 3 discriminator 2 view .LVU496
 1486 0020 0368     		ldr	r3, [r0]
 1487 0022 CA22     		movs	r2, #202
 1488              	.LVL93:
 1489              		.loc 1 1139 3 is_stmt 0 discriminator 2 view .LVU497
 1490 0024 5A62     		str	r2, [r3, #36]
 1491              		.loc 1 1139 3 is_stmt 1 discriminator 2 view .LVU498
 1492 0026 0368     		ldr	r3, [r0]
 1493 0028 5322     		movs	r2, #83
 1494 002a 5A62     		str	r2, [r3, #36]
 1495              		.loc 1 1139 3 discriminator 2 view .LVU499
1140:stm/stm32l4xx/STM32L4xx_HAL_Driver/Src/stm32l4xx_hal_rtc_ex.c **** 
1141:stm/stm32l4xx/STM32L4xx_HAL_Driver/Src/stm32l4xx_hal_rtc_ex.c ****   /* check if a calibration is pending*/
1142:stm/stm32l4xx/STM32L4xx_HAL_Driver/Src/stm32l4xx_hal_rtc_ex.c **** #if defined(STM32L412xx) || defined(STM32L422xx) || defined (STM32L4P5xx) || defined (STM32L4Q5xx)
1143:stm/stm32l4xx/STM32L4xx_HAL_Driver/Src/stm32l4xx_hal_rtc_ex.c ****   if ((hrtc->Instance->ICSR & RTC_ICSR_RECALPF) != 0U)
1144:stm/stm32l4xx/STM32L4xx_HAL_Driver/Src/stm32l4xx_hal_rtc_ex.c **** #else
1145:stm/stm32l4xx/STM32L4xx_HAL_Driver/Src/stm32l4xx_hal_rtc_ex.c ****   if ((hrtc->Instance->ISR & RTC_ISR_RECALPF) != 0U)
 1496              		.loc 1 1145 3 discriminator 2 view .LVU500
 1497              		.loc 1 1145 12 is_stmt 0 discriminator 2 view .LVU501
 1498 002c 0368     		ldr	r3, [r0]
 1499              		.loc 1 1145 22 discriminator 2 view .LVU502
 1500 002e DB68     		ldr	r3, [r3, #12]
 1501              		.loc 1 1145 6 discriminator 2 view .LVU503
 1502 0030 13F4803F 		tst	r3, #65536
 1503 0034 14D1     		bne	.L91
 1504              	.LVL94:
 1505              	.L86:
1146:stm/stm32l4xx/STM32L4xx_HAL_Driver/Src/stm32l4xx_hal_rtc_ex.c **** #endif
1147:stm/stm32l4xx/STM32L4xx_HAL_Driver/Src/stm32l4xx_hal_rtc_ex.c ****   {
1148:stm/stm32l4xx/STM32L4xx_HAL_Driver/Src/stm32l4xx_hal_rtc_ex.c ****     tickstart = HAL_GetTick();
1149:stm/stm32l4xx/STM32L4xx_HAL_Driver/Src/stm32l4xx_hal_rtc_ex.c **** 
1150:stm/stm32l4xx/STM32L4xx_HAL_Driver/Src/stm32l4xx_hal_rtc_ex.c ****     /* check if a calibration is pending*/
1151:stm/stm32l4xx/STM32L4xx_HAL_Driver/Src/stm32l4xx_hal_rtc_ex.c **** #if defined(STM32L412xx) || defined(STM32L422xx) || defined (STM32L4P5xx) || defined (STM32L4Q5xx)
1152:stm/stm32l4xx/STM32L4xx_HAL_Driver/Src/stm32l4xx_hal_rtc_ex.c ****     while ((hrtc->Instance->ICSR & RTC_ICSR_RECALPF) != 0U)
1153:stm/stm32l4xx/STM32L4xx_HAL_Driver/Src/stm32l4xx_hal_rtc_ex.c **** #else
1154:stm/stm32l4xx/STM32L4xx_HAL_Driver/Src/stm32l4xx_hal_rtc_ex.c ****     while ((hrtc->Instance->ISR & RTC_ISR_RECALPF) != 0U)
1155:stm/stm32l4xx/STM32L4xx_HAL_Driver/Src/stm32l4xx_hal_rtc_ex.c **** #endif
1156:stm/stm32l4xx/STM32L4xx_HAL_Driver/Src/stm32l4xx_hal_rtc_ex.c ****     {
1157:stm/stm32l4xx/STM32L4xx_HAL_Driver/Src/stm32l4xx_hal_rtc_ex.c ****       if ((HAL_GetTick() - tickstart) > RTC_TIMEOUT_VALUE)
1158:stm/stm32l4xx/STM32L4xx_HAL_Driver/Src/stm32l4xx_hal_rtc_ex.c ****       {
1159:stm/stm32l4xx/STM32L4xx_HAL_Driver/Src/stm32l4xx_hal_rtc_ex.c ****         /* Enable the write protection for RTC registers */
1160:stm/stm32l4xx/STM32L4xx_HAL_Driver/Src/stm32l4xx_hal_rtc_ex.c ****         __HAL_RTC_WRITEPROTECTION_ENABLE(hrtc);
1161:stm/stm32l4xx/STM32L4xx_HAL_Driver/Src/stm32l4xx_hal_rtc_ex.c **** 
1162:stm/stm32l4xx/STM32L4xx_HAL_Driver/Src/stm32l4xx_hal_rtc_ex.c ****         /* Change RTC state */
1163:stm/stm32l4xx/STM32L4xx_HAL_Driver/Src/stm32l4xx_hal_rtc_ex.c ****         hrtc->State = HAL_RTC_STATE_TIMEOUT;
1164:stm/stm32l4xx/STM32L4xx_HAL_Driver/Src/stm32l4xx_hal_rtc_ex.c **** 
1165:stm/stm32l4xx/STM32L4xx_HAL_Driver/Src/stm32l4xx_hal_rtc_ex.c ****         /* Process Unlocked */
1166:stm/stm32l4xx/STM32L4xx_HAL_Driver/Src/stm32l4xx_hal_rtc_ex.c ****         __HAL_UNLOCK(hrtc);
1167:stm/stm32l4xx/STM32L4xx_HAL_Driver/Src/stm32l4xx_hal_rtc_ex.c **** 
1168:stm/stm32l4xx/STM32L4xx_HAL_Driver/Src/stm32l4xx_hal_rtc_ex.c ****         return HAL_TIMEOUT;
1169:stm/stm32l4xx/STM32L4xx_HAL_Driver/Src/stm32l4xx_hal_rtc_ex.c ****       }
1170:stm/stm32l4xx/STM32L4xx_HAL_Driver/Src/stm32l4xx_hal_rtc_ex.c ****     }
1171:stm/stm32l4xx/STM32L4xx_HAL_Driver/Src/stm32l4xx_hal_rtc_ex.c ****   }
1172:stm/stm32l4xx/STM32L4xx_HAL_Driver/Src/stm32l4xx_hal_rtc_ex.c **** 
ARM GAS  /var/tmp//ccqDFXEw.s 			page 49


1173:stm/stm32l4xx/STM32L4xx_HAL_Driver/Src/stm32l4xx_hal_rtc_ex.c ****   /* Configure the Smooth calibration settings */
1174:stm/stm32l4xx/STM32L4xx_HAL_Driver/Src/stm32l4xx_hal_rtc_ex.c ****   MODIFY_REG(hrtc->Instance->CALR, (RTC_CALR_CALP | RTC_CALR_CALW8 | RTC_CALR_CALW16 | RTC_CALR_CAL
 1506              		.loc 1 1174 3 is_stmt 1 view .LVU504
 1507 0036 2368     		ldr	r3, [r4]
 1508 0038 D96B     		ldr	r1, [r3, #60]
 1509 003a 21F46141 		bic	r1, r1, #57600
 1510 003e 21F0FF01 		bic	r1, r1, #255
 1511 0042 3D43     		orrs	r5, r5, r7
 1512              	.LVL95:
 1513              		.loc 1 1174 3 is_stmt 0 view .LVU505
 1514 0044 3543     		orrs	r5, r5, r6
 1515 0046 2943     		orrs	r1, r1, r5
 1516 0048 D963     		str	r1, [r3, #60]
1175:stm/stm32l4xx/STM32L4xx_HAL_Driver/Src/stm32l4xx_hal_rtc_ex.c **** 
1176:stm/stm32l4xx/STM32L4xx_HAL_Driver/Src/stm32l4xx_hal_rtc_ex.c ****   /* Enable the write protection for RTC registers */
1177:stm/stm32l4xx/STM32L4xx_HAL_Driver/Src/stm32l4xx_hal_rtc_ex.c ****   __HAL_RTC_WRITEPROTECTION_ENABLE(hrtc);
 1517              		.loc 1 1177 3 is_stmt 1 view .LVU506
 1518              		.loc 1 1177 3 view .LVU507
 1519 004a 2368     		ldr	r3, [r4]
 1520 004c FF22     		movs	r2, #255
 1521 004e 5A62     		str	r2, [r3, #36]
 1522              		.loc 1 1177 3 view .LVU508
1178:stm/stm32l4xx/STM32L4xx_HAL_Driver/Src/stm32l4xx_hal_rtc_ex.c **** 
1179:stm/stm32l4xx/STM32L4xx_HAL_Driver/Src/stm32l4xx_hal_rtc_ex.c ****   /* Change RTC state */
1180:stm/stm32l4xx/STM32L4xx_HAL_Driver/Src/stm32l4xx_hal_rtc_ex.c ****   hrtc->State = HAL_RTC_STATE_READY;
 1523              		.loc 1 1180 3 view .LVU509
 1524              		.loc 1 1180 15 is_stmt 0 view .LVU510
 1525 0050 0123     		movs	r3, #1
 1526 0052 84F82130 		strb	r3, [r4, #33]
1181:stm/stm32l4xx/STM32L4xx_HAL_Driver/Src/stm32l4xx_hal_rtc_ex.c **** 
1182:stm/stm32l4xx/STM32L4xx_HAL_Driver/Src/stm32l4xx_hal_rtc_ex.c ****   /* Process Unlocked */
1183:stm/stm32l4xx/STM32L4xx_HAL_Driver/Src/stm32l4xx_hal_rtc_ex.c ****   __HAL_UNLOCK(hrtc);
 1527              		.loc 1 1183 3 is_stmt 1 view .LVU511
 1528              		.loc 1 1183 3 view .LVU512
 1529 0056 0020     		movs	r0, #0
 1530 0058 84F82000 		strb	r0, [r4, #32]
 1531              		.loc 1 1183 3 view .LVU513
1184:stm/stm32l4xx/STM32L4xx_HAL_Driver/Src/stm32l4xx_hal_rtc_ex.c **** 
1185:stm/stm32l4xx/STM32L4xx_HAL_Driver/Src/stm32l4xx_hal_rtc_ex.c ****   return HAL_OK;
 1532              		.loc 1 1185 3 view .LVU514
 1533              	.LVL96:
 1534              	.L85:
1186:stm/stm32l4xx/STM32L4xx_HAL_Driver/Src/stm32l4xx_hal_rtc_ex.c **** }
 1535              		.loc 1 1186 1 is_stmt 0 view .LVU515
 1536 005c BDE8F081 		pop	{r4, r5, r6, r7, r8, pc}
 1537              	.LVL97:
 1538              	.L91:
1148:stm/stm32l4xx/STM32L4xx_HAL_Driver/Src/stm32l4xx_hal_rtc_ex.c **** 
 1539              		.loc 1 1148 5 is_stmt 1 view .LVU516
1148:stm/stm32l4xx/STM32L4xx_HAL_Driver/Src/stm32l4xx_hal_rtc_ex.c **** 
 1540              		.loc 1 1148 17 is_stmt 0 view .LVU517
 1541 0060 FFF7FEFF 		bl	HAL_GetTick
 1542              	.LVL98:
1148:stm/stm32l4xx/STM32L4xx_HAL_Driver/Src/stm32l4xx_hal_rtc_ex.c **** 
 1543              		.loc 1 1148 17 view .LVU518
 1544 0064 8046     		mov	r8, r0
 1545              	.LVL99:
ARM GAS  /var/tmp//ccqDFXEw.s 			page 50


1154:stm/stm32l4xx/STM32L4xx_HAL_Driver/Src/stm32l4xx_hal_rtc_ex.c **** #endif
 1546              		.loc 1 1154 5 is_stmt 1 view .LVU519
 1547              	.L87:
1154:stm/stm32l4xx/STM32L4xx_HAL_Driver/Src/stm32l4xx_hal_rtc_ex.c **** #endif
 1548              		.loc 1 1154 52 view .LVU520
1154:stm/stm32l4xx/STM32L4xx_HAL_Driver/Src/stm32l4xx_hal_rtc_ex.c **** #endif
 1549              		.loc 1 1154 17 is_stmt 0 view .LVU521
 1550 0066 2368     		ldr	r3, [r4]
1154:stm/stm32l4xx/STM32L4xx_HAL_Driver/Src/stm32l4xx_hal_rtc_ex.c **** #endif
 1551              		.loc 1 1154 27 view .LVU522
 1552 0068 DB68     		ldr	r3, [r3, #12]
1154:stm/stm32l4xx/STM32L4xx_HAL_Driver/Src/stm32l4xx_hal_rtc_ex.c **** #endif
 1553              		.loc 1 1154 52 view .LVU523
 1554 006a 13F4803F 		tst	r3, #65536
 1555 006e E2D0     		beq	.L86
1157:stm/stm32l4xx/STM32L4xx_HAL_Driver/Src/stm32l4xx_hal_rtc_ex.c ****       {
 1556              		.loc 1 1157 7 is_stmt 1 view .LVU524
1157:stm/stm32l4xx/STM32L4xx_HAL_Driver/Src/stm32l4xx_hal_rtc_ex.c ****       {
 1557              		.loc 1 1157 12 is_stmt 0 view .LVU525
 1558 0070 FFF7FEFF 		bl	HAL_GetTick
 1559              	.LVL100:
1157:stm/stm32l4xx/STM32L4xx_HAL_Driver/Src/stm32l4xx_hal_rtc_ex.c ****       {
 1560              		.loc 1 1157 26 view .LVU526
 1561 0074 A0EB0800 		sub	r0, r0, r8
1157:stm/stm32l4xx/STM32L4xx_HAL_Driver/Src/stm32l4xx_hal_rtc_ex.c ****       {
 1562              		.loc 1 1157 10 view .LVU527
 1563 0078 B0F57A7F 		cmp	r0, #1000
 1564 007c F3D9     		bls	.L87
1160:stm/stm32l4xx/STM32L4xx_HAL_Driver/Src/stm32l4xx_hal_rtc_ex.c **** 
 1565              		.loc 1 1160 9 is_stmt 1 view .LVU528
1160:stm/stm32l4xx/STM32L4xx_HAL_Driver/Src/stm32l4xx_hal_rtc_ex.c **** 
 1566              		.loc 1 1160 9 view .LVU529
 1567 007e 2368     		ldr	r3, [r4]
 1568 0080 FF22     		movs	r2, #255
 1569 0082 5A62     		str	r2, [r3, #36]
1160:stm/stm32l4xx/STM32L4xx_HAL_Driver/Src/stm32l4xx_hal_rtc_ex.c **** 
 1570              		.loc 1 1160 9 view .LVU530
1163:stm/stm32l4xx/STM32L4xx_HAL_Driver/Src/stm32l4xx_hal_rtc_ex.c **** 
 1571              		.loc 1 1163 9 view .LVU531
1163:stm/stm32l4xx/STM32L4xx_HAL_Driver/Src/stm32l4xx_hal_rtc_ex.c **** 
 1572              		.loc 1 1163 21 is_stmt 0 view .LVU532
 1573 0084 0320     		movs	r0, #3
 1574 0086 84F82100 		strb	r0, [r4, #33]
1166:stm/stm32l4xx/STM32L4xx_HAL_Driver/Src/stm32l4xx_hal_rtc_ex.c **** 
 1575              		.loc 1 1166 9 is_stmt 1 view .LVU533
1166:stm/stm32l4xx/STM32L4xx_HAL_Driver/Src/stm32l4xx_hal_rtc_ex.c **** 
 1576              		.loc 1 1166 9 view .LVU534
 1577 008a 0023     		movs	r3, #0
 1578 008c 84F82030 		strb	r3, [r4, #32]
1166:stm/stm32l4xx/STM32L4xx_HAL_Driver/Src/stm32l4xx_hal_rtc_ex.c **** 
 1579              		.loc 1 1166 9 view .LVU535
1168:stm/stm32l4xx/STM32L4xx_HAL_Driver/Src/stm32l4xx_hal_rtc_ex.c ****       }
 1580              		.loc 1 1168 9 view .LVU536
1168:stm/stm32l4xx/STM32L4xx_HAL_Driver/Src/stm32l4xx_hal_rtc_ex.c ****       }
 1581              		.loc 1 1168 16 is_stmt 0 view .LVU537
 1582 0090 E4E7     		b	.L85
 1583              	.LVL101:
ARM GAS  /var/tmp//ccqDFXEw.s 			page 51


 1584              	.L89:
1134:stm/stm32l4xx/STM32L4xx_HAL_Driver/Src/stm32l4xx_hal_rtc_ex.c **** 
 1585              		.loc 1 1134 3 view .LVU538
 1586 0092 0220     		movs	r0, #2
 1587              	.LVL102:
1134:stm/stm32l4xx/STM32L4xx_HAL_Driver/Src/stm32l4xx_hal_rtc_ex.c **** 
 1588              		.loc 1 1134 3 view .LVU539
 1589 0094 E2E7     		b	.L85
 1590              		.cfi_endproc
 1591              	.LFE304:
 1593              		.section	.text.HAL_RTCEx_SetSynchroShift,"ax",%progbits
 1594              		.align	1
 1595              		.global	HAL_RTCEx_SetSynchroShift
 1596              		.syntax unified
 1597              		.thumb
 1598              		.thumb_func
 1600              	HAL_RTCEx_SetSynchroShift:
 1601              	.LVL103:
 1602              	.LFB305:
1187:stm/stm32l4xx/STM32L4xx_HAL_Driver/Src/stm32l4xx_hal_rtc_ex.c **** 
1188:stm/stm32l4xx/STM32L4xx_HAL_Driver/Src/stm32l4xx_hal_rtc_ex.c **** #if defined(STM32L412xx) || defined(STM32L422xx) || defined (STM32L4P5xx) || defined (STM32L4Q5xx)
1189:stm/stm32l4xx/STM32L4xx_HAL_Driver/Src/stm32l4xx_hal_rtc_ex.c **** /**
1190:stm/stm32l4xx/STM32L4xx_HAL_Driver/Src/stm32l4xx_hal_rtc_ex.c ****   * @brief  Select the low power Calibration mode.
1191:stm/stm32l4xx/STM32L4xx_HAL_Driver/Src/stm32l4xx_hal_rtc_ex.c ****   * @param  hrtc RTC handle
1192:stm/stm32l4xx/STM32L4xx_HAL_Driver/Src/stm32l4xx_hal_rtc_ex.c ****   * @param  LowPowerCalib Low power Calibration mode.
1193:stm/stm32l4xx/STM32L4xx_HAL_Driver/Src/stm32l4xx_hal_rtc_ex.c ****   *          This parameter can be can be one of the following values :
1194:stm/stm32l4xx/STM32L4xx_HAL_Driver/Src/stm32l4xx_hal_rtc_ex.c ****   *             @arg RTC_LPCAL_SET: Low power mode.
1195:stm/stm32l4xx/STM32L4xx_HAL_Driver/Src/stm32l4xx_hal_rtc_ex.c ****   *             @arg RTC_LPCAL_RESET: High consumption mode.
1196:stm/stm32l4xx/STM32L4xx_HAL_Driver/Src/stm32l4xx_hal_rtc_ex.c ****   * @retval HAL status
1197:stm/stm32l4xx/STM32L4xx_HAL_Driver/Src/stm32l4xx_hal_rtc_ex.c ****   */
1198:stm/stm32l4xx/STM32L4xx_HAL_Driver/Src/stm32l4xx_hal_rtc_ex.c **** HAL_StatusTypeDef HAL_RTCEx_SetLowPowerCalib(RTC_HandleTypeDef *hrtc, uint32_t LowPowerCalib)
1199:stm/stm32l4xx/STM32L4xx_HAL_Driver/Src/stm32l4xx_hal_rtc_ex.c **** {
1200:stm/stm32l4xx/STM32L4xx_HAL_Driver/Src/stm32l4xx_hal_rtc_ex.c ****   /* Check the parameters */
1201:stm/stm32l4xx/STM32L4xx_HAL_Driver/Src/stm32l4xx_hal_rtc_ex.c ****   assert_param(IS_RTC_LOW_POWER_CALIB(LowPowerCalib));
1202:stm/stm32l4xx/STM32L4xx_HAL_Driver/Src/stm32l4xx_hal_rtc_ex.c **** 
1203:stm/stm32l4xx/STM32L4xx_HAL_Driver/Src/stm32l4xx_hal_rtc_ex.c ****   /* Process Locked */
1204:stm/stm32l4xx/STM32L4xx_HAL_Driver/Src/stm32l4xx_hal_rtc_ex.c ****   __HAL_LOCK(hrtc);
1205:stm/stm32l4xx/STM32L4xx_HAL_Driver/Src/stm32l4xx_hal_rtc_ex.c **** 
1206:stm/stm32l4xx/STM32L4xx_HAL_Driver/Src/stm32l4xx_hal_rtc_ex.c ****   hrtc->State = HAL_RTC_STATE_BUSY;
1207:stm/stm32l4xx/STM32L4xx_HAL_Driver/Src/stm32l4xx_hal_rtc_ex.c **** 
1208:stm/stm32l4xx/STM32L4xx_HAL_Driver/Src/stm32l4xx_hal_rtc_ex.c ****   /* Disable the write protection for RTC registers */
1209:stm/stm32l4xx/STM32L4xx_HAL_Driver/Src/stm32l4xx_hal_rtc_ex.c ****   __HAL_RTC_WRITEPROTECTION_DISABLE(hrtc);
1210:stm/stm32l4xx/STM32L4xx_HAL_Driver/Src/stm32l4xx_hal_rtc_ex.c **** 
1211:stm/stm32l4xx/STM32L4xx_HAL_Driver/Src/stm32l4xx_hal_rtc_ex.c ****   /* Configure the Smooth calibration settings */
1212:stm/stm32l4xx/STM32L4xx_HAL_Driver/Src/stm32l4xx_hal_rtc_ex.c ****   MODIFY_REG(hrtc->Instance->CALR, RTC_CALR_LPCAL, LowPowerCalib);
1213:stm/stm32l4xx/STM32L4xx_HAL_Driver/Src/stm32l4xx_hal_rtc_ex.c **** 
1214:stm/stm32l4xx/STM32L4xx_HAL_Driver/Src/stm32l4xx_hal_rtc_ex.c ****   /* Enable the write protection for RTC registers */
1215:stm/stm32l4xx/STM32L4xx_HAL_Driver/Src/stm32l4xx_hal_rtc_ex.c ****   __HAL_RTC_WRITEPROTECTION_ENABLE(hrtc);
1216:stm/stm32l4xx/STM32L4xx_HAL_Driver/Src/stm32l4xx_hal_rtc_ex.c **** 
1217:stm/stm32l4xx/STM32L4xx_HAL_Driver/Src/stm32l4xx_hal_rtc_ex.c ****   /* Change RTC state */
1218:stm/stm32l4xx/STM32L4xx_HAL_Driver/Src/stm32l4xx_hal_rtc_ex.c ****   hrtc->State = HAL_RTC_STATE_READY;
1219:stm/stm32l4xx/STM32L4xx_HAL_Driver/Src/stm32l4xx_hal_rtc_ex.c **** 
1220:stm/stm32l4xx/STM32L4xx_HAL_Driver/Src/stm32l4xx_hal_rtc_ex.c ****   /* Process Unlocked */
1221:stm/stm32l4xx/STM32L4xx_HAL_Driver/Src/stm32l4xx_hal_rtc_ex.c ****   __HAL_UNLOCK(hrtc);
1222:stm/stm32l4xx/STM32L4xx_HAL_Driver/Src/stm32l4xx_hal_rtc_ex.c **** 
1223:stm/stm32l4xx/STM32L4xx_HAL_Driver/Src/stm32l4xx_hal_rtc_ex.c ****   return HAL_OK;
1224:stm/stm32l4xx/STM32L4xx_HAL_Driver/Src/stm32l4xx_hal_rtc_ex.c **** }
ARM GAS  /var/tmp//ccqDFXEw.s 			page 52


1225:stm/stm32l4xx/STM32L4xx_HAL_Driver/Src/stm32l4xx_hal_rtc_ex.c **** #endif /* #if defined(STM32L412xx) || defined(STM32L422xx) || defined (STM32L4P5xx) || defined (STM
1226:stm/stm32l4xx/STM32L4xx_HAL_Driver/Src/stm32l4xx_hal_rtc_ex.c **** 
1227:stm/stm32l4xx/STM32L4xx_HAL_Driver/Src/stm32l4xx_hal_rtc_ex.c **** /**
1228:stm/stm32l4xx/STM32L4xx_HAL_Driver/Src/stm32l4xx_hal_rtc_ex.c ****   * @brief  Configure the Synchronization Shift Control Settings.
1229:stm/stm32l4xx/STM32L4xx_HAL_Driver/Src/stm32l4xx_hal_rtc_ex.c ****   * @note   When REFCKON is set, firmware must not write to Shift control register.
1230:stm/stm32l4xx/STM32L4xx_HAL_Driver/Src/stm32l4xx_hal_rtc_ex.c ****   * @param  hrtc RTC handle
1231:stm/stm32l4xx/STM32L4xx_HAL_Driver/Src/stm32l4xx_hal_rtc_ex.c ****   * @param  ShiftAdd1S Select to add or not 1 second to the time calendar.
1232:stm/stm32l4xx/STM32L4xx_HAL_Driver/Src/stm32l4xx_hal_rtc_ex.c ****   *          This parameter can be one of the following values:
1233:stm/stm32l4xx/STM32L4xx_HAL_Driver/Src/stm32l4xx_hal_rtc_ex.c ****   *             @arg RTC_SHIFTADD1S_SET: Add one second to the clock calendar.
1234:stm/stm32l4xx/STM32L4xx_HAL_Driver/Src/stm32l4xx_hal_rtc_ex.c ****   *             @arg RTC_SHIFTADD1S_RESET: No effect.
1235:stm/stm32l4xx/STM32L4xx_HAL_Driver/Src/stm32l4xx_hal_rtc_ex.c ****   * @param  ShiftSubFS Select the number of Second Fractions to substitute.
1236:stm/stm32l4xx/STM32L4xx_HAL_Driver/Src/stm32l4xx_hal_rtc_ex.c ****   *          This parameter can be one any value from 0 to 0x7FFF.
1237:stm/stm32l4xx/STM32L4xx_HAL_Driver/Src/stm32l4xx_hal_rtc_ex.c ****   * @retval HAL status
1238:stm/stm32l4xx/STM32L4xx_HAL_Driver/Src/stm32l4xx_hal_rtc_ex.c ****   */
1239:stm/stm32l4xx/STM32L4xx_HAL_Driver/Src/stm32l4xx_hal_rtc_ex.c **** HAL_StatusTypeDef HAL_RTCEx_SetSynchroShift(RTC_HandleTypeDef *hrtc, uint32_t ShiftAdd1S, uint32_t 
1240:stm/stm32l4xx/STM32L4xx_HAL_Driver/Src/stm32l4xx_hal_rtc_ex.c **** {
 1603              		.loc 1 1240 1 is_stmt 1 view -0
 1604              		.cfi_startproc
 1605              		@ args = 0, pretend = 0, frame = 0
 1606              		@ frame_needed = 0, uses_anonymous_args = 0
1241:stm/stm32l4xx/STM32L4xx_HAL_Driver/Src/stm32l4xx_hal_rtc_ex.c ****   uint32_t tickstart;
 1607              		.loc 1 1241 3 view .LVU541
1242:stm/stm32l4xx/STM32L4xx_HAL_Driver/Src/stm32l4xx_hal_rtc_ex.c **** 
1243:stm/stm32l4xx/STM32L4xx_HAL_Driver/Src/stm32l4xx_hal_rtc_ex.c ****   /* Check the parameters */
1244:stm/stm32l4xx/STM32L4xx_HAL_Driver/Src/stm32l4xx_hal_rtc_ex.c ****   assert_param(IS_RTC_SHIFT_ADD1S(ShiftAdd1S));
 1608              		.loc 1 1244 3 view .LVU542
1245:stm/stm32l4xx/STM32L4xx_HAL_Driver/Src/stm32l4xx_hal_rtc_ex.c ****   assert_param(IS_RTC_SHIFT_SUBFS(ShiftSubFS));
 1609              		.loc 1 1245 3 view .LVU543
1246:stm/stm32l4xx/STM32L4xx_HAL_Driver/Src/stm32l4xx_hal_rtc_ex.c **** 
1247:stm/stm32l4xx/STM32L4xx_HAL_Driver/Src/stm32l4xx_hal_rtc_ex.c ****   /* Process Locked */
1248:stm/stm32l4xx/STM32L4xx_HAL_Driver/Src/stm32l4xx_hal_rtc_ex.c ****   __HAL_LOCK(hrtc);
 1610              		.loc 1 1248 3 view .LVU544
 1611              		.loc 1 1248 3 view .LVU545
 1612 0000 90F82030 		ldrb	r3, [r0, #32]	@ zero_extendqisi2
 1613 0004 012B     		cmp	r3, #1
 1614 0006 59D0     		beq	.L98
1240:stm/stm32l4xx/STM32L4xx_HAL_Driver/Src/stm32l4xx_hal_rtc_ex.c ****   uint32_t tickstart;
 1615              		.loc 1 1240 1 is_stmt 0 discriminator 2 view .LVU546
 1616 0008 2DE9F041 		push	{r4, r5, r6, r7, r8, lr}
 1617              	.LCFI12:
 1618              		.cfi_def_cfa_offset 24
 1619              		.cfi_offset 4, -24
 1620              		.cfi_offset 5, -20
 1621              		.cfi_offset 6, -16
 1622              		.cfi_offset 7, -12
 1623              		.cfi_offset 8, -8
 1624              		.cfi_offset 14, -4
 1625 000c 0446     		mov	r4, r0
 1626 000e 8846     		mov	r8, r1
 1627 0010 1746     		mov	r7, r2
 1628              		.loc 1 1248 3 is_stmt 1 discriminator 2 view .LVU547
 1629 0012 0123     		movs	r3, #1
 1630 0014 80F82030 		strb	r3, [r0, #32]
 1631              		.loc 1 1248 3 discriminator 2 view .LVU548
1249:stm/stm32l4xx/STM32L4xx_HAL_Driver/Src/stm32l4xx_hal_rtc_ex.c **** 
1250:stm/stm32l4xx/STM32L4xx_HAL_Driver/Src/stm32l4xx_hal_rtc_ex.c ****   hrtc->State = HAL_RTC_STATE_BUSY;
 1632              		.loc 1 1250 3 discriminator 2 view .LVU549
ARM GAS  /var/tmp//ccqDFXEw.s 			page 53


 1633              		.loc 1 1250 15 is_stmt 0 discriminator 2 view .LVU550
 1634 0018 0223     		movs	r3, #2
 1635 001a 80F82130 		strb	r3, [r0, #33]
1251:stm/stm32l4xx/STM32L4xx_HAL_Driver/Src/stm32l4xx_hal_rtc_ex.c **** 
1252:stm/stm32l4xx/STM32L4xx_HAL_Driver/Src/stm32l4xx_hal_rtc_ex.c ****   /* Disable the write protection for RTC registers */
1253:stm/stm32l4xx/STM32L4xx_HAL_Driver/Src/stm32l4xx_hal_rtc_ex.c ****   __HAL_RTC_WRITEPROTECTION_DISABLE(hrtc);
 1636              		.loc 1 1253 3 is_stmt 1 discriminator 2 view .LVU551
 1637              		.loc 1 1253 3 discriminator 2 view .LVU552
 1638 001e 0368     		ldr	r3, [r0]
 1639 0020 CA22     		movs	r2, #202
 1640              	.LVL104:
 1641              		.loc 1 1253 3 is_stmt 0 discriminator 2 view .LVU553
 1642 0022 5A62     		str	r2, [r3, #36]
 1643              		.loc 1 1253 3 is_stmt 1 discriminator 2 view .LVU554
 1644 0024 0368     		ldr	r3, [r0]
 1645 0026 5322     		movs	r2, #83
 1646 0028 5A62     		str	r2, [r3, #36]
 1647              		.loc 1 1253 3 discriminator 2 view .LVU555
1254:stm/stm32l4xx/STM32L4xx_HAL_Driver/Src/stm32l4xx_hal_rtc_ex.c **** 
1255:stm/stm32l4xx/STM32L4xx_HAL_Driver/Src/stm32l4xx_hal_rtc_ex.c ****   tickstart = HAL_GetTick();
 1648              		.loc 1 1255 3 discriminator 2 view .LVU556
 1649              		.loc 1 1255 15 is_stmt 0 discriminator 2 view .LVU557
 1650 002a FFF7FEFF 		bl	HAL_GetTick
 1651              	.LVL105:
 1652              		.loc 1 1255 15 discriminator 2 view .LVU558
 1653 002e 0646     		mov	r6, r0
 1654              	.LVL106:
1256:stm/stm32l4xx/STM32L4xx_HAL_Driver/Src/stm32l4xx_hal_rtc_ex.c **** 
1257:stm/stm32l4xx/STM32L4xx_HAL_Driver/Src/stm32l4xx_hal_rtc_ex.c ****   /* Wait until the shift is completed*/
1258:stm/stm32l4xx/STM32L4xx_HAL_Driver/Src/stm32l4xx_hal_rtc_ex.c **** #if defined(STM32L412xx) || defined(STM32L422xx) || defined (STM32L4P5xx) || defined (STM32L4Q5xx)
1259:stm/stm32l4xx/STM32L4xx_HAL_Driver/Src/stm32l4xx_hal_rtc_ex.c ****   while ((hrtc->Instance->ICSR & RTC_ICSR_SHPF) != 0U)
1260:stm/stm32l4xx/STM32L4xx_HAL_Driver/Src/stm32l4xx_hal_rtc_ex.c **** #else
1261:stm/stm32l4xx/STM32L4xx_HAL_Driver/Src/stm32l4xx_hal_rtc_ex.c ****   while ((hrtc->Instance->ISR & RTC_ISR_SHPF) != 0U)
 1655              		.loc 1 1261 3 is_stmt 1 discriminator 2 view .LVU559
 1656              	.L94:
 1657              		.loc 1 1261 47 view .LVU560
 1658              		.loc 1 1261 15 is_stmt 0 view .LVU561
 1659 0030 2368     		ldr	r3, [r4]
 1660              		.loc 1 1261 25 view .LVU562
 1661 0032 DD68     		ldr	r5, [r3, #12]
 1662              		.loc 1 1261 47 view .LVU563
 1663 0034 15F0080F 		tst	r5, #8
 1664 0038 10D0     		beq	.L103
1262:stm/stm32l4xx/STM32L4xx_HAL_Driver/Src/stm32l4xx_hal_rtc_ex.c **** #endif
1263:stm/stm32l4xx/STM32L4xx_HAL_Driver/Src/stm32l4xx_hal_rtc_ex.c ****   {
1264:stm/stm32l4xx/STM32L4xx_HAL_Driver/Src/stm32l4xx_hal_rtc_ex.c ****     if ((HAL_GetTick() - tickstart) > RTC_TIMEOUT_VALUE)
 1665              		.loc 1 1264 5 is_stmt 1 view .LVU564
 1666              		.loc 1 1264 10 is_stmt 0 view .LVU565
 1667 003a FFF7FEFF 		bl	HAL_GetTick
 1668              	.LVL107:
 1669              		.loc 1 1264 24 view .LVU566
 1670 003e 831B     		subs	r3, r0, r6
 1671              		.loc 1 1264 8 view .LVU567
 1672 0040 B3F57A7F 		cmp	r3, #1000
 1673 0044 F4D9     		bls	.L94
1265:stm/stm32l4xx/STM32L4xx_HAL_Driver/Src/stm32l4xx_hal_rtc_ex.c ****     {
1266:stm/stm32l4xx/STM32L4xx_HAL_Driver/Src/stm32l4xx_hal_rtc_ex.c ****       /* Enable the write protection for RTC registers */
ARM GAS  /var/tmp//ccqDFXEw.s 			page 54


1267:stm/stm32l4xx/STM32L4xx_HAL_Driver/Src/stm32l4xx_hal_rtc_ex.c ****       __HAL_RTC_WRITEPROTECTION_ENABLE(hrtc);
 1674              		.loc 1 1267 7 is_stmt 1 view .LVU568
 1675              		.loc 1 1267 7 view .LVU569
 1676 0046 2368     		ldr	r3, [r4]
 1677 0048 FF22     		movs	r2, #255
 1678 004a 5A62     		str	r2, [r3, #36]
 1679              		.loc 1 1267 7 view .LVU570
1268:stm/stm32l4xx/STM32L4xx_HAL_Driver/Src/stm32l4xx_hal_rtc_ex.c **** 
1269:stm/stm32l4xx/STM32L4xx_HAL_Driver/Src/stm32l4xx_hal_rtc_ex.c ****       hrtc->State = HAL_RTC_STATE_TIMEOUT;
 1680              		.loc 1 1269 7 view .LVU571
 1681              		.loc 1 1269 19 is_stmt 0 view .LVU572
 1682 004c 0320     		movs	r0, #3
 1683 004e 84F82100 		strb	r0, [r4, #33]
1270:stm/stm32l4xx/STM32L4xx_HAL_Driver/Src/stm32l4xx_hal_rtc_ex.c **** 
1271:stm/stm32l4xx/STM32L4xx_HAL_Driver/Src/stm32l4xx_hal_rtc_ex.c ****       /* Process Unlocked */
1272:stm/stm32l4xx/STM32L4xx_HAL_Driver/Src/stm32l4xx_hal_rtc_ex.c ****       __HAL_UNLOCK(hrtc);
 1684              		.loc 1 1272 7 is_stmt 1 view .LVU573
 1685              		.loc 1 1272 7 view .LVU574
 1686 0052 0023     		movs	r3, #0
 1687 0054 84F82030 		strb	r3, [r4, #32]
 1688              		.loc 1 1272 7 view .LVU575
1273:stm/stm32l4xx/STM32L4xx_HAL_Driver/Src/stm32l4xx_hal_rtc_ex.c **** 
1274:stm/stm32l4xx/STM32L4xx_HAL_Driver/Src/stm32l4xx_hal_rtc_ex.c ****       return HAL_TIMEOUT;
 1689              		.loc 1 1274 7 view .LVU576
 1690              	.LVL108:
 1691              	.L93:
1275:stm/stm32l4xx/STM32L4xx_HAL_Driver/Src/stm32l4xx_hal_rtc_ex.c ****     }
1276:stm/stm32l4xx/STM32L4xx_HAL_Driver/Src/stm32l4xx_hal_rtc_ex.c ****   }
1277:stm/stm32l4xx/STM32L4xx_HAL_Driver/Src/stm32l4xx_hal_rtc_ex.c **** 
1278:stm/stm32l4xx/STM32L4xx_HAL_Driver/Src/stm32l4xx_hal_rtc_ex.c ****   /* Check if the reference clock detection is disabled */
1279:stm/stm32l4xx/STM32L4xx_HAL_Driver/Src/stm32l4xx_hal_rtc_ex.c ****   if ((hrtc->Instance->CR & RTC_CR_REFCKON) == 0U)
1280:stm/stm32l4xx/STM32L4xx_HAL_Driver/Src/stm32l4xx_hal_rtc_ex.c ****   {
1281:stm/stm32l4xx/STM32L4xx_HAL_Driver/Src/stm32l4xx_hal_rtc_ex.c ****     /* Configure the Shift settings */
1282:stm/stm32l4xx/STM32L4xx_HAL_Driver/Src/stm32l4xx_hal_rtc_ex.c ****     hrtc->Instance->SHIFTR = (uint32_t)(uint32_t)(ShiftSubFS) | (uint32_t)(ShiftAdd1S);
1283:stm/stm32l4xx/STM32L4xx_HAL_Driver/Src/stm32l4xx_hal_rtc_ex.c **** 
1284:stm/stm32l4xx/STM32L4xx_HAL_Driver/Src/stm32l4xx_hal_rtc_ex.c ****     /* If  RTC_CR_BYPSHAD bit = 0, wait for synchro else this check is not needed */
1285:stm/stm32l4xx/STM32L4xx_HAL_Driver/Src/stm32l4xx_hal_rtc_ex.c ****     if ((hrtc->Instance->CR & RTC_CR_BYPSHAD) == 0U)
1286:stm/stm32l4xx/STM32L4xx_HAL_Driver/Src/stm32l4xx_hal_rtc_ex.c ****     {
1287:stm/stm32l4xx/STM32L4xx_HAL_Driver/Src/stm32l4xx_hal_rtc_ex.c ****       if (HAL_RTC_WaitForSynchro(hrtc) != HAL_OK)
1288:stm/stm32l4xx/STM32L4xx_HAL_Driver/Src/stm32l4xx_hal_rtc_ex.c ****       {
1289:stm/stm32l4xx/STM32L4xx_HAL_Driver/Src/stm32l4xx_hal_rtc_ex.c ****         /* Enable the write protection for RTC registers */
1290:stm/stm32l4xx/STM32L4xx_HAL_Driver/Src/stm32l4xx_hal_rtc_ex.c ****         __HAL_RTC_WRITEPROTECTION_ENABLE(hrtc);
1291:stm/stm32l4xx/STM32L4xx_HAL_Driver/Src/stm32l4xx_hal_rtc_ex.c **** 
1292:stm/stm32l4xx/STM32L4xx_HAL_Driver/Src/stm32l4xx_hal_rtc_ex.c ****         hrtc->State = HAL_RTC_STATE_ERROR;
1293:stm/stm32l4xx/STM32L4xx_HAL_Driver/Src/stm32l4xx_hal_rtc_ex.c **** 
1294:stm/stm32l4xx/STM32L4xx_HAL_Driver/Src/stm32l4xx_hal_rtc_ex.c ****         /* Process Unlocked */
1295:stm/stm32l4xx/STM32L4xx_HAL_Driver/Src/stm32l4xx_hal_rtc_ex.c ****         __HAL_UNLOCK(hrtc);
1296:stm/stm32l4xx/STM32L4xx_HAL_Driver/Src/stm32l4xx_hal_rtc_ex.c **** 
1297:stm/stm32l4xx/STM32L4xx_HAL_Driver/Src/stm32l4xx_hal_rtc_ex.c ****         return HAL_ERROR;
1298:stm/stm32l4xx/STM32L4xx_HAL_Driver/Src/stm32l4xx_hal_rtc_ex.c ****       }
1299:stm/stm32l4xx/STM32L4xx_HAL_Driver/Src/stm32l4xx_hal_rtc_ex.c ****     }
1300:stm/stm32l4xx/STM32L4xx_HAL_Driver/Src/stm32l4xx_hal_rtc_ex.c ****   }
1301:stm/stm32l4xx/STM32L4xx_HAL_Driver/Src/stm32l4xx_hal_rtc_ex.c ****   else
1302:stm/stm32l4xx/STM32L4xx_HAL_Driver/Src/stm32l4xx_hal_rtc_ex.c ****   {
1303:stm/stm32l4xx/STM32L4xx_HAL_Driver/Src/stm32l4xx_hal_rtc_ex.c ****     /* Enable the write protection for RTC registers */
1304:stm/stm32l4xx/STM32L4xx_HAL_Driver/Src/stm32l4xx_hal_rtc_ex.c ****     __HAL_RTC_WRITEPROTECTION_ENABLE(hrtc);
1305:stm/stm32l4xx/STM32L4xx_HAL_Driver/Src/stm32l4xx_hal_rtc_ex.c **** 
ARM GAS  /var/tmp//ccqDFXEw.s 			page 55


1306:stm/stm32l4xx/STM32L4xx_HAL_Driver/Src/stm32l4xx_hal_rtc_ex.c ****     /* Change RTC state */
1307:stm/stm32l4xx/STM32L4xx_HAL_Driver/Src/stm32l4xx_hal_rtc_ex.c ****     hrtc->State = HAL_RTC_STATE_ERROR;
1308:stm/stm32l4xx/STM32L4xx_HAL_Driver/Src/stm32l4xx_hal_rtc_ex.c **** 
1309:stm/stm32l4xx/STM32L4xx_HAL_Driver/Src/stm32l4xx_hal_rtc_ex.c ****     /* Process Unlocked */
1310:stm/stm32l4xx/STM32L4xx_HAL_Driver/Src/stm32l4xx_hal_rtc_ex.c ****     __HAL_UNLOCK(hrtc);
1311:stm/stm32l4xx/STM32L4xx_HAL_Driver/Src/stm32l4xx_hal_rtc_ex.c **** 
1312:stm/stm32l4xx/STM32L4xx_HAL_Driver/Src/stm32l4xx_hal_rtc_ex.c ****     return HAL_ERROR;
1313:stm/stm32l4xx/STM32L4xx_HAL_Driver/Src/stm32l4xx_hal_rtc_ex.c ****   }
1314:stm/stm32l4xx/STM32L4xx_HAL_Driver/Src/stm32l4xx_hal_rtc_ex.c **** 
1315:stm/stm32l4xx/STM32L4xx_HAL_Driver/Src/stm32l4xx_hal_rtc_ex.c ****   /* Enable the write protection for RTC registers */
1316:stm/stm32l4xx/STM32L4xx_HAL_Driver/Src/stm32l4xx_hal_rtc_ex.c ****   __HAL_RTC_WRITEPROTECTION_ENABLE(hrtc);
1317:stm/stm32l4xx/STM32L4xx_HAL_Driver/Src/stm32l4xx_hal_rtc_ex.c **** 
1318:stm/stm32l4xx/STM32L4xx_HAL_Driver/Src/stm32l4xx_hal_rtc_ex.c ****   /* Change RTC state */
1319:stm/stm32l4xx/STM32L4xx_HAL_Driver/Src/stm32l4xx_hal_rtc_ex.c ****   hrtc->State = HAL_RTC_STATE_READY;
1320:stm/stm32l4xx/STM32L4xx_HAL_Driver/Src/stm32l4xx_hal_rtc_ex.c **** 
1321:stm/stm32l4xx/STM32L4xx_HAL_Driver/Src/stm32l4xx_hal_rtc_ex.c ****   /* Process Unlocked */
1322:stm/stm32l4xx/STM32L4xx_HAL_Driver/Src/stm32l4xx_hal_rtc_ex.c ****   __HAL_UNLOCK(hrtc);
1323:stm/stm32l4xx/STM32L4xx_HAL_Driver/Src/stm32l4xx_hal_rtc_ex.c **** 
1324:stm/stm32l4xx/STM32L4xx_HAL_Driver/Src/stm32l4xx_hal_rtc_ex.c ****   return HAL_OK;
1325:stm/stm32l4xx/STM32L4xx_HAL_Driver/Src/stm32l4xx_hal_rtc_ex.c **** }
 1692              		.loc 1 1325 1 is_stmt 0 view .LVU577
 1693 0058 BDE8F081 		pop	{r4, r5, r6, r7, r8, pc}
 1694              	.LVL109:
 1695              	.L103:
1279:stm/stm32l4xx/STM32L4xx_HAL_Driver/Src/stm32l4xx_hal_rtc_ex.c ****   {
 1696              		.loc 1 1279 3 is_stmt 1 view .LVU578
1279:stm/stm32l4xx/STM32L4xx_HAL_Driver/Src/stm32l4xx_hal_rtc_ex.c ****   {
 1697              		.loc 1 1279 22 is_stmt 0 view .LVU579
 1698 005c 9A68     		ldr	r2, [r3, #8]
1279:stm/stm32l4xx/STM32L4xx_HAL_Driver/Src/stm32l4xx_hal_rtc_ex.c ****   {
 1699              		.loc 1 1279 6 view .LVU580
 1700 005e 12F0100F 		tst	r2, #16
 1701 0062 21D1     		bne	.L96
1282:stm/stm32l4xx/STM32L4xx_HAL_Driver/Src/stm32l4xx_hal_rtc_ex.c **** 
 1702              		.loc 1 1282 5 is_stmt 1 view .LVU581
1282:stm/stm32l4xx/STM32L4xx_HAL_Driver/Src/stm32l4xx_hal_rtc_ex.c **** 
 1703              		.loc 1 1282 63 is_stmt 0 view .LVU582
 1704 0064 47EA0807 		orr	r7, r7, r8
 1705              	.LVL110:
1282:stm/stm32l4xx/STM32L4xx_HAL_Driver/Src/stm32l4xx_hal_rtc_ex.c **** 
 1706              		.loc 1 1282 28 view .LVU583
 1707 0068 DF62     		str	r7, [r3, #44]
1285:stm/stm32l4xx/STM32L4xx_HAL_Driver/Src/stm32l4xx_hal_rtc_ex.c ****     {
 1708              		.loc 1 1285 5 is_stmt 1 view .LVU584
1285:stm/stm32l4xx/STM32L4xx_HAL_Driver/Src/stm32l4xx_hal_rtc_ex.c ****     {
 1709              		.loc 1 1285 14 is_stmt 0 view .LVU585
 1710 006a 2368     		ldr	r3, [r4]
1285:stm/stm32l4xx/STM32L4xx_HAL_Driver/Src/stm32l4xx_hal_rtc_ex.c ****     {
 1711              		.loc 1 1285 24 view .LVU586
 1712 006c 9B68     		ldr	r3, [r3, #8]
1285:stm/stm32l4xx/STM32L4xx_HAL_Driver/Src/stm32l4xx_hal_rtc_ex.c ****     {
 1713              		.loc 1 1285 8 view .LVU587
 1714 006e 13F0200F 		tst	r3, #32
 1715 0072 09D0     		beq	.L104
 1716              	.L97:
1316:stm/stm32l4xx/STM32L4xx_HAL_Driver/Src/stm32l4xx_hal_rtc_ex.c **** 
 1717              		.loc 1 1316 3 is_stmt 1 view .LVU588
ARM GAS  /var/tmp//ccqDFXEw.s 			page 56


1316:stm/stm32l4xx/STM32L4xx_HAL_Driver/Src/stm32l4xx_hal_rtc_ex.c **** 
 1718              		.loc 1 1316 3 view .LVU589
 1719 0074 2368     		ldr	r3, [r4]
 1720 0076 FF22     		movs	r2, #255
 1721 0078 5A62     		str	r2, [r3, #36]
1316:stm/stm32l4xx/STM32L4xx_HAL_Driver/Src/stm32l4xx_hal_rtc_ex.c **** 
 1722              		.loc 1 1316 3 view .LVU590
1319:stm/stm32l4xx/STM32L4xx_HAL_Driver/Src/stm32l4xx_hal_rtc_ex.c **** 
 1723              		.loc 1 1319 3 view .LVU591
1319:stm/stm32l4xx/STM32L4xx_HAL_Driver/Src/stm32l4xx_hal_rtc_ex.c **** 
 1724              		.loc 1 1319 15 is_stmt 0 view .LVU592
 1725 007a 0123     		movs	r3, #1
 1726 007c 84F82130 		strb	r3, [r4, #33]
1322:stm/stm32l4xx/STM32L4xx_HAL_Driver/Src/stm32l4xx_hal_rtc_ex.c **** 
 1727              		.loc 1 1322 3 is_stmt 1 view .LVU593
1322:stm/stm32l4xx/STM32L4xx_HAL_Driver/Src/stm32l4xx_hal_rtc_ex.c **** 
 1728              		.loc 1 1322 3 view .LVU594
 1729 0080 0020     		movs	r0, #0
 1730 0082 84F82000 		strb	r0, [r4, #32]
1322:stm/stm32l4xx/STM32L4xx_HAL_Driver/Src/stm32l4xx_hal_rtc_ex.c **** 
 1731              		.loc 1 1322 3 view .LVU595
1324:stm/stm32l4xx/STM32L4xx_HAL_Driver/Src/stm32l4xx_hal_rtc_ex.c **** }
 1732              		.loc 1 1324 3 view .LVU596
1324:stm/stm32l4xx/STM32L4xx_HAL_Driver/Src/stm32l4xx_hal_rtc_ex.c **** }
 1733              		.loc 1 1324 10 is_stmt 0 view .LVU597
 1734 0086 E7E7     		b	.L93
 1735              	.L104:
1287:stm/stm32l4xx/STM32L4xx_HAL_Driver/Src/stm32l4xx_hal_rtc_ex.c ****       {
 1736              		.loc 1 1287 7 is_stmt 1 view .LVU598
1287:stm/stm32l4xx/STM32L4xx_HAL_Driver/Src/stm32l4xx_hal_rtc_ex.c ****       {
 1737              		.loc 1 1287 11 is_stmt 0 view .LVU599
 1738 0088 2046     		mov	r0, r4
 1739 008a FFF7FEFF 		bl	HAL_RTC_WaitForSynchro
 1740              	.LVL111:
1287:stm/stm32l4xx/STM32L4xx_HAL_Driver/Src/stm32l4xx_hal_rtc_ex.c ****       {
 1741              		.loc 1 1287 10 view .LVU600
 1742 008e 0028     		cmp	r0, #0
 1743 0090 F0D0     		beq	.L97
1290:stm/stm32l4xx/STM32L4xx_HAL_Driver/Src/stm32l4xx_hal_rtc_ex.c **** 
 1744              		.loc 1 1290 9 is_stmt 1 view .LVU601
1290:stm/stm32l4xx/STM32L4xx_HAL_Driver/Src/stm32l4xx_hal_rtc_ex.c **** 
 1745              		.loc 1 1290 9 view .LVU602
 1746 0092 2368     		ldr	r3, [r4]
 1747 0094 FF22     		movs	r2, #255
 1748 0096 5A62     		str	r2, [r3, #36]
1290:stm/stm32l4xx/STM32L4xx_HAL_Driver/Src/stm32l4xx_hal_rtc_ex.c **** 
 1749              		.loc 1 1290 9 view .LVU603
1292:stm/stm32l4xx/STM32L4xx_HAL_Driver/Src/stm32l4xx_hal_rtc_ex.c **** 
 1750              		.loc 1 1292 9 view .LVU604
1292:stm/stm32l4xx/STM32L4xx_HAL_Driver/Src/stm32l4xx_hal_rtc_ex.c **** 
 1751              		.loc 1 1292 21 is_stmt 0 view .LVU605
 1752 0098 0423     		movs	r3, #4
 1753 009a 84F82130 		strb	r3, [r4, #33]
1295:stm/stm32l4xx/STM32L4xx_HAL_Driver/Src/stm32l4xx_hal_rtc_ex.c **** 
 1754              		.loc 1 1295 9 is_stmt 1 view .LVU606
1295:stm/stm32l4xx/STM32L4xx_HAL_Driver/Src/stm32l4xx_hal_rtc_ex.c **** 
 1755              		.loc 1 1295 9 view .LVU607
ARM GAS  /var/tmp//ccqDFXEw.s 			page 57


 1756 009e 0023     		movs	r3, #0
 1757 00a0 84F82030 		strb	r3, [r4, #32]
1295:stm/stm32l4xx/STM32L4xx_HAL_Driver/Src/stm32l4xx_hal_rtc_ex.c **** 
 1758              		.loc 1 1295 9 view .LVU608
1297:stm/stm32l4xx/STM32L4xx_HAL_Driver/Src/stm32l4xx_hal_rtc_ex.c ****       }
 1759              		.loc 1 1297 9 view .LVU609
1297:stm/stm32l4xx/STM32L4xx_HAL_Driver/Src/stm32l4xx_hal_rtc_ex.c ****       }
 1760              		.loc 1 1297 16 is_stmt 0 view .LVU610
 1761 00a4 0120     		movs	r0, #1
 1762 00a6 D7E7     		b	.L93
 1763              	.LVL112:
 1764              	.L96:
1304:stm/stm32l4xx/STM32L4xx_HAL_Driver/Src/stm32l4xx_hal_rtc_ex.c **** 
 1765              		.loc 1 1304 5 is_stmt 1 view .LVU611
1304:stm/stm32l4xx/STM32L4xx_HAL_Driver/Src/stm32l4xx_hal_rtc_ex.c **** 
 1766              		.loc 1 1304 5 view .LVU612
 1767 00a8 FF22     		movs	r2, #255
 1768 00aa 5A62     		str	r2, [r3, #36]
1304:stm/stm32l4xx/STM32L4xx_HAL_Driver/Src/stm32l4xx_hal_rtc_ex.c **** 
 1769              		.loc 1 1304 5 view .LVU613
1307:stm/stm32l4xx/STM32L4xx_HAL_Driver/Src/stm32l4xx_hal_rtc_ex.c **** 
 1770              		.loc 1 1307 5 view .LVU614
1307:stm/stm32l4xx/STM32L4xx_HAL_Driver/Src/stm32l4xx_hal_rtc_ex.c **** 
 1771              		.loc 1 1307 17 is_stmt 0 view .LVU615
 1772 00ac 0423     		movs	r3, #4
 1773 00ae 84F82130 		strb	r3, [r4, #33]
1310:stm/stm32l4xx/STM32L4xx_HAL_Driver/Src/stm32l4xx_hal_rtc_ex.c **** 
 1774              		.loc 1 1310 5 is_stmt 1 view .LVU616
1310:stm/stm32l4xx/STM32L4xx_HAL_Driver/Src/stm32l4xx_hal_rtc_ex.c **** 
 1775              		.loc 1 1310 5 view .LVU617
 1776 00b2 0023     		movs	r3, #0
 1777 00b4 84F82030 		strb	r3, [r4, #32]
1310:stm/stm32l4xx/STM32L4xx_HAL_Driver/Src/stm32l4xx_hal_rtc_ex.c **** 
 1778              		.loc 1 1310 5 view .LVU618
1312:stm/stm32l4xx/STM32L4xx_HAL_Driver/Src/stm32l4xx_hal_rtc_ex.c ****   }
 1779              		.loc 1 1312 5 view .LVU619
1312:stm/stm32l4xx/STM32L4xx_HAL_Driver/Src/stm32l4xx_hal_rtc_ex.c ****   }
 1780              		.loc 1 1312 12 is_stmt 0 view .LVU620
 1781 00b8 0120     		movs	r0, #1
 1782 00ba CDE7     		b	.L93
 1783              	.LVL113:
 1784              	.L98:
 1785              	.LCFI13:
 1786              		.cfi_def_cfa_offset 0
 1787              		.cfi_restore 4
 1788              		.cfi_restore 5
 1789              		.cfi_restore 6
 1790              		.cfi_restore 7
 1791              		.cfi_restore 8
 1792              		.cfi_restore 14
1248:stm/stm32l4xx/STM32L4xx_HAL_Driver/Src/stm32l4xx_hal_rtc_ex.c **** 
 1793              		.loc 1 1248 3 view .LVU621
 1794 00bc 0220     		movs	r0, #2
 1795              	.LVL114:
 1796              		.loc 1 1325 1 view .LVU622
 1797 00be 7047     		bx	lr
 1798              		.cfi_endproc
ARM GAS  /var/tmp//ccqDFXEw.s 			page 58


 1799              	.LFE305:
 1801              		.section	.text.HAL_RTCEx_SetCalibrationOutPut,"ax",%progbits
 1802              		.align	1
 1803              		.global	HAL_RTCEx_SetCalibrationOutPut
 1804              		.syntax unified
 1805              		.thumb
 1806              		.thumb_func
 1808              	HAL_RTCEx_SetCalibrationOutPut:
 1809              	.LVL115:
 1810              	.LFB306:
1326:stm/stm32l4xx/STM32L4xx_HAL_Driver/Src/stm32l4xx_hal_rtc_ex.c **** 
1327:stm/stm32l4xx/STM32L4xx_HAL_Driver/Src/stm32l4xx_hal_rtc_ex.c **** /**
1328:stm/stm32l4xx/STM32L4xx_HAL_Driver/Src/stm32l4xx_hal_rtc_ex.c ****   * @brief  Configure the Calibration Pinout (RTC_CALIB) Selection (1Hz or 512Hz).
1329:stm/stm32l4xx/STM32L4xx_HAL_Driver/Src/stm32l4xx_hal_rtc_ex.c ****   * @param  hrtc RTC handle
1330:stm/stm32l4xx/STM32L4xx_HAL_Driver/Src/stm32l4xx_hal_rtc_ex.c ****   * @param  CalibOutput Select the Calibration output Selection .
1331:stm/stm32l4xx/STM32L4xx_HAL_Driver/Src/stm32l4xx_hal_rtc_ex.c ****   *          This parameter can be one of the following values:
1332:stm/stm32l4xx/STM32L4xx_HAL_Driver/Src/stm32l4xx_hal_rtc_ex.c ****   *             @arg RTC_CALIBOUTPUT_512HZ: A signal has a regular waveform at 512Hz.
1333:stm/stm32l4xx/STM32L4xx_HAL_Driver/Src/stm32l4xx_hal_rtc_ex.c ****   *             @arg RTC_CALIBOUTPUT_1HZ: A signal has a regular waveform at 1Hz.
1334:stm/stm32l4xx/STM32L4xx_HAL_Driver/Src/stm32l4xx_hal_rtc_ex.c ****   * @retval HAL status
1335:stm/stm32l4xx/STM32L4xx_HAL_Driver/Src/stm32l4xx_hal_rtc_ex.c ****   */
1336:stm/stm32l4xx/STM32L4xx_HAL_Driver/Src/stm32l4xx_hal_rtc_ex.c **** HAL_StatusTypeDef HAL_RTCEx_SetCalibrationOutPut(RTC_HandleTypeDef *hrtc, uint32_t CalibOutput)
1337:stm/stm32l4xx/STM32L4xx_HAL_Driver/Src/stm32l4xx_hal_rtc_ex.c **** {
 1811              		.loc 1 1337 1 is_stmt 1 view -0
 1812              		.cfi_startproc
 1813              		@ args = 0, pretend = 0, frame = 0
 1814              		@ frame_needed = 0, uses_anonymous_args = 0
 1815              		@ link register save eliminated.
1338:stm/stm32l4xx/STM32L4xx_HAL_Driver/Src/stm32l4xx_hal_rtc_ex.c ****   /* Check the parameters */
1339:stm/stm32l4xx/STM32L4xx_HAL_Driver/Src/stm32l4xx_hal_rtc_ex.c ****   assert_param(IS_RTC_CALIB_OUTPUT(CalibOutput));
 1816              		.loc 1 1339 3 view .LVU624
1340:stm/stm32l4xx/STM32L4xx_HAL_Driver/Src/stm32l4xx_hal_rtc_ex.c **** 
1341:stm/stm32l4xx/STM32L4xx_HAL_Driver/Src/stm32l4xx_hal_rtc_ex.c ****   /* Process Locked */
1342:stm/stm32l4xx/STM32L4xx_HAL_Driver/Src/stm32l4xx_hal_rtc_ex.c ****   __HAL_LOCK(hrtc);
 1817              		.loc 1 1342 3 view .LVU625
 1818              		.loc 1 1342 3 view .LVU626
 1819 0000 90F82020 		ldrb	r2, [r0, #32]	@ zero_extendqisi2
 1820 0004 012A     		cmp	r2, #1
 1821 0006 26D0     		beq	.L107
1337:stm/stm32l4xx/STM32L4xx_HAL_Driver/Src/stm32l4xx_hal_rtc_ex.c ****   /* Check the parameters */
 1822              		.loc 1 1337 1 is_stmt 0 discriminator 2 view .LVU627
 1823 0008 10B4     		push	{r4}
 1824              	.LCFI14:
 1825              		.cfi_def_cfa_offset 4
 1826              		.cfi_offset 4, -4
 1827 000a 0346     		mov	r3, r0
 1828              		.loc 1 1342 3 is_stmt 1 discriminator 2 view .LVU628
 1829 000c 0120     		movs	r0, #1
 1830              	.LVL116:
 1831              		.loc 1 1342 3 is_stmt 0 discriminator 2 view .LVU629
 1832 000e 83F82000 		strb	r0, [r3, #32]
 1833              		.loc 1 1342 3 is_stmt 1 discriminator 2 view .LVU630
1343:stm/stm32l4xx/STM32L4xx_HAL_Driver/Src/stm32l4xx_hal_rtc_ex.c **** 
1344:stm/stm32l4xx/STM32L4xx_HAL_Driver/Src/stm32l4xx_hal_rtc_ex.c ****   hrtc->State = HAL_RTC_STATE_BUSY;
 1834              		.loc 1 1344 3 discriminator 2 view .LVU631
 1835              		.loc 1 1344 15 is_stmt 0 discriminator 2 view .LVU632
 1836 0012 0222     		movs	r2, #2
 1837 0014 83F82120 		strb	r2, [r3, #33]
ARM GAS  /var/tmp//ccqDFXEw.s 			page 59


1345:stm/stm32l4xx/STM32L4xx_HAL_Driver/Src/stm32l4xx_hal_rtc_ex.c **** 
1346:stm/stm32l4xx/STM32L4xx_HAL_Driver/Src/stm32l4xx_hal_rtc_ex.c ****   /* Disable the write protection for RTC registers */
1347:stm/stm32l4xx/STM32L4xx_HAL_Driver/Src/stm32l4xx_hal_rtc_ex.c ****   __HAL_RTC_WRITEPROTECTION_DISABLE(hrtc);
 1838              		.loc 1 1347 3 is_stmt 1 discriminator 2 view .LVU633
 1839              		.loc 1 1347 3 discriminator 2 view .LVU634
 1840 0018 1A68     		ldr	r2, [r3]
 1841 001a CA24     		movs	r4, #202
 1842 001c 5462     		str	r4, [r2, #36]
 1843              		.loc 1 1347 3 discriminator 2 view .LVU635
 1844 001e 1A68     		ldr	r2, [r3]
 1845 0020 5324     		movs	r4, #83
 1846 0022 5462     		str	r4, [r2, #36]
 1847              		.loc 1 1347 3 discriminator 2 view .LVU636
1348:stm/stm32l4xx/STM32L4xx_HAL_Driver/Src/stm32l4xx_hal_rtc_ex.c **** 
1349:stm/stm32l4xx/STM32L4xx_HAL_Driver/Src/stm32l4xx_hal_rtc_ex.c ****   /* Clear flags before config */
1350:stm/stm32l4xx/STM32L4xx_HAL_Driver/Src/stm32l4xx_hal_rtc_ex.c ****   hrtc->Instance->CR &= (uint32_t)~RTC_CR_COSEL;
 1848              		.loc 1 1350 3 discriminator 2 view .LVU637
 1849              		.loc 1 1350 7 is_stmt 0 discriminator 2 view .LVU638
 1850 0024 1C68     		ldr	r4, [r3]
 1851              		.loc 1 1350 17 discriminator 2 view .LVU639
 1852 0026 A268     		ldr	r2, [r4, #8]
 1853              		.loc 1 1350 22 discriminator 2 view .LVU640
 1854 0028 22F40022 		bic	r2, r2, #524288
 1855 002c A260     		str	r2, [r4, #8]
1351:stm/stm32l4xx/STM32L4xx_HAL_Driver/Src/stm32l4xx_hal_rtc_ex.c **** 
1352:stm/stm32l4xx/STM32L4xx_HAL_Driver/Src/stm32l4xx_hal_rtc_ex.c ****   /* Configure the RTC_CR register */
1353:stm/stm32l4xx/STM32L4xx_HAL_Driver/Src/stm32l4xx_hal_rtc_ex.c ****   hrtc->Instance->CR |= (uint32_t)CalibOutput;
 1856              		.loc 1 1353 3 is_stmt 1 discriminator 2 view .LVU641
 1857              		.loc 1 1353 7 is_stmt 0 discriminator 2 view .LVU642
 1858 002e 1C68     		ldr	r4, [r3]
 1859              		.loc 1 1353 17 discriminator 2 view .LVU643
 1860 0030 A268     		ldr	r2, [r4, #8]
 1861              		.loc 1 1353 22 discriminator 2 view .LVU644
 1862 0032 0A43     		orrs	r2, r2, r1
 1863 0034 A260     		str	r2, [r4, #8]
1354:stm/stm32l4xx/STM32L4xx_HAL_Driver/Src/stm32l4xx_hal_rtc_ex.c **** 
1355:stm/stm32l4xx/STM32L4xx_HAL_Driver/Src/stm32l4xx_hal_rtc_ex.c ****   __HAL_RTC_CALIBRATION_OUTPUT_ENABLE(hrtc);
 1864              		.loc 1 1355 3 is_stmt 1 discriminator 2 view .LVU645
 1865 0036 1968     		ldr	r1, [r3]
 1866              	.LVL117:
 1867              		.loc 1 1355 3 is_stmt 0 discriminator 2 view .LVU646
 1868 0038 8A68     		ldr	r2, [r1, #8]
 1869 003a 42F40002 		orr	r2, r2, #8388608
 1870 003e 8A60     		str	r2, [r1, #8]
1356:stm/stm32l4xx/STM32L4xx_HAL_Driver/Src/stm32l4xx_hal_rtc_ex.c **** 
1357:stm/stm32l4xx/STM32L4xx_HAL_Driver/Src/stm32l4xx_hal_rtc_ex.c ****   /* Enable the write protection for RTC registers */
1358:stm/stm32l4xx/STM32L4xx_HAL_Driver/Src/stm32l4xx_hal_rtc_ex.c ****   __HAL_RTC_WRITEPROTECTION_ENABLE(hrtc);
 1871              		.loc 1 1358 3 is_stmt 1 discriminator 2 view .LVU647
 1872              		.loc 1 1358 3 discriminator 2 view .LVU648
 1873 0040 1A68     		ldr	r2, [r3]
 1874 0042 FF21     		movs	r1, #255
 1875 0044 5162     		str	r1, [r2, #36]
 1876              		.loc 1 1358 3 discriminator 2 view .LVU649
1359:stm/stm32l4xx/STM32L4xx_HAL_Driver/Src/stm32l4xx_hal_rtc_ex.c **** 
1360:stm/stm32l4xx/STM32L4xx_HAL_Driver/Src/stm32l4xx_hal_rtc_ex.c ****   /* Change RTC state */
1361:stm/stm32l4xx/STM32L4xx_HAL_Driver/Src/stm32l4xx_hal_rtc_ex.c ****   hrtc->State = HAL_RTC_STATE_READY;
 1877              		.loc 1 1361 3 discriminator 2 view .LVU650
ARM GAS  /var/tmp//ccqDFXEw.s 			page 60


 1878              		.loc 1 1361 15 is_stmt 0 discriminator 2 view .LVU651
 1879 0046 83F82100 		strb	r0, [r3, #33]
1362:stm/stm32l4xx/STM32L4xx_HAL_Driver/Src/stm32l4xx_hal_rtc_ex.c **** 
1363:stm/stm32l4xx/STM32L4xx_HAL_Driver/Src/stm32l4xx_hal_rtc_ex.c ****   /* Process Unlocked */
1364:stm/stm32l4xx/STM32L4xx_HAL_Driver/Src/stm32l4xx_hal_rtc_ex.c ****   __HAL_UNLOCK(hrtc);
 1880              		.loc 1 1364 3 is_stmt 1 discriminator 2 view .LVU652
 1881              		.loc 1 1364 3 discriminator 2 view .LVU653
 1882 004a 0020     		movs	r0, #0
 1883 004c 83F82000 		strb	r0, [r3, #32]
 1884              		.loc 1 1364 3 discriminator 2 view .LVU654
1365:stm/stm32l4xx/STM32L4xx_HAL_Driver/Src/stm32l4xx_hal_rtc_ex.c **** 
1366:stm/stm32l4xx/STM32L4xx_HAL_Driver/Src/stm32l4xx_hal_rtc_ex.c ****   return HAL_OK;
 1885              		.loc 1 1366 3 discriminator 2 view .LVU655
1367:stm/stm32l4xx/STM32L4xx_HAL_Driver/Src/stm32l4xx_hal_rtc_ex.c **** }
 1886              		.loc 1 1367 1 is_stmt 0 discriminator 2 view .LVU656
 1887 0050 5DF8044B 		ldr	r4, [sp], #4
 1888              	.LCFI15:
 1889              		.cfi_restore 4
 1890              		.cfi_def_cfa_offset 0
 1891 0054 7047     		bx	lr
 1892              	.LVL118:
 1893              	.L107:
1342:stm/stm32l4xx/STM32L4xx_HAL_Driver/Src/stm32l4xx_hal_rtc_ex.c **** 
 1894              		.loc 1 1342 3 view .LVU657
 1895 0056 0220     		movs	r0, #2
 1896              	.LVL119:
 1897              		.loc 1 1367 1 view .LVU658
 1898 0058 7047     		bx	lr
 1899              		.cfi_endproc
 1900              	.LFE306:
 1902              		.section	.text.HAL_RTCEx_DeactivateCalibrationOutPut,"ax",%progbits
 1903              		.align	1
 1904              		.global	HAL_RTCEx_DeactivateCalibrationOutPut
 1905              		.syntax unified
 1906              		.thumb
 1907              		.thumb_func
 1909              	HAL_RTCEx_DeactivateCalibrationOutPut:
 1910              	.LVL120:
 1911              	.LFB307:
1368:stm/stm32l4xx/STM32L4xx_HAL_Driver/Src/stm32l4xx_hal_rtc_ex.c **** 
1369:stm/stm32l4xx/STM32L4xx_HAL_Driver/Src/stm32l4xx_hal_rtc_ex.c **** /**
1370:stm/stm32l4xx/STM32L4xx_HAL_Driver/Src/stm32l4xx_hal_rtc_ex.c ****   * @brief  Deactivate the Calibration Pinout (RTC_CALIB) Selection (1Hz or 512Hz).
1371:stm/stm32l4xx/STM32L4xx_HAL_Driver/Src/stm32l4xx_hal_rtc_ex.c ****   * @param  hrtc RTC handle
1372:stm/stm32l4xx/STM32L4xx_HAL_Driver/Src/stm32l4xx_hal_rtc_ex.c ****   * @retval HAL status
1373:stm/stm32l4xx/STM32L4xx_HAL_Driver/Src/stm32l4xx_hal_rtc_ex.c ****   */
1374:stm/stm32l4xx/STM32L4xx_HAL_Driver/Src/stm32l4xx_hal_rtc_ex.c **** HAL_StatusTypeDef HAL_RTCEx_DeactivateCalibrationOutPut(RTC_HandleTypeDef *hrtc)
1375:stm/stm32l4xx/STM32L4xx_HAL_Driver/Src/stm32l4xx_hal_rtc_ex.c **** {
 1912              		.loc 1 1375 1 is_stmt 1 view -0
 1913              		.cfi_startproc
 1914              		@ args = 0, pretend = 0, frame = 0
 1915              		@ frame_needed = 0, uses_anonymous_args = 0
 1916              		@ link register save eliminated.
1376:stm/stm32l4xx/STM32L4xx_HAL_Driver/Src/stm32l4xx_hal_rtc_ex.c ****   /* Process Locked */
1377:stm/stm32l4xx/STM32L4xx_HAL_Driver/Src/stm32l4xx_hal_rtc_ex.c ****   __HAL_LOCK(hrtc);
 1917              		.loc 1 1377 3 view .LVU660
 1918              		.loc 1 1377 3 view .LVU661
 1919 0000 90F82030 		ldrb	r3, [r0, #32]	@ zero_extendqisi2
ARM GAS  /var/tmp//ccqDFXEw.s 			page 61


 1920 0004 012B     		cmp	r3, #1
 1921 0006 1AD0     		beq	.L114
 1922              		.loc 1 1377 3 discriminator 2 view .LVU662
 1923 0008 0122     		movs	r2, #1
 1924 000a 80F82020 		strb	r2, [r0, #32]
 1925              		.loc 1 1377 3 discriminator 2 view .LVU663
1378:stm/stm32l4xx/STM32L4xx_HAL_Driver/Src/stm32l4xx_hal_rtc_ex.c **** 
1379:stm/stm32l4xx/STM32L4xx_HAL_Driver/Src/stm32l4xx_hal_rtc_ex.c ****   hrtc->State = HAL_RTC_STATE_BUSY;
 1926              		.loc 1 1379 3 discriminator 2 view .LVU664
 1927              		.loc 1 1379 15 is_stmt 0 discriminator 2 view .LVU665
 1928 000e 0223     		movs	r3, #2
 1929 0010 80F82130 		strb	r3, [r0, #33]
1380:stm/stm32l4xx/STM32L4xx_HAL_Driver/Src/stm32l4xx_hal_rtc_ex.c **** 
1381:stm/stm32l4xx/STM32L4xx_HAL_Driver/Src/stm32l4xx_hal_rtc_ex.c ****   /* Disable the write protection for RTC registers */
1382:stm/stm32l4xx/STM32L4xx_HAL_Driver/Src/stm32l4xx_hal_rtc_ex.c ****   __HAL_RTC_WRITEPROTECTION_DISABLE(hrtc);
 1930              		.loc 1 1382 3 is_stmt 1 discriminator 2 view .LVU666
 1931              		.loc 1 1382 3 discriminator 2 view .LVU667
 1932 0014 0368     		ldr	r3, [r0]
 1933 0016 CA21     		movs	r1, #202
 1934 0018 5962     		str	r1, [r3, #36]
 1935              		.loc 1 1382 3 discriminator 2 view .LVU668
 1936 001a 0368     		ldr	r3, [r0]
 1937 001c 5321     		movs	r1, #83
 1938 001e 5962     		str	r1, [r3, #36]
 1939              		.loc 1 1382 3 discriminator 2 view .LVU669
1383:stm/stm32l4xx/STM32L4xx_HAL_Driver/Src/stm32l4xx_hal_rtc_ex.c **** 
1384:stm/stm32l4xx/STM32L4xx_HAL_Driver/Src/stm32l4xx_hal_rtc_ex.c ****   __HAL_RTC_CALIBRATION_OUTPUT_DISABLE(hrtc);
 1940              		.loc 1 1384 3 discriminator 2 view .LVU670
 1941 0020 0168     		ldr	r1, [r0]
 1942 0022 8B68     		ldr	r3, [r1, #8]
 1943 0024 23F40003 		bic	r3, r3, #8388608
 1944 0028 8B60     		str	r3, [r1, #8]
1385:stm/stm32l4xx/STM32L4xx_HAL_Driver/Src/stm32l4xx_hal_rtc_ex.c **** 
1386:stm/stm32l4xx/STM32L4xx_HAL_Driver/Src/stm32l4xx_hal_rtc_ex.c ****   /* Enable the write protection for RTC registers */
1387:stm/stm32l4xx/STM32L4xx_HAL_Driver/Src/stm32l4xx_hal_rtc_ex.c ****   __HAL_RTC_WRITEPROTECTION_ENABLE(hrtc);
 1945              		.loc 1 1387 3 discriminator 2 view .LVU671
 1946              		.loc 1 1387 3 discriminator 2 view .LVU672
 1947 002a 0368     		ldr	r3, [r0]
 1948 002c FF21     		movs	r1, #255
 1949 002e 5962     		str	r1, [r3, #36]
 1950              		.loc 1 1387 3 discriminator 2 view .LVU673
1388:stm/stm32l4xx/STM32L4xx_HAL_Driver/Src/stm32l4xx_hal_rtc_ex.c **** 
1389:stm/stm32l4xx/STM32L4xx_HAL_Driver/Src/stm32l4xx_hal_rtc_ex.c ****   /* Change RTC state */
1390:stm/stm32l4xx/STM32L4xx_HAL_Driver/Src/stm32l4xx_hal_rtc_ex.c ****   hrtc->State = HAL_RTC_STATE_READY;
 1951              		.loc 1 1390 3 discriminator 2 view .LVU674
 1952              		.loc 1 1390 15 is_stmt 0 discriminator 2 view .LVU675
 1953 0030 80F82120 		strb	r2, [r0, #33]
1391:stm/stm32l4xx/STM32L4xx_HAL_Driver/Src/stm32l4xx_hal_rtc_ex.c **** 
1392:stm/stm32l4xx/STM32L4xx_HAL_Driver/Src/stm32l4xx_hal_rtc_ex.c ****   /* Process Unlocked */
1393:stm/stm32l4xx/STM32L4xx_HAL_Driver/Src/stm32l4xx_hal_rtc_ex.c ****   __HAL_UNLOCK(hrtc);
 1954              		.loc 1 1393 3 is_stmt 1 discriminator 2 view .LVU676
 1955              		.loc 1 1393 3 discriminator 2 view .LVU677
 1956 0034 0023     		movs	r3, #0
 1957 0036 80F82030 		strb	r3, [r0, #32]
 1958              		.loc 1 1393 3 discriminator 2 view .LVU678
1394:stm/stm32l4xx/STM32L4xx_HAL_Driver/Src/stm32l4xx_hal_rtc_ex.c **** 
1395:stm/stm32l4xx/STM32L4xx_HAL_Driver/Src/stm32l4xx_hal_rtc_ex.c ****   return HAL_OK;
ARM GAS  /var/tmp//ccqDFXEw.s 			page 62


 1959              		.loc 1 1395 3 discriminator 2 view .LVU679
 1960              		.loc 1 1395 10 is_stmt 0 discriminator 2 view .LVU680
 1961 003a 1846     		mov	r0, r3
 1962              	.LVL121:
 1963              		.loc 1 1395 10 discriminator 2 view .LVU681
 1964 003c 7047     		bx	lr
 1965              	.LVL122:
 1966              	.L114:
1377:stm/stm32l4xx/STM32L4xx_HAL_Driver/Src/stm32l4xx_hal_rtc_ex.c **** 
 1967              		.loc 1 1377 3 view .LVU682
 1968 003e 0220     		movs	r0, #2
 1969              	.LVL123:
1396:stm/stm32l4xx/STM32L4xx_HAL_Driver/Src/stm32l4xx_hal_rtc_ex.c **** }
 1970              		.loc 1 1396 1 view .LVU683
 1971 0040 7047     		bx	lr
 1972              		.cfi_endproc
 1973              	.LFE307:
 1975              		.section	.text.HAL_RTCEx_SetRefClock,"ax",%progbits
 1976              		.align	1
 1977              		.global	HAL_RTCEx_SetRefClock
 1978              		.syntax unified
 1979              		.thumb
 1980              		.thumb_func
 1982              	HAL_RTCEx_SetRefClock:
 1983              	.LVL124:
 1984              	.LFB308:
1397:stm/stm32l4xx/STM32L4xx_HAL_Driver/Src/stm32l4xx_hal_rtc_ex.c **** 
1398:stm/stm32l4xx/STM32L4xx_HAL_Driver/Src/stm32l4xx_hal_rtc_ex.c **** /**
1399:stm/stm32l4xx/STM32L4xx_HAL_Driver/Src/stm32l4xx_hal_rtc_ex.c ****   * @brief  Enable the RTC reference clock detection.
1400:stm/stm32l4xx/STM32L4xx_HAL_Driver/Src/stm32l4xx_hal_rtc_ex.c ****   * @param  hrtc RTC handle
1401:stm/stm32l4xx/STM32L4xx_HAL_Driver/Src/stm32l4xx_hal_rtc_ex.c ****   * @retval HAL status
1402:stm/stm32l4xx/STM32L4xx_HAL_Driver/Src/stm32l4xx_hal_rtc_ex.c ****   */
1403:stm/stm32l4xx/STM32L4xx_HAL_Driver/Src/stm32l4xx_hal_rtc_ex.c **** HAL_StatusTypeDef HAL_RTCEx_SetRefClock(RTC_HandleTypeDef *hrtc)
1404:stm/stm32l4xx/STM32L4xx_HAL_Driver/Src/stm32l4xx_hal_rtc_ex.c **** {
 1985              		.loc 1 1404 1 is_stmt 1 view -0
 1986              		.cfi_startproc
 1987              		@ args = 0, pretend = 0, frame = 0
 1988              		@ frame_needed = 0, uses_anonymous_args = 0
1405:stm/stm32l4xx/STM32L4xx_HAL_Driver/Src/stm32l4xx_hal_rtc_ex.c ****   HAL_StatusTypeDef status;
 1989              		.loc 1 1405 3 view .LVU685
1406:stm/stm32l4xx/STM32L4xx_HAL_Driver/Src/stm32l4xx_hal_rtc_ex.c **** 
1407:stm/stm32l4xx/STM32L4xx_HAL_Driver/Src/stm32l4xx_hal_rtc_ex.c ****   /* Process Locked */
1408:stm/stm32l4xx/STM32L4xx_HAL_Driver/Src/stm32l4xx_hal_rtc_ex.c ****   __HAL_LOCK(hrtc);
 1990              		.loc 1 1408 3 view .LVU686
 1991              		.loc 1 1408 3 view .LVU687
 1992 0000 90F82030 		ldrb	r3, [r0, #32]	@ zero_extendqisi2
 1993 0004 012B     		cmp	r3, #1
 1994 0006 24D0     		beq	.L119
1404:stm/stm32l4xx/STM32L4xx_HAL_Driver/Src/stm32l4xx_hal_rtc_ex.c ****   HAL_StatusTypeDef status;
 1995              		.loc 1 1404 1 is_stmt 0 discriminator 2 view .LVU688
 1996 0008 10B5     		push	{r4, lr}
 1997              	.LCFI16:
 1998              		.cfi_def_cfa_offset 8
 1999              		.cfi_offset 4, -8
 2000              		.cfi_offset 14, -4
 2001 000a 0446     		mov	r4, r0
 2002              		.loc 1 1408 3 is_stmt 1 discriminator 2 view .LVU689
ARM GAS  /var/tmp//ccqDFXEw.s 			page 63


 2003 000c 0123     		movs	r3, #1
 2004 000e 80F82030 		strb	r3, [r0, #32]
 2005              		.loc 1 1408 3 discriminator 2 view .LVU690
1409:stm/stm32l4xx/STM32L4xx_HAL_Driver/Src/stm32l4xx_hal_rtc_ex.c **** 
1410:stm/stm32l4xx/STM32L4xx_HAL_Driver/Src/stm32l4xx_hal_rtc_ex.c ****   hrtc->State = HAL_RTC_STATE_BUSY;
 2006              		.loc 1 1410 3 discriminator 2 view .LVU691
 2007              		.loc 1 1410 15 is_stmt 0 discriminator 2 view .LVU692
 2008 0012 0223     		movs	r3, #2
 2009 0014 80F82130 		strb	r3, [r0, #33]
1411:stm/stm32l4xx/STM32L4xx_HAL_Driver/Src/stm32l4xx_hal_rtc_ex.c **** 
1412:stm/stm32l4xx/STM32L4xx_HAL_Driver/Src/stm32l4xx_hal_rtc_ex.c ****   /* Disable the write protection for RTC registers */
1413:stm/stm32l4xx/STM32L4xx_HAL_Driver/Src/stm32l4xx_hal_rtc_ex.c ****   __HAL_RTC_WRITEPROTECTION_DISABLE(hrtc);
 2010              		.loc 1 1413 3 is_stmt 1 discriminator 2 view .LVU693
 2011              		.loc 1 1413 3 discriminator 2 view .LVU694
 2012 0018 0368     		ldr	r3, [r0]
 2013 001a CA22     		movs	r2, #202
 2014 001c 5A62     		str	r2, [r3, #36]
 2015              		.loc 1 1413 3 discriminator 2 view .LVU695
 2016 001e 0368     		ldr	r3, [r0]
 2017 0020 5322     		movs	r2, #83
 2018 0022 5A62     		str	r2, [r3, #36]
 2019              		.loc 1 1413 3 discriminator 2 view .LVU696
1414:stm/stm32l4xx/STM32L4xx_HAL_Driver/Src/stm32l4xx_hal_rtc_ex.c **** 
1415:stm/stm32l4xx/STM32L4xx_HAL_Driver/Src/stm32l4xx_hal_rtc_ex.c ****   /* Enter Initialization mode */
1416:stm/stm32l4xx/STM32L4xx_HAL_Driver/Src/stm32l4xx_hal_rtc_ex.c ****   status = RTC_EnterInitMode(hrtc);
 2020              		.loc 1 1416 3 discriminator 2 view .LVU697
 2021              		.loc 1 1416 12 is_stmt 0 discriminator 2 view .LVU698
 2022 0024 FFF7FEFF 		bl	RTC_EnterInitMode
 2023              	.LVL125:
1417:stm/stm32l4xx/STM32L4xx_HAL_Driver/Src/stm32l4xx_hal_rtc_ex.c ****   if (status == HAL_OK)
 2024              		.loc 1 1417 3 is_stmt 1 discriminator 2 view .LVU699
 2025              		.loc 1 1417 6 is_stmt 0 discriminator 2 view .LVU700
 2026 0028 50B1     		cbz	r0, .L124
 2027              	.L117:
1418:stm/stm32l4xx/STM32L4xx_HAL_Driver/Src/stm32l4xx_hal_rtc_ex.c ****   {
1419:stm/stm32l4xx/STM32L4xx_HAL_Driver/Src/stm32l4xx_hal_rtc_ex.c ****     __HAL_RTC_CLOCKREF_DETECTION_ENABLE(hrtc);
1420:stm/stm32l4xx/STM32L4xx_HAL_Driver/Src/stm32l4xx_hal_rtc_ex.c **** 
1421:stm/stm32l4xx/STM32L4xx_HAL_Driver/Src/stm32l4xx_hal_rtc_ex.c ****     /* Exit Initialization mode */
1422:stm/stm32l4xx/STM32L4xx_HAL_Driver/Src/stm32l4xx_hal_rtc_ex.c ****     status = RTC_ExitInitMode(hrtc);
1423:stm/stm32l4xx/STM32L4xx_HAL_Driver/Src/stm32l4xx_hal_rtc_ex.c ****   }
1424:stm/stm32l4xx/STM32L4xx_HAL_Driver/Src/stm32l4xx_hal_rtc_ex.c **** 
1425:stm/stm32l4xx/STM32L4xx_HAL_Driver/Src/stm32l4xx_hal_rtc_ex.c ****   /* Enable the write protection for RTC registers */
1426:stm/stm32l4xx/STM32L4xx_HAL_Driver/Src/stm32l4xx_hal_rtc_ex.c ****   __HAL_RTC_WRITEPROTECTION_ENABLE(hrtc);
 2028              		.loc 1 1426 3 is_stmt 1 view .LVU701
 2029              		.loc 1 1426 3 view .LVU702
 2030 002a 2368     		ldr	r3, [r4]
 2031 002c FF22     		movs	r2, #255
 2032 002e 5A62     		str	r2, [r3, #36]
 2033              		.loc 1 1426 3 view .LVU703
1427:stm/stm32l4xx/STM32L4xx_HAL_Driver/Src/stm32l4xx_hal_rtc_ex.c **** 
1428:stm/stm32l4xx/STM32L4xx_HAL_Driver/Src/stm32l4xx_hal_rtc_ex.c ****   if (status == HAL_OK)
 2034              		.loc 1 1428 3 view .LVU704
 2035              		.loc 1 1428 6 is_stmt 0 view .LVU705
 2036 0030 10B9     		cbnz	r0, .L118
1429:stm/stm32l4xx/STM32L4xx_HAL_Driver/Src/stm32l4xx_hal_rtc_ex.c ****   {
1430:stm/stm32l4xx/STM32L4xx_HAL_Driver/Src/stm32l4xx_hal_rtc_ex.c ****     hrtc->State = HAL_RTC_STATE_READY;
 2037              		.loc 1 1430 5 is_stmt 1 view .LVU706
ARM GAS  /var/tmp//ccqDFXEw.s 			page 64


 2038              		.loc 1 1430 17 is_stmt 0 view .LVU707
 2039 0032 0123     		movs	r3, #1
 2040 0034 84F82130 		strb	r3, [r4, #33]
 2041              	.L118:
1431:stm/stm32l4xx/STM32L4xx_HAL_Driver/Src/stm32l4xx_hal_rtc_ex.c ****   }
1432:stm/stm32l4xx/STM32L4xx_HAL_Driver/Src/stm32l4xx_hal_rtc_ex.c **** 
1433:stm/stm32l4xx/STM32L4xx_HAL_Driver/Src/stm32l4xx_hal_rtc_ex.c ****   /* Process Unlocked */
1434:stm/stm32l4xx/STM32L4xx_HAL_Driver/Src/stm32l4xx_hal_rtc_ex.c ****   __HAL_UNLOCK(hrtc);
 2042              		.loc 1 1434 3 is_stmt 1 view .LVU708
 2043              		.loc 1 1434 3 view .LVU709
 2044 0038 0023     		movs	r3, #0
 2045 003a 84F82030 		strb	r3, [r4, #32]
 2046              		.loc 1 1434 3 view .LVU710
1435:stm/stm32l4xx/STM32L4xx_HAL_Driver/Src/stm32l4xx_hal_rtc_ex.c **** 
1436:stm/stm32l4xx/STM32L4xx_HAL_Driver/Src/stm32l4xx_hal_rtc_ex.c ****   return status;
 2047              		.loc 1 1436 3 view .LVU711
1437:stm/stm32l4xx/STM32L4xx_HAL_Driver/Src/stm32l4xx_hal_rtc_ex.c **** }
 2048              		.loc 1 1437 1 is_stmt 0 view .LVU712
 2049 003e 10BD     		pop	{r4, pc}
 2050              	.LVL126:
 2051              	.L124:
1419:stm/stm32l4xx/STM32L4xx_HAL_Driver/Src/stm32l4xx_hal_rtc_ex.c **** 
 2052              		.loc 1 1419 5 is_stmt 1 view .LVU713
 2053 0040 2268     		ldr	r2, [r4]
 2054 0042 9368     		ldr	r3, [r2, #8]
 2055 0044 43F01003 		orr	r3, r3, #16
 2056 0048 9360     		str	r3, [r2, #8]
1422:stm/stm32l4xx/STM32L4xx_HAL_Driver/Src/stm32l4xx_hal_rtc_ex.c ****   }
 2057              		.loc 1 1422 5 view .LVU714
1422:stm/stm32l4xx/STM32L4xx_HAL_Driver/Src/stm32l4xx_hal_rtc_ex.c ****   }
 2058              		.loc 1 1422 14 is_stmt 0 view .LVU715
 2059 004a 2046     		mov	r0, r4
 2060              	.LVL127:
1422:stm/stm32l4xx/STM32L4xx_HAL_Driver/Src/stm32l4xx_hal_rtc_ex.c ****   }
 2061              		.loc 1 1422 14 view .LVU716
 2062 004c FFF7FEFF 		bl	RTC_ExitInitMode
 2063              	.LVL128:
1422:stm/stm32l4xx/STM32L4xx_HAL_Driver/Src/stm32l4xx_hal_rtc_ex.c ****   }
 2064              		.loc 1 1422 14 view .LVU717
 2065 0050 EBE7     		b	.L117
 2066              	.LVL129:
 2067              	.L119:
 2068              	.LCFI17:
 2069              		.cfi_def_cfa_offset 0
 2070              		.cfi_restore 4
 2071              		.cfi_restore 14
1408:stm/stm32l4xx/STM32L4xx_HAL_Driver/Src/stm32l4xx_hal_rtc_ex.c **** 
 2072              		.loc 1 1408 3 view .LVU718
 2073 0052 0220     		movs	r0, #2
 2074              	.LVL130:
 2075              		.loc 1 1437 1 view .LVU719
 2076 0054 7047     		bx	lr
 2077              		.cfi_endproc
 2078              	.LFE308:
 2080              		.section	.text.HAL_RTCEx_DeactivateRefClock,"ax",%progbits
 2081              		.align	1
 2082              		.global	HAL_RTCEx_DeactivateRefClock
ARM GAS  /var/tmp//ccqDFXEw.s 			page 65


 2083              		.syntax unified
 2084              		.thumb
 2085              		.thumb_func
 2087              	HAL_RTCEx_DeactivateRefClock:
 2088              	.LVL131:
 2089              	.LFB309:
1438:stm/stm32l4xx/STM32L4xx_HAL_Driver/Src/stm32l4xx_hal_rtc_ex.c **** 
1439:stm/stm32l4xx/STM32L4xx_HAL_Driver/Src/stm32l4xx_hal_rtc_ex.c **** /**
1440:stm/stm32l4xx/STM32L4xx_HAL_Driver/Src/stm32l4xx_hal_rtc_ex.c ****   * @brief  Disable the RTC reference clock detection.
1441:stm/stm32l4xx/STM32L4xx_HAL_Driver/Src/stm32l4xx_hal_rtc_ex.c ****   * @param  hrtc RTC handle
1442:stm/stm32l4xx/STM32L4xx_HAL_Driver/Src/stm32l4xx_hal_rtc_ex.c ****   * @retval HAL status
1443:stm/stm32l4xx/STM32L4xx_HAL_Driver/Src/stm32l4xx_hal_rtc_ex.c ****   */
1444:stm/stm32l4xx/STM32L4xx_HAL_Driver/Src/stm32l4xx_hal_rtc_ex.c **** HAL_StatusTypeDef HAL_RTCEx_DeactivateRefClock(RTC_HandleTypeDef *hrtc)
1445:stm/stm32l4xx/STM32L4xx_HAL_Driver/Src/stm32l4xx_hal_rtc_ex.c **** {
 2090              		.loc 1 1445 1 is_stmt 1 view -0
 2091              		.cfi_startproc
 2092              		@ args = 0, pretend = 0, frame = 0
 2093              		@ frame_needed = 0, uses_anonymous_args = 0
1446:stm/stm32l4xx/STM32L4xx_HAL_Driver/Src/stm32l4xx_hal_rtc_ex.c ****   HAL_StatusTypeDef status;
 2094              		.loc 1 1446 3 view .LVU721
1447:stm/stm32l4xx/STM32L4xx_HAL_Driver/Src/stm32l4xx_hal_rtc_ex.c **** 
1448:stm/stm32l4xx/STM32L4xx_HAL_Driver/Src/stm32l4xx_hal_rtc_ex.c ****   /* Process Locked */
1449:stm/stm32l4xx/STM32L4xx_HAL_Driver/Src/stm32l4xx_hal_rtc_ex.c ****   __HAL_LOCK(hrtc);
 2095              		.loc 1 1449 3 view .LVU722
 2096              		.loc 1 1449 3 view .LVU723
 2097 0000 90F82030 		ldrb	r3, [r0, #32]	@ zero_extendqisi2
 2098 0004 012B     		cmp	r3, #1
 2099 0006 24D0     		beq	.L129
1445:stm/stm32l4xx/STM32L4xx_HAL_Driver/Src/stm32l4xx_hal_rtc_ex.c ****   HAL_StatusTypeDef status;
 2100              		.loc 1 1445 1 is_stmt 0 discriminator 2 view .LVU724
 2101 0008 10B5     		push	{r4, lr}
 2102              	.LCFI18:
 2103              		.cfi_def_cfa_offset 8
 2104              		.cfi_offset 4, -8
 2105              		.cfi_offset 14, -4
 2106 000a 0446     		mov	r4, r0
 2107              		.loc 1 1449 3 is_stmt 1 discriminator 2 view .LVU725
 2108 000c 0123     		movs	r3, #1
 2109 000e 80F82030 		strb	r3, [r0, #32]
 2110              		.loc 1 1449 3 discriminator 2 view .LVU726
1450:stm/stm32l4xx/STM32L4xx_HAL_Driver/Src/stm32l4xx_hal_rtc_ex.c **** 
1451:stm/stm32l4xx/STM32L4xx_HAL_Driver/Src/stm32l4xx_hal_rtc_ex.c ****   hrtc->State = HAL_RTC_STATE_BUSY;
 2111              		.loc 1 1451 3 discriminator 2 view .LVU727
 2112              		.loc 1 1451 15 is_stmt 0 discriminator 2 view .LVU728
 2113 0012 0223     		movs	r3, #2
 2114 0014 80F82130 		strb	r3, [r0, #33]
1452:stm/stm32l4xx/STM32L4xx_HAL_Driver/Src/stm32l4xx_hal_rtc_ex.c **** 
1453:stm/stm32l4xx/STM32L4xx_HAL_Driver/Src/stm32l4xx_hal_rtc_ex.c ****   /* Disable the write protection for RTC registers */
1454:stm/stm32l4xx/STM32L4xx_HAL_Driver/Src/stm32l4xx_hal_rtc_ex.c ****   __HAL_RTC_WRITEPROTECTION_DISABLE(hrtc);
 2115              		.loc 1 1454 3 is_stmt 1 discriminator 2 view .LVU729
 2116              		.loc 1 1454 3 discriminator 2 view .LVU730
 2117 0018 0368     		ldr	r3, [r0]
 2118 001a CA22     		movs	r2, #202
 2119 001c 5A62     		str	r2, [r3, #36]
 2120              		.loc 1 1454 3 discriminator 2 view .LVU731
 2121 001e 0368     		ldr	r3, [r0]
 2122 0020 5322     		movs	r2, #83
ARM GAS  /var/tmp//ccqDFXEw.s 			page 66


 2123 0022 5A62     		str	r2, [r3, #36]
 2124              		.loc 1 1454 3 discriminator 2 view .LVU732
1455:stm/stm32l4xx/STM32L4xx_HAL_Driver/Src/stm32l4xx_hal_rtc_ex.c **** 
1456:stm/stm32l4xx/STM32L4xx_HAL_Driver/Src/stm32l4xx_hal_rtc_ex.c ****   /* Enter Initialization mode */
1457:stm/stm32l4xx/STM32L4xx_HAL_Driver/Src/stm32l4xx_hal_rtc_ex.c ****   status = RTC_EnterInitMode(hrtc);
 2125              		.loc 1 1457 3 discriminator 2 view .LVU733
 2126              		.loc 1 1457 12 is_stmt 0 discriminator 2 view .LVU734
 2127 0024 FFF7FEFF 		bl	RTC_EnterInitMode
 2128              	.LVL132:
1458:stm/stm32l4xx/STM32L4xx_HAL_Driver/Src/stm32l4xx_hal_rtc_ex.c ****   if (status == HAL_OK)
 2129              		.loc 1 1458 3 is_stmt 1 discriminator 2 view .LVU735
 2130              		.loc 1 1458 6 is_stmt 0 discriminator 2 view .LVU736
 2131 0028 50B1     		cbz	r0, .L134
 2132              	.L127:
1459:stm/stm32l4xx/STM32L4xx_HAL_Driver/Src/stm32l4xx_hal_rtc_ex.c ****   {
1460:stm/stm32l4xx/STM32L4xx_HAL_Driver/Src/stm32l4xx_hal_rtc_ex.c ****     __HAL_RTC_CLOCKREF_DETECTION_DISABLE(hrtc);
1461:stm/stm32l4xx/STM32L4xx_HAL_Driver/Src/stm32l4xx_hal_rtc_ex.c **** 
1462:stm/stm32l4xx/STM32L4xx_HAL_Driver/Src/stm32l4xx_hal_rtc_ex.c ****     /* Exit Initialization mode */
1463:stm/stm32l4xx/STM32L4xx_HAL_Driver/Src/stm32l4xx_hal_rtc_ex.c ****     status = RTC_ExitInitMode(hrtc);
1464:stm/stm32l4xx/STM32L4xx_HAL_Driver/Src/stm32l4xx_hal_rtc_ex.c ****   }
1465:stm/stm32l4xx/STM32L4xx_HAL_Driver/Src/stm32l4xx_hal_rtc_ex.c **** 
1466:stm/stm32l4xx/STM32L4xx_HAL_Driver/Src/stm32l4xx_hal_rtc_ex.c ****   /* Enable the write protection for RTC registers */
1467:stm/stm32l4xx/STM32L4xx_HAL_Driver/Src/stm32l4xx_hal_rtc_ex.c ****   __HAL_RTC_WRITEPROTECTION_ENABLE(hrtc);
 2133              		.loc 1 1467 3 is_stmt 1 view .LVU737
 2134              		.loc 1 1467 3 view .LVU738
 2135 002a 2368     		ldr	r3, [r4]
 2136 002c FF22     		movs	r2, #255
 2137 002e 5A62     		str	r2, [r3, #36]
 2138              		.loc 1 1467 3 view .LVU739
1468:stm/stm32l4xx/STM32L4xx_HAL_Driver/Src/stm32l4xx_hal_rtc_ex.c **** 
1469:stm/stm32l4xx/STM32L4xx_HAL_Driver/Src/stm32l4xx_hal_rtc_ex.c ****   if (status == HAL_OK)
 2139              		.loc 1 1469 3 view .LVU740
 2140              		.loc 1 1469 6 is_stmt 0 view .LVU741
 2141 0030 10B9     		cbnz	r0, .L128
1470:stm/stm32l4xx/STM32L4xx_HAL_Driver/Src/stm32l4xx_hal_rtc_ex.c ****   {
1471:stm/stm32l4xx/STM32L4xx_HAL_Driver/Src/stm32l4xx_hal_rtc_ex.c ****     hrtc->State = HAL_RTC_STATE_READY;
 2142              		.loc 1 1471 5 is_stmt 1 view .LVU742
 2143              		.loc 1 1471 17 is_stmt 0 view .LVU743
 2144 0032 0123     		movs	r3, #1
 2145 0034 84F82130 		strb	r3, [r4, #33]
 2146              	.L128:
1472:stm/stm32l4xx/STM32L4xx_HAL_Driver/Src/stm32l4xx_hal_rtc_ex.c ****   }
1473:stm/stm32l4xx/STM32L4xx_HAL_Driver/Src/stm32l4xx_hal_rtc_ex.c **** 
1474:stm/stm32l4xx/STM32L4xx_HAL_Driver/Src/stm32l4xx_hal_rtc_ex.c ****   /* Process Unlocked */
1475:stm/stm32l4xx/STM32L4xx_HAL_Driver/Src/stm32l4xx_hal_rtc_ex.c ****   __HAL_UNLOCK(hrtc);
 2147              		.loc 1 1475 3 is_stmt 1 view .LVU744
 2148              		.loc 1 1475 3 view .LVU745
 2149 0038 0023     		movs	r3, #0
 2150 003a 84F82030 		strb	r3, [r4, #32]
 2151              		.loc 1 1475 3 view .LVU746
1476:stm/stm32l4xx/STM32L4xx_HAL_Driver/Src/stm32l4xx_hal_rtc_ex.c **** 
1477:stm/stm32l4xx/STM32L4xx_HAL_Driver/Src/stm32l4xx_hal_rtc_ex.c ****   return status;
 2152              		.loc 1 1477 3 view .LVU747
1478:stm/stm32l4xx/STM32L4xx_HAL_Driver/Src/stm32l4xx_hal_rtc_ex.c **** }
 2153              		.loc 1 1478 1 is_stmt 0 view .LVU748
 2154 003e 10BD     		pop	{r4, pc}
 2155              	.LVL133:
ARM GAS  /var/tmp//ccqDFXEw.s 			page 67


 2156              	.L134:
1460:stm/stm32l4xx/STM32L4xx_HAL_Driver/Src/stm32l4xx_hal_rtc_ex.c **** 
 2157              		.loc 1 1460 5 is_stmt 1 view .LVU749
 2158 0040 2268     		ldr	r2, [r4]
 2159 0042 9368     		ldr	r3, [r2, #8]
 2160 0044 23F01003 		bic	r3, r3, #16
 2161 0048 9360     		str	r3, [r2, #8]
1463:stm/stm32l4xx/STM32L4xx_HAL_Driver/Src/stm32l4xx_hal_rtc_ex.c ****   }
 2162              		.loc 1 1463 5 view .LVU750
1463:stm/stm32l4xx/STM32L4xx_HAL_Driver/Src/stm32l4xx_hal_rtc_ex.c ****   }
 2163              		.loc 1 1463 14 is_stmt 0 view .LVU751
 2164 004a 2046     		mov	r0, r4
 2165              	.LVL134:
1463:stm/stm32l4xx/STM32L4xx_HAL_Driver/Src/stm32l4xx_hal_rtc_ex.c ****   }
 2166              		.loc 1 1463 14 view .LVU752
 2167 004c FFF7FEFF 		bl	RTC_ExitInitMode
 2168              	.LVL135:
1463:stm/stm32l4xx/STM32L4xx_HAL_Driver/Src/stm32l4xx_hal_rtc_ex.c ****   }
 2169              		.loc 1 1463 14 view .LVU753
 2170 0050 EBE7     		b	.L127
 2171              	.LVL136:
 2172              	.L129:
 2173              	.LCFI19:
 2174              		.cfi_def_cfa_offset 0
 2175              		.cfi_restore 4
 2176              		.cfi_restore 14
1449:stm/stm32l4xx/STM32L4xx_HAL_Driver/Src/stm32l4xx_hal_rtc_ex.c **** 
 2177              		.loc 1 1449 3 view .LVU754
 2178 0052 0220     		movs	r0, #2
 2179              	.LVL137:
 2180              		.loc 1 1478 1 view .LVU755
 2181 0054 7047     		bx	lr
 2182              		.cfi_endproc
 2183              	.LFE309:
 2185              		.section	.text.HAL_RTCEx_EnableBypassShadow,"ax",%progbits
 2186              		.align	1
 2187              		.global	HAL_RTCEx_EnableBypassShadow
 2188              		.syntax unified
 2189              		.thumb
 2190              		.thumb_func
 2192              	HAL_RTCEx_EnableBypassShadow:
 2193              	.LVL138:
 2194              	.LFB310:
1479:stm/stm32l4xx/STM32L4xx_HAL_Driver/Src/stm32l4xx_hal_rtc_ex.c **** 
1480:stm/stm32l4xx/STM32L4xx_HAL_Driver/Src/stm32l4xx_hal_rtc_ex.c **** /**
1481:stm/stm32l4xx/STM32L4xx_HAL_Driver/Src/stm32l4xx_hal_rtc_ex.c ****   * @brief  Enable the Bypass Shadow feature.
1482:stm/stm32l4xx/STM32L4xx_HAL_Driver/Src/stm32l4xx_hal_rtc_ex.c ****   * @note   When the Bypass Shadow is enabled the calendar value are taken
1483:stm/stm32l4xx/STM32L4xx_HAL_Driver/Src/stm32l4xx_hal_rtc_ex.c ****   *         directly from the Calendar counter.
1484:stm/stm32l4xx/STM32L4xx_HAL_Driver/Src/stm32l4xx_hal_rtc_ex.c ****   * @param  hrtc RTC handle
1485:stm/stm32l4xx/STM32L4xx_HAL_Driver/Src/stm32l4xx_hal_rtc_ex.c ****   * @retval HAL status
1486:stm/stm32l4xx/STM32L4xx_HAL_Driver/Src/stm32l4xx_hal_rtc_ex.c ****   */
1487:stm/stm32l4xx/STM32L4xx_HAL_Driver/Src/stm32l4xx_hal_rtc_ex.c **** HAL_StatusTypeDef HAL_RTCEx_EnableBypassShadow(RTC_HandleTypeDef *hrtc)
1488:stm/stm32l4xx/STM32L4xx_HAL_Driver/Src/stm32l4xx_hal_rtc_ex.c **** {
 2195              		.loc 1 1488 1 is_stmt 1 view -0
 2196              		.cfi_startproc
 2197              		@ args = 0, pretend = 0, frame = 0
 2198              		@ frame_needed = 0, uses_anonymous_args = 0
ARM GAS  /var/tmp//ccqDFXEw.s 			page 68


 2199              		@ link register save eliminated.
1489:stm/stm32l4xx/STM32L4xx_HAL_Driver/Src/stm32l4xx_hal_rtc_ex.c ****   /* Process Locked */
1490:stm/stm32l4xx/STM32L4xx_HAL_Driver/Src/stm32l4xx_hal_rtc_ex.c ****   __HAL_LOCK(hrtc);
 2200              		.loc 1 1490 3 view .LVU757
 2201              		.loc 1 1490 3 view .LVU758
 2202 0000 90F82030 		ldrb	r3, [r0, #32]	@ zero_extendqisi2
 2203 0004 012B     		cmp	r3, #1
 2204 0006 1AD0     		beq	.L137
 2205              		.loc 1 1490 3 discriminator 2 view .LVU759
 2206 0008 0122     		movs	r2, #1
 2207 000a 80F82020 		strb	r2, [r0, #32]
 2208              		.loc 1 1490 3 discriminator 2 view .LVU760
1491:stm/stm32l4xx/STM32L4xx_HAL_Driver/Src/stm32l4xx_hal_rtc_ex.c **** 
1492:stm/stm32l4xx/STM32L4xx_HAL_Driver/Src/stm32l4xx_hal_rtc_ex.c ****   hrtc->State = HAL_RTC_STATE_BUSY;
 2209              		.loc 1 1492 3 discriminator 2 view .LVU761
 2210              		.loc 1 1492 15 is_stmt 0 discriminator 2 view .LVU762
 2211 000e 0223     		movs	r3, #2
 2212 0010 80F82130 		strb	r3, [r0, #33]
1493:stm/stm32l4xx/STM32L4xx_HAL_Driver/Src/stm32l4xx_hal_rtc_ex.c **** 
1494:stm/stm32l4xx/STM32L4xx_HAL_Driver/Src/stm32l4xx_hal_rtc_ex.c ****   /* Disable the write protection for RTC registers */
1495:stm/stm32l4xx/STM32L4xx_HAL_Driver/Src/stm32l4xx_hal_rtc_ex.c ****   __HAL_RTC_WRITEPROTECTION_DISABLE(hrtc);
 2213              		.loc 1 1495 3 is_stmt 1 discriminator 2 view .LVU763
 2214              		.loc 1 1495 3 discriminator 2 view .LVU764
 2215 0014 0368     		ldr	r3, [r0]
 2216 0016 CA21     		movs	r1, #202
 2217 0018 5962     		str	r1, [r3, #36]
 2218              		.loc 1 1495 3 discriminator 2 view .LVU765
 2219 001a 0368     		ldr	r3, [r0]
 2220 001c 5321     		movs	r1, #83
 2221 001e 5962     		str	r1, [r3, #36]
 2222              		.loc 1 1495 3 discriminator 2 view .LVU766
1496:stm/stm32l4xx/STM32L4xx_HAL_Driver/Src/stm32l4xx_hal_rtc_ex.c **** 
1497:stm/stm32l4xx/STM32L4xx_HAL_Driver/Src/stm32l4xx_hal_rtc_ex.c ****   /* Set the BYPSHAD bit */
1498:stm/stm32l4xx/STM32L4xx_HAL_Driver/Src/stm32l4xx_hal_rtc_ex.c ****   SET_BIT(hrtc->Instance->CR, RTC_CR_BYPSHAD);
 2223              		.loc 1 1498 3 discriminator 2 view .LVU767
 2224 0020 0168     		ldr	r1, [r0]
 2225 0022 8B68     		ldr	r3, [r1, #8]
 2226 0024 43F02003 		orr	r3, r3, #32
 2227 0028 8B60     		str	r3, [r1, #8]
1499:stm/stm32l4xx/STM32L4xx_HAL_Driver/Src/stm32l4xx_hal_rtc_ex.c **** 
1500:stm/stm32l4xx/STM32L4xx_HAL_Driver/Src/stm32l4xx_hal_rtc_ex.c ****   /* Enable the write protection for RTC registers */
1501:stm/stm32l4xx/STM32L4xx_HAL_Driver/Src/stm32l4xx_hal_rtc_ex.c ****   __HAL_RTC_WRITEPROTECTION_ENABLE(hrtc);
 2228              		.loc 1 1501 3 discriminator 2 view .LVU768
 2229              		.loc 1 1501 3 discriminator 2 view .LVU769
 2230 002a 0368     		ldr	r3, [r0]
 2231 002c FF21     		movs	r1, #255
 2232 002e 5962     		str	r1, [r3, #36]
 2233              		.loc 1 1501 3 discriminator 2 view .LVU770
1502:stm/stm32l4xx/STM32L4xx_HAL_Driver/Src/stm32l4xx_hal_rtc_ex.c **** 
1503:stm/stm32l4xx/STM32L4xx_HAL_Driver/Src/stm32l4xx_hal_rtc_ex.c ****   /* Change RTC state */
1504:stm/stm32l4xx/STM32L4xx_HAL_Driver/Src/stm32l4xx_hal_rtc_ex.c ****   hrtc->State = HAL_RTC_STATE_READY;
 2234              		.loc 1 1504 3 discriminator 2 view .LVU771
 2235              		.loc 1 1504 15 is_stmt 0 discriminator 2 view .LVU772
 2236 0030 80F82120 		strb	r2, [r0, #33]
1505:stm/stm32l4xx/STM32L4xx_HAL_Driver/Src/stm32l4xx_hal_rtc_ex.c **** 
1506:stm/stm32l4xx/STM32L4xx_HAL_Driver/Src/stm32l4xx_hal_rtc_ex.c ****   /* Process Unlocked */
1507:stm/stm32l4xx/STM32L4xx_HAL_Driver/Src/stm32l4xx_hal_rtc_ex.c ****   __HAL_UNLOCK(hrtc);
ARM GAS  /var/tmp//ccqDFXEw.s 			page 69


 2237              		.loc 1 1507 3 is_stmt 1 discriminator 2 view .LVU773
 2238              		.loc 1 1507 3 discriminator 2 view .LVU774
 2239 0034 0023     		movs	r3, #0
 2240 0036 80F82030 		strb	r3, [r0, #32]
 2241              		.loc 1 1507 3 discriminator 2 view .LVU775
1508:stm/stm32l4xx/STM32L4xx_HAL_Driver/Src/stm32l4xx_hal_rtc_ex.c **** 
1509:stm/stm32l4xx/STM32L4xx_HAL_Driver/Src/stm32l4xx_hal_rtc_ex.c ****   return HAL_OK;
 2242              		.loc 1 1509 3 discriminator 2 view .LVU776
 2243              		.loc 1 1509 10 is_stmt 0 discriminator 2 view .LVU777
 2244 003a 1846     		mov	r0, r3
 2245              	.LVL139:
 2246              		.loc 1 1509 10 discriminator 2 view .LVU778
 2247 003c 7047     		bx	lr
 2248              	.LVL140:
 2249              	.L137:
1490:stm/stm32l4xx/STM32L4xx_HAL_Driver/Src/stm32l4xx_hal_rtc_ex.c **** 
 2250              		.loc 1 1490 3 view .LVU779
 2251 003e 0220     		movs	r0, #2
 2252              	.LVL141:
1510:stm/stm32l4xx/STM32L4xx_HAL_Driver/Src/stm32l4xx_hal_rtc_ex.c **** }
 2253              		.loc 1 1510 1 view .LVU780
 2254 0040 7047     		bx	lr
 2255              		.cfi_endproc
 2256              	.LFE310:
 2258              		.section	.text.HAL_RTCEx_DisableBypassShadow,"ax",%progbits
 2259              		.align	1
 2260              		.global	HAL_RTCEx_DisableBypassShadow
 2261              		.syntax unified
 2262              		.thumb
 2263              		.thumb_func
 2265              	HAL_RTCEx_DisableBypassShadow:
 2266              	.LVL142:
 2267              	.LFB311:
1511:stm/stm32l4xx/STM32L4xx_HAL_Driver/Src/stm32l4xx_hal_rtc_ex.c **** 
1512:stm/stm32l4xx/STM32L4xx_HAL_Driver/Src/stm32l4xx_hal_rtc_ex.c **** /**
1513:stm/stm32l4xx/STM32L4xx_HAL_Driver/Src/stm32l4xx_hal_rtc_ex.c ****   * @brief  Disable the Bypass Shadow feature.
1514:stm/stm32l4xx/STM32L4xx_HAL_Driver/Src/stm32l4xx_hal_rtc_ex.c ****   * @note   When the Bypass Shadow is enabled the calendar value are taken
1515:stm/stm32l4xx/STM32L4xx_HAL_Driver/Src/stm32l4xx_hal_rtc_ex.c ****   *         directly from the Calendar counter.
1516:stm/stm32l4xx/STM32L4xx_HAL_Driver/Src/stm32l4xx_hal_rtc_ex.c ****   * @param  hrtc RTC handle
1517:stm/stm32l4xx/STM32L4xx_HAL_Driver/Src/stm32l4xx_hal_rtc_ex.c ****   * @retval HAL status
1518:stm/stm32l4xx/STM32L4xx_HAL_Driver/Src/stm32l4xx_hal_rtc_ex.c ****   */
1519:stm/stm32l4xx/STM32L4xx_HAL_Driver/Src/stm32l4xx_hal_rtc_ex.c **** HAL_StatusTypeDef HAL_RTCEx_DisableBypassShadow(RTC_HandleTypeDef *hrtc)
1520:stm/stm32l4xx/STM32L4xx_HAL_Driver/Src/stm32l4xx_hal_rtc_ex.c **** {
 2268              		.loc 1 1520 1 is_stmt 1 view -0
 2269              		.cfi_startproc
 2270              		@ args = 0, pretend = 0, frame = 0
 2271              		@ frame_needed = 0, uses_anonymous_args = 0
 2272              		@ link register save eliminated.
1521:stm/stm32l4xx/STM32L4xx_HAL_Driver/Src/stm32l4xx_hal_rtc_ex.c ****   /* Process Locked */
1522:stm/stm32l4xx/STM32L4xx_HAL_Driver/Src/stm32l4xx_hal_rtc_ex.c ****   __HAL_LOCK(hrtc);
 2273              		.loc 1 1522 3 view .LVU782
 2274              		.loc 1 1522 3 view .LVU783
 2275 0000 90F82030 		ldrb	r3, [r0, #32]	@ zero_extendqisi2
 2276 0004 012B     		cmp	r3, #1
 2277 0006 1AD0     		beq	.L140
 2278              		.loc 1 1522 3 discriminator 2 view .LVU784
 2279 0008 0122     		movs	r2, #1
ARM GAS  /var/tmp//ccqDFXEw.s 			page 70


 2280 000a 80F82020 		strb	r2, [r0, #32]
 2281              		.loc 1 1522 3 discriminator 2 view .LVU785
1523:stm/stm32l4xx/STM32L4xx_HAL_Driver/Src/stm32l4xx_hal_rtc_ex.c **** 
1524:stm/stm32l4xx/STM32L4xx_HAL_Driver/Src/stm32l4xx_hal_rtc_ex.c ****   hrtc->State = HAL_RTC_STATE_BUSY;
 2282              		.loc 1 1524 3 discriminator 2 view .LVU786
 2283              		.loc 1 1524 15 is_stmt 0 discriminator 2 view .LVU787
 2284 000e 0223     		movs	r3, #2
 2285 0010 80F82130 		strb	r3, [r0, #33]
1525:stm/stm32l4xx/STM32L4xx_HAL_Driver/Src/stm32l4xx_hal_rtc_ex.c **** 
1526:stm/stm32l4xx/STM32L4xx_HAL_Driver/Src/stm32l4xx_hal_rtc_ex.c ****   /* Disable the write protection for RTC registers */
1527:stm/stm32l4xx/STM32L4xx_HAL_Driver/Src/stm32l4xx_hal_rtc_ex.c ****   __HAL_RTC_WRITEPROTECTION_DISABLE(hrtc);
 2286              		.loc 1 1527 3 is_stmt 1 discriminator 2 view .LVU788
 2287              		.loc 1 1527 3 discriminator 2 view .LVU789
 2288 0014 0368     		ldr	r3, [r0]
 2289 0016 CA21     		movs	r1, #202
 2290 0018 5962     		str	r1, [r3, #36]
 2291              		.loc 1 1527 3 discriminator 2 view .LVU790
 2292 001a 0368     		ldr	r3, [r0]
 2293 001c 5321     		movs	r1, #83
 2294 001e 5962     		str	r1, [r3, #36]
 2295              		.loc 1 1527 3 discriminator 2 view .LVU791
1528:stm/stm32l4xx/STM32L4xx_HAL_Driver/Src/stm32l4xx_hal_rtc_ex.c **** 
1529:stm/stm32l4xx/STM32L4xx_HAL_Driver/Src/stm32l4xx_hal_rtc_ex.c ****   /* Clear the BYPSHAD bit */
1530:stm/stm32l4xx/STM32L4xx_HAL_Driver/Src/stm32l4xx_hal_rtc_ex.c ****   CLEAR_BIT(RTC->CR, RTC_CR_BYPSHAD);
 2296              		.loc 1 1530 3 discriminator 2 view .LVU792
 2297 0020 0849     		ldr	r1, .L141
 2298 0022 8B68     		ldr	r3, [r1, #8]
 2299 0024 23F02003 		bic	r3, r3, #32
 2300 0028 8B60     		str	r3, [r1, #8]
1531:stm/stm32l4xx/STM32L4xx_HAL_Driver/Src/stm32l4xx_hal_rtc_ex.c **** 
1532:stm/stm32l4xx/STM32L4xx_HAL_Driver/Src/stm32l4xx_hal_rtc_ex.c ****   /* Enable the write protection for RTC registers */
1533:stm/stm32l4xx/STM32L4xx_HAL_Driver/Src/stm32l4xx_hal_rtc_ex.c ****   __HAL_RTC_WRITEPROTECTION_ENABLE(hrtc);
 2301              		.loc 1 1533 3 discriminator 2 view .LVU793
 2302              		.loc 1 1533 3 discriminator 2 view .LVU794
 2303 002a 0368     		ldr	r3, [r0]
 2304 002c FF21     		movs	r1, #255
 2305 002e 5962     		str	r1, [r3, #36]
 2306              		.loc 1 1533 3 discriminator 2 view .LVU795
1534:stm/stm32l4xx/STM32L4xx_HAL_Driver/Src/stm32l4xx_hal_rtc_ex.c **** 
1535:stm/stm32l4xx/STM32L4xx_HAL_Driver/Src/stm32l4xx_hal_rtc_ex.c ****   /* Change RTC state */
1536:stm/stm32l4xx/STM32L4xx_HAL_Driver/Src/stm32l4xx_hal_rtc_ex.c ****   hrtc->State = HAL_RTC_STATE_READY;
 2307              		.loc 1 1536 3 discriminator 2 view .LVU796
 2308              		.loc 1 1536 15 is_stmt 0 discriminator 2 view .LVU797
 2309 0030 80F82120 		strb	r2, [r0, #33]
1537:stm/stm32l4xx/STM32L4xx_HAL_Driver/Src/stm32l4xx_hal_rtc_ex.c **** 
1538:stm/stm32l4xx/STM32L4xx_HAL_Driver/Src/stm32l4xx_hal_rtc_ex.c ****   /* Process Unlocked */
1539:stm/stm32l4xx/STM32L4xx_HAL_Driver/Src/stm32l4xx_hal_rtc_ex.c ****   __HAL_UNLOCK(hrtc);
 2310              		.loc 1 1539 3 is_stmt 1 discriminator 2 view .LVU798
 2311              		.loc 1 1539 3 discriminator 2 view .LVU799
 2312 0034 0023     		movs	r3, #0
 2313 0036 80F82030 		strb	r3, [r0, #32]
 2314              		.loc 1 1539 3 discriminator 2 view .LVU800
1540:stm/stm32l4xx/STM32L4xx_HAL_Driver/Src/stm32l4xx_hal_rtc_ex.c **** 
1541:stm/stm32l4xx/STM32L4xx_HAL_Driver/Src/stm32l4xx_hal_rtc_ex.c ****   return HAL_OK;
 2315              		.loc 1 1541 3 discriminator 2 view .LVU801
 2316              		.loc 1 1541 10 is_stmt 0 discriminator 2 view .LVU802
 2317 003a 1846     		mov	r0, r3
ARM GAS  /var/tmp//ccqDFXEw.s 			page 71


 2318              	.LVL143:
 2319              		.loc 1 1541 10 discriminator 2 view .LVU803
 2320 003c 7047     		bx	lr
 2321              	.LVL144:
 2322              	.L140:
1522:stm/stm32l4xx/STM32L4xx_HAL_Driver/Src/stm32l4xx_hal_rtc_ex.c **** 
 2323              		.loc 1 1522 3 view .LVU804
 2324 003e 0220     		movs	r0, #2
 2325              	.LVL145:
1542:stm/stm32l4xx/STM32L4xx_HAL_Driver/Src/stm32l4xx_hal_rtc_ex.c **** }
 2326              		.loc 1 1542 1 view .LVU805
 2327 0040 7047     		bx	lr
 2328              	.L142:
 2329 0042 00BF     		.align	2
 2330              	.L141:
 2331 0044 00280040 		.word	1073752064
 2332              		.cfi_endproc
 2333              	.LFE311:
 2335              		.section	.text.HAL_RTCEx_AlarmBEventCallback,"ax",%progbits
 2336              		.align	1
 2337              		.weak	HAL_RTCEx_AlarmBEventCallback
 2338              		.syntax unified
 2339              		.thumb
 2340              		.thumb_func
 2342              	HAL_RTCEx_AlarmBEventCallback:
 2343              	.LVL146:
 2344              	.LFB312:
1543:stm/stm32l4xx/STM32L4xx_HAL_Driver/Src/stm32l4xx_hal_rtc_ex.c **** 
1544:stm/stm32l4xx/STM32L4xx_HAL_Driver/Src/stm32l4xx_hal_rtc_ex.c **** #if defined (STM32L4P5xx) || defined (STM32L4Q5xx)
1545:stm/stm32l4xx/STM32L4xx_HAL_Driver/Src/stm32l4xx_hal_rtc_ex.c **** /**
1546:stm/stm32l4xx/STM32L4xx_HAL_Driver/Src/stm32l4xx_hal_rtc_ex.c ****   * @brief  Set SSR Underflow detection with Interrupt.
1547:stm/stm32l4xx/STM32L4xx_HAL_Driver/Src/stm32l4xx_hal_rtc_ex.c ****   * @param  hrtc RTC handle
1548:stm/stm32l4xx/STM32L4xx_HAL_Driver/Src/stm32l4xx_hal_rtc_ex.c ****   * @retval HAL status
1549:stm/stm32l4xx/STM32L4xx_HAL_Driver/Src/stm32l4xx_hal_rtc_ex.c ****   */
1550:stm/stm32l4xx/STM32L4xx_HAL_Driver/Src/stm32l4xx_hal_rtc_ex.c **** HAL_StatusTypeDef HAL_RTCEx_SetSSRU_IT(RTC_HandleTypeDef *hrtc)
1551:stm/stm32l4xx/STM32L4xx_HAL_Driver/Src/stm32l4xx_hal_rtc_ex.c **** {
1552:stm/stm32l4xx/STM32L4xx_HAL_Driver/Src/stm32l4xx_hal_rtc_ex.c ****   /* Process Locked */
1553:stm/stm32l4xx/STM32L4xx_HAL_Driver/Src/stm32l4xx_hal_rtc_ex.c ****   __HAL_LOCK(hrtc);
1554:stm/stm32l4xx/STM32L4xx_HAL_Driver/Src/stm32l4xx_hal_rtc_ex.c **** 
1555:stm/stm32l4xx/STM32L4xx_HAL_Driver/Src/stm32l4xx_hal_rtc_ex.c ****   hrtc->State = HAL_RTC_STATE_BUSY;
1556:stm/stm32l4xx/STM32L4xx_HAL_Driver/Src/stm32l4xx_hal_rtc_ex.c **** 
1557:stm/stm32l4xx/STM32L4xx_HAL_Driver/Src/stm32l4xx_hal_rtc_ex.c ****   /* Disable the write protection for RTC registers */
1558:stm/stm32l4xx/STM32L4xx_HAL_Driver/Src/stm32l4xx_hal_rtc_ex.c ****   __HAL_RTC_WRITEPROTECTION_DISABLE(hrtc);
1559:stm/stm32l4xx/STM32L4xx_HAL_Driver/Src/stm32l4xx_hal_rtc_ex.c **** 
1560:stm/stm32l4xx/STM32L4xx_HAL_Driver/Src/stm32l4xx_hal_rtc_ex.c ****   /* Enable IT SSRU */
1561:stm/stm32l4xx/STM32L4xx_HAL_Driver/Src/stm32l4xx_hal_rtc_ex.c ****   __HAL_RTC_SSRU_ENABLE_IT(hrtc, RTC_IT_SSRU);
1562:stm/stm32l4xx/STM32L4xx_HAL_Driver/Src/stm32l4xx_hal_rtc_ex.c **** 
1563:stm/stm32l4xx/STM32L4xx_HAL_Driver/Src/stm32l4xx_hal_rtc_ex.c ****   /* RTC SSRU Interrupt Configuration: EXTI configuration */
1564:stm/stm32l4xx/STM32L4xx_HAL_Driver/Src/stm32l4xx_hal_rtc_ex.c ****   __HAL_RTC_SSRU_EXTI_ENABLE_IT();
1565:stm/stm32l4xx/STM32L4xx_HAL_Driver/Src/stm32l4xx_hal_rtc_ex.c ****   __HAL_RTC_ALARM_EXTI_ENABLE_RISING_EDGE();
1566:stm/stm32l4xx/STM32L4xx_HAL_Driver/Src/stm32l4xx_hal_rtc_ex.c **** 
1567:stm/stm32l4xx/STM32L4xx_HAL_Driver/Src/stm32l4xx_hal_rtc_ex.c ****   /* Enable the write protection for RTC registers */
1568:stm/stm32l4xx/STM32L4xx_HAL_Driver/Src/stm32l4xx_hal_rtc_ex.c ****   __HAL_RTC_WRITEPROTECTION_ENABLE(hrtc);
1569:stm/stm32l4xx/STM32L4xx_HAL_Driver/Src/stm32l4xx_hal_rtc_ex.c **** 
1570:stm/stm32l4xx/STM32L4xx_HAL_Driver/Src/stm32l4xx_hal_rtc_ex.c ****   hrtc->State = HAL_RTC_STATE_READY;
1571:stm/stm32l4xx/STM32L4xx_HAL_Driver/Src/stm32l4xx_hal_rtc_ex.c **** 
1572:stm/stm32l4xx/STM32L4xx_HAL_Driver/Src/stm32l4xx_hal_rtc_ex.c ****   /* Process Unlocked */
ARM GAS  /var/tmp//ccqDFXEw.s 			page 72


1573:stm/stm32l4xx/STM32L4xx_HAL_Driver/Src/stm32l4xx_hal_rtc_ex.c ****   __HAL_UNLOCK(hrtc);
1574:stm/stm32l4xx/STM32L4xx_HAL_Driver/Src/stm32l4xx_hal_rtc_ex.c **** 
1575:stm/stm32l4xx/STM32L4xx_HAL_Driver/Src/stm32l4xx_hal_rtc_ex.c ****   return HAL_OK;
1576:stm/stm32l4xx/STM32L4xx_HAL_Driver/Src/stm32l4xx_hal_rtc_ex.c **** }
1577:stm/stm32l4xx/STM32L4xx_HAL_Driver/Src/stm32l4xx_hal_rtc_ex.c **** 
1578:stm/stm32l4xx/STM32L4xx_HAL_Driver/Src/stm32l4xx_hal_rtc_ex.c **** /**
1579:stm/stm32l4xx/STM32L4xx_HAL_Driver/Src/stm32l4xx_hal_rtc_ex.c ****   * @brief  Deactivate SSR Underflow.
1580:stm/stm32l4xx/STM32L4xx_HAL_Driver/Src/stm32l4xx_hal_rtc_ex.c ****   * @param  hrtc RTC handle
1581:stm/stm32l4xx/STM32L4xx_HAL_Driver/Src/stm32l4xx_hal_rtc_ex.c ****   * @retval HAL status
1582:stm/stm32l4xx/STM32L4xx_HAL_Driver/Src/stm32l4xx_hal_rtc_ex.c ****   */
1583:stm/stm32l4xx/STM32L4xx_HAL_Driver/Src/stm32l4xx_hal_rtc_ex.c **** HAL_StatusTypeDef HAL_RTCEx_DeactivateSSRU(RTC_HandleTypeDef *hrtc)
1584:stm/stm32l4xx/STM32L4xx_HAL_Driver/Src/stm32l4xx_hal_rtc_ex.c **** {
1585:stm/stm32l4xx/STM32L4xx_HAL_Driver/Src/stm32l4xx_hal_rtc_ex.c ****   /* Process Locked */
1586:stm/stm32l4xx/STM32L4xx_HAL_Driver/Src/stm32l4xx_hal_rtc_ex.c ****   __HAL_LOCK(hrtc);
1587:stm/stm32l4xx/STM32L4xx_HAL_Driver/Src/stm32l4xx_hal_rtc_ex.c **** 
1588:stm/stm32l4xx/STM32L4xx_HAL_Driver/Src/stm32l4xx_hal_rtc_ex.c ****   hrtc->State = HAL_RTC_STATE_BUSY;
1589:stm/stm32l4xx/STM32L4xx_HAL_Driver/Src/stm32l4xx_hal_rtc_ex.c **** 
1590:stm/stm32l4xx/STM32L4xx_HAL_Driver/Src/stm32l4xx_hal_rtc_ex.c ****   /* Disable the write protection for RTC registers */
1591:stm/stm32l4xx/STM32L4xx_HAL_Driver/Src/stm32l4xx_hal_rtc_ex.c ****   __HAL_RTC_WRITEPROTECTION_DISABLE(hrtc);
1592:stm/stm32l4xx/STM32L4xx_HAL_Driver/Src/stm32l4xx_hal_rtc_ex.c **** 
1593:stm/stm32l4xx/STM32L4xx_HAL_Driver/Src/stm32l4xx_hal_rtc_ex.c ****   /* In case of interrupt mode is used, the interrupt source must disabled */
1594:stm/stm32l4xx/STM32L4xx_HAL_Driver/Src/stm32l4xx_hal_rtc_ex.c ****   __HAL_RTC_SSRU_DISABLE_IT(hrtc, RTC_IT_TS);
1595:stm/stm32l4xx/STM32L4xx_HAL_Driver/Src/stm32l4xx_hal_rtc_ex.c **** 
1596:stm/stm32l4xx/STM32L4xx_HAL_Driver/Src/stm32l4xx_hal_rtc_ex.c ****   /* Enable the write protection for RTC registers */
1597:stm/stm32l4xx/STM32L4xx_HAL_Driver/Src/stm32l4xx_hal_rtc_ex.c ****   __HAL_RTC_WRITEPROTECTION_ENABLE(hrtc);
1598:stm/stm32l4xx/STM32L4xx_HAL_Driver/Src/stm32l4xx_hal_rtc_ex.c **** 
1599:stm/stm32l4xx/STM32L4xx_HAL_Driver/Src/stm32l4xx_hal_rtc_ex.c ****   hrtc->State = HAL_RTC_STATE_READY;
1600:stm/stm32l4xx/STM32L4xx_HAL_Driver/Src/stm32l4xx_hal_rtc_ex.c **** 
1601:stm/stm32l4xx/STM32L4xx_HAL_Driver/Src/stm32l4xx_hal_rtc_ex.c ****   /* Process Unlocked */
1602:stm/stm32l4xx/STM32L4xx_HAL_Driver/Src/stm32l4xx_hal_rtc_ex.c ****   __HAL_UNLOCK(hrtc);
1603:stm/stm32l4xx/STM32L4xx_HAL_Driver/Src/stm32l4xx_hal_rtc_ex.c **** 
1604:stm/stm32l4xx/STM32L4xx_HAL_Driver/Src/stm32l4xx_hal_rtc_ex.c ****   return HAL_OK;
1605:stm/stm32l4xx/STM32L4xx_HAL_Driver/Src/stm32l4xx_hal_rtc_ex.c **** }
1606:stm/stm32l4xx/STM32L4xx_HAL_Driver/Src/stm32l4xx_hal_rtc_ex.c **** 
1607:stm/stm32l4xx/STM32L4xx_HAL_Driver/Src/stm32l4xx_hal_rtc_ex.c **** /**
1608:stm/stm32l4xx/STM32L4xx_HAL_Driver/Src/stm32l4xx_hal_rtc_ex.c ****   * @brief  Handle SSR underflow interrupt request.
1609:stm/stm32l4xx/STM32L4xx_HAL_Driver/Src/stm32l4xx_hal_rtc_ex.c ****   * @param  hrtc RTC handle
1610:stm/stm32l4xx/STM32L4xx_HAL_Driver/Src/stm32l4xx_hal_rtc_ex.c ****   * @retval None
1611:stm/stm32l4xx/STM32L4xx_HAL_Driver/Src/stm32l4xx_hal_rtc_ex.c ****   */
1612:stm/stm32l4xx/STM32L4xx_HAL_Driver/Src/stm32l4xx_hal_rtc_ex.c **** void HAL_RTCEx_SSRUIRQHandler(RTC_HandleTypeDef *hrtc)
1613:stm/stm32l4xx/STM32L4xx_HAL_Driver/Src/stm32l4xx_hal_rtc_ex.c **** {
1614:stm/stm32l4xx/STM32L4xx_HAL_Driver/Src/stm32l4xx_hal_rtc_ex.c ****   if ((RTC->MISR & RTC_MISR_SSRUMF) != 0u)
1615:stm/stm32l4xx/STM32L4xx_HAL_Driver/Src/stm32l4xx_hal_rtc_ex.c ****   {
1616:stm/stm32l4xx/STM32L4xx_HAL_Driver/Src/stm32l4xx_hal_rtc_ex.c ****     /* Immediately clear flags */
1617:stm/stm32l4xx/STM32L4xx_HAL_Driver/Src/stm32l4xx_hal_rtc_ex.c ****     RTC->SCR = RTC_SCR_CSSRUF;
1618:stm/stm32l4xx/STM32L4xx_HAL_Driver/Src/stm32l4xx_hal_rtc_ex.c **** 
1619:stm/stm32l4xx/STM32L4xx_HAL_Driver/Src/stm32l4xx_hal_rtc_ex.c ****     /* SSRU callback */
1620:stm/stm32l4xx/STM32L4xx_HAL_Driver/Src/stm32l4xx_hal_rtc_ex.c **** #if (USE_HAL_RTC_REGISTER_CALLBACKS == 1)
1621:stm/stm32l4xx/STM32L4xx_HAL_Driver/Src/stm32l4xx_hal_rtc_ex.c ****     /* Call SSRUEvent registered Callback */
1622:stm/stm32l4xx/STM32L4xx_HAL_Driver/Src/stm32l4xx_hal_rtc_ex.c ****     hrtc->SSRUEventCallback(hrtc);
1623:stm/stm32l4xx/STM32L4xx_HAL_Driver/Src/stm32l4xx_hal_rtc_ex.c **** #else
1624:stm/stm32l4xx/STM32L4xx_HAL_Driver/Src/stm32l4xx_hal_rtc_ex.c ****     HAL_RTCEx_SSRUEventCallback(hrtc);
1625:stm/stm32l4xx/STM32L4xx_HAL_Driver/Src/stm32l4xx_hal_rtc_ex.c **** #endif /* USE_HAL_RTC_REGISTER_CALLBACKS */
1626:stm/stm32l4xx/STM32L4xx_HAL_Driver/Src/stm32l4xx_hal_rtc_ex.c ****   }
1627:stm/stm32l4xx/STM32L4xx_HAL_Driver/Src/stm32l4xx_hal_rtc_ex.c **** 
1628:stm/stm32l4xx/STM32L4xx_HAL_Driver/Src/stm32l4xx_hal_rtc_ex.c ****   /* Change RTC state */
1629:stm/stm32l4xx/STM32L4xx_HAL_Driver/Src/stm32l4xx_hal_rtc_ex.c ****   hrtc->State = HAL_RTC_STATE_READY;
ARM GAS  /var/tmp//ccqDFXEw.s 			page 73


1630:stm/stm32l4xx/STM32L4xx_HAL_Driver/Src/stm32l4xx_hal_rtc_ex.c **** }
1631:stm/stm32l4xx/STM32L4xx_HAL_Driver/Src/stm32l4xx_hal_rtc_ex.c **** 
1632:stm/stm32l4xx/STM32L4xx_HAL_Driver/Src/stm32l4xx_hal_rtc_ex.c **** /**
1633:stm/stm32l4xx/STM32L4xx_HAL_Driver/Src/stm32l4xx_hal_rtc_ex.c ****   * @brief  SSR underflow callback.
1634:stm/stm32l4xx/STM32L4xx_HAL_Driver/Src/stm32l4xx_hal_rtc_ex.c ****   * @param  hrtc RTC handle
1635:stm/stm32l4xx/STM32L4xx_HAL_Driver/Src/stm32l4xx_hal_rtc_ex.c ****   * @retval None
1636:stm/stm32l4xx/STM32L4xx_HAL_Driver/Src/stm32l4xx_hal_rtc_ex.c ****   */
1637:stm/stm32l4xx/STM32L4xx_HAL_Driver/Src/stm32l4xx_hal_rtc_ex.c **** __weak void HAL_RTCEx_SSRUEventCallback(RTC_HandleTypeDef *hrtc)
1638:stm/stm32l4xx/STM32L4xx_HAL_Driver/Src/stm32l4xx_hal_rtc_ex.c **** {
1639:stm/stm32l4xx/STM32L4xx_HAL_Driver/Src/stm32l4xx_hal_rtc_ex.c ****   /* Prevent unused argument(s) compilation warning */
1640:stm/stm32l4xx/STM32L4xx_HAL_Driver/Src/stm32l4xx_hal_rtc_ex.c ****   UNUSED(hrtc);
1641:stm/stm32l4xx/STM32L4xx_HAL_Driver/Src/stm32l4xx_hal_rtc_ex.c **** 
1642:stm/stm32l4xx/STM32L4xx_HAL_Driver/Src/stm32l4xx_hal_rtc_ex.c ****   /* NOTE : This function should not be modified, when the callback is needed,
1643:stm/stm32l4xx/STM32L4xx_HAL_Driver/Src/stm32l4xx_hal_rtc_ex.c ****             the HAL_RTCEx_SSRUEventCallback could be implemented in the user file
1644:stm/stm32l4xx/STM32L4xx_HAL_Driver/Src/stm32l4xx_hal_rtc_ex.c ****    */
1645:stm/stm32l4xx/STM32L4xx_HAL_Driver/Src/stm32l4xx_hal_rtc_ex.c **** }
1646:stm/stm32l4xx/STM32L4xx_HAL_Driver/Src/stm32l4xx_hal_rtc_ex.c **** #endif /* #if defined (STM32L4P5xx) || defined (STM32L4Q5xx) */
1647:stm/stm32l4xx/STM32L4xx_HAL_Driver/Src/stm32l4xx_hal_rtc_ex.c **** 
1648:stm/stm32l4xx/STM32L4xx_HAL_Driver/Src/stm32l4xx_hal_rtc_ex.c **** /**
1649:stm/stm32l4xx/STM32L4xx_HAL_Driver/Src/stm32l4xx_hal_rtc_ex.c ****   * @}
1650:stm/stm32l4xx/STM32L4xx_HAL_Driver/Src/stm32l4xx_hal_rtc_ex.c ****   */
1651:stm/stm32l4xx/STM32L4xx_HAL_Driver/Src/stm32l4xx_hal_rtc_ex.c **** 
1652:stm/stm32l4xx/STM32L4xx_HAL_Driver/Src/stm32l4xx_hal_rtc_ex.c **** /** @addtogroup RTCEx_Exported_Functions_Group4
1653:stm/stm32l4xx/STM32L4xx_HAL_Driver/Src/stm32l4xx_hal_rtc_ex.c ****   * @brief    Extended features functions
1654:stm/stm32l4xx/STM32L4xx_HAL_Driver/Src/stm32l4xx_hal_rtc_ex.c ****   *
1655:stm/stm32l4xx/STM32L4xx_HAL_Driver/Src/stm32l4xx_hal_rtc_ex.c **** @verbatim
1656:stm/stm32l4xx/STM32L4xx_HAL_Driver/Src/stm32l4xx_hal_rtc_ex.c ****  ===============================================================================
1657:stm/stm32l4xx/STM32L4xx_HAL_Driver/Src/stm32l4xx_hal_rtc_ex.c ****                  ##### Extended features functions #####
1658:stm/stm32l4xx/STM32L4xx_HAL_Driver/Src/stm32l4xx_hal_rtc_ex.c ****  ===============================================================================
1659:stm/stm32l4xx/STM32L4xx_HAL_Driver/Src/stm32l4xx_hal_rtc_ex.c ****     [..]  This section provides functions allowing to:
1660:stm/stm32l4xx/STM32L4xx_HAL_Driver/Src/stm32l4xx_hal_rtc_ex.c ****       (+) RTC Alarm B callback
1661:stm/stm32l4xx/STM32L4xx_HAL_Driver/Src/stm32l4xx_hal_rtc_ex.c ****       (+) RTC Poll for Alarm B request
1662:stm/stm32l4xx/STM32L4xx_HAL_Driver/Src/stm32l4xx_hal_rtc_ex.c **** 
1663:stm/stm32l4xx/STM32L4xx_HAL_Driver/Src/stm32l4xx_hal_rtc_ex.c **** @endverbatim
1664:stm/stm32l4xx/STM32L4xx_HAL_Driver/Src/stm32l4xx_hal_rtc_ex.c ****   * @{
1665:stm/stm32l4xx/STM32L4xx_HAL_Driver/Src/stm32l4xx_hal_rtc_ex.c ****   */
1666:stm/stm32l4xx/STM32L4xx_HAL_Driver/Src/stm32l4xx_hal_rtc_ex.c **** 
1667:stm/stm32l4xx/STM32L4xx_HAL_Driver/Src/stm32l4xx_hal_rtc_ex.c **** /**
1668:stm/stm32l4xx/STM32L4xx_HAL_Driver/Src/stm32l4xx_hal_rtc_ex.c ****   * @brief  Alarm B callback.
1669:stm/stm32l4xx/STM32L4xx_HAL_Driver/Src/stm32l4xx_hal_rtc_ex.c ****   * @param  hrtc RTC handle
1670:stm/stm32l4xx/STM32L4xx_HAL_Driver/Src/stm32l4xx_hal_rtc_ex.c ****   * @retval None
1671:stm/stm32l4xx/STM32L4xx_HAL_Driver/Src/stm32l4xx_hal_rtc_ex.c ****   */
1672:stm/stm32l4xx/STM32L4xx_HAL_Driver/Src/stm32l4xx_hal_rtc_ex.c **** __weak void HAL_RTCEx_AlarmBEventCallback(RTC_HandleTypeDef *hrtc)
1673:stm/stm32l4xx/STM32L4xx_HAL_Driver/Src/stm32l4xx_hal_rtc_ex.c **** {
 2345              		.loc 1 1673 1 is_stmt 1 view -0
 2346              		.cfi_startproc
 2347              		@ args = 0, pretend = 0, frame = 0
 2348              		@ frame_needed = 0, uses_anonymous_args = 0
 2349              		@ link register save eliminated.
1674:stm/stm32l4xx/STM32L4xx_HAL_Driver/Src/stm32l4xx_hal_rtc_ex.c ****   /* Prevent unused argument(s) compilation warning */
1675:stm/stm32l4xx/STM32L4xx_HAL_Driver/Src/stm32l4xx_hal_rtc_ex.c ****   UNUSED(hrtc);
 2350              		.loc 1 1675 3 view .LVU807
1676:stm/stm32l4xx/STM32L4xx_HAL_Driver/Src/stm32l4xx_hal_rtc_ex.c **** 
1677:stm/stm32l4xx/STM32L4xx_HAL_Driver/Src/stm32l4xx_hal_rtc_ex.c ****   /* NOTE : This function should not be modified, when the callback is needed,
1678:stm/stm32l4xx/STM32L4xx_HAL_Driver/Src/stm32l4xx_hal_rtc_ex.c ****             the HAL_RTCEx_AlarmBEventCallback could be implemented in the user file
1679:stm/stm32l4xx/STM32L4xx_HAL_Driver/Src/stm32l4xx_hal_rtc_ex.c ****    */
1680:stm/stm32l4xx/STM32L4xx_HAL_Driver/Src/stm32l4xx_hal_rtc_ex.c **** }
ARM GAS  /var/tmp//ccqDFXEw.s 			page 74


 2351              		.loc 1 1680 1 is_stmt 0 view .LVU808
 2352 0000 7047     		bx	lr
 2353              		.cfi_endproc
 2354              	.LFE312:
 2356              		.section	.text.HAL_RTCEx_PollForAlarmBEvent,"ax",%progbits
 2357              		.align	1
 2358              		.global	HAL_RTCEx_PollForAlarmBEvent
 2359              		.syntax unified
 2360              		.thumb
 2361              		.thumb_func
 2363              	HAL_RTCEx_PollForAlarmBEvent:
 2364              	.LVL147:
 2365              	.LFB313:
1681:stm/stm32l4xx/STM32L4xx_HAL_Driver/Src/stm32l4xx_hal_rtc_ex.c **** 
1682:stm/stm32l4xx/STM32L4xx_HAL_Driver/Src/stm32l4xx_hal_rtc_ex.c **** /**
1683:stm/stm32l4xx/STM32L4xx_HAL_Driver/Src/stm32l4xx_hal_rtc_ex.c ****   * @brief  Handle Alarm B Polling request.
1684:stm/stm32l4xx/STM32L4xx_HAL_Driver/Src/stm32l4xx_hal_rtc_ex.c ****   * @param  hrtc RTC handle
1685:stm/stm32l4xx/STM32L4xx_HAL_Driver/Src/stm32l4xx_hal_rtc_ex.c ****   * @param  Timeout Timeout duration
1686:stm/stm32l4xx/STM32L4xx_HAL_Driver/Src/stm32l4xx_hal_rtc_ex.c ****   * @retval HAL status
1687:stm/stm32l4xx/STM32L4xx_HAL_Driver/Src/stm32l4xx_hal_rtc_ex.c ****   */
1688:stm/stm32l4xx/STM32L4xx_HAL_Driver/Src/stm32l4xx_hal_rtc_ex.c **** HAL_StatusTypeDef HAL_RTCEx_PollForAlarmBEvent(RTC_HandleTypeDef *hrtc, uint32_t Timeout)
1689:stm/stm32l4xx/STM32L4xx_HAL_Driver/Src/stm32l4xx_hal_rtc_ex.c **** {
 2366              		.loc 1 1689 1 is_stmt 1 view -0
 2367              		.cfi_startproc
 2368              		@ args = 0, pretend = 0, frame = 0
 2369              		@ frame_needed = 0, uses_anonymous_args = 0
 2370              		.loc 1 1689 1 is_stmt 0 view .LVU810
 2371 0000 70B5     		push	{r4, r5, r6, lr}
 2372              	.LCFI20:
 2373              		.cfi_def_cfa_offset 16
 2374              		.cfi_offset 4, -16
 2375              		.cfi_offset 5, -12
 2376              		.cfi_offset 6, -8
 2377              		.cfi_offset 14, -4
 2378 0002 0446     		mov	r4, r0
 2379 0004 0D46     		mov	r5, r1
1690:stm/stm32l4xx/STM32L4xx_HAL_Driver/Src/stm32l4xx_hal_rtc_ex.c ****   uint32_t tickstart = HAL_GetTick();
 2380              		.loc 1 1690 3 is_stmt 1 view .LVU811
 2381              		.loc 1 1690 24 is_stmt 0 view .LVU812
 2382 0006 FFF7FEFF 		bl	HAL_GetTick
 2383              	.LVL148:
 2384              		.loc 1 1690 24 view .LVU813
 2385 000a 0646     		mov	r6, r0
 2386              	.LVL149:
1691:stm/stm32l4xx/STM32L4xx_HAL_Driver/Src/stm32l4xx_hal_rtc_ex.c **** 
1692:stm/stm32l4xx/STM32L4xx_HAL_Driver/Src/stm32l4xx_hal_rtc_ex.c ****   while (__HAL_RTC_ALARM_GET_FLAG(hrtc, RTC_FLAG_ALRBF) == 0U)
 2387              		.loc 1 1692 3 is_stmt 1 view .LVU814
 2388              	.L146:
 2389              		.loc 1 1692 57 view .LVU815
 2390              		.loc 1 1692 10 is_stmt 0 view .LVU816
 2391 000c 2368     		ldr	r3, [r4]
 2392 000e DA68     		ldr	r2, [r3, #12]
 2393              		.loc 1 1692 57 view .LVU817
 2394 0010 12F4007F 		tst	r2, #512
 2395 0014 0DD1     		bne	.L151
1693:stm/stm32l4xx/STM32L4xx_HAL_Driver/Src/stm32l4xx_hal_rtc_ex.c ****   {
1694:stm/stm32l4xx/STM32L4xx_HAL_Driver/Src/stm32l4xx_hal_rtc_ex.c ****     if (Timeout != HAL_MAX_DELAY)
ARM GAS  /var/tmp//ccqDFXEw.s 			page 75


 2396              		.loc 1 1694 5 is_stmt 1 view .LVU818
 2397              		.loc 1 1694 8 is_stmt 0 view .LVU819
 2398 0016 B5F1FF3F 		cmp	r5, #-1
 2399 001a F7D0     		beq	.L146
1695:stm/stm32l4xx/STM32L4xx_HAL_Driver/Src/stm32l4xx_hal_rtc_ex.c ****     {
1696:stm/stm32l4xx/STM32L4xx_HAL_Driver/Src/stm32l4xx_hal_rtc_ex.c ****       if (((HAL_GetTick() - tickstart) > Timeout) || (Timeout == 0U))
 2400              		.loc 1 1696 7 is_stmt 1 view .LVU820
 2401              		.loc 1 1696 13 is_stmt 0 view .LVU821
 2402 001c FFF7FEFF 		bl	HAL_GetTick
 2403              	.LVL150:
 2404              		.loc 1 1696 27 view .LVU822
 2405 0020 801B     		subs	r0, r0, r6
 2406              		.loc 1 1696 10 view .LVU823
 2407 0022 A842     		cmp	r0, r5
 2408 0024 01D8     		bhi	.L147
 2409              		.loc 1 1696 51 discriminator 1 view .LVU824
 2410 0026 002D     		cmp	r5, #0
 2411 0028 F0D1     		bne	.L146
 2412              	.L147:
1697:stm/stm32l4xx/STM32L4xx_HAL_Driver/Src/stm32l4xx_hal_rtc_ex.c ****       {
1698:stm/stm32l4xx/STM32L4xx_HAL_Driver/Src/stm32l4xx_hal_rtc_ex.c ****         hrtc->State = HAL_RTC_STATE_TIMEOUT;
 2413              		.loc 1 1698 9 is_stmt 1 view .LVU825
 2414              		.loc 1 1698 21 is_stmt 0 view .LVU826
 2415 002a 0320     		movs	r0, #3
 2416 002c 84F82100 		strb	r0, [r4, #33]
1699:stm/stm32l4xx/STM32L4xx_HAL_Driver/Src/stm32l4xx_hal_rtc_ex.c ****         return HAL_TIMEOUT;
 2417              		.loc 1 1699 9 is_stmt 1 view .LVU827
 2418              		.loc 1 1699 16 is_stmt 0 view .LVU828
 2419 0030 08E0     		b	.L148
 2420              	.L151:
1700:stm/stm32l4xx/STM32L4xx_HAL_Driver/Src/stm32l4xx_hal_rtc_ex.c ****       }
1701:stm/stm32l4xx/STM32L4xx_HAL_Driver/Src/stm32l4xx_hal_rtc_ex.c ****     }
1702:stm/stm32l4xx/STM32L4xx_HAL_Driver/Src/stm32l4xx_hal_rtc_ex.c ****   }
1703:stm/stm32l4xx/STM32L4xx_HAL_Driver/Src/stm32l4xx_hal_rtc_ex.c **** 
1704:stm/stm32l4xx/STM32L4xx_HAL_Driver/Src/stm32l4xx_hal_rtc_ex.c ****   /* Clear the Alarm Flag */
1705:stm/stm32l4xx/STM32L4xx_HAL_Driver/Src/stm32l4xx_hal_rtc_ex.c ****   __HAL_RTC_ALARM_CLEAR_FLAG(hrtc, RTC_FLAG_ALRBF);
 2421              		.loc 1 1705 3 is_stmt 1 view .LVU829
 2422 0032 DA68     		ldr	r2, [r3, #12]
 2423 0034 D2B2     		uxtb	r2, r2
 2424 0036 62F42072 		orn	r2, r2, #640
 2425 003a DA60     		str	r2, [r3, #12]
1706:stm/stm32l4xx/STM32L4xx_HAL_Driver/Src/stm32l4xx_hal_rtc_ex.c **** 
1707:stm/stm32l4xx/STM32L4xx_HAL_Driver/Src/stm32l4xx_hal_rtc_ex.c ****   /* Change RTC state */
1708:stm/stm32l4xx/STM32L4xx_HAL_Driver/Src/stm32l4xx_hal_rtc_ex.c ****   hrtc->State = HAL_RTC_STATE_READY;
 2426              		.loc 1 1708 3 view .LVU830
 2427              		.loc 1 1708 15 is_stmt 0 view .LVU831
 2428 003c 0123     		movs	r3, #1
 2429 003e 84F82130 		strb	r3, [r4, #33]
1709:stm/stm32l4xx/STM32L4xx_HAL_Driver/Src/stm32l4xx_hal_rtc_ex.c **** 
1710:stm/stm32l4xx/STM32L4xx_HAL_Driver/Src/stm32l4xx_hal_rtc_ex.c ****   return HAL_OK;
 2430              		.loc 1 1710 3 is_stmt 1 view .LVU832
 2431              		.loc 1 1710 10 is_stmt 0 view .LVU833
 2432 0042 0020     		movs	r0, #0
 2433              	.L148:
1711:stm/stm32l4xx/STM32L4xx_HAL_Driver/Src/stm32l4xx_hal_rtc_ex.c **** }
 2434              		.loc 1 1711 1 view .LVU834
 2435 0044 70BD     		pop	{r4, r5, r6, pc}
ARM GAS  /var/tmp//ccqDFXEw.s 			page 76


 2436              		.loc 1 1711 1 view .LVU835
 2437              		.cfi_endproc
 2438              	.LFE313:
 2440              		.section	.text.HAL_RTCEx_SetTamper,"ax",%progbits
 2441              		.align	1
 2442              		.global	HAL_RTCEx_SetTamper
 2443              		.syntax unified
 2444              		.thumb
 2445              		.thumb_func
 2447              	HAL_RTCEx_SetTamper:
 2448              	.LVL151:
 2449              	.LFB314:
1712:stm/stm32l4xx/STM32L4xx_HAL_Driver/Src/stm32l4xx_hal_rtc_ex.c **** 
1713:stm/stm32l4xx/STM32L4xx_HAL_Driver/Src/stm32l4xx_hal_rtc_ex.c **** /**
1714:stm/stm32l4xx/STM32L4xx_HAL_Driver/Src/stm32l4xx_hal_rtc_ex.c ****   * @}
1715:stm/stm32l4xx/STM32L4xx_HAL_Driver/Src/stm32l4xx_hal_rtc_ex.c ****   */
1716:stm/stm32l4xx/STM32L4xx_HAL_Driver/Src/stm32l4xx_hal_rtc_ex.c **** 
1717:stm/stm32l4xx/STM32L4xx_HAL_Driver/Src/stm32l4xx_hal_rtc_ex.c **** /** @addtogroup RTCEx_Exported_Functions_Group5
1718:stm/stm32l4xx/STM32L4xx_HAL_Driver/Src/stm32l4xx_hal_rtc_ex.c ****   * @brief      Extended RTC Tamper functions
1719:stm/stm32l4xx/STM32L4xx_HAL_Driver/Src/stm32l4xx_hal_rtc_ex.c ****   *
1720:stm/stm32l4xx/STM32L4xx_HAL_Driver/Src/stm32l4xx_hal_rtc_ex.c **** @verbatim
1721:stm/stm32l4xx/STM32L4xx_HAL_Driver/Src/stm32l4xx_hal_rtc_ex.c ****   ==============================================================================
1722:stm/stm32l4xx/STM32L4xx_HAL_Driver/Src/stm32l4xx_hal_rtc_ex.c ****                          ##### Tamper functions #####
1723:stm/stm32l4xx/STM32L4xx_HAL_Driver/Src/stm32l4xx_hal_rtc_ex.c ****   ==============================================================================
1724:stm/stm32l4xx/STM32L4xx_HAL_Driver/Src/stm32l4xx_hal_rtc_ex.c ****   [..]
1725:stm/stm32l4xx/STM32L4xx_HAL_Driver/Src/stm32l4xx_hal_rtc_ex.c ****    (+) Before calling any tamper or internal tamper function, you have to call first
1726:stm/stm32l4xx/STM32L4xx_HAL_Driver/Src/stm32l4xx_hal_rtc_ex.c ****        HAL_RTC_Init() function.
1727:stm/stm32l4xx/STM32L4xx_HAL_Driver/Src/stm32l4xx_hal_rtc_ex.c ****    (+) In that ine you can select to output tamper event on RTC pin.
1728:stm/stm32l4xx/STM32L4xx_HAL_Driver/Src/stm32l4xx_hal_rtc_ex.c ****   [..]
1729:stm/stm32l4xx/STM32L4xx_HAL_Driver/Src/stm32l4xx_hal_rtc_ex.c ****    (+) Enable the Tamper and configure the Tamper filter count, trigger Edge
1730:stm/stm32l4xx/STM32L4xx_HAL_Driver/Src/stm32l4xx_hal_rtc_ex.c ****        or Level according to the Tamper filter (if equal to 0 Edge else Level)
1731:stm/stm32l4xx/STM32L4xx_HAL_Driver/Src/stm32l4xx_hal_rtc_ex.c ****        value, sampling frequency, NoErase, MaskFlag, precharge or discharge and
1732:stm/stm32l4xx/STM32L4xx_HAL_Driver/Src/stm32l4xx_hal_rtc_ex.c ****        Pull-UP, timestamp using the HAL_RTCEx_SetTamper() function.
1733:stm/stm32l4xx/STM32L4xx_HAL_Driver/Src/stm32l4xx_hal_rtc_ex.c ****        You can configure Tamper with interrupt mode using HAL_RTCEx_SetTamper_IT() function.
1734:stm/stm32l4xx/STM32L4xx_HAL_Driver/Src/stm32l4xx_hal_rtc_ex.c ****    (+) The default configuration of the Tamper erases the backup registers. To avoid
1735:stm/stm32l4xx/STM32L4xx_HAL_Driver/Src/stm32l4xx_hal_rtc_ex.c ****        erase, enable the NoErase field on the TAMP_TAMPCR register.
1736:stm/stm32l4xx/STM32L4xx_HAL_Driver/Src/stm32l4xx_hal_rtc_ex.c ****   [..]
1737:stm/stm32l4xx/STM32L4xx_HAL_Driver/Src/stm32l4xx_hal_rtc_ex.c ****    (+) Enable Internal Tamper and configure it with interrupt, timestamp using
1738:stm/stm32l4xx/STM32L4xx_HAL_Driver/Src/stm32l4xx_hal_rtc_ex.c ****        the HAL_RTCEx_SetInternalTamper() function.
1739:stm/stm32l4xx/STM32L4xx_HAL_Driver/Src/stm32l4xx_hal_rtc_ex.c **** 
1740:stm/stm32l4xx/STM32L4xx_HAL_Driver/Src/stm32l4xx_hal_rtc_ex.c **** @endverbatim
1741:stm/stm32l4xx/STM32L4xx_HAL_Driver/Src/stm32l4xx_hal_rtc_ex.c ****   * @{
1742:stm/stm32l4xx/STM32L4xx_HAL_Driver/Src/stm32l4xx_hal_rtc_ex.c ****   */
1743:stm/stm32l4xx/STM32L4xx_HAL_Driver/Src/stm32l4xx_hal_rtc_ex.c **** 
1744:stm/stm32l4xx/STM32L4xx_HAL_Driver/Src/stm32l4xx_hal_rtc_ex.c **** #if defined(STM32L412xx) || defined(STM32L422xx) || defined (STM32L4P5xx) || defined (STM32L4Q5xx)
1745:stm/stm32l4xx/STM32L4xx_HAL_Driver/Src/stm32l4xx_hal_rtc_ex.c **** /**
1746:stm/stm32l4xx/STM32L4xx_HAL_Driver/Src/stm32l4xx_hal_rtc_ex.c ****   * @brief  Set Tamper
1747:stm/stm32l4xx/STM32L4xx_HAL_Driver/Src/stm32l4xx_hal_rtc_ex.c ****   * @param  hrtc RTC handle
1748:stm/stm32l4xx/STM32L4xx_HAL_Driver/Src/stm32l4xx_hal_rtc_ex.c ****   * @param  sTamper Pointer to Tamper Structure.
1749:stm/stm32l4xx/STM32L4xx_HAL_Driver/Src/stm32l4xx_hal_rtc_ex.c ****   * @retval HAL status
1750:stm/stm32l4xx/STM32L4xx_HAL_Driver/Src/stm32l4xx_hal_rtc_ex.c ****   */
1751:stm/stm32l4xx/STM32L4xx_HAL_Driver/Src/stm32l4xx_hal_rtc_ex.c **** HAL_StatusTypeDef HAL_RTCEx_SetTamper(RTC_HandleTypeDef *hrtc, RTC_TamperTypeDef *sTamper)
1752:stm/stm32l4xx/STM32L4xx_HAL_Driver/Src/stm32l4xx_hal_rtc_ex.c **** {
1753:stm/stm32l4xx/STM32L4xx_HAL_Driver/Src/stm32l4xx_hal_rtc_ex.c ****   uint32_t tmpreg;
1754:stm/stm32l4xx/STM32L4xx_HAL_Driver/Src/stm32l4xx_hal_rtc_ex.c ****   /* Process TAMP instance pointer */
1755:stm/stm32l4xx/STM32L4xx_HAL_Driver/Src/stm32l4xx_hal_rtc_ex.c ****   TAMP_TypeDef *tamp = (TAMP_TypeDef *)((uint32_t)hrtc->Instance + hrtc->TampOffset);
1756:stm/stm32l4xx/STM32L4xx_HAL_Driver/Src/stm32l4xx_hal_rtc_ex.c **** 
ARM GAS  /var/tmp//ccqDFXEw.s 			page 77


1757:stm/stm32l4xx/STM32L4xx_HAL_Driver/Src/stm32l4xx_hal_rtc_ex.c ****   /* Check the parameters */
1758:stm/stm32l4xx/STM32L4xx_HAL_Driver/Src/stm32l4xx_hal_rtc_ex.c ****   assert_param(IS_RTC_TAMPER(sTamper->Tamper));
1759:stm/stm32l4xx/STM32L4xx_HAL_Driver/Src/stm32l4xx_hal_rtc_ex.c ****   assert_param(IS_RTC_TAMPER_TRIGGER(sTamper->Trigger));
1760:stm/stm32l4xx/STM32L4xx_HAL_Driver/Src/stm32l4xx_hal_rtc_ex.c ****   assert_param(IS_RTC_TAMPER_ERASE_MODE(sTamper->NoErase));
1761:stm/stm32l4xx/STM32L4xx_HAL_Driver/Src/stm32l4xx_hal_rtc_ex.c ****   assert_param(IS_RTC_TAMPER_MASKFLAG_STATE(sTamper->MaskFlag));
1762:stm/stm32l4xx/STM32L4xx_HAL_Driver/Src/stm32l4xx_hal_rtc_ex.c ****   assert_param(IS_RTC_TAMPER_TIMESTAMPONTAMPER_DETECTION(sTamper->TimeStampOnTamperDetection));
1763:stm/stm32l4xx/STM32L4xx_HAL_Driver/Src/stm32l4xx_hal_rtc_ex.c ****   assert_param(IS_RTC_TAMPER_FILTER(sTamper->Filter));
1764:stm/stm32l4xx/STM32L4xx_HAL_Driver/Src/stm32l4xx_hal_rtc_ex.c ****   assert_param(IS_RTC_TAMPER_SAMPLING_FREQ(sTamper->SamplingFrequency));
1765:stm/stm32l4xx/STM32L4xx_HAL_Driver/Src/stm32l4xx_hal_rtc_ex.c ****   assert_param(IS_RTC_TAMPER_PRECHARGE_DURATION(sTamper->PrechargeDuration));
1766:stm/stm32l4xx/STM32L4xx_HAL_Driver/Src/stm32l4xx_hal_rtc_ex.c ****   assert_param(IS_RTC_TAMPER_PULLUP_STATE(sTamper->TamperPullUp));
1767:stm/stm32l4xx/STM32L4xx_HAL_Driver/Src/stm32l4xx_hal_rtc_ex.c ****   /* Trigger and Filter have exclusive configurations */
1768:stm/stm32l4xx/STM32L4xx_HAL_Driver/Src/stm32l4xx_hal_rtc_ex.c ****   assert_param(((sTamper->Filter != RTC_TAMPERFILTER_DISABLE) && ((sTamper->Trigger == RTC_TAMPERTR
1769:stm/stm32l4xx/STM32L4xx_HAL_Driver/Src/stm32l4xx_hal_rtc_ex.c ****                || ((sTamper->Filter == RTC_TAMPERFILTER_DISABLE) && ((sTamper->Trigger == RTC_TAMPE
1770:stm/stm32l4xx/STM32L4xx_HAL_Driver/Src/stm32l4xx_hal_rtc_ex.c **** 
1771:stm/stm32l4xx/STM32L4xx_HAL_Driver/Src/stm32l4xx_hal_rtc_ex.c ****   /* Configuration register 2 */
1772:stm/stm32l4xx/STM32L4xx_HAL_Driver/Src/stm32l4xx_hal_rtc_ex.c ****   tmpreg = tamp->CR2;
1773:stm/stm32l4xx/STM32L4xx_HAL_Driver/Src/stm32l4xx_hal_rtc_ex.c ****   tmpreg &= ~((sTamper->Tamper << TAMP_CR2_TAMP1TRG_Pos) | (sTamper->Tamper << TAMP_CR2_TAMP1MSK_Po
1774:stm/stm32l4xx/STM32L4xx_HAL_Driver/Src/stm32l4xx_hal_rtc_ex.c **** 
1775:stm/stm32l4xx/STM32L4xx_HAL_Driver/Src/stm32l4xx_hal_rtc_ex.c ****   /* Configure the tamper trigger bit */
1776:stm/stm32l4xx/STM32L4xx_HAL_Driver/Src/stm32l4xx_hal_rtc_ex.c ****   if ((sTamper->Trigger == RTC_TAMPERTRIGGER_HIGHLEVEL) || (sTamper->Trigger == RTC_TAMPERTRIGGER_F
1777:stm/stm32l4xx/STM32L4xx_HAL_Driver/Src/stm32l4xx_hal_rtc_ex.c ****   {
1778:stm/stm32l4xx/STM32L4xx_HAL_Driver/Src/stm32l4xx_hal_rtc_ex.c ****     tmpreg |= (sTamper->Tamper << TAMP_CR2_TAMP1TRG_Pos);
1779:stm/stm32l4xx/STM32L4xx_HAL_Driver/Src/stm32l4xx_hal_rtc_ex.c ****   }
1780:stm/stm32l4xx/STM32L4xx_HAL_Driver/Src/stm32l4xx_hal_rtc_ex.c **** 
1781:stm/stm32l4xx/STM32L4xx_HAL_Driver/Src/stm32l4xx_hal_rtc_ex.c ****   /* Configure the tamper flags masking bit */
1782:stm/stm32l4xx/STM32L4xx_HAL_Driver/Src/stm32l4xx_hal_rtc_ex.c ****   if (sTamper->MaskFlag != RTC_TAMPERMASK_FLAG_DISABLE)
1783:stm/stm32l4xx/STM32L4xx_HAL_Driver/Src/stm32l4xx_hal_rtc_ex.c ****   {
1784:stm/stm32l4xx/STM32L4xx_HAL_Driver/Src/stm32l4xx_hal_rtc_ex.c ****     tmpreg |= (sTamper->Tamper << TAMP_CR2_TAMP1MSK_Pos);
1785:stm/stm32l4xx/STM32L4xx_HAL_Driver/Src/stm32l4xx_hal_rtc_ex.c ****   }
1786:stm/stm32l4xx/STM32L4xx_HAL_Driver/Src/stm32l4xx_hal_rtc_ex.c **** 
1787:stm/stm32l4xx/STM32L4xx_HAL_Driver/Src/stm32l4xx_hal_rtc_ex.c ****   /* Configure the tamper backup registers erasure bit */
1788:stm/stm32l4xx/STM32L4xx_HAL_Driver/Src/stm32l4xx_hal_rtc_ex.c ****   if (sTamper->NoErase != RTC_TAMPER_ERASE_BACKUP_ENABLE)
1789:stm/stm32l4xx/STM32L4xx_HAL_Driver/Src/stm32l4xx_hal_rtc_ex.c ****   {
1790:stm/stm32l4xx/STM32L4xx_HAL_Driver/Src/stm32l4xx_hal_rtc_ex.c ****     tmpreg |= (sTamper->Tamper << TAMP_CR2_TAMP1NOERASE_Pos);
1791:stm/stm32l4xx/STM32L4xx_HAL_Driver/Src/stm32l4xx_hal_rtc_ex.c ****   }
1792:stm/stm32l4xx/STM32L4xx_HAL_Driver/Src/stm32l4xx_hal_rtc_ex.c ****   tamp->CR2 = tmpreg;
1793:stm/stm32l4xx/STM32L4xx_HAL_Driver/Src/stm32l4xx_hal_rtc_ex.c **** 
1794:stm/stm32l4xx/STM32L4xx_HAL_Driver/Src/stm32l4xx_hal_rtc_ex.c ****   /* Configure filtering parameters */
1795:stm/stm32l4xx/STM32L4xx_HAL_Driver/Src/stm32l4xx_hal_rtc_ex.c ****   tamp->FLTCR = (sTamper->Filter) | (sTamper->SamplingFrequency) | \
1796:stm/stm32l4xx/STM32L4xx_HAL_Driver/Src/stm32l4xx_hal_rtc_ex.c ****                 (sTamper->PrechargeDuration) | (sTamper->TamperPullUp);
1797:stm/stm32l4xx/STM32L4xx_HAL_Driver/Src/stm32l4xx_hal_rtc_ex.c **** 
1798:stm/stm32l4xx/STM32L4xx_HAL_Driver/Src/stm32l4xx_hal_rtc_ex.c ****   /* Configure Timestamp saving on tamper detection */
1799:stm/stm32l4xx/STM32L4xx_HAL_Driver/Src/stm32l4xx_hal_rtc_ex.c ****   if ((hrtc->Instance->CR & RTC_CR_TAMPTS) != (sTamper->TimeStampOnTamperDetection))
1800:stm/stm32l4xx/STM32L4xx_HAL_Driver/Src/stm32l4xx_hal_rtc_ex.c ****   {
1801:stm/stm32l4xx/STM32L4xx_HAL_Driver/Src/stm32l4xx_hal_rtc_ex.c ****     __HAL_RTC_WRITEPROTECTION_DISABLE(hrtc);
1802:stm/stm32l4xx/STM32L4xx_HAL_Driver/Src/stm32l4xx_hal_rtc_ex.c ****     tmpreg = (hrtc->Instance->CR & ~RTC_CR_TAMPTS);
1803:stm/stm32l4xx/STM32L4xx_HAL_Driver/Src/stm32l4xx_hal_rtc_ex.c ****     hrtc->Instance->CR = (tmpreg | (sTamper->TimeStampOnTamperDetection));
1804:stm/stm32l4xx/STM32L4xx_HAL_Driver/Src/stm32l4xx_hal_rtc_ex.c ****     __HAL_RTC_WRITEPROTECTION_ENABLE(hrtc);
1805:stm/stm32l4xx/STM32L4xx_HAL_Driver/Src/stm32l4xx_hal_rtc_ex.c ****   }
1806:stm/stm32l4xx/STM32L4xx_HAL_Driver/Src/stm32l4xx_hal_rtc_ex.c **** 
1807:stm/stm32l4xx/STM32L4xx_HAL_Driver/Src/stm32l4xx_hal_rtc_ex.c ****   /* Enable selected tamper */
1808:stm/stm32l4xx/STM32L4xx_HAL_Driver/Src/stm32l4xx_hal_rtc_ex.c ****   tamp->CR1 |= (sTamper->Tamper);
1809:stm/stm32l4xx/STM32L4xx_HAL_Driver/Src/stm32l4xx_hal_rtc_ex.c **** 
1810:stm/stm32l4xx/STM32L4xx_HAL_Driver/Src/stm32l4xx_hal_rtc_ex.c ****   return HAL_OK;
1811:stm/stm32l4xx/STM32L4xx_HAL_Driver/Src/stm32l4xx_hal_rtc_ex.c **** }
1812:stm/stm32l4xx/STM32L4xx_HAL_Driver/Src/stm32l4xx_hal_rtc_ex.c **** #else /* #if defined(STM32L412xx) || defined(STM32L422xx) || defined (STM32L4P5xx) || defined (STM3
1813:stm/stm32l4xx/STM32L4xx_HAL_Driver/Src/stm32l4xx_hal_rtc_ex.c **** /**
ARM GAS  /var/tmp//ccqDFXEw.s 			page 78


1814:stm/stm32l4xx/STM32L4xx_HAL_Driver/Src/stm32l4xx_hal_rtc_ex.c ****   * @brief  Set Tamper.
1815:stm/stm32l4xx/STM32L4xx_HAL_Driver/Src/stm32l4xx_hal_rtc_ex.c ****   * @note   By calling this API we disable the tamper interrupt for all tampers.
1816:stm/stm32l4xx/STM32L4xx_HAL_Driver/Src/stm32l4xx_hal_rtc_ex.c ****   * @param  hrtc RTC handle
1817:stm/stm32l4xx/STM32L4xx_HAL_Driver/Src/stm32l4xx_hal_rtc_ex.c ****   * @param  sTamper Pointer to Tamper Structure.
1818:stm/stm32l4xx/STM32L4xx_HAL_Driver/Src/stm32l4xx_hal_rtc_ex.c ****   * @retval HAL status
1819:stm/stm32l4xx/STM32L4xx_HAL_Driver/Src/stm32l4xx_hal_rtc_ex.c ****   */
1820:stm/stm32l4xx/STM32L4xx_HAL_Driver/Src/stm32l4xx_hal_rtc_ex.c **** HAL_StatusTypeDef HAL_RTCEx_SetTamper(RTC_HandleTypeDef *hrtc, RTC_TamperTypeDef *sTamper)
1821:stm/stm32l4xx/STM32L4xx_HAL_Driver/Src/stm32l4xx_hal_rtc_ex.c **** {
 2450              		.loc 1 1821 1 is_stmt 1 view -0
 2451              		.cfi_startproc
 2452              		@ args = 0, pretend = 0, frame = 0
 2453              		@ frame_needed = 0, uses_anonymous_args = 0
 2454              		@ link register save eliminated.
1822:stm/stm32l4xx/STM32L4xx_HAL_Driver/Src/stm32l4xx_hal_rtc_ex.c ****   uint32_t tmpreg;
 2455              		.loc 1 1822 3 view .LVU837
1823:stm/stm32l4xx/STM32L4xx_HAL_Driver/Src/stm32l4xx_hal_rtc_ex.c **** 
1824:stm/stm32l4xx/STM32L4xx_HAL_Driver/Src/stm32l4xx_hal_rtc_ex.c ****   /* Check the parameters */
1825:stm/stm32l4xx/STM32L4xx_HAL_Driver/Src/stm32l4xx_hal_rtc_ex.c ****   assert_param(IS_RTC_TAMPER(sTamper->Tamper));
 2456              		.loc 1 1825 3 view .LVU838
1826:stm/stm32l4xx/STM32L4xx_HAL_Driver/Src/stm32l4xx_hal_rtc_ex.c ****   assert_param(IS_RTC_TAMPER_TRIGGER(sTamper->Trigger));
 2457              		.loc 1 1826 3 view .LVU839
1827:stm/stm32l4xx/STM32L4xx_HAL_Driver/Src/stm32l4xx_hal_rtc_ex.c ****   assert_param(IS_RTC_TAMPER_ERASE_MODE(sTamper->NoErase));
 2458              		.loc 1 1827 3 view .LVU840
1828:stm/stm32l4xx/STM32L4xx_HAL_Driver/Src/stm32l4xx_hal_rtc_ex.c ****   assert_param(IS_RTC_TAMPER_MASKFLAG_STATE(sTamper->MaskFlag));
 2459              		.loc 1 1828 3 view .LVU841
1829:stm/stm32l4xx/STM32L4xx_HAL_Driver/Src/stm32l4xx_hal_rtc_ex.c ****   assert_param(IS_RTC_TAMPER_FILTER(sTamper->Filter));
 2460              		.loc 1 1829 3 view .LVU842
1830:stm/stm32l4xx/STM32L4xx_HAL_Driver/Src/stm32l4xx_hal_rtc_ex.c ****   assert_param(IS_RTC_TAMPER_SAMPLING_FREQ(sTamper->SamplingFrequency));
 2461              		.loc 1 1830 3 view .LVU843
1831:stm/stm32l4xx/STM32L4xx_HAL_Driver/Src/stm32l4xx_hal_rtc_ex.c ****   assert_param(IS_RTC_TAMPER_PRECHARGE_DURATION(sTamper->PrechargeDuration));
 2462              		.loc 1 1831 3 view .LVU844
1832:stm/stm32l4xx/STM32L4xx_HAL_Driver/Src/stm32l4xx_hal_rtc_ex.c ****   assert_param(IS_RTC_TAMPER_PULLUP_STATE(sTamper->TamperPullUp));
 2463              		.loc 1 1832 3 view .LVU845
1833:stm/stm32l4xx/STM32L4xx_HAL_Driver/Src/stm32l4xx_hal_rtc_ex.c ****   assert_param(IS_RTC_TAMPER_TIMESTAMPONTAMPER_DETECTION(sTamper->TimeStampOnTamperDetection));
 2464              		.loc 1 1833 3 view .LVU846
1834:stm/stm32l4xx/STM32L4xx_HAL_Driver/Src/stm32l4xx_hal_rtc_ex.c **** 
1835:stm/stm32l4xx/STM32L4xx_HAL_Driver/Src/stm32l4xx_hal_rtc_ex.c ****   /* Process Locked */
1836:stm/stm32l4xx/STM32L4xx_HAL_Driver/Src/stm32l4xx_hal_rtc_ex.c ****   __HAL_LOCK(hrtc);
 2465              		.loc 1 1836 3 view .LVU847
 2466              		.loc 1 1836 3 view .LVU848
 2467 0000 90F82030 		ldrb	r3, [r0, #32]	@ zero_extendqisi2
 2468 0004 012B     		cmp	r3, #1
 2469 0006 6AD0     		beq	.L166
1821:stm/stm32l4xx/STM32L4xx_HAL_Driver/Src/stm32l4xx_hal_rtc_ex.c ****   uint32_t tmpreg;
 2470              		.loc 1 1821 1 is_stmt 0 discriminator 2 view .LVU849
 2471 0008 30B4     		push	{r4, r5}
 2472              	.LCFI21:
 2473              		.cfi_def_cfa_offset 8
 2474              		.cfi_offset 4, -8
 2475              		.cfi_offset 5, -4
 2476 000a 8446     		mov	ip, r0
 2477              		.loc 1 1836 3 is_stmt 1 discriminator 2 view .LVU850
 2478 000c 0123     		movs	r3, #1
 2479 000e 80F82030 		strb	r3, [r0, #32]
 2480              		.loc 1 1836 3 discriminator 2 view .LVU851
1837:stm/stm32l4xx/STM32L4xx_HAL_Driver/Src/stm32l4xx_hal_rtc_ex.c **** 
1838:stm/stm32l4xx/STM32L4xx_HAL_Driver/Src/stm32l4xx_hal_rtc_ex.c ****   hrtc->State = HAL_RTC_STATE_BUSY;
ARM GAS  /var/tmp//ccqDFXEw.s 			page 79


 2481              		.loc 1 1838 3 discriminator 2 view .LVU852
 2482              		.loc 1 1838 15 is_stmt 0 discriminator 2 view .LVU853
 2483 0012 0223     		movs	r3, #2
 2484 0014 80F82130 		strb	r3, [r0, #33]
1839:stm/stm32l4xx/STM32L4xx_HAL_Driver/Src/stm32l4xx_hal_rtc_ex.c **** 
1840:stm/stm32l4xx/STM32L4xx_HAL_Driver/Src/stm32l4xx_hal_rtc_ex.c ****   /* Read register */
1841:stm/stm32l4xx/STM32L4xx_HAL_Driver/Src/stm32l4xx_hal_rtc_ex.c ****   tmpreg = hrtc->Instance->TAMPCR;
 2485              		.loc 1 1841 3 is_stmt 1 discriminator 2 view .LVU854
 2486              		.loc 1 1841 16 is_stmt 0 discriminator 2 view .LVU855
 2487 0018 0068     		ldr	r0, [r0]
 2488              	.LVL152:
 2489              		.loc 1 1841 10 discriminator 2 view .LVU856
 2490 001a 036C     		ldr	r3, [r0, #64]
 2491              	.LVL153:
1842:stm/stm32l4xx/STM32L4xx_HAL_Driver/Src/stm32l4xx_hal_rtc_ex.c **** 
1843:stm/stm32l4xx/STM32L4xx_HAL_Driver/Src/stm32l4xx_hal_rtc_ex.c **** #if defined(RTC_TAMPER1_SUPPORT)
1844:stm/stm32l4xx/STM32L4xx_HAL_Driver/Src/stm32l4xx_hal_rtc_ex.c ****   if ((sTamper->Tamper & RTC_TAMPER_1) != 0)
 2492              		.loc 1 1844 3 is_stmt 1 discriminator 2 view .LVU857
 2493              		.loc 1 1844 15 is_stmt 0 discriminator 2 view .LVU858
 2494 001c 0A68     		ldr	r2, [r1]
 2495              		.loc 1 1844 6 discriminator 2 view .LVU859
 2496 001e 12F0010F 		tst	r2, #1
 2497 0022 11D0     		beq	.L154
1845:stm/stm32l4xx/STM32L4xx_HAL_Driver/Src/stm32l4xx_hal_rtc_ex.c ****   {
1846:stm/stm32l4xx/STM32L4xx_HAL_Driver/Src/stm32l4xx_hal_rtc_ex.c ****     MODIFY_REG(tmpreg,
 2498              		.loc 1 1846 5 is_stmt 1 view .LVU860
 2499 0024 23F00713 		bic	r3, r3, #458759
 2500              	.LVL154:
 2501              		.loc 1 1846 5 is_stmt 0 view .LVU861
 2502 0028 8C68     		ldr	r4, [r1, #8]
 2503 002a 04B1     		cbz	r4, .L155
 2504 002c 0224     		movs	r4, #2
 2505              	.L155:
 2506              		.loc 1 1846 5 discriminator 4 view .LVU862
 2507 002e 1443     		orrs	r4, r4, r2
 2508 0030 CD68     		ldr	r5, [r1, #12]
 2509 0032 0DB1     		cbz	r5, .L156
 2510              		.loc 1 1846 5 view .LVU863
 2511 0034 4FF40035 		mov	r5, #131072
 2512              	.L156:
 2513              		.loc 1 1846 5 discriminator 8 view .LVU864
 2514 0038 2C43     		orrs	r4, r4, r5
 2515 003a 0D69     		ldr	r5, [r1, #16]
 2516 003c B5F5802F 		cmp	r5, #262144
 2517 0040 00D0     		beq	.L157
 2518              		.loc 1 1846 5 view .LVU865
 2519 0042 0025     		movs	r5, #0
 2520              	.L157:
 2521              		.loc 1 1846 5 discriminator 12 view .LVU866
 2522 0044 2C43     		orrs	r4, r4, r5
 2523 0046 2343     		orrs	r3, r3, r4
 2524              	.LVL155:
 2525              	.L154:
1847:stm/stm32l4xx/STM32L4xx_HAL_Driver/Src/stm32l4xx_hal_rtc_ex.c ****                (RTC_TAMPCR_TAMP1E | RTC_TAMPCR_TAMP1TRG | RTC_TAMPCR_TAMPIE | RTC_TAMPCR_TAMP1IE | 
1848:stm/stm32l4xx/STM32L4xx_HAL_Driver/Src/stm32l4xx_hal_rtc_ex.c ****                sTamper->Tamper | \
1849:stm/stm32l4xx/STM32L4xx_HAL_Driver/Src/stm32l4xx_hal_rtc_ex.c ****                (sTamper->Trigger == RTC_TAMPERTRIGGER_RISINGEDGE ?  0U : RTC_TAMPCR_TAMP1TRG) | \
1850:stm/stm32l4xx/STM32L4xx_HAL_Driver/Src/stm32l4xx_hal_rtc_ex.c ****                (sTamper->NoErase == RTC_TAMPER_ERASE_BACKUP_ENABLE ? 0U : RTC_TAMPCR_TAMP1NOERASE) 
ARM GAS  /var/tmp//ccqDFXEw.s 			page 80


1851:stm/stm32l4xx/STM32L4xx_HAL_Driver/Src/stm32l4xx_hal_rtc_ex.c ****                (sTamper->MaskFlag == RTC_TAMPERMASK_FLAG_ENABLE ? RTC_TAMPCR_TAMP1MF : 0U) \
1852:stm/stm32l4xx/STM32L4xx_HAL_Driver/Src/stm32l4xx_hal_rtc_ex.c ****               );
1853:stm/stm32l4xx/STM32L4xx_HAL_Driver/Src/stm32l4xx_hal_rtc_ex.c ****   }
1854:stm/stm32l4xx/STM32L4xx_HAL_Driver/Src/stm32l4xx_hal_rtc_ex.c **** #endif /* RTC_TAMPER1_SUPPORT */
1855:stm/stm32l4xx/STM32L4xx_HAL_Driver/Src/stm32l4xx_hal_rtc_ex.c **** 
1856:stm/stm32l4xx/STM32L4xx_HAL_Driver/Src/stm32l4xx_hal_rtc_ex.c **** #if defined(RTC_TAMPER2_SUPPORT)
1857:stm/stm32l4xx/STM32L4xx_HAL_Driver/Src/stm32l4xx_hal_rtc_ex.c ****   if ((sTamper->Tamper & RTC_TAMPER_2) != 0)
 2526              		.loc 1 1857 3 is_stmt 1 view .LVU867
 2527              		.loc 1 1857 6 is_stmt 0 view .LVU868
 2528 0048 12F0080F 		tst	r2, #8
 2529 004c 13D0     		beq	.L158
1858:stm/stm32l4xx/STM32L4xx_HAL_Driver/Src/stm32l4xx_hal_rtc_ex.c ****   {
1859:stm/stm32l4xx/STM32L4xx_HAL_Driver/Src/stm32l4xx_hal_rtc_ex.c ****     MODIFY_REG(tmpreg,
 2530              		.loc 1 1859 5 is_stmt 1 view .LVU869
 2531 004e 23F46013 		bic	r3, r3, #3670016
 2532              	.LVL156:
 2533              		.loc 1 1859 5 is_stmt 0 view .LVU870
 2534 0052 23F01C03 		bic	r3, r3, #28
 2535 0056 8C68     		ldr	r4, [r1, #8]
 2536 0058 04B1     		cbz	r4, .L159
 2537 005a 1024     		movs	r4, #16
 2538              	.L159:
 2539              		.loc 1 1859 5 discriminator 4 view .LVU871
 2540 005c 1443     		orrs	r4, r4, r2
 2541 005e CD68     		ldr	r5, [r1, #12]
 2542 0060 0DB1     		cbz	r5, .L160
 2543              		.loc 1 1859 5 view .LVU872
 2544 0062 4FF48015 		mov	r5, #1048576
 2545              	.L160:
 2546              		.loc 1 1859 5 discriminator 8 view .LVU873
 2547 0066 2C43     		orrs	r4, r4, r5
 2548 0068 0D69     		ldr	r5, [r1, #16]
 2549 006a B5F5802F 		cmp	r5, #262144
 2550 006e 30D0     		beq	.L180
 2551              		.loc 1 1859 5 view .LVU874
 2552 0070 0025     		movs	r5, #0
 2553              	.L161:
 2554              		.loc 1 1859 5 discriminator 12 view .LVU875
 2555 0072 2C43     		orrs	r4, r4, r5
 2556 0074 2343     		orrs	r3, r3, r4
 2557              	.LVL157:
 2558              	.L158:
1860:stm/stm32l4xx/STM32L4xx_HAL_Driver/Src/stm32l4xx_hal_rtc_ex.c ****                (RTC_TAMPCR_TAMP2E | RTC_TAMPCR_TAMP2TRG | RTC_TAMPCR_TAMPIE | RTC_TAMPCR_TAMP2IE | 
1861:stm/stm32l4xx/STM32L4xx_HAL_Driver/Src/stm32l4xx_hal_rtc_ex.c ****                sTamper->Tamper | \
1862:stm/stm32l4xx/STM32L4xx_HAL_Driver/Src/stm32l4xx_hal_rtc_ex.c ****                (sTamper->Trigger == RTC_TAMPERTRIGGER_RISINGEDGE ?  0U : RTC_TAMPCR_TAMP2TRG) | \
1863:stm/stm32l4xx/STM32L4xx_HAL_Driver/Src/stm32l4xx_hal_rtc_ex.c ****                (sTamper->NoErase == RTC_TAMPER_ERASE_BACKUP_ENABLE ? 0U : RTC_TAMPCR_TAMP2NOERASE) 
1864:stm/stm32l4xx/STM32L4xx_HAL_Driver/Src/stm32l4xx_hal_rtc_ex.c ****                (sTamper->MaskFlag == RTC_TAMPERMASK_FLAG_ENABLE ? RTC_TAMPCR_TAMP2MF : 0U) \
1865:stm/stm32l4xx/STM32L4xx_HAL_Driver/Src/stm32l4xx_hal_rtc_ex.c ****               );
1866:stm/stm32l4xx/STM32L4xx_HAL_Driver/Src/stm32l4xx_hal_rtc_ex.c ****   }
1867:stm/stm32l4xx/STM32L4xx_HAL_Driver/Src/stm32l4xx_hal_rtc_ex.c **** #endif /* RTC_TAMPER2_SUPPORT */
1868:stm/stm32l4xx/STM32L4xx_HAL_Driver/Src/stm32l4xx_hal_rtc_ex.c **** 
1869:stm/stm32l4xx/STM32L4xx_HAL_Driver/Src/stm32l4xx_hal_rtc_ex.c **** #if defined(RTC_TAMPER3_SUPPORT)
1870:stm/stm32l4xx/STM32L4xx_HAL_Driver/Src/stm32l4xx_hal_rtc_ex.c ****   if ((sTamper->Tamper & RTC_TAMPER_3) != 0)
 2559              		.loc 1 1870 3 is_stmt 1 view .LVU876
 2560              		.loc 1 1870 6 is_stmt 0 view .LVU877
 2561 0076 12F0200F 		tst	r2, #32
 2562 007a 13D0     		beq	.L162
ARM GAS  /var/tmp//ccqDFXEw.s 			page 81


1871:stm/stm32l4xx/STM32L4xx_HAL_Driver/Src/stm32l4xx_hal_rtc_ex.c ****   {
1872:stm/stm32l4xx/STM32L4xx_HAL_Driver/Src/stm32l4xx_hal_rtc_ex.c ****     MODIFY_REG(tmpreg,
 2563              		.loc 1 1872 5 is_stmt 1 view .LVU878
 2564 007c 23F0E073 		bic	r3, r3, #29360128
 2565              	.LVL158:
 2566              		.loc 1 1872 5 is_stmt 0 view .LVU879
 2567 0080 23F06403 		bic	r3, r3, #100
 2568 0084 8C68     		ldr	r4, [r1, #8]
 2569 0086 04B1     		cbz	r4, .L163
 2570 0088 4024     		movs	r4, #64
 2571              	.L163:
 2572              		.loc 1 1872 5 discriminator 4 view .LVU880
 2573 008a 2243     		orrs	r2, r2, r4
 2574 008c CC68     		ldr	r4, [r1, #12]
 2575 008e 0CB1     		cbz	r4, .L164
 2576              		.loc 1 1872 5 view .LVU881
 2577 0090 4FF40004 		mov	r4, #8388608
 2578              	.L164:
 2579              		.loc 1 1872 5 discriminator 8 view .LVU882
 2580 0094 2243     		orrs	r2, r2, r4
 2581 0096 0C69     		ldr	r4, [r1, #16]
 2582 0098 B4F5802F 		cmp	r4, #262144
 2583 009c 1CD0     		beq	.L181
 2584              		.loc 1 1872 5 view .LVU883
 2585 009e 0024     		movs	r4, #0
 2586              	.L165:
 2587              		.loc 1 1872 5 discriminator 12 view .LVU884
 2588 00a0 2243     		orrs	r2, r2, r4
 2589 00a2 1343     		orrs	r3, r3, r2
 2590              	.LVL159:
 2591              	.L162:
1873:stm/stm32l4xx/STM32L4xx_HAL_Driver/Src/stm32l4xx_hal_rtc_ex.c ****                (RTC_TAMPCR_TAMP3E | RTC_TAMPCR_TAMP3TRG | RTC_TAMPCR_TAMPIE | RTC_TAMPCR_TAMP3IE | 
1874:stm/stm32l4xx/STM32L4xx_HAL_Driver/Src/stm32l4xx_hal_rtc_ex.c ****                sTamper->Tamper | \
1875:stm/stm32l4xx/STM32L4xx_HAL_Driver/Src/stm32l4xx_hal_rtc_ex.c ****                (sTamper->Trigger == RTC_TAMPERTRIGGER_RISINGEDGE ?  0U : RTC_TAMPCR_TAMP3TRG) | \
1876:stm/stm32l4xx/STM32L4xx_HAL_Driver/Src/stm32l4xx_hal_rtc_ex.c ****                (sTamper->NoErase == RTC_TAMPER_ERASE_BACKUP_ENABLE ? 0U : RTC_TAMPCR_TAMP3NOERASE) 
1877:stm/stm32l4xx/STM32L4xx_HAL_Driver/Src/stm32l4xx_hal_rtc_ex.c ****                (sTamper->MaskFlag == RTC_TAMPERMASK_FLAG_ENABLE ? RTC_TAMPCR_TAMP3MF : 0U) \
1878:stm/stm32l4xx/STM32L4xx_HAL_Driver/Src/stm32l4xx_hal_rtc_ex.c ****               );
1879:stm/stm32l4xx/STM32L4xx_HAL_Driver/Src/stm32l4xx_hal_rtc_ex.c ****   }
1880:stm/stm32l4xx/STM32L4xx_HAL_Driver/Src/stm32l4xx_hal_rtc_ex.c **** #endif /* RTC_TAMPER3_SUPPORT */
1881:stm/stm32l4xx/STM32L4xx_HAL_Driver/Src/stm32l4xx_hal_rtc_ex.c **** 
1882:stm/stm32l4xx/STM32L4xx_HAL_Driver/Src/stm32l4xx_hal_rtc_ex.c ****   /* Update common parameters */
1883:stm/stm32l4xx/STM32L4xx_HAL_Driver/Src/stm32l4xx_hal_rtc_ex.c ****   MODIFY_REG(tmpreg,
 2592              		.loc 1 1883 3 is_stmt 1 view .LVU885
 2593 00a4 23F47F43 		bic	r3, r3, #65280
 2594              	.LVL160:
 2595              		.loc 1 1883 3 is_stmt 0 view .LVU886
 2596 00a8 23F08003 		bic	r3, r3, #128
 2597 00ac 4A69     		ldr	r2, [r1, #20]
 2598 00ae 8C69     		ldr	r4, [r1, #24]
 2599 00b0 2243     		orrs	r2, r2, r4
 2600 00b2 CC69     		ldr	r4, [r1, #28]
 2601 00b4 2243     		orrs	r2, r2, r4
 2602 00b6 0C6A     		ldr	r4, [r1, #32]
 2603 00b8 2243     		orrs	r2, r2, r4
 2604 00ba 496A     		ldr	r1, [r1, #36]
 2605              	.LVL161:
 2606              		.loc 1 1883 3 view .LVU887
ARM GAS  /var/tmp//ccqDFXEw.s 			page 82


 2607 00bc 0A43     		orrs	r2, r2, r1
 2608 00be 1343     		orrs	r3, r3, r2
 2609              	.LVL162:
1884:stm/stm32l4xx/STM32L4xx_HAL_Driver/Src/stm32l4xx_hal_rtc_ex.c ****              (RTC_TAMPCR_TAMPTS | RTC_TAMPCR_TAMPFREQ | RTC_TAMPCR_TAMPFLT | RTC_TAMPCR_TAMPPRCH | 
1885:stm/stm32l4xx/STM32L4xx_HAL_Driver/Src/stm32l4xx_hal_rtc_ex.c ****              sTamper->Filter | sTamper->SamplingFrequency | sTamper->PrechargeDuration | sTamper->T
1886:stm/stm32l4xx/STM32L4xx_HAL_Driver/Src/stm32l4xx_hal_rtc_ex.c ****              sTamper->TimeStampOnTamperDetection \
1887:stm/stm32l4xx/STM32L4xx_HAL_Driver/Src/stm32l4xx_hal_rtc_ex.c ****             );
1888:stm/stm32l4xx/STM32L4xx_HAL_Driver/Src/stm32l4xx_hal_rtc_ex.c **** 
1889:stm/stm32l4xx/STM32L4xx_HAL_Driver/Src/stm32l4xx_hal_rtc_ex.c ****   /* Set register */
1890:stm/stm32l4xx/STM32L4xx_HAL_Driver/Src/stm32l4xx_hal_rtc_ex.c ****   WRITE_REG(hrtc->Instance->TAMPCR, tmpreg);
 2610              		.loc 1 1890 3 is_stmt 1 view .LVU888
 2611 00c0 0364     		str	r3, [r0, #64]
1891:stm/stm32l4xx/STM32L4xx_HAL_Driver/Src/stm32l4xx_hal_rtc_ex.c **** 
1892:stm/stm32l4xx/STM32L4xx_HAL_Driver/Src/stm32l4xx_hal_rtc_ex.c ****   hrtc->State = HAL_RTC_STATE_READY;
 2612              		.loc 1 1892 3 view .LVU889
 2613              		.loc 1 1892 15 is_stmt 0 view .LVU890
 2614 00c2 0123     		movs	r3, #1
 2615              	.LVL163:
 2616              		.loc 1 1892 15 view .LVU891
 2617 00c4 8CF82130 		strb	r3, [ip, #33]
 2618              	.LVL164:
1893:stm/stm32l4xx/STM32L4xx_HAL_Driver/Src/stm32l4xx_hal_rtc_ex.c **** 
1894:stm/stm32l4xx/STM32L4xx_HAL_Driver/Src/stm32l4xx_hal_rtc_ex.c ****   /* Process Unlocked */
1895:stm/stm32l4xx/STM32L4xx_HAL_Driver/Src/stm32l4xx_hal_rtc_ex.c ****   __HAL_UNLOCK(hrtc);
 2619              		.loc 1 1895 3 is_stmt 1 view .LVU892
 2620              		.loc 1 1895 3 view .LVU893
 2621 00c8 0020     		movs	r0, #0
 2622 00ca 8CF82000 		strb	r0, [ip, #32]
 2623              		.loc 1 1895 3 view .LVU894
1896:stm/stm32l4xx/STM32L4xx_HAL_Driver/Src/stm32l4xx_hal_rtc_ex.c **** 
1897:stm/stm32l4xx/STM32L4xx_HAL_Driver/Src/stm32l4xx_hal_rtc_ex.c ****   return HAL_OK;
 2624              		.loc 1 1897 3 view .LVU895
1898:stm/stm32l4xx/STM32L4xx_HAL_Driver/Src/stm32l4xx_hal_rtc_ex.c **** }
 2625              		.loc 1 1898 1 is_stmt 0 view .LVU896
 2626 00ce 30BC     		pop	{r4, r5}
 2627              	.LCFI22:
 2628              		.cfi_remember_state
 2629              		.cfi_restore 5
 2630              		.cfi_restore 4
 2631              		.cfi_def_cfa_offset 0
 2632 00d0 7047     		bx	lr
 2633              	.LVL165:
 2634              	.L180:
 2635              	.LCFI23:
 2636              		.cfi_restore_state
1859:stm/stm32l4xx/STM32L4xx_HAL_Driver/Src/stm32l4xx_hal_rtc_ex.c ****                (RTC_TAMPCR_TAMP2E | RTC_TAMPCR_TAMP2TRG | RTC_TAMPCR_TAMPIE | RTC_TAMPCR_TAMP2IE | 
 2637              		.loc 1 1859 5 view .LVU897
 2638 00d2 4FF40015 		mov	r5, #2097152
 2639 00d6 CCE7     		b	.L161
 2640              	.L181:
1872:stm/stm32l4xx/STM32L4xx_HAL_Driver/Src/stm32l4xx_hal_rtc_ex.c ****                (RTC_TAMPCR_TAMP3E | RTC_TAMPCR_TAMP3TRG | RTC_TAMPCR_TAMPIE | RTC_TAMPCR_TAMP3IE | 
 2641              		.loc 1 1872 5 view .LVU898
 2642 00d8 4FF08074 		mov	r4, #16777216
 2643 00dc E0E7     		b	.L165
 2644              	.LVL166:
 2645              	.L166:
 2646              	.LCFI24:
ARM GAS  /var/tmp//ccqDFXEw.s 			page 83


 2647              		.cfi_def_cfa_offset 0
 2648              		.cfi_restore 4
 2649              		.cfi_restore 5
1836:stm/stm32l4xx/STM32L4xx_HAL_Driver/Src/stm32l4xx_hal_rtc_ex.c **** 
 2650              		.loc 1 1836 3 view .LVU899
 2651 00de 0220     		movs	r0, #2
 2652              	.LVL167:
 2653              		.loc 1 1898 1 view .LVU900
 2654 00e0 7047     		bx	lr
 2655              		.cfi_endproc
 2656              	.LFE314:
 2658              		.section	.text.HAL_RTCEx_SetTamper_IT,"ax",%progbits
 2659              		.align	1
 2660              		.global	HAL_RTCEx_SetTamper_IT
 2661              		.syntax unified
 2662              		.thumb
 2663              		.thumb_func
 2665              	HAL_RTCEx_SetTamper_IT:
 2666              	.LVL168:
 2667              	.LFB315:
1899:stm/stm32l4xx/STM32L4xx_HAL_Driver/Src/stm32l4xx_hal_rtc_ex.c **** #endif /* #if defined(STM32L412xx) || defined(STM32L422xx) || defined (STM32L4P5xx) || defined (STM
1900:stm/stm32l4xx/STM32L4xx_HAL_Driver/Src/stm32l4xx_hal_rtc_ex.c **** 
1901:stm/stm32l4xx/STM32L4xx_HAL_Driver/Src/stm32l4xx_hal_rtc_ex.c **** 
1902:stm/stm32l4xx/STM32L4xx_HAL_Driver/Src/stm32l4xx_hal_rtc_ex.c **** 
1903:stm/stm32l4xx/STM32L4xx_HAL_Driver/Src/stm32l4xx_hal_rtc_ex.c **** #if defined(STM32L412xx) || defined(STM32L422xx) || defined (STM32L4P5xx) || defined (STM32L4Q5xx)
1904:stm/stm32l4xx/STM32L4xx_HAL_Driver/Src/stm32l4xx_hal_rtc_ex.c **** /**
1905:stm/stm32l4xx/STM32L4xx_HAL_Driver/Src/stm32l4xx_hal_rtc_ex.c ****   * @brief  Set Tamper with interrupt.
1906:stm/stm32l4xx/STM32L4xx_HAL_Driver/Src/stm32l4xx_hal_rtc_ex.c ****   * @param  hrtc RTC handle
1907:stm/stm32l4xx/STM32L4xx_HAL_Driver/Src/stm32l4xx_hal_rtc_ex.c ****   * @param  sTamper Pointer to Tamper Structure.
1908:stm/stm32l4xx/STM32L4xx_HAL_Driver/Src/stm32l4xx_hal_rtc_ex.c ****   * @retval HAL status
1909:stm/stm32l4xx/STM32L4xx_HAL_Driver/Src/stm32l4xx_hal_rtc_ex.c ****   */
1910:stm/stm32l4xx/STM32L4xx_HAL_Driver/Src/stm32l4xx_hal_rtc_ex.c **** HAL_StatusTypeDef HAL_RTCEx_SetTamper_IT(RTC_HandleTypeDef *hrtc, RTC_TamperTypeDef *sTamper)
1911:stm/stm32l4xx/STM32L4xx_HAL_Driver/Src/stm32l4xx_hal_rtc_ex.c **** {
1912:stm/stm32l4xx/STM32L4xx_HAL_Driver/Src/stm32l4xx_hal_rtc_ex.c ****   uint32_t tmpreg;
1913:stm/stm32l4xx/STM32L4xx_HAL_Driver/Src/stm32l4xx_hal_rtc_ex.c ****   /* Process TAMP instance pointer */
1914:stm/stm32l4xx/STM32L4xx_HAL_Driver/Src/stm32l4xx_hal_rtc_ex.c ****   TAMP_TypeDef *tamp = (TAMP_TypeDef *)((uint32_t)hrtc->Instance + hrtc->TampOffset);
1915:stm/stm32l4xx/STM32L4xx_HAL_Driver/Src/stm32l4xx_hal_rtc_ex.c **** 
1916:stm/stm32l4xx/STM32L4xx_HAL_Driver/Src/stm32l4xx_hal_rtc_ex.c ****   /* Check the parameters */
1917:stm/stm32l4xx/STM32L4xx_HAL_Driver/Src/stm32l4xx_hal_rtc_ex.c ****   assert_param(IS_RTC_TAMPER(sTamper->Tamper));
1918:stm/stm32l4xx/STM32L4xx_HAL_Driver/Src/stm32l4xx_hal_rtc_ex.c ****   assert_param(IS_RTC_TAMPER_TRIGGER(sTamper->Trigger));
1919:stm/stm32l4xx/STM32L4xx_HAL_Driver/Src/stm32l4xx_hal_rtc_ex.c ****   assert_param(IS_RTC_TAMPER_ERASE_MODE(sTamper->NoErase));
1920:stm/stm32l4xx/STM32L4xx_HAL_Driver/Src/stm32l4xx_hal_rtc_ex.c ****   assert_param(IS_RTC_TAMPER_MASKFLAG_STATE(sTamper->MaskFlag));
1921:stm/stm32l4xx/STM32L4xx_HAL_Driver/Src/stm32l4xx_hal_rtc_ex.c ****   assert_param(IS_RTC_TAMPER_FILTER(sTamper->Filter));
1922:stm/stm32l4xx/STM32L4xx_HAL_Driver/Src/stm32l4xx_hal_rtc_ex.c ****   assert_param(IS_RTC_TAMPER_SAMPLING_FREQ(sTamper->SamplingFrequency));
1923:stm/stm32l4xx/STM32L4xx_HAL_Driver/Src/stm32l4xx_hal_rtc_ex.c ****   assert_param(IS_RTC_TAMPER_PRECHARGE_DURATION(sTamper->PrechargeDuration));
1924:stm/stm32l4xx/STM32L4xx_HAL_Driver/Src/stm32l4xx_hal_rtc_ex.c ****   assert_param(IS_RTC_TAMPER_PULLUP_STATE(sTamper->TamperPullUp));
1925:stm/stm32l4xx/STM32L4xx_HAL_Driver/Src/stm32l4xx_hal_rtc_ex.c ****   assert_param(IS_RTC_TAMPER_TIMESTAMPONTAMPER_DETECTION(sTamper->TimeStampOnTamperDetection));
1926:stm/stm32l4xx/STM32L4xx_HAL_Driver/Src/stm32l4xx_hal_rtc_ex.c **** 
1927:stm/stm32l4xx/STM32L4xx_HAL_Driver/Src/stm32l4xx_hal_rtc_ex.c ****   /* Copy configuration register into temporary variable */
1928:stm/stm32l4xx/STM32L4xx_HAL_Driver/Src/stm32l4xx_hal_rtc_ex.c ****   tmpreg = tamp->CR2;
1929:stm/stm32l4xx/STM32L4xx_HAL_Driver/Src/stm32l4xx_hal_rtc_ex.c **** 
1930:stm/stm32l4xx/STM32L4xx_HAL_Driver/Src/stm32l4xx_hal_rtc_ex.c ****   /* Clear the bits that are going to be configured and leave the others unchanged */
1931:stm/stm32l4xx/STM32L4xx_HAL_Driver/Src/stm32l4xx_hal_rtc_ex.c ****   tmpreg &= ~((sTamper->Tamper << TAMP_CR2_TAMP1TRG_Pos) | (sTamper->Tamper << TAMP_CR2_TAMP1MSK_Po
1932:stm/stm32l4xx/STM32L4xx_HAL_Driver/Src/stm32l4xx_hal_rtc_ex.c **** 
1933:stm/stm32l4xx/STM32L4xx_HAL_Driver/Src/stm32l4xx_hal_rtc_ex.c ****   if ((sTamper->Trigger == RTC_TAMPERTRIGGER_HIGHLEVEL) || (sTamper->Trigger == RTC_TAMPERTRIGGER_F
1934:stm/stm32l4xx/STM32L4xx_HAL_Driver/Src/stm32l4xx_hal_rtc_ex.c ****   {
1935:stm/stm32l4xx/STM32L4xx_HAL_Driver/Src/stm32l4xx_hal_rtc_ex.c ****     tmpreg |= (sTamper->Tamper << TAMP_CR2_TAMP1TRG_Pos);
ARM GAS  /var/tmp//ccqDFXEw.s 			page 84


1936:stm/stm32l4xx/STM32L4xx_HAL_Driver/Src/stm32l4xx_hal_rtc_ex.c ****   }
1937:stm/stm32l4xx/STM32L4xx_HAL_Driver/Src/stm32l4xx_hal_rtc_ex.c **** 
1938:stm/stm32l4xx/STM32L4xx_HAL_Driver/Src/stm32l4xx_hal_rtc_ex.c ****   /* Configure the tamper flags masking bit */
1939:stm/stm32l4xx/STM32L4xx_HAL_Driver/Src/stm32l4xx_hal_rtc_ex.c ****   if (sTamper->MaskFlag != RTC_TAMPERMASK_FLAG_DISABLE)
1940:stm/stm32l4xx/STM32L4xx_HAL_Driver/Src/stm32l4xx_hal_rtc_ex.c ****   {
1941:stm/stm32l4xx/STM32L4xx_HAL_Driver/Src/stm32l4xx_hal_rtc_ex.c ****     tmpreg |= (sTamper->Tamper << TAMP_CR2_TAMP1MSK_Pos);
1942:stm/stm32l4xx/STM32L4xx_HAL_Driver/Src/stm32l4xx_hal_rtc_ex.c ****   }
1943:stm/stm32l4xx/STM32L4xx_HAL_Driver/Src/stm32l4xx_hal_rtc_ex.c **** 
1944:stm/stm32l4xx/STM32L4xx_HAL_Driver/Src/stm32l4xx_hal_rtc_ex.c ****   /* Configure the tamper backup registers erasure bit */
1945:stm/stm32l4xx/STM32L4xx_HAL_Driver/Src/stm32l4xx_hal_rtc_ex.c ****   if (sTamper->NoErase != RTC_TAMPER_ERASE_BACKUP_ENABLE)
1946:stm/stm32l4xx/STM32L4xx_HAL_Driver/Src/stm32l4xx_hal_rtc_ex.c ****   {
1947:stm/stm32l4xx/STM32L4xx_HAL_Driver/Src/stm32l4xx_hal_rtc_ex.c ****     tmpreg |= (sTamper->Tamper << TAMP_CR2_TAMP1NOERASE_Pos);
1948:stm/stm32l4xx/STM32L4xx_HAL_Driver/Src/stm32l4xx_hal_rtc_ex.c ****   }
1949:stm/stm32l4xx/STM32L4xx_HAL_Driver/Src/stm32l4xx_hal_rtc_ex.c ****   tamp->CR2 = tmpreg;
1950:stm/stm32l4xx/STM32L4xx_HAL_Driver/Src/stm32l4xx_hal_rtc_ex.c **** 
1951:stm/stm32l4xx/STM32L4xx_HAL_Driver/Src/stm32l4xx_hal_rtc_ex.c ****   /* Configure filtering parameters */
1952:stm/stm32l4xx/STM32L4xx_HAL_Driver/Src/stm32l4xx_hal_rtc_ex.c ****   tamp->FLTCR = (sTamper->Filter) | (sTamper->SamplingFrequency) | \
1953:stm/stm32l4xx/STM32L4xx_HAL_Driver/Src/stm32l4xx_hal_rtc_ex.c ****                 (sTamper->PrechargeDuration) | (sTamper->TamperPullUp);
1954:stm/stm32l4xx/STM32L4xx_HAL_Driver/Src/stm32l4xx_hal_rtc_ex.c **** 
1955:stm/stm32l4xx/STM32L4xx_HAL_Driver/Src/stm32l4xx_hal_rtc_ex.c ****   /* Configure Timestamp saving on tamper detection */
1956:stm/stm32l4xx/STM32L4xx_HAL_Driver/Src/stm32l4xx_hal_rtc_ex.c ****   if ((hrtc->Instance->CR & RTC_CR_TAMPTS) != (sTamper->TimeStampOnTamperDetection))
1957:stm/stm32l4xx/STM32L4xx_HAL_Driver/Src/stm32l4xx_hal_rtc_ex.c ****   {
1958:stm/stm32l4xx/STM32L4xx_HAL_Driver/Src/stm32l4xx_hal_rtc_ex.c ****     __HAL_RTC_WRITEPROTECTION_DISABLE(hrtc);
1959:stm/stm32l4xx/STM32L4xx_HAL_Driver/Src/stm32l4xx_hal_rtc_ex.c ****     tmpreg = (hrtc->Instance->CR & ~RTC_CR_TAMPTS);
1960:stm/stm32l4xx/STM32L4xx_HAL_Driver/Src/stm32l4xx_hal_rtc_ex.c ****     hrtc->Instance->CR = (tmpreg | (sTamper->TimeStampOnTamperDetection));
1961:stm/stm32l4xx/STM32L4xx_HAL_Driver/Src/stm32l4xx_hal_rtc_ex.c ****     __HAL_RTC_WRITEPROTECTION_ENABLE(hrtc);
1962:stm/stm32l4xx/STM32L4xx_HAL_Driver/Src/stm32l4xx_hal_rtc_ex.c ****   }
1963:stm/stm32l4xx/STM32L4xx_HAL_Driver/Src/stm32l4xx_hal_rtc_ex.c **** 
1964:stm/stm32l4xx/STM32L4xx_HAL_Driver/Src/stm32l4xx_hal_rtc_ex.c ****   /* Configure RTC Tamper Interrupt: EXTI configuration */
1965:stm/stm32l4xx/STM32L4xx_HAL_Driver/Src/stm32l4xx_hal_rtc_ex.c ****   __HAL_RTC_TAMPER_TIMESTAMP_EXTI_ENABLE_IT();
1966:stm/stm32l4xx/STM32L4xx_HAL_Driver/Src/stm32l4xx_hal_rtc_ex.c ****   __HAL_RTC_TAMPER_TIMESTAMP_EXTI_ENABLE_RISING_FALLING_EDGE();
1967:stm/stm32l4xx/STM32L4xx_HAL_Driver/Src/stm32l4xx_hal_rtc_ex.c **** 
1968:stm/stm32l4xx/STM32L4xx_HAL_Driver/Src/stm32l4xx_hal_rtc_ex.c ****   /* Enable interrupt on selected tamper */
1969:stm/stm32l4xx/STM32L4xx_HAL_Driver/Src/stm32l4xx_hal_rtc_ex.c ****   tamp->IER |= sTamper->Tamper;
1970:stm/stm32l4xx/STM32L4xx_HAL_Driver/Src/stm32l4xx_hal_rtc_ex.c **** 
1971:stm/stm32l4xx/STM32L4xx_HAL_Driver/Src/stm32l4xx_hal_rtc_ex.c ****   /* Enable selected tamper */
1972:stm/stm32l4xx/STM32L4xx_HAL_Driver/Src/stm32l4xx_hal_rtc_ex.c ****   tamp->CR1 |= sTamper->Tamper;
1973:stm/stm32l4xx/STM32L4xx_HAL_Driver/Src/stm32l4xx_hal_rtc_ex.c **** 
1974:stm/stm32l4xx/STM32L4xx_HAL_Driver/Src/stm32l4xx_hal_rtc_ex.c ****   return HAL_OK;
1975:stm/stm32l4xx/STM32L4xx_HAL_Driver/Src/stm32l4xx_hal_rtc_ex.c **** }
1976:stm/stm32l4xx/STM32L4xx_HAL_Driver/Src/stm32l4xx_hal_rtc_ex.c **** #else /* #if defined(STM32L412xx) || defined(STM32L422xx) || defined (STM32L4P5xx) || defined (STM3
1977:stm/stm32l4xx/STM32L4xx_HAL_Driver/Src/stm32l4xx_hal_rtc_ex.c **** 
1978:stm/stm32l4xx/STM32L4xx_HAL_Driver/Src/stm32l4xx_hal_rtc_ex.c **** /**
1979:stm/stm32l4xx/STM32L4xx_HAL_Driver/Src/stm32l4xx_hal_rtc_ex.c ****   * @brief  Set Tamper with interrupt.
1980:stm/stm32l4xx/STM32L4xx_HAL_Driver/Src/stm32l4xx_hal_rtc_ex.c ****    * @param  hrtc RTC handle
1981:stm/stm32l4xx/STM32L4xx_HAL_Driver/Src/stm32l4xx_hal_rtc_ex.c ****   * @param  sTamper Pointer to Tamper Structure.
1982:stm/stm32l4xx/STM32L4xx_HAL_Driver/Src/stm32l4xx_hal_rtc_ex.c ****   * @retval HAL status
1983:stm/stm32l4xx/STM32L4xx_HAL_Driver/Src/stm32l4xx_hal_rtc_ex.c ****   */
1984:stm/stm32l4xx/STM32L4xx_HAL_Driver/Src/stm32l4xx_hal_rtc_ex.c **** HAL_StatusTypeDef HAL_RTCEx_SetTamper_IT(RTC_HandleTypeDef *hrtc, RTC_TamperTypeDef *sTamper)
1985:stm/stm32l4xx/STM32L4xx_HAL_Driver/Src/stm32l4xx_hal_rtc_ex.c **** {
 2668              		.loc 1 1985 1 is_stmt 1 view -0
 2669              		.cfi_startproc
 2670              		@ args = 0, pretend = 0, frame = 0
 2671              		@ frame_needed = 0, uses_anonymous_args = 0
1986:stm/stm32l4xx/STM32L4xx_HAL_Driver/Src/stm32l4xx_hal_rtc_ex.c ****   uint32_t tmpreg;
 2672              		.loc 1 1986 3 view .LVU902
1987:stm/stm32l4xx/STM32L4xx_HAL_Driver/Src/stm32l4xx_hal_rtc_ex.c **** 
ARM GAS  /var/tmp//ccqDFXEw.s 			page 85


1988:stm/stm32l4xx/STM32L4xx_HAL_Driver/Src/stm32l4xx_hal_rtc_ex.c ****   /* Check the parameters */
1989:stm/stm32l4xx/STM32L4xx_HAL_Driver/Src/stm32l4xx_hal_rtc_ex.c ****   assert_param(IS_RTC_TAMPER(sTamper->Tamper));
 2673              		.loc 1 1989 3 view .LVU903
1990:stm/stm32l4xx/STM32L4xx_HAL_Driver/Src/stm32l4xx_hal_rtc_ex.c ****   assert_param(IS_RTC_TAMPER_INTERRUPT(sTamper->Interrupt));
 2674              		.loc 1 1990 3 view .LVU904
1991:stm/stm32l4xx/STM32L4xx_HAL_Driver/Src/stm32l4xx_hal_rtc_ex.c ****   assert_param(IS_RTC_TAMPER_TRIGGER(sTamper->Trigger));
 2675              		.loc 1 1991 3 view .LVU905
1992:stm/stm32l4xx/STM32L4xx_HAL_Driver/Src/stm32l4xx_hal_rtc_ex.c ****   assert_param(IS_RTC_TAMPER_ERASE_MODE(sTamper->NoErase));
 2676              		.loc 1 1992 3 view .LVU906
1993:stm/stm32l4xx/STM32L4xx_HAL_Driver/Src/stm32l4xx_hal_rtc_ex.c ****   assert_param(IS_RTC_TAMPER_MASKFLAG_STATE(sTamper->MaskFlag));
 2677              		.loc 1 1993 3 view .LVU907
1994:stm/stm32l4xx/STM32L4xx_HAL_Driver/Src/stm32l4xx_hal_rtc_ex.c ****   assert_param(IS_RTC_TAMPER_FILTER(sTamper->Filter));
 2678              		.loc 1 1994 3 view .LVU908
1995:stm/stm32l4xx/STM32L4xx_HAL_Driver/Src/stm32l4xx_hal_rtc_ex.c ****   assert_param(IS_RTC_TAMPER_SAMPLING_FREQ(sTamper->SamplingFrequency));
 2679              		.loc 1 1995 3 view .LVU909
1996:stm/stm32l4xx/STM32L4xx_HAL_Driver/Src/stm32l4xx_hal_rtc_ex.c ****   assert_param(IS_RTC_TAMPER_PRECHARGE_DURATION(sTamper->PrechargeDuration));
 2680              		.loc 1 1996 3 view .LVU910
1997:stm/stm32l4xx/STM32L4xx_HAL_Driver/Src/stm32l4xx_hal_rtc_ex.c ****   assert_param(IS_RTC_TAMPER_PULLUP_STATE(sTamper->TamperPullUp));
 2681              		.loc 1 1997 3 view .LVU911
1998:stm/stm32l4xx/STM32L4xx_HAL_Driver/Src/stm32l4xx_hal_rtc_ex.c ****   assert_param(IS_RTC_TAMPER_TIMESTAMPONTAMPER_DETECTION(sTamper->TimeStampOnTamperDetection));
 2682              		.loc 1 1998 3 view .LVU912
1999:stm/stm32l4xx/STM32L4xx_HAL_Driver/Src/stm32l4xx_hal_rtc_ex.c **** 
2000:stm/stm32l4xx/STM32L4xx_HAL_Driver/Src/stm32l4xx_hal_rtc_ex.c ****   /* Process Locked */
2001:stm/stm32l4xx/STM32L4xx_HAL_Driver/Src/stm32l4xx_hal_rtc_ex.c ****   __HAL_LOCK(hrtc);
 2683              		.loc 1 2001 3 view .LVU913
 2684              		.loc 1 2001 3 view .LVU914
 2685 0000 90F82030 		ldrb	r3, [r0, #32]	@ zero_extendqisi2
 2686 0004 012B     		cmp	r3, #1
 2687 0006 00F08380 		beq	.L196
1985:stm/stm32l4xx/STM32L4xx_HAL_Driver/Src/stm32l4xx_hal_rtc_ex.c ****   uint32_t tmpreg;
 2688              		.loc 1 1985 1 is_stmt 0 discriminator 2 view .LVU915
 2689 000a 10B5     		push	{r4, lr}
 2690              	.LCFI25:
 2691              		.cfi_def_cfa_offset 8
 2692              		.cfi_offset 4, -8
 2693              		.cfi_offset 14, -4
 2694 000c 8446     		mov	ip, r0
 2695              		.loc 1 2001 3 is_stmt 1 discriminator 2 view .LVU916
 2696 000e 0123     		movs	r3, #1
 2697 0010 80F82030 		strb	r3, [r0, #32]
 2698              		.loc 1 2001 3 discriminator 2 view .LVU917
2002:stm/stm32l4xx/STM32L4xx_HAL_Driver/Src/stm32l4xx_hal_rtc_ex.c **** 
2003:stm/stm32l4xx/STM32L4xx_HAL_Driver/Src/stm32l4xx_hal_rtc_ex.c ****   hrtc->State = HAL_RTC_STATE_BUSY;
 2699              		.loc 1 2003 3 discriminator 2 view .LVU918
 2700              		.loc 1 2003 15 is_stmt 0 discriminator 2 view .LVU919
 2701 0014 0223     		movs	r3, #2
 2702 0016 80F82130 		strb	r3, [r0, #33]
2004:stm/stm32l4xx/STM32L4xx_HAL_Driver/Src/stm32l4xx_hal_rtc_ex.c **** 
2005:stm/stm32l4xx/STM32L4xx_HAL_Driver/Src/stm32l4xx_hal_rtc_ex.c ****   /* Read register */
2006:stm/stm32l4xx/STM32L4xx_HAL_Driver/Src/stm32l4xx_hal_rtc_ex.c ****   tmpreg = hrtc->Instance->TAMPCR;
 2703              		.loc 1 2006 3 is_stmt 1 discriminator 2 view .LVU920
 2704              		.loc 1 2006 16 is_stmt 0 discriminator 2 view .LVU921
 2705 001a 0068     		ldr	r0, [r0]
 2706              	.LVL169:
 2707              		.loc 1 2006 10 discriminator 2 view .LVU922
 2708 001c 036C     		ldr	r3, [r0, #64]
 2709              	.LVL170:
ARM GAS  /var/tmp//ccqDFXEw.s 			page 86


2007:stm/stm32l4xx/STM32L4xx_HAL_Driver/Src/stm32l4xx_hal_rtc_ex.c **** 
2008:stm/stm32l4xx/STM32L4xx_HAL_Driver/Src/stm32l4xx_hal_rtc_ex.c **** #if defined(RTC_TAMPER1_SUPPORT)
2009:stm/stm32l4xx/STM32L4xx_HAL_Driver/Src/stm32l4xx_hal_rtc_ex.c ****   if ((sTamper->Tamper & RTC_TAMPER_1) != 0)
 2710              		.loc 1 2009 3 is_stmt 1 discriminator 2 view .LVU923
 2711              		.loc 1 2009 15 is_stmt 0 discriminator 2 view .LVU924
 2712 001e 0A68     		ldr	r2, [r1]
 2713              		.loc 1 2009 6 discriminator 2 view .LVU925
 2714 0020 12F0010F 		tst	r2, #1
 2715 0024 18D0     		beq	.L184
2010:stm/stm32l4xx/STM32L4xx_HAL_Driver/Src/stm32l4xx_hal_rtc_ex.c ****   {
2011:stm/stm32l4xx/STM32L4xx_HAL_Driver/Src/stm32l4xx_hal_rtc_ex.c ****     MODIFY_REG(tmpreg,
 2716              		.loc 1 2011 5 is_stmt 1 view .LVU926
 2717 0026 23F00713 		bic	r3, r3, #458759
 2718              	.LVL171:
 2719              		.loc 1 2011 5 is_stmt 0 view .LVU927
 2720 002a 4C68     		ldr	r4, [r1, #4]
 2721 002c 42EA040E 		orr	lr, r2, r4
 2722 0030 8C68     		ldr	r4, [r1, #8]
 2723 0032 04B1     		cbz	r4, .L185
 2724 0034 0224     		movs	r4, #2
 2725              	.L185:
 2726              		.loc 1 2011 5 discriminator 4 view .LVU928
 2727 0036 4EEA040E 		orr	lr, lr, r4
 2728 003a CC68     		ldr	r4, [r1, #12]
 2729 003c 0CB1     		cbz	r4, .L186
 2730              		.loc 1 2011 5 view .LVU929
 2731 003e 4FF40034 		mov	r4, #131072
 2732              	.L186:
 2733              		.loc 1 2011 5 discriminator 8 view .LVU930
 2734 0042 4EEA040E 		orr	lr, lr, r4
 2735 0046 0C69     		ldr	r4, [r1, #16]
 2736 0048 B4F5802F 		cmp	r4, #262144
 2737 004c 00D0     		beq	.L187
 2738              		.loc 1 2011 5 view .LVU931
 2739 004e 0024     		movs	r4, #0
 2740              	.L187:
 2741              		.loc 1 2011 5 discriminator 12 view .LVU932
 2742 0050 4EEA040E 		orr	lr, lr, r4
 2743 0054 43EA0E03 		orr	r3, r3, lr
 2744              	.LVL172:
 2745              	.L184:
2012:stm/stm32l4xx/STM32L4xx_HAL_Driver/Src/stm32l4xx_hal_rtc_ex.c ****                (RTC_TAMPCR_TAMP1E | RTC_TAMPCR_TAMP1TRG | RTC_TAMPCR_TAMPIE | RTC_TAMPCR_TAMP1IE | 
2013:stm/stm32l4xx/STM32L4xx_HAL_Driver/Src/stm32l4xx_hal_rtc_ex.c ****                sTamper->Tamper | sTamper->Interrupt | \
2014:stm/stm32l4xx/STM32L4xx_HAL_Driver/Src/stm32l4xx_hal_rtc_ex.c ****                (sTamper->Trigger == RTC_TAMPERTRIGGER_RISINGEDGE ?  0U : RTC_TAMPCR_TAMP1TRG) | \
2015:stm/stm32l4xx/STM32L4xx_HAL_Driver/Src/stm32l4xx_hal_rtc_ex.c ****                (sTamper->NoErase == RTC_TAMPER_ERASE_BACKUP_ENABLE ? 0U : RTC_TAMPCR_TAMP1NOERASE) 
2016:stm/stm32l4xx/STM32L4xx_HAL_Driver/Src/stm32l4xx_hal_rtc_ex.c ****                (sTamper->MaskFlag == RTC_TAMPERMASK_FLAG_ENABLE ? RTC_TAMPCR_TAMP1MF : 0U) \
2017:stm/stm32l4xx/STM32L4xx_HAL_Driver/Src/stm32l4xx_hal_rtc_ex.c ****               );
2018:stm/stm32l4xx/STM32L4xx_HAL_Driver/Src/stm32l4xx_hal_rtc_ex.c ****   }
2019:stm/stm32l4xx/STM32L4xx_HAL_Driver/Src/stm32l4xx_hal_rtc_ex.c **** #endif /* RTC_TAMPER1_SUPPORT */
2020:stm/stm32l4xx/STM32L4xx_HAL_Driver/Src/stm32l4xx_hal_rtc_ex.c **** 
2021:stm/stm32l4xx/STM32L4xx_HAL_Driver/Src/stm32l4xx_hal_rtc_ex.c **** #if defined(RTC_TAMPER2_SUPPORT)
2022:stm/stm32l4xx/STM32L4xx_HAL_Driver/Src/stm32l4xx_hal_rtc_ex.c ****   if ((sTamper->Tamper & RTC_TAMPER_2) != 0)
 2746              		.loc 1 2022 3 is_stmt 1 view .LVU933
 2747              		.loc 1 2022 6 is_stmt 0 view .LVU934
 2748 0058 12F0080F 		tst	r2, #8
 2749 005c 1AD0     		beq	.L188
2023:stm/stm32l4xx/STM32L4xx_HAL_Driver/Src/stm32l4xx_hal_rtc_ex.c ****   {
ARM GAS  /var/tmp//ccqDFXEw.s 			page 87


2024:stm/stm32l4xx/STM32L4xx_HAL_Driver/Src/stm32l4xx_hal_rtc_ex.c ****     MODIFY_REG(tmpreg,
 2750              		.loc 1 2024 5 is_stmt 1 view .LVU935
 2751 005e 23F46013 		bic	r3, r3, #3670016
 2752              	.LVL173:
 2753              		.loc 1 2024 5 is_stmt 0 view .LVU936
 2754 0062 23F01C03 		bic	r3, r3, #28
 2755 0066 4C68     		ldr	r4, [r1, #4]
 2756 0068 42EA040E 		orr	lr, r2, r4
 2757 006c 8C68     		ldr	r4, [r1, #8]
 2758 006e 04B1     		cbz	r4, .L189
 2759 0070 1024     		movs	r4, #16
 2760              	.L189:
 2761              		.loc 1 2024 5 discriminator 4 view .LVU937
 2762 0072 4EEA040E 		orr	lr, lr, r4
 2763 0076 CC68     		ldr	r4, [r1, #12]
 2764 0078 0CB1     		cbz	r4, .L190
 2765              		.loc 1 2024 5 view .LVU938
 2766 007a 4FF48014 		mov	r4, #1048576
 2767              	.L190:
 2768              		.loc 1 2024 5 discriminator 8 view .LVU939
 2769 007e 4EEA040E 		orr	lr, lr, r4
 2770 0082 0C69     		ldr	r4, [r1, #16]
 2771 0084 B4F5802F 		cmp	r4, #262144
 2772 0088 3CD0     		beq	.L210
 2773              		.loc 1 2024 5 view .LVU940
 2774 008a 0024     		movs	r4, #0
 2775              	.L191:
 2776              		.loc 1 2024 5 discriminator 12 view .LVU941
 2777 008c 4EEA040E 		orr	lr, lr, r4
 2778 0090 43EA0E03 		orr	r3, r3, lr
 2779              	.LVL174:
 2780              	.L188:
2025:stm/stm32l4xx/STM32L4xx_HAL_Driver/Src/stm32l4xx_hal_rtc_ex.c ****                (RTC_TAMPCR_TAMP2E | RTC_TAMPCR_TAMP2TRG | RTC_TAMPCR_TAMPIE | RTC_TAMPCR_TAMP2IE | 
2026:stm/stm32l4xx/STM32L4xx_HAL_Driver/Src/stm32l4xx_hal_rtc_ex.c ****                sTamper->Tamper | sTamper->Interrupt | \
2027:stm/stm32l4xx/STM32L4xx_HAL_Driver/Src/stm32l4xx_hal_rtc_ex.c ****                (sTamper->Trigger == RTC_TAMPERTRIGGER_RISINGEDGE ?  0U : RTC_TAMPCR_TAMP2TRG) | \
2028:stm/stm32l4xx/STM32L4xx_HAL_Driver/Src/stm32l4xx_hal_rtc_ex.c ****                (sTamper->NoErase == RTC_TAMPER_ERASE_BACKUP_ENABLE ? 0U : RTC_TAMPCR_TAMP2NOERASE) 
2029:stm/stm32l4xx/STM32L4xx_HAL_Driver/Src/stm32l4xx_hal_rtc_ex.c ****                (sTamper->MaskFlag == RTC_TAMPERMASK_FLAG_ENABLE ? RTC_TAMPCR_TAMP2MF : 0U) \
2030:stm/stm32l4xx/STM32L4xx_HAL_Driver/Src/stm32l4xx_hal_rtc_ex.c ****               );
2031:stm/stm32l4xx/STM32L4xx_HAL_Driver/Src/stm32l4xx_hal_rtc_ex.c ****   }
2032:stm/stm32l4xx/STM32L4xx_HAL_Driver/Src/stm32l4xx_hal_rtc_ex.c **** #endif /* RTC_TAMPER2_SUPPORT */
2033:stm/stm32l4xx/STM32L4xx_HAL_Driver/Src/stm32l4xx_hal_rtc_ex.c **** 
2034:stm/stm32l4xx/STM32L4xx_HAL_Driver/Src/stm32l4xx_hal_rtc_ex.c **** #if defined(RTC_TAMPER3_SUPPORT)
2035:stm/stm32l4xx/STM32L4xx_HAL_Driver/Src/stm32l4xx_hal_rtc_ex.c ****   if ((sTamper->Tamper & RTC_TAMPER_3) != 0)
 2781              		.loc 1 2035 3 is_stmt 1 view .LVU942
 2782              		.loc 1 2035 6 is_stmt 0 view .LVU943
 2783 0094 12F0200F 		tst	r2, #32
 2784 0098 15D0     		beq	.L192
2036:stm/stm32l4xx/STM32L4xx_HAL_Driver/Src/stm32l4xx_hal_rtc_ex.c ****   {
2037:stm/stm32l4xx/STM32L4xx_HAL_Driver/Src/stm32l4xx_hal_rtc_ex.c ****     MODIFY_REG(tmpreg,
 2785              		.loc 1 2037 5 is_stmt 1 view .LVU944
 2786 009a 23F0E073 		bic	r3, r3, #29360128
 2787              	.LVL175:
 2788              		.loc 1 2037 5 is_stmt 0 view .LVU945
 2789 009e 23F06403 		bic	r3, r3, #100
 2790 00a2 4C68     		ldr	r4, [r1, #4]
 2791 00a4 2243     		orrs	r2, r2, r4
 2792 00a6 8C68     		ldr	r4, [r1, #8]
ARM GAS  /var/tmp//ccqDFXEw.s 			page 88


 2793 00a8 04B1     		cbz	r4, .L193
 2794 00aa 4024     		movs	r4, #64
 2795              	.L193:
 2796              		.loc 1 2037 5 discriminator 4 view .LVU946
 2797 00ac 2243     		orrs	r2, r2, r4
 2798 00ae CC68     		ldr	r4, [r1, #12]
 2799 00b0 0CB1     		cbz	r4, .L194
 2800              		.loc 1 2037 5 view .LVU947
 2801 00b2 4FF40004 		mov	r4, #8388608
 2802              	.L194:
 2803              		.loc 1 2037 5 discriminator 8 view .LVU948
 2804 00b6 2243     		orrs	r2, r2, r4
 2805 00b8 0C69     		ldr	r4, [r1, #16]
 2806 00ba B4F5802F 		cmp	r4, #262144
 2807 00be 24D0     		beq	.L211
 2808              		.loc 1 2037 5 view .LVU949
 2809 00c0 0024     		movs	r4, #0
 2810              	.L195:
 2811              		.loc 1 2037 5 discriminator 12 view .LVU950
 2812 00c2 2243     		orrs	r2, r2, r4
 2813 00c4 1343     		orrs	r3, r3, r2
 2814              	.LVL176:
 2815              	.L192:
2038:stm/stm32l4xx/STM32L4xx_HAL_Driver/Src/stm32l4xx_hal_rtc_ex.c ****                (RTC_TAMPCR_TAMP3E | RTC_TAMPCR_TAMP3TRG | RTC_TAMPCR_TAMPIE | RTC_TAMPCR_TAMP3IE | 
2039:stm/stm32l4xx/STM32L4xx_HAL_Driver/Src/stm32l4xx_hal_rtc_ex.c ****                sTamper->Tamper | sTamper->Interrupt | \
2040:stm/stm32l4xx/STM32L4xx_HAL_Driver/Src/stm32l4xx_hal_rtc_ex.c ****                (sTamper->Trigger == RTC_TAMPERTRIGGER_RISINGEDGE ?  0U : RTC_TAMPCR_TAMP3TRG) | \
2041:stm/stm32l4xx/STM32L4xx_HAL_Driver/Src/stm32l4xx_hal_rtc_ex.c ****                (sTamper->NoErase == RTC_TAMPER_ERASE_BACKUP_ENABLE ? 0U : RTC_TAMPCR_TAMP3NOERASE) 
2042:stm/stm32l4xx/STM32L4xx_HAL_Driver/Src/stm32l4xx_hal_rtc_ex.c ****                (sTamper->MaskFlag == RTC_TAMPERMASK_FLAG_ENABLE ? RTC_TAMPCR_TAMP3MF : 0U) \
2043:stm/stm32l4xx/STM32L4xx_HAL_Driver/Src/stm32l4xx_hal_rtc_ex.c ****               );
2044:stm/stm32l4xx/STM32L4xx_HAL_Driver/Src/stm32l4xx_hal_rtc_ex.c ****   }
2045:stm/stm32l4xx/STM32L4xx_HAL_Driver/Src/stm32l4xx_hal_rtc_ex.c **** #endif /* RTC_TAMPER3_SUPPORT */
2046:stm/stm32l4xx/STM32L4xx_HAL_Driver/Src/stm32l4xx_hal_rtc_ex.c **** 
2047:stm/stm32l4xx/STM32L4xx_HAL_Driver/Src/stm32l4xx_hal_rtc_ex.c ****   /* Update common parameters */
2048:stm/stm32l4xx/STM32L4xx_HAL_Driver/Src/stm32l4xx_hal_rtc_ex.c ****   MODIFY_REG(tmpreg,
 2816              		.loc 1 2048 3 is_stmt 1 view .LVU951
 2817 00c6 23F47F43 		bic	r3, r3, #65280
 2818              	.LVL177:
 2819              		.loc 1 2048 3 is_stmt 0 view .LVU952
 2820 00ca 23F08003 		bic	r3, r3, #128
 2821 00ce 4A69     		ldr	r2, [r1, #20]
 2822 00d0 8C69     		ldr	r4, [r1, #24]
 2823 00d2 2243     		orrs	r2, r2, r4
 2824 00d4 CC69     		ldr	r4, [r1, #28]
 2825 00d6 2243     		orrs	r2, r2, r4
 2826 00d8 0C6A     		ldr	r4, [r1, #32]
 2827 00da 2243     		orrs	r2, r2, r4
 2828 00dc 496A     		ldr	r1, [r1, #36]
 2829              	.LVL178:
 2830              		.loc 1 2048 3 view .LVU953
 2831 00de 0A43     		orrs	r2, r2, r1
 2832 00e0 1343     		orrs	r3, r3, r2
 2833              	.LVL179:
2049:stm/stm32l4xx/STM32L4xx_HAL_Driver/Src/stm32l4xx_hal_rtc_ex.c ****              (RTC_TAMPCR_TAMPTS | RTC_TAMPCR_TAMPFREQ | RTC_TAMPCR_TAMPFLT | RTC_TAMPCR_TAMPPRCH | 
2050:stm/stm32l4xx/STM32L4xx_HAL_Driver/Src/stm32l4xx_hal_rtc_ex.c ****              sTamper->Filter | sTamper->SamplingFrequency | sTamper->PrechargeDuration | sTamper->T
2051:stm/stm32l4xx/STM32L4xx_HAL_Driver/Src/stm32l4xx_hal_rtc_ex.c ****              sTamper->TimeStampOnTamperDetection \
2052:stm/stm32l4xx/STM32L4xx_HAL_Driver/Src/stm32l4xx_hal_rtc_ex.c ****             );
2053:stm/stm32l4xx/STM32L4xx_HAL_Driver/Src/stm32l4xx_hal_rtc_ex.c **** 
ARM GAS  /var/tmp//ccqDFXEw.s 			page 89


2054:stm/stm32l4xx/STM32L4xx_HAL_Driver/Src/stm32l4xx_hal_rtc_ex.c ****   /* Set register */
2055:stm/stm32l4xx/STM32L4xx_HAL_Driver/Src/stm32l4xx_hal_rtc_ex.c ****   WRITE_REG(hrtc->Instance->TAMPCR, tmpreg);
 2834              		.loc 1 2055 3 is_stmt 1 view .LVU954
 2835 00e2 0364     		str	r3, [r0, #64]
2056:stm/stm32l4xx/STM32L4xx_HAL_Driver/Src/stm32l4xx_hal_rtc_ex.c **** 
2057:stm/stm32l4xx/STM32L4xx_HAL_Driver/Src/stm32l4xx_hal_rtc_ex.c ****   /* RTC Tamper Interrupt Configuration: EXTI configuration */
2058:stm/stm32l4xx/STM32L4xx_HAL_Driver/Src/stm32l4xx_hal_rtc_ex.c ****   __HAL_RTC_TAMPER_TIMESTAMP_EXTI_ENABLE_IT();
 2836              		.loc 1 2058 3 view .LVU955
 2837 00e4 0B4B     		ldr	r3, .L212
 2838              	.LVL180:
 2839              		.loc 1 2058 3 is_stmt 0 view .LVU956
 2840 00e6 1A68     		ldr	r2, [r3]
 2841 00e8 42F40022 		orr	r2, r2, #524288
 2842 00ec 1A60     		str	r2, [r3]
 2843              	.LVL181:
2059:stm/stm32l4xx/STM32L4xx_HAL_Driver/Src/stm32l4xx_hal_rtc_ex.c ****   __HAL_RTC_TAMPER_TIMESTAMP_EXTI_ENABLE_RISING_EDGE();
 2844              		.loc 1 2059 3 is_stmt 1 view .LVU957
 2845 00ee 9A68     		ldr	r2, [r3, #8]
 2846 00f0 42F40022 		orr	r2, r2, #524288
 2847 00f4 9A60     		str	r2, [r3, #8]
2060:stm/stm32l4xx/STM32L4xx_HAL_Driver/Src/stm32l4xx_hal_rtc_ex.c **** 
2061:stm/stm32l4xx/STM32L4xx_HAL_Driver/Src/stm32l4xx_hal_rtc_ex.c ****   hrtc->State = HAL_RTC_STATE_READY;
 2848              		.loc 1 2061 3 view .LVU958
 2849              		.loc 1 2061 15 is_stmt 0 view .LVU959
 2850 00f6 0123     		movs	r3, #1
 2851 00f8 8CF82130 		strb	r3, [ip, #33]
2062:stm/stm32l4xx/STM32L4xx_HAL_Driver/Src/stm32l4xx_hal_rtc_ex.c **** 
2063:stm/stm32l4xx/STM32L4xx_HAL_Driver/Src/stm32l4xx_hal_rtc_ex.c ****   /* Process Unlocked */
2064:stm/stm32l4xx/STM32L4xx_HAL_Driver/Src/stm32l4xx_hal_rtc_ex.c ****   __HAL_UNLOCK(hrtc);
 2852              		.loc 1 2064 3 is_stmt 1 view .LVU960
 2853              		.loc 1 2064 3 view .LVU961
 2854 00fc 0020     		movs	r0, #0
 2855 00fe 8CF82000 		strb	r0, [ip, #32]
 2856              		.loc 1 2064 3 view .LVU962
2065:stm/stm32l4xx/STM32L4xx_HAL_Driver/Src/stm32l4xx_hal_rtc_ex.c **** 
2066:stm/stm32l4xx/STM32L4xx_HAL_Driver/Src/stm32l4xx_hal_rtc_ex.c ****   return HAL_OK;
 2857              		.loc 1 2066 3 view .LVU963
2067:stm/stm32l4xx/STM32L4xx_HAL_Driver/Src/stm32l4xx_hal_rtc_ex.c **** }
 2858              		.loc 1 2067 1 is_stmt 0 view .LVU964
 2859 0102 10BD     		pop	{r4, pc}
 2860              	.LVL182:
 2861              	.L210:
2024:stm/stm32l4xx/STM32L4xx_HAL_Driver/Src/stm32l4xx_hal_rtc_ex.c ****                (RTC_TAMPCR_TAMP2E | RTC_TAMPCR_TAMP2TRG | RTC_TAMPCR_TAMPIE | RTC_TAMPCR_TAMP2IE | 
 2862              		.loc 1 2024 5 view .LVU965
 2863 0104 4FF40014 		mov	r4, #2097152
 2864 0108 C0E7     		b	.L191
 2865              	.L211:
2037:stm/stm32l4xx/STM32L4xx_HAL_Driver/Src/stm32l4xx_hal_rtc_ex.c ****                (RTC_TAMPCR_TAMP3E | RTC_TAMPCR_TAMP3TRG | RTC_TAMPCR_TAMPIE | RTC_TAMPCR_TAMP3IE | 
 2866              		.loc 1 2037 5 view .LVU966
 2867 010a 4FF08074 		mov	r4, #16777216
 2868 010e D8E7     		b	.L195
 2869              	.LVL183:
 2870              	.L196:
 2871              	.LCFI26:
 2872              		.cfi_def_cfa_offset 0
 2873              		.cfi_restore 4
 2874              		.cfi_restore 14
ARM GAS  /var/tmp//ccqDFXEw.s 			page 90


2001:stm/stm32l4xx/STM32L4xx_HAL_Driver/Src/stm32l4xx_hal_rtc_ex.c **** 
 2875              		.loc 1 2001 3 view .LVU967
 2876 0110 0220     		movs	r0, #2
 2877              	.LVL184:
 2878              		.loc 1 2067 1 view .LVU968
 2879 0112 7047     		bx	lr
 2880              	.L213:
 2881              		.align	2
 2882              	.L212:
 2883 0114 00040140 		.word	1073808384
 2884              		.cfi_endproc
 2885              	.LFE315:
 2887              		.section	.text.HAL_RTCEx_DeactivateTamper,"ax",%progbits
 2888              		.align	1
 2889              		.global	HAL_RTCEx_DeactivateTamper
 2890              		.syntax unified
 2891              		.thumb
 2892              		.thumb_func
 2894              	HAL_RTCEx_DeactivateTamper:
 2895              	.LVL185:
 2896              	.LFB316:
2068:stm/stm32l4xx/STM32L4xx_HAL_Driver/Src/stm32l4xx_hal_rtc_ex.c **** #endif /* #if defined(STM32L412xx) || defined(STM32L422xx) || defined (STM32L4P5xx) || defined (STM
2069:stm/stm32l4xx/STM32L4xx_HAL_Driver/Src/stm32l4xx_hal_rtc_ex.c **** 
2070:stm/stm32l4xx/STM32L4xx_HAL_Driver/Src/stm32l4xx_hal_rtc_ex.c **** 
2071:stm/stm32l4xx/STM32L4xx_HAL_Driver/Src/stm32l4xx_hal_rtc_ex.c **** #if defined(STM32L412xx) || defined(STM32L422xx) || defined (STM32L4P5xx) || defined (STM32L4Q5xx)
2072:stm/stm32l4xx/STM32L4xx_HAL_Driver/Src/stm32l4xx_hal_rtc_ex.c **** /**
2073:stm/stm32l4xx/STM32L4xx_HAL_Driver/Src/stm32l4xx_hal_rtc_ex.c ****   * @brief  Deactivate Tamper.
2074:stm/stm32l4xx/STM32L4xx_HAL_Driver/Src/stm32l4xx_hal_rtc_ex.c ****   * @param  hrtc RTC handle
2075:stm/stm32l4xx/STM32L4xx_HAL_Driver/Src/stm32l4xx_hal_rtc_ex.c ****   * @param  Tamper Selected tamper pin.
2076:stm/stm32l4xx/STM32L4xx_HAL_Driver/Src/stm32l4xx_hal_rtc_ex.c ****   *         This parameter can be a combination of the following values:
2077:stm/stm32l4xx/STM32L4xx_HAL_Driver/Src/stm32l4xx_hal_rtc_ex.c ****   *         @arg RTC_TAMPER_1
2078:stm/stm32l4xx/STM32L4xx_HAL_Driver/Src/stm32l4xx_hal_rtc_ex.c ****   *         @arg RTC_TAMPER_2
2079:stm/stm32l4xx/STM32L4xx_HAL_Driver/Src/stm32l4xx_hal_rtc_ex.c ****   * @retval HAL status
2080:stm/stm32l4xx/STM32L4xx_HAL_Driver/Src/stm32l4xx_hal_rtc_ex.c ****   */
2081:stm/stm32l4xx/STM32L4xx_HAL_Driver/Src/stm32l4xx_hal_rtc_ex.c **** HAL_StatusTypeDef HAL_RTCEx_DeactivateTamper(RTC_HandleTypeDef *hrtc, uint32_t Tamper)
2082:stm/stm32l4xx/STM32L4xx_HAL_Driver/Src/stm32l4xx_hal_rtc_ex.c **** {
2083:stm/stm32l4xx/STM32L4xx_HAL_Driver/Src/stm32l4xx_hal_rtc_ex.c ****   /* Process TAMP instance pointer */
2084:stm/stm32l4xx/STM32L4xx_HAL_Driver/Src/stm32l4xx_hal_rtc_ex.c ****   TAMP_TypeDef *tamp = (TAMP_TypeDef *)((uint32_t)hrtc->Instance + hrtc->TampOffset);
2085:stm/stm32l4xx/STM32L4xx_HAL_Driver/Src/stm32l4xx_hal_rtc_ex.c **** 
2086:stm/stm32l4xx/STM32L4xx_HAL_Driver/Src/stm32l4xx_hal_rtc_ex.c ****   assert_param(IS_RTC_TAMPER(Tamper));
2087:stm/stm32l4xx/STM32L4xx_HAL_Driver/Src/stm32l4xx_hal_rtc_ex.c **** 
2088:stm/stm32l4xx/STM32L4xx_HAL_Driver/Src/stm32l4xx_hal_rtc_ex.c ****   /* Disable the selected Tamper pin */
2089:stm/stm32l4xx/STM32L4xx_HAL_Driver/Src/stm32l4xx_hal_rtc_ex.c ****   tamp->CR1 &= ~Tamper;
2090:stm/stm32l4xx/STM32L4xx_HAL_Driver/Src/stm32l4xx_hal_rtc_ex.c **** 
2091:stm/stm32l4xx/STM32L4xx_HAL_Driver/Src/stm32l4xx_hal_rtc_ex.c ****   /* Clear tamper mask/noerase/trigger configuration */
2092:stm/stm32l4xx/STM32L4xx_HAL_Driver/Src/stm32l4xx_hal_rtc_ex.c ****   tamp->CR2 &= ~((Tamper << 24) | (Tamper << 16) | Tamper);
2093:stm/stm32l4xx/STM32L4xx_HAL_Driver/Src/stm32l4xx_hal_rtc_ex.c **** 
2094:stm/stm32l4xx/STM32L4xx_HAL_Driver/Src/stm32l4xx_hal_rtc_ex.c ****   /* Clear tamper interrupt mode configuration */
2095:stm/stm32l4xx/STM32L4xx_HAL_Driver/Src/stm32l4xx_hal_rtc_ex.c ****   tamp->IER &= ~Tamper;
2096:stm/stm32l4xx/STM32L4xx_HAL_Driver/Src/stm32l4xx_hal_rtc_ex.c **** 
2097:stm/stm32l4xx/STM32L4xx_HAL_Driver/Src/stm32l4xx_hal_rtc_ex.c ****   /* Clear tamper interrupt and event flags (WO register) */
2098:stm/stm32l4xx/STM32L4xx_HAL_Driver/Src/stm32l4xx_hal_rtc_ex.c ****   tamp->SCR = Tamper;
2099:stm/stm32l4xx/STM32L4xx_HAL_Driver/Src/stm32l4xx_hal_rtc_ex.c **** 
2100:stm/stm32l4xx/STM32L4xx_HAL_Driver/Src/stm32l4xx_hal_rtc_ex.c ****   return HAL_OK;
2101:stm/stm32l4xx/STM32L4xx_HAL_Driver/Src/stm32l4xx_hal_rtc_ex.c **** }
2102:stm/stm32l4xx/STM32L4xx_HAL_Driver/Src/stm32l4xx_hal_rtc_ex.c **** #else /* #if defined(STM32L412xx) || defined(STM32L422xx) || defined (STM32L4P5xx) || defined (STM3
2103:stm/stm32l4xx/STM32L4xx_HAL_Driver/Src/stm32l4xx_hal_rtc_ex.c **** /**
ARM GAS  /var/tmp//ccqDFXEw.s 			page 91


2104:stm/stm32l4xx/STM32L4xx_HAL_Driver/Src/stm32l4xx_hal_rtc_ex.c ****   * @brief  Deactivate Tamper.
2105:stm/stm32l4xx/STM32L4xx_HAL_Driver/Src/stm32l4xx_hal_rtc_ex.c ****   * @param  hrtc RTC handle
2106:stm/stm32l4xx/STM32L4xx_HAL_Driver/Src/stm32l4xx_hal_rtc_ex.c ****   * @param  Tamper Selected tamper pin.
2107:stm/stm32l4xx/STM32L4xx_HAL_Driver/Src/stm32l4xx_hal_rtc_ex.c ****   *         This parameter can be any combination of the following values:
2108:stm/stm32l4xx/STM32L4xx_HAL_Driver/Src/stm32l4xx_hal_rtc_ex.c ****   *         @arg RTC_TAMPER_1
2109:stm/stm32l4xx/STM32L4xx_HAL_Driver/Src/stm32l4xx_hal_rtc_ex.c ****   *         @arg RTC_TAMPER_2
2110:stm/stm32l4xx/STM32L4xx_HAL_Driver/Src/stm32l4xx_hal_rtc_ex.c ****   *         @arg RTC_TAMPER_3
2111:stm/stm32l4xx/STM32L4xx_HAL_Driver/Src/stm32l4xx_hal_rtc_ex.c ****   * @retval HAL status
2112:stm/stm32l4xx/STM32L4xx_HAL_Driver/Src/stm32l4xx_hal_rtc_ex.c ****   */
2113:stm/stm32l4xx/STM32L4xx_HAL_Driver/Src/stm32l4xx_hal_rtc_ex.c **** HAL_StatusTypeDef HAL_RTCEx_DeactivateTamper(RTC_HandleTypeDef *hrtc, uint32_t Tamper)
2114:stm/stm32l4xx/STM32L4xx_HAL_Driver/Src/stm32l4xx_hal_rtc_ex.c **** {
 2897              		.loc 1 2114 1 is_stmt 1 view -0
 2898              		.cfi_startproc
 2899              		@ args = 0, pretend = 0, frame = 0
 2900              		@ frame_needed = 0, uses_anonymous_args = 0
 2901              		@ link register save eliminated.
 2902              		.loc 1 2114 1 is_stmt 0 view .LVU970
 2903 0000 0346     		mov	r3, r0
2115:stm/stm32l4xx/STM32L4xx_HAL_Driver/Src/stm32l4xx_hal_rtc_ex.c ****   assert_param(IS_RTC_TAMPER(Tamper));
 2904              		.loc 1 2115 3 is_stmt 1 view .LVU971
2116:stm/stm32l4xx/STM32L4xx_HAL_Driver/Src/stm32l4xx_hal_rtc_ex.c **** 
2117:stm/stm32l4xx/STM32L4xx_HAL_Driver/Src/stm32l4xx_hal_rtc_ex.c ****   /* Process Locked */
2118:stm/stm32l4xx/STM32L4xx_HAL_Driver/Src/stm32l4xx_hal_rtc_ex.c ****   __HAL_LOCK(hrtc);
 2905              		.loc 1 2118 3 view .LVU972
 2906              		.loc 1 2118 3 view .LVU973
 2907 0002 90F82020 		ldrb	r2, [r0, #32]	@ zero_extendqisi2
 2908 0006 012A     		cmp	r2, #1
 2909 0008 2FD0     		beq	.L219
 2910              		.loc 1 2118 3 discriminator 2 view .LVU974
 2911 000a 0122     		movs	r2, #1
 2912 000c 80F82020 		strb	r2, [r0, #32]
 2913              		.loc 1 2118 3 discriminator 2 view .LVU975
2119:stm/stm32l4xx/STM32L4xx_HAL_Driver/Src/stm32l4xx_hal_rtc_ex.c **** 
2120:stm/stm32l4xx/STM32L4xx_HAL_Driver/Src/stm32l4xx_hal_rtc_ex.c ****   hrtc->State = HAL_RTC_STATE_BUSY;
 2914              		.loc 1 2120 3 discriminator 2 view .LVU976
 2915              		.loc 1 2120 15 is_stmt 0 discriminator 2 view .LVU977
 2916 0010 0222     		movs	r2, #2
 2917 0012 80F82120 		strb	r2, [r0, #33]
2121:stm/stm32l4xx/STM32L4xx_HAL_Driver/Src/stm32l4xx_hal_rtc_ex.c **** 
2122:stm/stm32l4xx/STM32L4xx_HAL_Driver/Src/stm32l4xx_hal_rtc_ex.c ****   /* Disable the selected Tamper pin */
2123:stm/stm32l4xx/STM32L4xx_HAL_Driver/Src/stm32l4xx_hal_rtc_ex.c ****   hrtc->Instance->TAMPCR &= ~Tamper;
 2918              		.loc 1 2123 3 is_stmt 1 discriminator 2 view .LVU978
 2919              		.loc 1 2123 7 is_stmt 0 discriminator 2 view .LVU979
 2920 0016 0068     		ldr	r0, [r0]
 2921              	.LVL186:
 2922              		.loc 1 2123 17 discriminator 2 view .LVU980
 2923 0018 026C     		ldr	r2, [r0, #64]
 2924              		.loc 1 2123 26 discriminator 2 view .LVU981
 2925 001a 22EA0102 		bic	r2, r2, r1
 2926 001e 0264     		str	r2, [r0, #64]
2124:stm/stm32l4xx/STM32L4xx_HAL_Driver/Src/stm32l4xx_hal_rtc_ex.c **** 
2125:stm/stm32l4xx/STM32L4xx_HAL_Driver/Src/stm32l4xx_hal_rtc_ex.c **** #if defined(RTC_TAMPER1_SUPPORT)
2126:stm/stm32l4xx/STM32L4xx_HAL_Driver/Src/stm32l4xx_hal_rtc_ex.c ****   if ((Tamper & RTC_TAMPER_1) != 0U)
 2927              		.loc 1 2126 3 is_stmt 1 discriminator 2 view .LVU982
 2928              		.loc 1 2126 6 is_stmt 0 discriminator 2 view .LVU983
 2929 0020 11F0010F 		tst	r1, #1
 2930 0024 06D0     		beq	.L216
ARM GAS  /var/tmp//ccqDFXEw.s 			page 92


2127:stm/stm32l4xx/STM32L4xx_HAL_Driver/Src/stm32l4xx_hal_rtc_ex.c ****   {
2128:stm/stm32l4xx/STM32L4xx_HAL_Driver/Src/stm32l4xx_hal_rtc_ex.c ****     /* Disable the Tamper1 interrupt */
2129:stm/stm32l4xx/STM32L4xx_HAL_Driver/Src/stm32l4xx_hal_rtc_ex.c ****     hrtc->Instance->TAMPCR &= ((uint32_t)~(RTC_IT_TAMP | RTC_IT_TAMP1));
 2931              		.loc 1 2129 5 is_stmt 1 view .LVU984
 2932              		.loc 1 2129 9 is_stmt 0 view .LVU985
 2933 0026 1868     		ldr	r0, [r3]
 2934              		.loc 1 2129 19 view .LVU986
 2935 0028 026C     		ldr	r2, [r0, #64]
 2936              		.loc 1 2129 28 view .LVU987
 2937 002a 22F48032 		bic	r2, r2, #65536
 2938 002e 22F00402 		bic	r2, r2, #4
 2939 0032 0264     		str	r2, [r0, #64]
 2940              	.L216:
2130:stm/stm32l4xx/STM32L4xx_HAL_Driver/Src/stm32l4xx_hal_rtc_ex.c ****   }
2131:stm/stm32l4xx/STM32L4xx_HAL_Driver/Src/stm32l4xx_hal_rtc_ex.c **** #endif /* RTC_TAMPER1_SUPPORT */
2132:stm/stm32l4xx/STM32L4xx_HAL_Driver/Src/stm32l4xx_hal_rtc_ex.c ****   if ((Tamper & RTC_TAMPER_2) != 0U)
 2941              		.loc 1 2132 3 is_stmt 1 view .LVU988
 2942              		.loc 1 2132 6 is_stmt 0 view .LVU989
 2943 0034 11F0080F 		tst	r1, #8
 2944 0038 06D0     		beq	.L217
2133:stm/stm32l4xx/STM32L4xx_HAL_Driver/Src/stm32l4xx_hal_rtc_ex.c ****   {
2134:stm/stm32l4xx/STM32L4xx_HAL_Driver/Src/stm32l4xx_hal_rtc_ex.c ****     /* Disable the Tamper2 interrupt */
2135:stm/stm32l4xx/STM32L4xx_HAL_Driver/Src/stm32l4xx_hal_rtc_ex.c ****     hrtc->Instance->TAMPCR &= ((uint32_t)~(RTC_IT_TAMP | RTC_IT_TAMP2));
 2945              		.loc 1 2135 5 is_stmt 1 view .LVU990
 2946              		.loc 1 2135 9 is_stmt 0 view .LVU991
 2947 003a 1868     		ldr	r0, [r3]
 2948              		.loc 1 2135 19 view .LVU992
 2949 003c 026C     		ldr	r2, [r0, #64]
 2950              		.loc 1 2135 28 view .LVU993
 2951 003e 22F40022 		bic	r2, r2, #524288
 2952 0042 22F00402 		bic	r2, r2, #4
 2953 0046 0264     		str	r2, [r0, #64]
 2954              	.L217:
2136:stm/stm32l4xx/STM32L4xx_HAL_Driver/Src/stm32l4xx_hal_rtc_ex.c ****   }
2137:stm/stm32l4xx/STM32L4xx_HAL_Driver/Src/stm32l4xx_hal_rtc_ex.c **** #if defined(RTC_TAMPER3_SUPPORT)
2138:stm/stm32l4xx/STM32L4xx_HAL_Driver/Src/stm32l4xx_hal_rtc_ex.c ****   if ((Tamper & RTC_TAMPER_3) != 0U)
 2955              		.loc 1 2138 3 is_stmt 1 view .LVU994
 2956              		.loc 1 2138 6 is_stmt 0 view .LVU995
 2957 0048 11F0200F 		tst	r1, #32
 2958 004c 06D0     		beq	.L218
2139:stm/stm32l4xx/STM32L4xx_HAL_Driver/Src/stm32l4xx_hal_rtc_ex.c ****   {
2140:stm/stm32l4xx/STM32L4xx_HAL_Driver/Src/stm32l4xx_hal_rtc_ex.c ****     /* Disable the Tamper3 interrupt */
2141:stm/stm32l4xx/STM32L4xx_HAL_Driver/Src/stm32l4xx_hal_rtc_ex.c ****     hrtc->Instance->TAMPCR &= ((uint32_t)~(RTC_IT_TAMP | RTC_IT_TAMP3));
 2959              		.loc 1 2141 5 is_stmt 1 view .LVU996
 2960              		.loc 1 2141 9 is_stmt 0 view .LVU997
 2961 004e 1968     		ldr	r1, [r3]
 2962              	.LVL187:
 2963              		.loc 1 2141 19 view .LVU998
 2964 0050 0A6C     		ldr	r2, [r1, #64]
 2965              		.loc 1 2141 28 view .LVU999
 2966 0052 22F48002 		bic	r2, r2, #4194304
 2967 0056 22F00402 		bic	r2, r2, #4
 2968 005a 0A64     		str	r2, [r1, #64]
 2969              	.L218:
2142:stm/stm32l4xx/STM32L4xx_HAL_Driver/Src/stm32l4xx_hal_rtc_ex.c ****   }
2143:stm/stm32l4xx/STM32L4xx_HAL_Driver/Src/stm32l4xx_hal_rtc_ex.c **** #endif /* RTC_TAMPER3_SUPPORT */
2144:stm/stm32l4xx/STM32L4xx_HAL_Driver/Src/stm32l4xx_hal_rtc_ex.c **** 
ARM GAS  /var/tmp//ccqDFXEw.s 			page 93


2145:stm/stm32l4xx/STM32L4xx_HAL_Driver/Src/stm32l4xx_hal_rtc_ex.c ****   hrtc->State = HAL_RTC_STATE_READY;
 2970              		.loc 1 2145 3 is_stmt 1 view .LVU1000
 2971              		.loc 1 2145 15 is_stmt 0 view .LVU1001
 2972 005c 0122     		movs	r2, #1
 2973 005e 83F82120 		strb	r2, [r3, #33]
2146:stm/stm32l4xx/STM32L4xx_HAL_Driver/Src/stm32l4xx_hal_rtc_ex.c **** 
2147:stm/stm32l4xx/STM32L4xx_HAL_Driver/Src/stm32l4xx_hal_rtc_ex.c ****   /* Process Unlocked */
2148:stm/stm32l4xx/STM32L4xx_HAL_Driver/Src/stm32l4xx_hal_rtc_ex.c ****   __HAL_UNLOCK(hrtc);
 2974              		.loc 1 2148 3 is_stmt 1 view .LVU1002
 2975              		.loc 1 2148 3 view .LVU1003
 2976 0062 0020     		movs	r0, #0
 2977 0064 83F82000 		strb	r0, [r3, #32]
 2978              		.loc 1 2148 3 view .LVU1004
2149:stm/stm32l4xx/STM32L4xx_HAL_Driver/Src/stm32l4xx_hal_rtc_ex.c **** 
2150:stm/stm32l4xx/STM32L4xx_HAL_Driver/Src/stm32l4xx_hal_rtc_ex.c ****   return HAL_OK;
 2979              		.loc 1 2150 3 view .LVU1005
 2980              		.loc 1 2150 10 is_stmt 0 view .LVU1006
 2981 0068 7047     		bx	lr
 2982              	.LVL188:
 2983              	.L219:
2118:stm/stm32l4xx/STM32L4xx_HAL_Driver/Src/stm32l4xx_hal_rtc_ex.c **** 
 2984              		.loc 1 2118 3 view .LVU1007
 2985 006a 0220     		movs	r0, #2
 2986              	.LVL189:
2151:stm/stm32l4xx/STM32L4xx_HAL_Driver/Src/stm32l4xx_hal_rtc_ex.c **** }
 2987              		.loc 1 2151 1 view .LVU1008
 2988 006c 7047     		bx	lr
 2989              		.cfi_endproc
 2990              	.LFE316:
 2992              		.section	.text.HAL_RTCEx_PollForTamper1Event,"ax",%progbits
 2993              		.align	1
 2994              		.global	HAL_RTCEx_PollForTamper1Event
 2995              		.syntax unified
 2996              		.thumb
 2997              		.thumb_func
 2999              	HAL_RTCEx_PollForTamper1Event:
 3000              	.LVL190:
 3001              	.LFB317:
2152:stm/stm32l4xx/STM32L4xx_HAL_Driver/Src/stm32l4xx_hal_rtc_ex.c **** #endif /* #if defined(STM32L412xx) || defined(STM32L422xx) || defined (STM32L4P5xx) || defined (STM
2153:stm/stm32l4xx/STM32L4xx_HAL_Driver/Src/stm32l4xx_hal_rtc_ex.c **** 
2154:stm/stm32l4xx/STM32L4xx_HAL_Driver/Src/stm32l4xx_hal_rtc_ex.c **** 
2155:stm/stm32l4xx/STM32L4xx_HAL_Driver/Src/stm32l4xx_hal_rtc_ex.c **** #if defined(RTC_TAMPER1_SUPPORT)
2156:stm/stm32l4xx/STM32L4xx_HAL_Driver/Src/stm32l4xx_hal_rtc_ex.c **** /**
2157:stm/stm32l4xx/STM32L4xx_HAL_Driver/Src/stm32l4xx_hal_rtc_ex.c ****   * @brief  Handle Tamper 1 Polling.
2158:stm/stm32l4xx/STM32L4xx_HAL_Driver/Src/stm32l4xx_hal_rtc_ex.c ****   * @param  hrtc RTC handle
2159:stm/stm32l4xx/STM32L4xx_HAL_Driver/Src/stm32l4xx_hal_rtc_ex.c ****   * @param  Timeout Timeout duration
2160:stm/stm32l4xx/STM32L4xx_HAL_Driver/Src/stm32l4xx_hal_rtc_ex.c ****   * @retval HAL status
2161:stm/stm32l4xx/STM32L4xx_HAL_Driver/Src/stm32l4xx_hal_rtc_ex.c ****   */
2162:stm/stm32l4xx/STM32L4xx_HAL_Driver/Src/stm32l4xx_hal_rtc_ex.c **** HAL_StatusTypeDef HAL_RTCEx_PollForTamper1Event(RTC_HandleTypeDef *hrtc, uint32_t Timeout)
2163:stm/stm32l4xx/STM32L4xx_HAL_Driver/Src/stm32l4xx_hal_rtc_ex.c **** {
 3002              		.loc 1 2163 1 is_stmt 1 view -0
 3003              		.cfi_startproc
 3004              		@ args = 0, pretend = 0, frame = 0
 3005              		@ frame_needed = 0, uses_anonymous_args = 0
 3006              		.loc 1 2163 1 is_stmt 0 view .LVU1010
 3007 0000 70B5     		push	{r4, r5, r6, lr}
 3008              	.LCFI27:
ARM GAS  /var/tmp//ccqDFXEw.s 			page 94


 3009              		.cfi_def_cfa_offset 16
 3010              		.cfi_offset 4, -16
 3011              		.cfi_offset 5, -12
 3012              		.cfi_offset 6, -8
 3013              		.cfi_offset 14, -4
 3014 0002 0446     		mov	r4, r0
 3015 0004 0D46     		mov	r5, r1
2164:stm/stm32l4xx/STM32L4xx_HAL_Driver/Src/stm32l4xx_hal_rtc_ex.c ****   uint32_t tickstart = HAL_GetTick();
 3016              		.loc 1 2164 3 is_stmt 1 view .LVU1011
 3017              		.loc 1 2164 24 is_stmt 0 view .LVU1012
 3018 0006 FFF7FEFF 		bl	HAL_GetTick
 3019              	.LVL191:
 3020              		.loc 1 2164 24 view .LVU1013
 3021 000a 0646     		mov	r6, r0
 3022              	.LVL192:
2165:stm/stm32l4xx/STM32L4xx_HAL_Driver/Src/stm32l4xx_hal_rtc_ex.c **** 
2166:stm/stm32l4xx/STM32L4xx_HAL_Driver/Src/stm32l4xx_hal_rtc_ex.c ****   /* Get the status of the Interrupt */
2167:stm/stm32l4xx/STM32L4xx_HAL_Driver/Src/stm32l4xx_hal_rtc_ex.c ****   while (__HAL_RTC_TAMPER_GET_FLAG(hrtc, RTC_FLAG_TAMP1F) == 0U)
 3023              		.loc 1 2167 3 is_stmt 1 view .LVU1014
 3024              	.L222:
 3025              		.loc 1 2167 59 view .LVU1015
 3026              		.loc 1 2167 10 is_stmt 0 view .LVU1016
 3027 000c 2368     		ldr	r3, [r4]
 3028 000e DA68     		ldr	r2, [r3, #12]
 3029              		.loc 1 2167 59 view .LVU1017
 3030 0010 12F4005F 		tst	r2, #8192
 3031 0014 0DD1     		bne	.L227
2168:stm/stm32l4xx/STM32L4xx_HAL_Driver/Src/stm32l4xx_hal_rtc_ex.c ****   {
2169:stm/stm32l4xx/STM32L4xx_HAL_Driver/Src/stm32l4xx_hal_rtc_ex.c ****     if (Timeout != HAL_MAX_DELAY)
 3032              		.loc 1 2169 5 is_stmt 1 view .LVU1018
 3033              		.loc 1 2169 8 is_stmt 0 view .LVU1019
 3034 0016 B5F1FF3F 		cmp	r5, #-1
 3035 001a F7D0     		beq	.L222
2170:stm/stm32l4xx/STM32L4xx_HAL_Driver/Src/stm32l4xx_hal_rtc_ex.c ****     {
2171:stm/stm32l4xx/STM32L4xx_HAL_Driver/Src/stm32l4xx_hal_rtc_ex.c ****       if (((HAL_GetTick() - tickstart) > Timeout) || (Timeout == 0U))
 3036              		.loc 1 2171 7 is_stmt 1 view .LVU1020
 3037              		.loc 1 2171 13 is_stmt 0 view .LVU1021
 3038 001c FFF7FEFF 		bl	HAL_GetTick
 3039              	.LVL193:
 3040              		.loc 1 2171 27 view .LVU1022
 3041 0020 801B     		subs	r0, r0, r6
 3042              		.loc 1 2171 10 view .LVU1023
 3043 0022 A842     		cmp	r0, r5
 3044 0024 01D8     		bhi	.L223
 3045              		.loc 1 2171 51 discriminator 1 view .LVU1024
 3046 0026 002D     		cmp	r5, #0
 3047 0028 F0D1     		bne	.L222
 3048              	.L223:
2172:stm/stm32l4xx/STM32L4xx_HAL_Driver/Src/stm32l4xx_hal_rtc_ex.c ****       {
2173:stm/stm32l4xx/STM32L4xx_HAL_Driver/Src/stm32l4xx_hal_rtc_ex.c ****         hrtc->State = HAL_RTC_STATE_TIMEOUT;
 3049              		.loc 1 2173 9 is_stmt 1 view .LVU1025
 3050              		.loc 1 2173 21 is_stmt 0 view .LVU1026
 3051 002a 0320     		movs	r0, #3
 3052 002c 84F82100 		strb	r0, [r4, #33]
2174:stm/stm32l4xx/STM32L4xx_HAL_Driver/Src/stm32l4xx_hal_rtc_ex.c ****         return HAL_TIMEOUT;
 3053              		.loc 1 2174 9 is_stmt 1 view .LVU1027
 3054              		.loc 1 2174 16 is_stmt 0 view .LVU1028
ARM GAS  /var/tmp//ccqDFXEw.s 			page 95


 3055 0030 08E0     		b	.L224
 3056              	.L227:
2175:stm/stm32l4xx/STM32L4xx_HAL_Driver/Src/stm32l4xx_hal_rtc_ex.c ****       }
2176:stm/stm32l4xx/STM32L4xx_HAL_Driver/Src/stm32l4xx_hal_rtc_ex.c ****     }
2177:stm/stm32l4xx/STM32L4xx_HAL_Driver/Src/stm32l4xx_hal_rtc_ex.c ****   }
2178:stm/stm32l4xx/STM32L4xx_HAL_Driver/Src/stm32l4xx_hal_rtc_ex.c **** 
2179:stm/stm32l4xx/STM32L4xx_HAL_Driver/Src/stm32l4xx_hal_rtc_ex.c ****   /* Clear the Tamper Flag */
2180:stm/stm32l4xx/STM32L4xx_HAL_Driver/Src/stm32l4xx_hal_rtc_ex.c ****   __HAL_RTC_TAMPER_CLEAR_FLAG(hrtc, RTC_FLAG_TAMP1F);
 3057              		.loc 1 2180 3 is_stmt 1 view .LVU1029
 3058 0032 DA68     		ldr	r2, [r3, #12]
 3059 0034 D2B2     		uxtb	r2, r2
 3060 0036 62F40252 		orn	r2, r2, #8320
 3061 003a DA60     		str	r2, [r3, #12]
2181:stm/stm32l4xx/STM32L4xx_HAL_Driver/Src/stm32l4xx_hal_rtc_ex.c **** 
2182:stm/stm32l4xx/STM32L4xx_HAL_Driver/Src/stm32l4xx_hal_rtc_ex.c ****   /* Change RTC state */
2183:stm/stm32l4xx/STM32L4xx_HAL_Driver/Src/stm32l4xx_hal_rtc_ex.c ****   hrtc->State = HAL_RTC_STATE_READY;
 3062              		.loc 1 2183 3 view .LVU1030
 3063              		.loc 1 2183 15 is_stmt 0 view .LVU1031
 3064 003c 0123     		movs	r3, #1
 3065 003e 84F82130 		strb	r3, [r4, #33]
2184:stm/stm32l4xx/STM32L4xx_HAL_Driver/Src/stm32l4xx_hal_rtc_ex.c **** 
2185:stm/stm32l4xx/STM32L4xx_HAL_Driver/Src/stm32l4xx_hal_rtc_ex.c ****   return HAL_OK;
 3066              		.loc 1 2185 3 is_stmt 1 view .LVU1032
 3067              		.loc 1 2185 10 is_stmt 0 view .LVU1033
 3068 0042 0020     		movs	r0, #0
 3069              	.L224:
2186:stm/stm32l4xx/STM32L4xx_HAL_Driver/Src/stm32l4xx_hal_rtc_ex.c **** }
 3070              		.loc 1 2186 1 view .LVU1034
 3071 0044 70BD     		pop	{r4, r5, r6, pc}
 3072              		.loc 1 2186 1 view .LVU1035
 3073              		.cfi_endproc
 3074              	.LFE317:
 3076              		.section	.text.HAL_RTCEx_PollForTamper2Event,"ax",%progbits
 3077              		.align	1
 3078              		.global	HAL_RTCEx_PollForTamper2Event
 3079              		.syntax unified
 3080              		.thumb
 3081              		.thumb_func
 3083              	HAL_RTCEx_PollForTamper2Event:
 3084              	.LVL194:
 3085              	.LFB318:
2187:stm/stm32l4xx/STM32L4xx_HAL_Driver/Src/stm32l4xx_hal_rtc_ex.c **** #endif /* RTC_TAMPER1_SUPPORT */
2188:stm/stm32l4xx/STM32L4xx_HAL_Driver/Src/stm32l4xx_hal_rtc_ex.c **** 
2189:stm/stm32l4xx/STM32L4xx_HAL_Driver/Src/stm32l4xx_hal_rtc_ex.c **** /**
2190:stm/stm32l4xx/STM32L4xx_HAL_Driver/Src/stm32l4xx_hal_rtc_ex.c ****   * @brief  Handle Tamper 2 Polling.
2191:stm/stm32l4xx/STM32L4xx_HAL_Driver/Src/stm32l4xx_hal_rtc_ex.c ****   * @param  hrtc RTC handle
2192:stm/stm32l4xx/STM32L4xx_HAL_Driver/Src/stm32l4xx_hal_rtc_ex.c ****   * @param  Timeout Timeout duration
2193:stm/stm32l4xx/STM32L4xx_HAL_Driver/Src/stm32l4xx_hal_rtc_ex.c ****   * @retval HAL status
2194:stm/stm32l4xx/STM32L4xx_HAL_Driver/Src/stm32l4xx_hal_rtc_ex.c ****   */
2195:stm/stm32l4xx/STM32L4xx_HAL_Driver/Src/stm32l4xx_hal_rtc_ex.c **** HAL_StatusTypeDef HAL_RTCEx_PollForTamper2Event(RTC_HandleTypeDef *hrtc, uint32_t Timeout)
2196:stm/stm32l4xx/STM32L4xx_HAL_Driver/Src/stm32l4xx_hal_rtc_ex.c **** {
 3086              		.loc 1 2196 1 is_stmt 1 view -0
 3087              		.cfi_startproc
 3088              		@ args = 0, pretend = 0, frame = 0
 3089              		@ frame_needed = 0, uses_anonymous_args = 0
 3090              		.loc 1 2196 1 is_stmt 0 view .LVU1037
 3091 0000 70B5     		push	{r4, r5, r6, lr}
ARM GAS  /var/tmp//ccqDFXEw.s 			page 96


 3092              	.LCFI28:
 3093              		.cfi_def_cfa_offset 16
 3094              		.cfi_offset 4, -16
 3095              		.cfi_offset 5, -12
 3096              		.cfi_offset 6, -8
 3097              		.cfi_offset 14, -4
 3098 0002 0446     		mov	r4, r0
 3099 0004 0D46     		mov	r5, r1
2197:stm/stm32l4xx/STM32L4xx_HAL_Driver/Src/stm32l4xx_hal_rtc_ex.c ****   uint32_t tickstart = HAL_GetTick();
 3100              		.loc 1 2197 3 is_stmt 1 view .LVU1038
 3101              		.loc 1 2197 24 is_stmt 0 view .LVU1039
 3102 0006 FFF7FEFF 		bl	HAL_GetTick
 3103              	.LVL195:
 3104              		.loc 1 2197 24 view .LVU1040
 3105 000a 0646     		mov	r6, r0
 3106              	.LVL196:
2198:stm/stm32l4xx/STM32L4xx_HAL_Driver/Src/stm32l4xx_hal_rtc_ex.c **** 
2199:stm/stm32l4xx/STM32L4xx_HAL_Driver/Src/stm32l4xx_hal_rtc_ex.c ****   /* Get the status of the Interrupt */
2200:stm/stm32l4xx/STM32L4xx_HAL_Driver/Src/stm32l4xx_hal_rtc_ex.c ****   while (__HAL_RTC_TAMPER_GET_FLAG(hrtc, RTC_FLAG_TAMP2F) == 0U)
 3107              		.loc 1 2200 3 is_stmt 1 view .LVU1041
 3108              	.L230:
 3109              		.loc 1 2200 59 view .LVU1042
 3110              		.loc 1 2200 10 is_stmt 0 view .LVU1043
 3111 000c 2368     		ldr	r3, [r4]
 3112 000e DA68     		ldr	r2, [r3, #12]
 3113              		.loc 1 2200 59 view .LVU1044
 3114 0010 12F4804F 		tst	r2, #16384
 3115 0014 0DD1     		bne	.L235
2201:stm/stm32l4xx/STM32L4xx_HAL_Driver/Src/stm32l4xx_hal_rtc_ex.c ****   {
2202:stm/stm32l4xx/STM32L4xx_HAL_Driver/Src/stm32l4xx_hal_rtc_ex.c ****     if (Timeout != HAL_MAX_DELAY)
 3116              		.loc 1 2202 5 is_stmt 1 view .LVU1045
 3117              		.loc 1 2202 8 is_stmt 0 view .LVU1046
 3118 0016 B5F1FF3F 		cmp	r5, #-1
 3119 001a F7D0     		beq	.L230
2203:stm/stm32l4xx/STM32L4xx_HAL_Driver/Src/stm32l4xx_hal_rtc_ex.c ****     {
2204:stm/stm32l4xx/STM32L4xx_HAL_Driver/Src/stm32l4xx_hal_rtc_ex.c ****       if (((HAL_GetTick() - tickstart) > Timeout) || (Timeout == 0U))
 3120              		.loc 1 2204 7 is_stmt 1 view .LVU1047
 3121              		.loc 1 2204 13 is_stmt 0 view .LVU1048
 3122 001c FFF7FEFF 		bl	HAL_GetTick
 3123              	.LVL197:
 3124              		.loc 1 2204 27 view .LVU1049
 3125 0020 801B     		subs	r0, r0, r6
 3126              		.loc 1 2204 10 view .LVU1050
 3127 0022 A842     		cmp	r0, r5
 3128 0024 01D8     		bhi	.L231
 3129              		.loc 1 2204 51 discriminator 1 view .LVU1051
 3130 0026 002D     		cmp	r5, #0
 3131 0028 F0D1     		bne	.L230
 3132              	.L231:
2205:stm/stm32l4xx/STM32L4xx_HAL_Driver/Src/stm32l4xx_hal_rtc_ex.c ****       {
2206:stm/stm32l4xx/STM32L4xx_HAL_Driver/Src/stm32l4xx_hal_rtc_ex.c ****         hrtc->State = HAL_RTC_STATE_TIMEOUT;
 3133              		.loc 1 2206 9 is_stmt 1 view .LVU1052
 3134              		.loc 1 2206 21 is_stmt 0 view .LVU1053
 3135 002a 0320     		movs	r0, #3
 3136 002c 84F82100 		strb	r0, [r4, #33]
2207:stm/stm32l4xx/STM32L4xx_HAL_Driver/Src/stm32l4xx_hal_rtc_ex.c ****         return HAL_TIMEOUT;
 3137              		.loc 1 2207 9 is_stmt 1 view .LVU1054
ARM GAS  /var/tmp//ccqDFXEw.s 			page 97


 3138              		.loc 1 2207 16 is_stmt 0 view .LVU1055
 3139 0030 08E0     		b	.L232
 3140              	.L235:
2208:stm/stm32l4xx/STM32L4xx_HAL_Driver/Src/stm32l4xx_hal_rtc_ex.c ****       }
2209:stm/stm32l4xx/STM32L4xx_HAL_Driver/Src/stm32l4xx_hal_rtc_ex.c ****     }
2210:stm/stm32l4xx/STM32L4xx_HAL_Driver/Src/stm32l4xx_hal_rtc_ex.c ****   }
2211:stm/stm32l4xx/STM32L4xx_HAL_Driver/Src/stm32l4xx_hal_rtc_ex.c **** 
2212:stm/stm32l4xx/STM32L4xx_HAL_Driver/Src/stm32l4xx_hal_rtc_ex.c ****   /* Clear the Tamper Flag */
2213:stm/stm32l4xx/STM32L4xx_HAL_Driver/Src/stm32l4xx_hal_rtc_ex.c ****   __HAL_RTC_TAMPER_CLEAR_FLAG(hrtc, RTC_FLAG_TAMP2F);
 3141              		.loc 1 2213 3 is_stmt 1 view .LVU1056
 3142 0032 DA68     		ldr	r2, [r3, #12]
 3143 0034 D2B2     		uxtb	r2, r2
 3144 0036 62F48142 		orn	r2, r2, #16512
 3145 003a DA60     		str	r2, [r3, #12]
2214:stm/stm32l4xx/STM32L4xx_HAL_Driver/Src/stm32l4xx_hal_rtc_ex.c **** 
2215:stm/stm32l4xx/STM32L4xx_HAL_Driver/Src/stm32l4xx_hal_rtc_ex.c ****   /* Change RTC state */
2216:stm/stm32l4xx/STM32L4xx_HAL_Driver/Src/stm32l4xx_hal_rtc_ex.c ****   hrtc->State = HAL_RTC_STATE_READY;
 3146              		.loc 1 2216 3 view .LVU1057
 3147              		.loc 1 2216 15 is_stmt 0 view .LVU1058
 3148 003c 0123     		movs	r3, #1
 3149 003e 84F82130 		strb	r3, [r4, #33]
2217:stm/stm32l4xx/STM32L4xx_HAL_Driver/Src/stm32l4xx_hal_rtc_ex.c **** 
2218:stm/stm32l4xx/STM32L4xx_HAL_Driver/Src/stm32l4xx_hal_rtc_ex.c ****   return HAL_OK;
 3150              		.loc 1 2218 3 is_stmt 1 view .LVU1059
 3151              		.loc 1 2218 10 is_stmt 0 view .LVU1060
 3152 0042 0020     		movs	r0, #0
 3153              	.L232:
2219:stm/stm32l4xx/STM32L4xx_HAL_Driver/Src/stm32l4xx_hal_rtc_ex.c **** }
 3154              		.loc 1 2219 1 view .LVU1061
 3155 0044 70BD     		pop	{r4, r5, r6, pc}
 3156              		.loc 1 2219 1 view .LVU1062
 3157              		.cfi_endproc
 3158              	.LFE318:
 3160              		.section	.text.HAL_RTCEx_PollForTamper3Event,"ax",%progbits
 3161              		.align	1
 3162              		.global	HAL_RTCEx_PollForTamper3Event
 3163              		.syntax unified
 3164              		.thumb
 3165              		.thumb_func
 3167              	HAL_RTCEx_PollForTamper3Event:
 3168              	.LVL198:
 3169              	.LFB319:
2220:stm/stm32l4xx/STM32L4xx_HAL_Driver/Src/stm32l4xx_hal_rtc_ex.c **** 
2221:stm/stm32l4xx/STM32L4xx_HAL_Driver/Src/stm32l4xx_hal_rtc_ex.c **** #if defined(RTC_TAMPER3_SUPPORT)
2222:stm/stm32l4xx/STM32L4xx_HAL_Driver/Src/stm32l4xx_hal_rtc_ex.c **** /**
2223:stm/stm32l4xx/STM32L4xx_HAL_Driver/Src/stm32l4xx_hal_rtc_ex.c ****   * @brief  Handle Tamper 3 Polling.
2224:stm/stm32l4xx/STM32L4xx_HAL_Driver/Src/stm32l4xx_hal_rtc_ex.c ****   * @param  hrtc  RTC handle
2225:stm/stm32l4xx/STM32L4xx_HAL_Driver/Src/stm32l4xx_hal_rtc_ex.c ****   * @param  Timeout  Timeout duration
2226:stm/stm32l4xx/STM32L4xx_HAL_Driver/Src/stm32l4xx_hal_rtc_ex.c ****   * @retval HAL status
2227:stm/stm32l4xx/STM32L4xx_HAL_Driver/Src/stm32l4xx_hal_rtc_ex.c ****   */
2228:stm/stm32l4xx/STM32L4xx_HAL_Driver/Src/stm32l4xx_hal_rtc_ex.c **** HAL_StatusTypeDef HAL_RTCEx_PollForTamper3Event(RTC_HandleTypeDef *hrtc, uint32_t Timeout)
2229:stm/stm32l4xx/STM32L4xx_HAL_Driver/Src/stm32l4xx_hal_rtc_ex.c **** {
 3170              		.loc 1 2229 1 is_stmt 1 view -0
 3171              		.cfi_startproc
 3172              		@ args = 0, pretend = 0, frame = 0
 3173              		@ frame_needed = 0, uses_anonymous_args = 0
 3174              		.loc 1 2229 1 is_stmt 0 view .LVU1064
ARM GAS  /var/tmp//ccqDFXEw.s 			page 98


 3175 0000 70B5     		push	{r4, r5, r6, lr}
 3176              	.LCFI29:
 3177              		.cfi_def_cfa_offset 16
 3178              		.cfi_offset 4, -16
 3179              		.cfi_offset 5, -12
 3180              		.cfi_offset 6, -8
 3181              		.cfi_offset 14, -4
 3182 0002 0446     		mov	r4, r0
 3183 0004 0D46     		mov	r5, r1
2230:stm/stm32l4xx/STM32L4xx_HAL_Driver/Src/stm32l4xx_hal_rtc_ex.c ****   uint32_t tickstart = HAL_GetTick();
 3184              		.loc 1 2230 3 is_stmt 1 view .LVU1065
 3185              		.loc 1 2230 24 is_stmt 0 view .LVU1066
 3186 0006 FFF7FEFF 		bl	HAL_GetTick
 3187              	.LVL199:
 3188              		.loc 1 2230 24 view .LVU1067
 3189 000a 0646     		mov	r6, r0
 3190              	.LVL200:
2231:stm/stm32l4xx/STM32L4xx_HAL_Driver/Src/stm32l4xx_hal_rtc_ex.c **** 
2232:stm/stm32l4xx/STM32L4xx_HAL_Driver/Src/stm32l4xx_hal_rtc_ex.c ****   /* Get the status of the Interrupt */
2233:stm/stm32l4xx/STM32L4xx_HAL_Driver/Src/stm32l4xx_hal_rtc_ex.c ****   while (__HAL_RTC_TAMPER_GET_FLAG(hrtc, RTC_FLAG_TAMP3F) == 0U)
 3191              		.loc 1 2233 3 is_stmt 1 view .LVU1068
 3192              	.L238:
 3193              		.loc 1 2233 59 view .LVU1069
 3194              		.loc 1 2233 10 is_stmt 0 view .LVU1070
 3195 000c 2368     		ldr	r3, [r4]
 3196 000e DA68     		ldr	r2, [r3, #12]
 3197              		.loc 1 2233 59 view .LVU1071
 3198 0010 12F4004F 		tst	r2, #32768
 3199 0014 0CD1     		bne	.L243
2234:stm/stm32l4xx/STM32L4xx_HAL_Driver/Src/stm32l4xx_hal_rtc_ex.c ****   {
2235:stm/stm32l4xx/STM32L4xx_HAL_Driver/Src/stm32l4xx_hal_rtc_ex.c ****     if (Timeout != HAL_MAX_DELAY)
 3200              		.loc 1 2235 5 is_stmt 1 view .LVU1072
 3201              		.loc 1 2235 8 is_stmt 0 view .LVU1073
 3202 0016 B5F1FF3F 		cmp	r5, #-1
 3203 001a F7D0     		beq	.L238
2236:stm/stm32l4xx/STM32L4xx_HAL_Driver/Src/stm32l4xx_hal_rtc_ex.c ****     {
2237:stm/stm32l4xx/STM32L4xx_HAL_Driver/Src/stm32l4xx_hal_rtc_ex.c ****       if ((Timeout == 0) || ((HAL_GetTick() - tickstart) > Timeout))
 3204              		.loc 1 2237 7 is_stmt 1 view .LVU1074
 3205              		.loc 1 2237 10 is_stmt 0 view .LVU1075
 3206 001c 25B1     		cbz	r5, .L239
 3207              		.loc 1 2237 31 discriminator 1 view .LVU1076
 3208 001e FFF7FEFF 		bl	HAL_GetTick
 3209              	.LVL201:
 3210              		.loc 1 2237 45 discriminator 1 view .LVU1077
 3211 0022 801B     		subs	r0, r0, r6
 3212              		.loc 1 2237 26 discriminator 1 view .LVU1078
 3213 0024 A842     		cmp	r0, r5
 3214 0026 F1D9     		bls	.L238
 3215              	.L239:
2238:stm/stm32l4xx/STM32L4xx_HAL_Driver/Src/stm32l4xx_hal_rtc_ex.c ****       {
2239:stm/stm32l4xx/STM32L4xx_HAL_Driver/Src/stm32l4xx_hal_rtc_ex.c ****         hrtc->State = HAL_RTC_STATE_TIMEOUT;
 3216              		.loc 1 2239 9 is_stmt 1 view .LVU1079
 3217              		.loc 1 2239 21 is_stmt 0 view .LVU1080
 3218 0028 0320     		movs	r0, #3
 3219 002a 84F82100 		strb	r0, [r4, #33]
2240:stm/stm32l4xx/STM32L4xx_HAL_Driver/Src/stm32l4xx_hal_rtc_ex.c ****         return HAL_TIMEOUT;
 3220              		.loc 1 2240 9 is_stmt 1 view .LVU1081
ARM GAS  /var/tmp//ccqDFXEw.s 			page 99


 3221              		.loc 1 2240 16 is_stmt 0 view .LVU1082
 3222 002e 0EE0     		b	.L240
 3223              	.L243:
2241:stm/stm32l4xx/STM32L4xx_HAL_Driver/Src/stm32l4xx_hal_rtc_ex.c ****       }
2242:stm/stm32l4xx/STM32L4xx_HAL_Driver/Src/stm32l4xx_hal_rtc_ex.c ****     }
2243:stm/stm32l4xx/STM32L4xx_HAL_Driver/Src/stm32l4xx_hal_rtc_ex.c ****   }
2244:stm/stm32l4xx/STM32L4xx_HAL_Driver/Src/stm32l4xx_hal_rtc_ex.c **** 
2245:stm/stm32l4xx/STM32L4xx_HAL_Driver/Src/stm32l4xx_hal_rtc_ex.c ****   /* Clear the Tamper Flag */
2246:stm/stm32l4xx/STM32L4xx_HAL_Driver/Src/stm32l4xx_hal_rtc_ex.c ****   __HAL_RTC_TAMPER_CLEAR_FLAG(hrtc, RTC_FLAG_TAMP3F);
 3224              		.loc 1 2246 3 is_stmt 1 view .LVU1083
 3225 0030 DA68     		ldr	r2, [r3, #12]
 3226 0032 D2B2     		uxtb	r2, r2
 3227 0034 42F07F42 		orr	r2, r2, #-16777216
 3228 0038 42F47F02 		orr	r2, r2, #16711680
 3229 003c 42F4FE42 		orr	r2, r2, #32512
 3230 0040 42F07F02 		orr	r2, r2, #127
 3231 0044 DA60     		str	r2, [r3, #12]
2247:stm/stm32l4xx/STM32L4xx_HAL_Driver/Src/stm32l4xx_hal_rtc_ex.c **** 
2248:stm/stm32l4xx/STM32L4xx_HAL_Driver/Src/stm32l4xx_hal_rtc_ex.c ****   /* Change RTC state */
2249:stm/stm32l4xx/STM32L4xx_HAL_Driver/Src/stm32l4xx_hal_rtc_ex.c ****   hrtc->State = HAL_RTC_STATE_READY;
 3232              		.loc 1 2249 3 view .LVU1084
 3233              		.loc 1 2249 15 is_stmt 0 view .LVU1085
 3234 0046 0123     		movs	r3, #1
 3235 0048 84F82130 		strb	r3, [r4, #33]
2250:stm/stm32l4xx/STM32L4xx_HAL_Driver/Src/stm32l4xx_hal_rtc_ex.c **** 
2251:stm/stm32l4xx/STM32L4xx_HAL_Driver/Src/stm32l4xx_hal_rtc_ex.c ****   return HAL_OK;
 3236              		.loc 1 2251 3 is_stmt 1 view .LVU1086
 3237              		.loc 1 2251 10 is_stmt 0 view .LVU1087
 3238 004c 0020     		movs	r0, #0
 3239              	.L240:
2252:stm/stm32l4xx/STM32L4xx_HAL_Driver/Src/stm32l4xx_hal_rtc_ex.c **** }
 3240              		.loc 1 2252 1 view .LVU1088
 3241 004e 70BD     		pop	{r4, r5, r6, pc}
 3242              		.loc 1 2252 1 view .LVU1089
 3243              		.cfi_endproc
 3244              	.LFE319:
 3246              		.section	.text.HAL_RTCEx_Tamper1EventCallback,"ax",%progbits
 3247              		.align	1
 3248              		.weak	HAL_RTCEx_Tamper1EventCallback
 3249              		.syntax unified
 3250              		.thumb
 3251              		.thumb_func
 3253              	HAL_RTCEx_Tamper1EventCallback:
 3254              	.LVL202:
 3255              	.LFB320:
2253:stm/stm32l4xx/STM32L4xx_HAL_Driver/Src/stm32l4xx_hal_rtc_ex.c **** #endif /* RTC_TAMPER3_SUPPORT */
2254:stm/stm32l4xx/STM32L4xx_HAL_Driver/Src/stm32l4xx_hal_rtc_ex.c **** 
2255:stm/stm32l4xx/STM32L4xx_HAL_Driver/Src/stm32l4xx_hal_rtc_ex.c **** 
2256:stm/stm32l4xx/STM32L4xx_HAL_Driver/Src/stm32l4xx_hal_rtc_ex.c **** 
2257:stm/stm32l4xx/STM32L4xx_HAL_Driver/Src/stm32l4xx_hal_rtc_ex.c **** #if defined(RTC_TAMPER1_SUPPORT)
2258:stm/stm32l4xx/STM32L4xx_HAL_Driver/Src/stm32l4xx_hal_rtc_ex.c **** /**
2259:stm/stm32l4xx/STM32L4xx_HAL_Driver/Src/stm32l4xx_hal_rtc_ex.c ****   * @brief  Tamper 1 callback.
2260:stm/stm32l4xx/STM32L4xx_HAL_Driver/Src/stm32l4xx_hal_rtc_ex.c ****   * @param  hrtc RTC handle
2261:stm/stm32l4xx/STM32L4xx_HAL_Driver/Src/stm32l4xx_hal_rtc_ex.c ****   * @retval None
2262:stm/stm32l4xx/STM32L4xx_HAL_Driver/Src/stm32l4xx_hal_rtc_ex.c ****   */
2263:stm/stm32l4xx/STM32L4xx_HAL_Driver/Src/stm32l4xx_hal_rtc_ex.c **** __weak void HAL_RTCEx_Tamper1EventCallback(RTC_HandleTypeDef *hrtc)
2264:stm/stm32l4xx/STM32L4xx_HAL_Driver/Src/stm32l4xx_hal_rtc_ex.c **** {
ARM GAS  /var/tmp//ccqDFXEw.s 			page 100


 3256              		.loc 1 2264 1 is_stmt 1 view -0
 3257              		.cfi_startproc
 3258              		@ args = 0, pretend = 0, frame = 0
 3259              		@ frame_needed = 0, uses_anonymous_args = 0
 3260              		@ link register save eliminated.
2265:stm/stm32l4xx/STM32L4xx_HAL_Driver/Src/stm32l4xx_hal_rtc_ex.c ****   /* Prevent unused argument(s) compilation warning */
2266:stm/stm32l4xx/STM32L4xx_HAL_Driver/Src/stm32l4xx_hal_rtc_ex.c ****   UNUSED(hrtc);
 3261              		.loc 1 2266 3 view .LVU1091
2267:stm/stm32l4xx/STM32L4xx_HAL_Driver/Src/stm32l4xx_hal_rtc_ex.c **** 
2268:stm/stm32l4xx/STM32L4xx_HAL_Driver/Src/stm32l4xx_hal_rtc_ex.c ****   /* NOTE : This function should not be modified, when the callback is needed,
2269:stm/stm32l4xx/STM32L4xx_HAL_Driver/Src/stm32l4xx_hal_rtc_ex.c ****             the HAL_RTCEx_Tamper1EventCallback could be implemented in the user file
2270:stm/stm32l4xx/STM32L4xx_HAL_Driver/Src/stm32l4xx_hal_rtc_ex.c ****    */
2271:stm/stm32l4xx/STM32L4xx_HAL_Driver/Src/stm32l4xx_hal_rtc_ex.c **** }
 3262              		.loc 1 2271 1 is_stmt 0 view .LVU1092
 3263 0000 7047     		bx	lr
 3264              		.cfi_endproc
 3265              	.LFE320:
 3267              		.section	.text.HAL_RTCEx_Tamper2EventCallback,"ax",%progbits
 3268              		.align	1
 3269              		.weak	HAL_RTCEx_Tamper2EventCallback
 3270              		.syntax unified
 3271              		.thumb
 3272              		.thumb_func
 3274              	HAL_RTCEx_Tamper2EventCallback:
 3275              	.LVL203:
 3276              	.LFB321:
2272:stm/stm32l4xx/STM32L4xx_HAL_Driver/Src/stm32l4xx_hal_rtc_ex.c **** #endif /* RTC_TAMPER1_SUPPORT */
2273:stm/stm32l4xx/STM32L4xx_HAL_Driver/Src/stm32l4xx_hal_rtc_ex.c **** 
2274:stm/stm32l4xx/STM32L4xx_HAL_Driver/Src/stm32l4xx_hal_rtc_ex.c **** /**
2275:stm/stm32l4xx/STM32L4xx_HAL_Driver/Src/stm32l4xx_hal_rtc_ex.c ****   * @brief  Tamper 2 callback.
2276:stm/stm32l4xx/STM32L4xx_HAL_Driver/Src/stm32l4xx_hal_rtc_ex.c ****   * @param  hrtc RTC handle
2277:stm/stm32l4xx/STM32L4xx_HAL_Driver/Src/stm32l4xx_hal_rtc_ex.c ****   * @retval None
2278:stm/stm32l4xx/STM32L4xx_HAL_Driver/Src/stm32l4xx_hal_rtc_ex.c ****   */
2279:stm/stm32l4xx/STM32L4xx_HAL_Driver/Src/stm32l4xx_hal_rtc_ex.c **** __weak void HAL_RTCEx_Tamper2EventCallback(RTC_HandleTypeDef *hrtc)
2280:stm/stm32l4xx/STM32L4xx_HAL_Driver/Src/stm32l4xx_hal_rtc_ex.c **** {
 3277              		.loc 1 2280 1 is_stmt 1 view -0
 3278              		.cfi_startproc
 3279              		@ args = 0, pretend = 0, frame = 0
 3280              		@ frame_needed = 0, uses_anonymous_args = 0
 3281              		@ link register save eliminated.
2281:stm/stm32l4xx/STM32L4xx_HAL_Driver/Src/stm32l4xx_hal_rtc_ex.c ****   /* Prevent unused argument(s) compilation warning */
2282:stm/stm32l4xx/STM32L4xx_HAL_Driver/Src/stm32l4xx_hal_rtc_ex.c ****   UNUSED(hrtc);
 3282              		.loc 1 2282 3 view .LVU1094
2283:stm/stm32l4xx/STM32L4xx_HAL_Driver/Src/stm32l4xx_hal_rtc_ex.c **** 
2284:stm/stm32l4xx/STM32L4xx_HAL_Driver/Src/stm32l4xx_hal_rtc_ex.c ****   /* NOTE : This function should not be modified, when the callback is needed,
2285:stm/stm32l4xx/STM32L4xx_HAL_Driver/Src/stm32l4xx_hal_rtc_ex.c ****             the HAL_RTCEx_Tamper2EventCallback could be implemented in the user file
2286:stm/stm32l4xx/STM32L4xx_HAL_Driver/Src/stm32l4xx_hal_rtc_ex.c ****    */
2287:stm/stm32l4xx/STM32L4xx_HAL_Driver/Src/stm32l4xx_hal_rtc_ex.c **** }
 3283              		.loc 1 2287 1 is_stmt 0 view .LVU1095
 3284 0000 7047     		bx	lr
 3285              		.cfi_endproc
 3286              	.LFE321:
 3288              		.section	.text.HAL_RTCEx_Tamper3EventCallback,"ax",%progbits
 3289              		.align	1
 3290              		.weak	HAL_RTCEx_Tamper3EventCallback
 3291              		.syntax unified
 3292              		.thumb
ARM GAS  /var/tmp//ccqDFXEw.s 			page 101


 3293              		.thumb_func
 3295              	HAL_RTCEx_Tamper3EventCallback:
 3296              	.LVL204:
 3297              	.LFB322:
2288:stm/stm32l4xx/STM32L4xx_HAL_Driver/Src/stm32l4xx_hal_rtc_ex.c **** 
2289:stm/stm32l4xx/STM32L4xx_HAL_Driver/Src/stm32l4xx_hal_rtc_ex.c **** #if defined(RTC_TAMPER3_SUPPORT)
2290:stm/stm32l4xx/STM32L4xx_HAL_Driver/Src/stm32l4xx_hal_rtc_ex.c **** /**
2291:stm/stm32l4xx/STM32L4xx_HAL_Driver/Src/stm32l4xx_hal_rtc_ex.c ****   * @brief  Tamper 3 callback.
2292:stm/stm32l4xx/STM32L4xx_HAL_Driver/Src/stm32l4xx_hal_rtc_ex.c ****   * @param  hrtc RTC handle
2293:stm/stm32l4xx/STM32L4xx_HAL_Driver/Src/stm32l4xx_hal_rtc_ex.c ****   * @retval None
2294:stm/stm32l4xx/STM32L4xx_HAL_Driver/Src/stm32l4xx_hal_rtc_ex.c ****   */
2295:stm/stm32l4xx/STM32L4xx_HAL_Driver/Src/stm32l4xx_hal_rtc_ex.c **** __weak void HAL_RTCEx_Tamper3EventCallback(RTC_HandleTypeDef *hrtc)
2296:stm/stm32l4xx/STM32L4xx_HAL_Driver/Src/stm32l4xx_hal_rtc_ex.c **** {
 3298              		.loc 1 2296 1 is_stmt 1 view -0
 3299              		.cfi_startproc
 3300              		@ args = 0, pretend = 0, frame = 0
 3301              		@ frame_needed = 0, uses_anonymous_args = 0
 3302              		@ link register save eliminated.
2297:stm/stm32l4xx/STM32L4xx_HAL_Driver/Src/stm32l4xx_hal_rtc_ex.c ****   /* Prevent unused argument(s) compilation warning */
2298:stm/stm32l4xx/STM32L4xx_HAL_Driver/Src/stm32l4xx_hal_rtc_ex.c ****   UNUSED(hrtc);
 3303              		.loc 1 2298 3 view .LVU1097
2299:stm/stm32l4xx/STM32L4xx_HAL_Driver/Src/stm32l4xx_hal_rtc_ex.c **** 
2300:stm/stm32l4xx/STM32L4xx_HAL_Driver/Src/stm32l4xx_hal_rtc_ex.c ****   /* NOTE : This function should not be modified, when the callback is needed,
2301:stm/stm32l4xx/STM32L4xx_HAL_Driver/Src/stm32l4xx_hal_rtc_ex.c ****             the HAL_RTCEx_Tamper3EventCallback could be implemented in the user file
2302:stm/stm32l4xx/STM32L4xx_HAL_Driver/Src/stm32l4xx_hal_rtc_ex.c ****    */
2303:stm/stm32l4xx/STM32L4xx_HAL_Driver/Src/stm32l4xx_hal_rtc_ex.c **** }
 3304              		.loc 1 2303 1 is_stmt 0 view .LVU1098
 3305 0000 7047     		bx	lr
 3306              		.cfi_endproc
 3307              	.LFE322:
 3309              		.section	.text.HAL_RTCEx_TamperTimeStampIRQHandler,"ax",%progbits
 3310              		.align	1
 3311              		.global	HAL_RTCEx_TamperTimeStampIRQHandler
 3312              		.syntax unified
 3313              		.thumb
 3314              		.thumb_func
 3316              	HAL_RTCEx_TamperTimeStampIRQHandler:
 3317              	.LVL205:
 3318              	.LFB294:
 576:stm/stm32l4xx/STM32L4xx_HAL_Driver/Src/stm32l4xx_hal_rtc_ex.c ****   /* Clear the EXTI's Flag for RTC TimeStamp and Tamper */
 3319              		.loc 1 576 1 is_stmt 1 view -0
 3320              		.cfi_startproc
 3321              		@ args = 0, pretend = 0, frame = 0
 3322              		@ frame_needed = 0, uses_anonymous_args = 0
 576:stm/stm32l4xx/STM32L4xx_HAL_Driver/Src/stm32l4xx_hal_rtc_ex.c ****   /* Clear the EXTI's Flag for RTC TimeStamp and Tamper */
 3323              		.loc 1 576 1 is_stmt 0 view .LVU1100
 3324 0000 10B5     		push	{r4, lr}
 3325              	.LCFI30:
 3326              		.cfi_def_cfa_offset 8
 3327              		.cfi_offset 4, -8
 3328              		.cfi_offset 14, -4
 3329 0002 0446     		mov	r4, r0
 578:stm/stm32l4xx/STM32L4xx_HAL_Driver/Src/stm32l4xx_hal_rtc_ex.c **** 
 3330              		.loc 1 578 3 is_stmt 1 view .LVU1101
 3331 0004 2A4B     		ldr	r3, .L257
 3332 0006 4FF40022 		mov	r2, #524288
 3333 000a 5A61     		str	r2, [r3, #20]
ARM GAS  /var/tmp//ccqDFXEw.s 			page 102


 581:stm/stm32l4xx/STM32L4xx_HAL_Driver/Src/stm32l4xx_hal_rtc_ex.c ****   {
 3334              		.loc 1 581 3 view .LVU1102
 581:stm/stm32l4xx/STM32L4xx_HAL_Driver/Src/stm32l4xx_hal_rtc_ex.c ****   {
 3335              		.loc 1 581 7 is_stmt 0 view .LVU1103
 3336 000c 0368     		ldr	r3, [r0]
 3337 000e 9A68     		ldr	r2, [r3, #8]
 581:stm/stm32l4xx/STM32L4xx_HAL_Driver/Src/stm32l4xx_hal_rtc_ex.c ****   {
 3338              		.loc 1 581 6 view .LVU1104
 3339 0010 12F4004F 		tst	r2, #32768
 3340 0014 03D0     		beq	.L248
 583:stm/stm32l4xx/STM32L4xx_HAL_Driver/Src/stm32l4xx_hal_rtc_ex.c ****     {
 3341              		.loc 1 583 5 is_stmt 1 view .LVU1105
 583:stm/stm32l4xx/STM32L4xx_HAL_Driver/Src/stm32l4xx_hal_rtc_ex.c ****     {
 3342              		.loc 1 583 9 is_stmt 0 view .LVU1106
 3343 0016 DB68     		ldr	r3, [r3, #12]
 583:stm/stm32l4xx/STM32L4xx_HAL_Driver/Src/stm32l4xx_hal_rtc_ex.c ****     {
 3344              		.loc 1 583 8 view .LVU1107
 3345 0018 13F4006F 		tst	r3, #2048
 3346 001c 1ED1     		bne	.L253
 3347              	.LVL206:
 3348              	.L248:
 599:stm/stm32l4xx/STM32L4xx_HAL_Driver/Src/stm32l4xx_hal_rtc_ex.c ****   {
 3349              		.loc 1 599 3 is_stmt 1 view .LVU1108
 599:stm/stm32l4xx/STM32L4xx_HAL_Driver/Src/stm32l4xx_hal_rtc_ex.c ****   {
 3350              		.loc 1 599 7 is_stmt 0 view .LVU1109
 3351 001e 2268     		ldr	r2, [r4]
 3352 0020 116C     		ldr	r1, [r2, #64]
 3353 0022 244B     		ldr	r3, .L257+4
 3354 0024 0B40     		ands	r3, r3, r1
 599:stm/stm32l4xx/STM32L4xx_HAL_Driver/Src/stm32l4xx_hal_rtc_ex.c ****   {
 3355              		.loc 1 599 6 view .LVU1110
 3356 0026 1BB1     		cbz	r3, .L249
 601:stm/stm32l4xx/STM32L4xx_HAL_Driver/Src/stm32l4xx_hal_rtc_ex.c ****     {
 3357              		.loc 1 601 5 is_stmt 1 view .LVU1111
 601:stm/stm32l4xx/STM32L4xx_HAL_Driver/Src/stm32l4xx_hal_rtc_ex.c ****     {
 3358              		.loc 1 601 9 is_stmt 0 view .LVU1112
 3359 0028 D368     		ldr	r3, [r2, #12]
 601:stm/stm32l4xx/STM32L4xx_HAL_Driver/Src/stm32l4xx_hal_rtc_ex.c ****     {
 3360              		.loc 1 601 8 view .LVU1113
 3361 002a 13F4005F 		tst	r3, #8192
 3362 002e 1ED1     		bne	.L254
 3363              	.L249:
 617:stm/stm32l4xx/STM32L4xx_HAL_Driver/Src/stm32l4xx_hal_rtc_ex.c ****   {
 3364              		.loc 1 617 3 is_stmt 1 view .LVU1114
 617:stm/stm32l4xx/STM32L4xx_HAL_Driver/Src/stm32l4xx_hal_rtc_ex.c ****   {
 3365              		.loc 1 617 7 is_stmt 0 view .LVU1115
 3366 0030 2268     		ldr	r2, [r4]
 3367 0032 116C     		ldr	r1, [r2, #64]
 3368 0034 204B     		ldr	r3, .L257+8
 3369 0036 0B40     		ands	r3, r3, r1
 617:stm/stm32l4xx/STM32L4xx_HAL_Driver/Src/stm32l4xx_hal_rtc_ex.c ****   {
 3370              		.loc 1 617 6 view .LVU1116
 3371 0038 1BB1     		cbz	r3, .L250
 619:stm/stm32l4xx/STM32L4xx_HAL_Driver/Src/stm32l4xx_hal_rtc_ex.c ****     {
 3372              		.loc 1 619 5 is_stmt 1 view .LVU1117
 619:stm/stm32l4xx/STM32L4xx_HAL_Driver/Src/stm32l4xx_hal_rtc_ex.c ****     {
 3373              		.loc 1 619 9 is_stmt 0 view .LVU1118
ARM GAS  /var/tmp//ccqDFXEw.s 			page 103


 3374 003a D368     		ldr	r3, [r2, #12]
 619:stm/stm32l4xx/STM32L4xx_HAL_Driver/Src/stm32l4xx_hal_rtc_ex.c ****     {
 3375              		.loc 1 619 8 view .LVU1119
 3376 003c 13F4804F 		tst	r3, #16384
 3377 0040 1ED1     		bne	.L255
 3378              	.L250:
 635:stm/stm32l4xx/STM32L4xx_HAL_Driver/Src/stm32l4xx_hal_rtc_ex.c ****   {
 3379              		.loc 1 635 3 is_stmt 1 view .LVU1120
 635:stm/stm32l4xx/STM32L4xx_HAL_Driver/Src/stm32l4xx_hal_rtc_ex.c ****   {
 3380              		.loc 1 635 7 is_stmt 0 view .LVU1121
 3381 0042 2268     		ldr	r2, [r4]
 3382 0044 116C     		ldr	r1, [r2, #64]
 3383 0046 1D4B     		ldr	r3, .L257+12
 3384 0048 0B40     		ands	r3, r3, r1
 635:stm/stm32l4xx/STM32L4xx_HAL_Driver/Src/stm32l4xx_hal_rtc_ex.c ****   {
 3385              		.loc 1 635 6 view .LVU1122
 3386 004a 1BB1     		cbz	r3, .L251
 637:stm/stm32l4xx/STM32L4xx_HAL_Driver/Src/stm32l4xx_hal_rtc_ex.c ****     {
 3387              		.loc 1 637 5 is_stmt 1 view .LVU1123
 637:stm/stm32l4xx/STM32L4xx_HAL_Driver/Src/stm32l4xx_hal_rtc_ex.c ****     {
 3388              		.loc 1 637 9 is_stmt 0 view .LVU1124
 3389 004c D368     		ldr	r3, [r2, #12]
 637:stm/stm32l4xx/STM32L4xx_HAL_Driver/Src/stm32l4xx_hal_rtc_ex.c ****     {
 3390              		.loc 1 637 8 view .LVU1125
 3391 004e 13F4004F 		tst	r3, #32768
 3392 0052 1ED1     		bne	.L256
 3393              	.L251:
 653:stm/stm32l4xx/STM32L4xx_HAL_Driver/Src/stm32l4xx_hal_rtc_ex.c **** }
 3394              		.loc 1 653 3 is_stmt 1 view .LVU1126
 653:stm/stm32l4xx/STM32L4xx_HAL_Driver/Src/stm32l4xx_hal_rtc_ex.c **** }
 3395              		.loc 1 653 15 is_stmt 0 view .LVU1127
 3396 0054 0123     		movs	r3, #1
 3397 0056 84F82130 		strb	r3, [r4, #33]
 654:stm/stm32l4xx/STM32L4xx_HAL_Driver/Src/stm32l4xx_hal_rtc_ex.c **** #endif /* #if defined(STM32L412xx) || defined(STM32L422xx) || defined (STM32L4P5xx) || defined (STM
 3398              		.loc 1 654 1 view .LVU1128
 3399 005a 10BD     		pop	{r4, pc}
 3400              	.LVL207:
 3401              	.L253:
 589:stm/stm32l4xx/STM32L4xx_HAL_Driver/Src/stm32l4xx_hal_rtc_ex.c **** #endif /* (USE_HAL_RTC_REGISTER_CALLBACKS == 1) */
 3402              		.loc 1 589 7 is_stmt 1 view .LVU1129
 3403 005c FFF7FEFF 		bl	HAL_RTCEx_TimeStampEventCallback
 3404              	.LVL208:
 593:stm/stm32l4xx/STM32L4xx_HAL_Driver/Src/stm32l4xx_hal_rtc_ex.c ****     }
 3405              		.loc 1 593 7 view .LVU1130
 3406 0060 2268     		ldr	r2, [r4]
 3407 0062 D368     		ldr	r3, [r2, #12]
 3408 0064 DBB2     		uxtb	r3, r3
 3409 0066 63F40863 		orn	r3, r3, #2176
 3410 006a D360     		str	r3, [r2, #12]
 3411 006c D7E7     		b	.L248
 3412              	.L254:
 604:stm/stm32l4xx/STM32L4xx_HAL_Driver/Src/stm32l4xx_hal_rtc_ex.c **** 
 3413              		.loc 1 604 7 view .LVU1131
 3414 006e D368     		ldr	r3, [r2, #12]
 3415 0070 DBB2     		uxtb	r3, r3
 3416 0072 63F40253 		orn	r3, r3, #8320
 3417 0076 D360     		str	r3, [r2, #12]
ARM GAS  /var/tmp//ccqDFXEw.s 			page 104


 610:stm/stm32l4xx/STM32L4xx_HAL_Driver/Src/stm32l4xx_hal_rtc_ex.c **** #endif /* (USE_HAL_RTC_REGISTER_CALLBACKS == 1) */
 3418              		.loc 1 610 7 view .LVU1132
 3419 0078 2046     		mov	r0, r4
 3420 007a FFF7FEFF 		bl	HAL_RTCEx_Tamper1EventCallback
 3421              	.LVL209:
 3422 007e D7E7     		b	.L249
 3423              	.L255:
 622:stm/stm32l4xx/STM32L4xx_HAL_Driver/Src/stm32l4xx_hal_rtc_ex.c **** 
 3424              		.loc 1 622 7 view .LVU1133
 3425 0080 D368     		ldr	r3, [r2, #12]
 3426 0082 DBB2     		uxtb	r3, r3
 3427 0084 63F48143 		orn	r3, r3, #16512
 3428 0088 D360     		str	r3, [r2, #12]
 628:stm/stm32l4xx/STM32L4xx_HAL_Driver/Src/stm32l4xx_hal_rtc_ex.c **** #endif /* (USE_HAL_RTC_REGISTER_CALLBACKS == 1) */
 3429              		.loc 1 628 7 view .LVU1134
 3430 008a 2046     		mov	r0, r4
 3431 008c FFF7FEFF 		bl	HAL_RTCEx_Tamper2EventCallback
 3432              	.LVL210:
 3433 0090 D7E7     		b	.L250
 3434              	.L256:
 640:stm/stm32l4xx/STM32L4xx_HAL_Driver/Src/stm32l4xx_hal_rtc_ex.c **** 
 3435              		.loc 1 640 7 view .LVU1135
 3436 0092 D368     		ldr	r3, [r2, #12]
 3437 0094 DBB2     		uxtb	r3, r3
 3438 0096 43F07F43 		orr	r3, r3, #-16777216
 3439 009a 43F47F03 		orr	r3, r3, #16711680
 3440 009e 43F4FE43 		orr	r3, r3, #32512
 3441 00a2 43F07F03 		orr	r3, r3, #127
 3442 00a6 D360     		str	r3, [r2, #12]
 646:stm/stm32l4xx/STM32L4xx_HAL_Driver/Src/stm32l4xx_hal_rtc_ex.c **** #endif /* USE_HAL_RTC_REGISTER_CALLBACKS */
 3443              		.loc 1 646 7 view .LVU1136
 3444 00a8 2046     		mov	r0, r4
 3445 00aa FFF7FEFF 		bl	HAL_RTCEx_Tamper3EventCallback
 3446              	.LVL211:
 3447 00ae D1E7     		b	.L251
 3448              	.L258:
 3449              		.align	2
 3450              	.L257:
 3451 00b0 00040140 		.word	1073808384
 3452 00b4 04000100 		.word	65540
 3453 00b8 04000800 		.word	524292
 3454 00bc 04004000 		.word	4194308
 3455              		.cfi_endproc
 3456              	.LFE294:
 3458              		.section	.text.HAL_RTCEx_BKUPWrite,"ax",%progbits
 3459              		.align	1
 3460              		.global	HAL_RTCEx_BKUPWrite
 3461              		.syntax unified
 3462              		.thumb
 3463              		.thumb_func
 3465              	HAL_RTCEx_BKUPWrite:
 3466              	.LVL212:
 3467              	.LFB323:
2304:stm/stm32l4xx/STM32L4xx_HAL_Driver/Src/stm32l4xx_hal_rtc_ex.c **** #endif /* RTC_TAMPER3_SUPPORT */
2305:stm/stm32l4xx/STM32L4xx_HAL_Driver/Src/stm32l4xx_hal_rtc_ex.c **** 
2306:stm/stm32l4xx/STM32L4xx_HAL_Driver/Src/stm32l4xx_hal_rtc_ex.c **** /**
2307:stm/stm32l4xx/STM32L4xx_HAL_Driver/Src/stm32l4xx_hal_rtc_ex.c ****   * @}
ARM GAS  /var/tmp//ccqDFXEw.s 			page 105


2308:stm/stm32l4xx/STM32L4xx_HAL_Driver/Src/stm32l4xx_hal_rtc_ex.c ****   */
2309:stm/stm32l4xx/STM32L4xx_HAL_Driver/Src/stm32l4xx_hal_rtc_ex.c **** 
2310:stm/stm32l4xx/STM32L4xx_HAL_Driver/Src/stm32l4xx_hal_rtc_ex.c **** 
2311:stm/stm32l4xx/STM32L4xx_HAL_Driver/Src/stm32l4xx_hal_rtc_ex.c **** /** @addtogroup RTCEx_Exported_Functions_Group6
2312:stm/stm32l4xx/STM32L4xx_HAL_Driver/Src/stm32l4xx_hal_rtc_ex.c ****   * @brief      Extended RTC Backup register functions
2313:stm/stm32l4xx/STM32L4xx_HAL_Driver/Src/stm32l4xx_hal_rtc_ex.c ****   *
2314:stm/stm32l4xx/STM32L4xx_HAL_Driver/Src/stm32l4xx_hal_rtc_ex.c **** @verbatim
2315:stm/stm32l4xx/STM32L4xx_HAL_Driver/Src/stm32l4xx_hal_rtc_ex.c ****   ===============================================================================
2316:stm/stm32l4xx/STM32L4xx_HAL_Driver/Src/stm32l4xx_hal_rtc_ex.c ****              ##### Extended RTC Backup register functions #####
2317:stm/stm32l4xx/STM32L4xx_HAL_Driver/Src/stm32l4xx_hal_rtc_ex.c ****   ===============================================================================
2318:stm/stm32l4xx/STM32L4xx_HAL_Driver/Src/stm32l4xx_hal_rtc_ex.c ****   [..]
2319:stm/stm32l4xx/STM32L4xx_HAL_Driver/Src/stm32l4xx_hal_rtc_ex.c ****    (+) Before calling any tamper or internal tamper function, you have to call first
2320:stm/stm32l4xx/STM32L4xx_HAL_Driver/Src/stm32l4xx_hal_rtc_ex.c ****        HAL_RTC_Init() function.
2321:stm/stm32l4xx/STM32L4xx_HAL_Driver/Src/stm32l4xx_hal_rtc_ex.c ****    (+) In that ine you can select to output tamper event on RTC pin.
2322:stm/stm32l4xx/STM32L4xx_HAL_Driver/Src/stm32l4xx_hal_rtc_ex.c ****   [..]
2323:stm/stm32l4xx/STM32L4xx_HAL_Driver/Src/stm32l4xx_hal_rtc_ex.c ****    This subsection provides functions allowing to
2324:stm/stm32l4xx/STM32L4xx_HAL_Driver/Src/stm32l4xx_hal_rtc_ex.c ****    (+) Write a data in a specified RTC Backup data register
2325:stm/stm32l4xx/STM32L4xx_HAL_Driver/Src/stm32l4xx_hal_rtc_ex.c ****    (+) Read a data in a specified RTC Backup data register
2326:stm/stm32l4xx/STM32L4xx_HAL_Driver/Src/stm32l4xx_hal_rtc_ex.c **** @endverbatim
2327:stm/stm32l4xx/STM32L4xx_HAL_Driver/Src/stm32l4xx_hal_rtc_ex.c ****   * @{
2328:stm/stm32l4xx/STM32L4xx_HAL_Driver/Src/stm32l4xx_hal_rtc_ex.c ****   */
2329:stm/stm32l4xx/STM32L4xx_HAL_Driver/Src/stm32l4xx_hal_rtc_ex.c **** 
2330:stm/stm32l4xx/STM32L4xx_HAL_Driver/Src/stm32l4xx_hal_rtc_ex.c **** 
2331:stm/stm32l4xx/STM32L4xx_HAL_Driver/Src/stm32l4xx_hal_rtc_ex.c **** /**
2332:stm/stm32l4xx/STM32L4xx_HAL_Driver/Src/stm32l4xx_hal_rtc_ex.c ****   * @brief  Write a data in a specified RTC Backup data register.
2333:stm/stm32l4xx/STM32L4xx_HAL_Driver/Src/stm32l4xx_hal_rtc_ex.c ****   * @param  hrtc RTC handle
2334:stm/stm32l4xx/STM32L4xx_HAL_Driver/Src/stm32l4xx_hal_rtc_ex.c ****   * @param  BackupRegister RTC Backup data Register number.
2335:stm/stm32l4xx/STM32L4xx_HAL_Driver/Src/stm32l4xx_hal_rtc_ex.c ****   *          This parameter can be: RTC_BKP_DRx where x can be from 0 to 31 to
2336:stm/stm32l4xx/STM32L4xx_HAL_Driver/Src/stm32l4xx_hal_rtc_ex.c ****   *          specify the register.
2337:stm/stm32l4xx/STM32L4xx_HAL_Driver/Src/stm32l4xx_hal_rtc_ex.c ****   * @param  Data Data to be written in the specified Backup data register.
2338:stm/stm32l4xx/STM32L4xx_HAL_Driver/Src/stm32l4xx_hal_rtc_ex.c ****   * @retval None
2339:stm/stm32l4xx/STM32L4xx_HAL_Driver/Src/stm32l4xx_hal_rtc_ex.c ****   */
2340:stm/stm32l4xx/STM32L4xx_HAL_Driver/Src/stm32l4xx_hal_rtc_ex.c **** void HAL_RTCEx_BKUPWrite(RTC_HandleTypeDef *hrtc, uint32_t BackupRegister, uint32_t Data)
2341:stm/stm32l4xx/STM32L4xx_HAL_Driver/Src/stm32l4xx_hal_rtc_ex.c **** {
 3468              		.loc 1 2341 1 view -0
 3469              		.cfi_startproc
 3470              		@ args = 0, pretend = 0, frame = 8
 3471              		@ frame_needed = 0, uses_anonymous_args = 0
 3472              		@ link register save eliminated.
 3473              		.loc 1 2341 1 is_stmt 0 view .LVU1138
 3474 0000 82B0     		sub	sp, sp, #8
 3475              	.LCFI31:
 3476              		.cfi_def_cfa_offset 8
2342:stm/stm32l4xx/STM32L4xx_HAL_Driver/Src/stm32l4xx_hal_rtc_ex.c ****   uint32_t __IO tmp;
 3477              		.loc 1 2342 3 is_stmt 1 view .LVU1139
2343:stm/stm32l4xx/STM32L4xx_HAL_Driver/Src/stm32l4xx_hal_rtc_ex.c **** #if defined(STM32L412xx) || defined(STM32L422xx) || defined (STM32L4P5xx) || defined (STM32L4Q5xx)
2344:stm/stm32l4xx/STM32L4xx_HAL_Driver/Src/stm32l4xx_hal_rtc_ex.c ****   /* Process TAMP instance pointer */
2345:stm/stm32l4xx/STM32L4xx_HAL_Driver/Src/stm32l4xx_hal_rtc_ex.c ****   TAMP_TypeDef *tamp = (TAMP_TypeDef *)((uint32_t)hrtc->Instance + hrtc->TampOffset);
2346:stm/stm32l4xx/STM32L4xx_HAL_Driver/Src/stm32l4xx_hal_rtc_ex.c **** 
2347:stm/stm32l4xx/STM32L4xx_HAL_Driver/Src/stm32l4xx_hal_rtc_ex.c ****   /* Check the parameters */
2348:stm/stm32l4xx/STM32L4xx_HAL_Driver/Src/stm32l4xx_hal_rtc_ex.c ****   assert_param(IS_RTC_BKP(BackupRegister));
2349:stm/stm32l4xx/STM32L4xx_HAL_Driver/Src/stm32l4xx_hal_rtc_ex.c **** 
2350:stm/stm32l4xx/STM32L4xx_HAL_Driver/Src/stm32l4xx_hal_rtc_ex.c ****   tmp = (uint32_t) & (tamp->BKP0R);
2351:stm/stm32l4xx/STM32L4xx_HAL_Driver/Src/stm32l4xx_hal_rtc_ex.c **** #else /* #if defined(STM32L412xx) || defined(STM32L422xx) || defined (STM32L4P5xx) || defined (STM3
2352:stm/stm32l4xx/STM32L4xx_HAL_Driver/Src/stm32l4xx_hal_rtc_ex.c ****   /* Check the parameters */
2353:stm/stm32l4xx/STM32L4xx_HAL_Driver/Src/stm32l4xx_hal_rtc_ex.c ****   assert_param(IS_RTC_BKP(BackupRegister));
 3478              		.loc 1 2353 3 view .LVU1140
ARM GAS  /var/tmp//ccqDFXEw.s 			page 106


2354:stm/stm32l4xx/STM32L4xx_HAL_Driver/Src/stm32l4xx_hal_rtc_ex.c **** 
2355:stm/stm32l4xx/STM32L4xx_HAL_Driver/Src/stm32l4xx_hal_rtc_ex.c ****   tmp = (uint32_t) & (hrtc->Instance->BKP0R);
 3479              		.loc 1 2355 3 view .LVU1141
 3480              		.loc 1 2355 27 is_stmt 0 view .LVU1142
 3481 0002 0368     		ldr	r3, [r0]
 3482              		.loc 1 2355 20 view .LVU1143
 3483 0004 5033     		adds	r3, r3, #80
 3484              		.loc 1 2355 7 view .LVU1144
 3485 0006 0193     		str	r3, [sp, #4]
2356:stm/stm32l4xx/STM32L4xx_HAL_Driver/Src/stm32l4xx_hal_rtc_ex.c **** #endif /* #if defined(STM32L412xx) || defined(STM32L422xx) || defined (STM32L4P5xx) || defined (STM
2357:stm/stm32l4xx/STM32L4xx_HAL_Driver/Src/stm32l4xx_hal_rtc_ex.c **** 
2358:stm/stm32l4xx/STM32L4xx_HAL_Driver/Src/stm32l4xx_hal_rtc_ex.c ****   tmp += (BackupRegister * 4U);
 3486              		.loc 1 2358 3 is_stmt 1 view .LVU1145
 3487              		.loc 1 2358 7 is_stmt 0 view .LVU1146
 3488 0008 019B     		ldr	r3, [sp, #4]
 3489 000a 03EB8103 		add	r3, r3, r1, lsl #2
 3490 000e 0193     		str	r3, [sp, #4]
2359:stm/stm32l4xx/STM32L4xx_HAL_Driver/Src/stm32l4xx_hal_rtc_ex.c **** 
2360:stm/stm32l4xx/STM32L4xx_HAL_Driver/Src/stm32l4xx_hal_rtc_ex.c ****   /* Write the specified register */
2361:stm/stm32l4xx/STM32L4xx_HAL_Driver/Src/stm32l4xx_hal_rtc_ex.c ****   *(__IO uint32_t *)tmp = (uint32_t)Data;
 3491              		.loc 1 2361 3 is_stmt 1 view .LVU1147
 3492              		.loc 1 2361 4 is_stmt 0 view .LVU1148
 3493 0010 019B     		ldr	r3, [sp, #4]
 3494              		.loc 1 2361 25 view .LVU1149
 3495 0012 1A60     		str	r2, [r3]
2362:stm/stm32l4xx/STM32L4xx_HAL_Driver/Src/stm32l4xx_hal_rtc_ex.c **** }
 3496              		.loc 1 2362 1 view .LVU1150
 3497 0014 02B0     		add	sp, sp, #8
 3498              	.LCFI32:
 3499              		.cfi_def_cfa_offset 0
 3500              		@ sp needed
 3501 0016 7047     		bx	lr
 3502              		.cfi_endproc
 3503              	.LFE323:
 3505              		.section	.text.HAL_RTCEx_BKUPRead,"ax",%progbits
 3506              		.align	1
 3507              		.global	HAL_RTCEx_BKUPRead
 3508              		.syntax unified
 3509              		.thumb
 3510              		.thumb_func
 3512              	HAL_RTCEx_BKUPRead:
 3513              	.LVL213:
 3514              	.LFB324:
2363:stm/stm32l4xx/STM32L4xx_HAL_Driver/Src/stm32l4xx_hal_rtc_ex.c **** 
2364:stm/stm32l4xx/STM32L4xx_HAL_Driver/Src/stm32l4xx_hal_rtc_ex.c **** 
2365:stm/stm32l4xx/STM32L4xx_HAL_Driver/Src/stm32l4xx_hal_rtc_ex.c **** /**
2366:stm/stm32l4xx/STM32L4xx_HAL_Driver/Src/stm32l4xx_hal_rtc_ex.c ****   * @brief  Read data from the specified RTC Backup data Register.
2367:stm/stm32l4xx/STM32L4xx_HAL_Driver/Src/stm32l4xx_hal_rtc_ex.c ****   * @param  hrtc RTC handle
2368:stm/stm32l4xx/STM32L4xx_HAL_Driver/Src/stm32l4xx_hal_rtc_ex.c ****   * @param  BackupRegister  RTC Backup data Register number.
2369:stm/stm32l4xx/STM32L4xx_HAL_Driver/Src/stm32l4xx_hal_rtc_ex.c ****   *         This parameter can be: RTC_BKP_DRx where x can be from 0 to 31 to
2370:stm/stm32l4xx/STM32L4xx_HAL_Driver/Src/stm32l4xx_hal_rtc_ex.c ****   *         specify the register.
2371:stm/stm32l4xx/STM32L4xx_HAL_Driver/Src/stm32l4xx_hal_rtc_ex.c ****   * @retval Read value
2372:stm/stm32l4xx/STM32L4xx_HAL_Driver/Src/stm32l4xx_hal_rtc_ex.c ****   */
2373:stm/stm32l4xx/STM32L4xx_HAL_Driver/Src/stm32l4xx_hal_rtc_ex.c **** uint32_t HAL_RTCEx_BKUPRead(RTC_HandleTypeDef *hrtc, uint32_t BackupRegister)
2374:stm/stm32l4xx/STM32L4xx_HAL_Driver/Src/stm32l4xx_hal_rtc_ex.c **** {
 3515              		.loc 1 2374 1 is_stmt 1 view -0
 3516              		.cfi_startproc
ARM GAS  /var/tmp//ccqDFXEw.s 			page 107


 3517              		@ args = 0, pretend = 0, frame = 0
 3518              		@ frame_needed = 0, uses_anonymous_args = 0
 3519              		@ link register save eliminated.
2375:stm/stm32l4xx/STM32L4xx_HAL_Driver/Src/stm32l4xx_hal_rtc_ex.c ****   uint32_t tmp;
 3520              		.loc 1 2375 3 view .LVU1152
2376:stm/stm32l4xx/STM32L4xx_HAL_Driver/Src/stm32l4xx_hal_rtc_ex.c **** #if defined(STM32L412xx) || defined(STM32L422xx) || defined (STM32L4P5xx) || defined (STM32L4Q5xx)
2377:stm/stm32l4xx/STM32L4xx_HAL_Driver/Src/stm32l4xx_hal_rtc_ex.c ****   /* Process TAMP instance pointer */
2378:stm/stm32l4xx/STM32L4xx_HAL_Driver/Src/stm32l4xx_hal_rtc_ex.c ****   TAMP_TypeDef *tamp = (TAMP_TypeDef *)((uint32_t)hrtc->Instance + hrtc->TampOffset);
2379:stm/stm32l4xx/STM32L4xx_HAL_Driver/Src/stm32l4xx_hal_rtc_ex.c **** 
2380:stm/stm32l4xx/STM32L4xx_HAL_Driver/Src/stm32l4xx_hal_rtc_ex.c ****   /* Check the parameters */
2381:stm/stm32l4xx/STM32L4xx_HAL_Driver/Src/stm32l4xx_hal_rtc_ex.c ****   assert_param(IS_RTC_BKP(BackupRegister));
2382:stm/stm32l4xx/STM32L4xx_HAL_Driver/Src/stm32l4xx_hal_rtc_ex.c **** 
2383:stm/stm32l4xx/STM32L4xx_HAL_Driver/Src/stm32l4xx_hal_rtc_ex.c ****   tmp = (uint32_t) & (tamp->BKP0R);
2384:stm/stm32l4xx/STM32L4xx_HAL_Driver/Src/stm32l4xx_hal_rtc_ex.c **** #else /* #if defined(STM32L412xx) || defined(STM32L422xx) || defined (STM32L4P5xx) || defined (STM3
2385:stm/stm32l4xx/STM32L4xx_HAL_Driver/Src/stm32l4xx_hal_rtc_ex.c ****   /* Check the parameters */
2386:stm/stm32l4xx/STM32L4xx_HAL_Driver/Src/stm32l4xx_hal_rtc_ex.c ****   assert_param(IS_RTC_BKP(BackupRegister));
 3521              		.loc 1 2386 3 view .LVU1153
2387:stm/stm32l4xx/STM32L4xx_HAL_Driver/Src/stm32l4xx_hal_rtc_ex.c **** 
2388:stm/stm32l4xx/STM32L4xx_HAL_Driver/Src/stm32l4xx_hal_rtc_ex.c ****   tmp = (uint32_t) & (hrtc->Instance->BKP0R);
 3522              		.loc 1 2388 3 view .LVU1154
 3523              		.loc 1 2388 27 is_stmt 0 view .LVU1155
 3524 0000 0368     		ldr	r3, [r0]
 3525              		.loc 1 2388 20 view .LVU1156
 3526 0002 5033     		adds	r3, r3, #80
 3527              	.LVL214:
2389:stm/stm32l4xx/STM32L4xx_HAL_Driver/Src/stm32l4xx_hal_rtc_ex.c **** #endif /* #if defined(STM32L412xx) || defined(STM32L422xx) || defined (STM32L4P5xx) || defined (STM
2390:stm/stm32l4xx/STM32L4xx_HAL_Driver/Src/stm32l4xx_hal_rtc_ex.c **** 
2391:stm/stm32l4xx/STM32L4xx_HAL_Driver/Src/stm32l4xx_hal_rtc_ex.c ****   tmp += (BackupRegister * 4U);
 3528              		.loc 1 2391 3 is_stmt 1 view .LVU1157
2392:stm/stm32l4xx/STM32L4xx_HAL_Driver/Src/stm32l4xx_hal_rtc_ex.c **** 
2393:stm/stm32l4xx/STM32L4xx_HAL_Driver/Src/stm32l4xx_hal_rtc_ex.c ****   /* Read the specified register */
2394:stm/stm32l4xx/STM32L4xx_HAL_Driver/Src/stm32l4xx_hal_rtc_ex.c ****   return (*(__IO uint32_t *)tmp);
 3529              		.loc 1 2394 3 view .LVU1158
 3530              		.loc 1 2394 11 is_stmt 0 view .LVU1159
 3531 0004 53F82100 		ldr	r0, [r3, r1, lsl #2]
 3532              	.LVL215:
2395:stm/stm32l4xx/STM32L4xx_HAL_Driver/Src/stm32l4xx_hal_rtc_ex.c **** }
 3533              		.loc 1 2395 1 view .LVU1160
 3534 0008 7047     		bx	lr
 3535              		.cfi_endproc
 3536              	.LFE324:
 3538              		.text
 3539              	.Letext0:
 3540              		.file 2 "/nix/store/wlyks4zmr4x2sj2nrg9xhhdmjyhqk7ql-gcc-arm-embedded-12.2.rel1/arm-none-eabi/incl
 3541              		.file 3 "/nix/store/wlyks4zmr4x2sj2nrg9xhhdmjyhqk7ql-gcc-arm-embedded-12.2.rel1/arm-none-eabi/incl
 3542              		.file 4 "stm/stm32l4xx/CMSIS/Device/ST/STM32L4xx/Include/stm32l431xx.h"
 3543              		.file 5 "stm/stm32l4xx/STM32L4xx_HAL_Driver/Inc/stm32l4xx_hal_def.h"
 3544              		.file 6 "stm/stm32l4xx/STM32L4xx_HAL_Driver/Inc/stm32l4xx_hal_rtc.h"
 3545              		.file 7 "stm/stm32l4xx/STM32L4xx_HAL_Driver/Inc/stm32l4xx_hal_rtc_ex.h"
 3546              		.file 8 "stm/stm32l4xx/STM32L4xx_HAL_Driver/Inc/stm32l4xx_hal.h"
ARM GAS  /var/tmp//ccqDFXEw.s 			page 108


DEFINED SYMBOLS
                            *ABS*:0000000000000000 stm32l4xx_hal_rtc_ex.c
/var/tmp//ccqDFXEw.s:21     .text.HAL_RTCEx_SetTimeStamp:0000000000000000 $t
/var/tmp//ccqDFXEw.s:27     .text.HAL_RTCEx_SetTimeStamp:0000000000000000 HAL_RTCEx_SetTimeStamp
/var/tmp//ccqDFXEw.s:130    .text.HAL_RTCEx_SetTimeStamp_IT:0000000000000000 $t
/var/tmp//ccqDFXEw.s:136    .text.HAL_RTCEx_SetTimeStamp_IT:0000000000000000 HAL_RTCEx_SetTimeStamp_IT
/var/tmp//ccqDFXEw.s:252    .text.HAL_RTCEx_SetTimeStamp_IT:0000000000000074 $d
/var/tmp//ccqDFXEw.s:257    .text.HAL_RTCEx_DeactivateTimeStamp:0000000000000000 $t
/var/tmp//ccqDFXEw.s:263    .text.HAL_RTCEx_DeactivateTimeStamp:0000000000000000 HAL_RTCEx_DeactivateTimeStamp
/var/tmp//ccqDFXEw.s:348    .text.HAL_RTCEx_SetInternalTimeStamp:0000000000000000 $t
/var/tmp//ccqDFXEw.s:354    .text.HAL_RTCEx_SetInternalTimeStamp:0000000000000000 HAL_RTCEx_SetInternalTimeStamp
/var/tmp//ccqDFXEw.s:421    .text.HAL_RTCEx_DeactivateInternalTimeStamp:0000000000000000 $t
/var/tmp//ccqDFXEw.s:427    .text.HAL_RTCEx_DeactivateInternalTimeStamp:0000000000000000 HAL_RTCEx_DeactivateInternalTimeStamp
/var/tmp//ccqDFXEw.s:494    .text.HAL_RTCEx_GetTimeStamp:0000000000000000 $t
/var/tmp//ccqDFXEw.s:500    .text.HAL_RTCEx_GetTimeStamp:0000000000000000 HAL_RTCEx_GetTimeStamp
/var/tmp//ccqDFXEw.s:650    .text.HAL_RTCEx_GetTimeStamp:0000000000000094 $d
/var/tmp//ccqDFXEw.s:655    .text.HAL_RTCEx_TimeStampEventCallback:0000000000000000 $t
/var/tmp//ccqDFXEw.s:661    .text.HAL_RTCEx_TimeStampEventCallback:0000000000000000 HAL_RTCEx_TimeStampEventCallback
/var/tmp//ccqDFXEw.s:676    .text.HAL_RTCEx_PollForTimeStampEvent:0000000000000000 $t
/var/tmp//ccqDFXEw.s:682    .text.HAL_RTCEx_PollForTimeStampEvent:0000000000000000 HAL_RTCEx_PollForTimeStampEvent
/var/tmp//ccqDFXEw.s:775    .text.HAL_RTCEx_SetWakeUpTimer:0000000000000000 $t
/var/tmp//ccqDFXEw.s:781    .text.HAL_RTCEx_SetWakeUpTimer:0000000000000000 HAL_RTCEx_SetWakeUpTimer
/var/tmp//ccqDFXEw.s:933    .text.HAL_RTCEx_SetWakeUpTimer_IT:0000000000000000 $t
/var/tmp//ccqDFXEw.s:939    .text.HAL_RTCEx_SetWakeUpTimer_IT:0000000000000000 HAL_RTCEx_SetWakeUpTimer_IT
/var/tmp//ccqDFXEw.s:1112   .text.HAL_RTCEx_SetWakeUpTimer_IT:00000000000000c8 $d
/var/tmp//ccqDFXEw.s:1117   .text.HAL_RTCEx_DeactivateWakeUpTimer:0000000000000000 $t
/var/tmp//ccqDFXEw.s:1123   .text.HAL_RTCEx_DeactivateWakeUpTimer:0000000000000000 HAL_RTCEx_DeactivateWakeUpTimer
/var/tmp//ccqDFXEw.s:1247   .text.HAL_RTCEx_GetWakeUpTimer:0000000000000000 $t
/var/tmp//ccqDFXEw.s:1253   .text.HAL_RTCEx_GetWakeUpTimer:0000000000000000 HAL_RTCEx_GetWakeUpTimer
/var/tmp//ccqDFXEw.s:1274   .text.HAL_RTCEx_WakeUpTimerEventCallback:0000000000000000 $t
/var/tmp//ccqDFXEw.s:1280   .text.HAL_RTCEx_WakeUpTimerEventCallback:0000000000000000 HAL_RTCEx_WakeUpTimerEventCallback
/var/tmp//ccqDFXEw.s:1295   .text.HAL_RTCEx_WakeUpTimerIRQHandler:0000000000000000 $t
/var/tmp//ccqDFXEw.s:1301   .text.HAL_RTCEx_WakeUpTimerIRQHandler:0000000000000000 HAL_RTCEx_WakeUpTimerIRQHandler
/var/tmp//ccqDFXEw.s:1349   .text.HAL_RTCEx_WakeUpTimerIRQHandler:0000000000000030 $d
/var/tmp//ccqDFXEw.s:1354   .text.HAL_RTCEx_PollForWakeUpTimerEvent:0000000000000000 $t
/var/tmp//ccqDFXEw.s:1360   .text.HAL_RTCEx_PollForWakeUpTimerEvent:0000000000000000 HAL_RTCEx_PollForWakeUpTimerEvent
/var/tmp//ccqDFXEw.s:1438   .text.HAL_RTCEx_SetSmoothCalib:0000000000000000 $t
/var/tmp//ccqDFXEw.s:1444   .text.HAL_RTCEx_SetSmoothCalib:0000000000000000 HAL_RTCEx_SetSmoothCalib
/var/tmp//ccqDFXEw.s:1594   .text.HAL_RTCEx_SetSynchroShift:0000000000000000 $t
/var/tmp//ccqDFXEw.s:1600   .text.HAL_RTCEx_SetSynchroShift:0000000000000000 HAL_RTCEx_SetSynchroShift
/var/tmp//ccqDFXEw.s:1802   .text.HAL_RTCEx_SetCalibrationOutPut:0000000000000000 $t
/var/tmp//ccqDFXEw.s:1808   .text.HAL_RTCEx_SetCalibrationOutPut:0000000000000000 HAL_RTCEx_SetCalibrationOutPut
/var/tmp//ccqDFXEw.s:1903   .text.HAL_RTCEx_DeactivateCalibrationOutPut:0000000000000000 $t
/var/tmp//ccqDFXEw.s:1909   .text.HAL_RTCEx_DeactivateCalibrationOutPut:0000000000000000 HAL_RTCEx_DeactivateCalibrationOutPut
/var/tmp//ccqDFXEw.s:1976   .text.HAL_RTCEx_SetRefClock:0000000000000000 $t
/var/tmp//ccqDFXEw.s:1982   .text.HAL_RTCEx_SetRefClock:0000000000000000 HAL_RTCEx_SetRefClock
/var/tmp//ccqDFXEw.s:2081   .text.HAL_RTCEx_DeactivateRefClock:0000000000000000 $t
/var/tmp//ccqDFXEw.s:2087   .text.HAL_RTCEx_DeactivateRefClock:0000000000000000 HAL_RTCEx_DeactivateRefClock
/var/tmp//ccqDFXEw.s:2186   .text.HAL_RTCEx_EnableBypassShadow:0000000000000000 $t
/var/tmp//ccqDFXEw.s:2192   .text.HAL_RTCEx_EnableBypassShadow:0000000000000000 HAL_RTCEx_EnableBypassShadow
/var/tmp//ccqDFXEw.s:2259   .text.HAL_RTCEx_DisableBypassShadow:0000000000000000 $t
/var/tmp//ccqDFXEw.s:2265   .text.HAL_RTCEx_DisableBypassShadow:0000000000000000 HAL_RTCEx_DisableBypassShadow
/var/tmp//ccqDFXEw.s:2331   .text.HAL_RTCEx_DisableBypassShadow:0000000000000044 $d
/var/tmp//ccqDFXEw.s:2336   .text.HAL_RTCEx_AlarmBEventCallback:0000000000000000 $t
/var/tmp//ccqDFXEw.s:2342   .text.HAL_RTCEx_AlarmBEventCallback:0000000000000000 HAL_RTCEx_AlarmBEventCallback
/var/tmp//ccqDFXEw.s:2357   .text.HAL_RTCEx_PollForAlarmBEvent:0000000000000000 $t
/var/tmp//ccqDFXEw.s:2363   .text.HAL_RTCEx_PollForAlarmBEvent:0000000000000000 HAL_RTCEx_PollForAlarmBEvent
ARM GAS  /var/tmp//ccqDFXEw.s 			page 109


/var/tmp//ccqDFXEw.s:2441   .text.HAL_RTCEx_SetTamper:0000000000000000 $t
/var/tmp//ccqDFXEw.s:2447   .text.HAL_RTCEx_SetTamper:0000000000000000 HAL_RTCEx_SetTamper
/var/tmp//ccqDFXEw.s:2659   .text.HAL_RTCEx_SetTamper_IT:0000000000000000 $t
/var/tmp//ccqDFXEw.s:2665   .text.HAL_RTCEx_SetTamper_IT:0000000000000000 HAL_RTCEx_SetTamper_IT
/var/tmp//ccqDFXEw.s:2883   .text.HAL_RTCEx_SetTamper_IT:0000000000000114 $d
/var/tmp//ccqDFXEw.s:2888   .text.HAL_RTCEx_DeactivateTamper:0000000000000000 $t
/var/tmp//ccqDFXEw.s:2894   .text.HAL_RTCEx_DeactivateTamper:0000000000000000 HAL_RTCEx_DeactivateTamper
/var/tmp//ccqDFXEw.s:2993   .text.HAL_RTCEx_PollForTamper1Event:0000000000000000 $t
/var/tmp//ccqDFXEw.s:2999   .text.HAL_RTCEx_PollForTamper1Event:0000000000000000 HAL_RTCEx_PollForTamper1Event
/var/tmp//ccqDFXEw.s:3077   .text.HAL_RTCEx_PollForTamper2Event:0000000000000000 $t
/var/tmp//ccqDFXEw.s:3083   .text.HAL_RTCEx_PollForTamper2Event:0000000000000000 HAL_RTCEx_PollForTamper2Event
/var/tmp//ccqDFXEw.s:3161   .text.HAL_RTCEx_PollForTamper3Event:0000000000000000 $t
/var/tmp//ccqDFXEw.s:3167   .text.HAL_RTCEx_PollForTamper3Event:0000000000000000 HAL_RTCEx_PollForTamper3Event
/var/tmp//ccqDFXEw.s:3247   .text.HAL_RTCEx_Tamper1EventCallback:0000000000000000 $t
/var/tmp//ccqDFXEw.s:3253   .text.HAL_RTCEx_Tamper1EventCallback:0000000000000000 HAL_RTCEx_Tamper1EventCallback
/var/tmp//ccqDFXEw.s:3268   .text.HAL_RTCEx_Tamper2EventCallback:0000000000000000 $t
/var/tmp//ccqDFXEw.s:3274   .text.HAL_RTCEx_Tamper2EventCallback:0000000000000000 HAL_RTCEx_Tamper2EventCallback
/var/tmp//ccqDFXEw.s:3289   .text.HAL_RTCEx_Tamper3EventCallback:0000000000000000 $t
/var/tmp//ccqDFXEw.s:3295   .text.HAL_RTCEx_Tamper3EventCallback:0000000000000000 HAL_RTCEx_Tamper3EventCallback
/var/tmp//ccqDFXEw.s:3310   .text.HAL_RTCEx_TamperTimeStampIRQHandler:0000000000000000 $t
/var/tmp//ccqDFXEw.s:3316   .text.HAL_RTCEx_TamperTimeStampIRQHandler:0000000000000000 HAL_RTCEx_TamperTimeStampIRQHandler
/var/tmp//ccqDFXEw.s:3451   .text.HAL_RTCEx_TamperTimeStampIRQHandler:00000000000000b0 $d
/var/tmp//ccqDFXEw.s:3459   .text.HAL_RTCEx_BKUPWrite:0000000000000000 $t
/var/tmp//ccqDFXEw.s:3465   .text.HAL_RTCEx_BKUPWrite:0000000000000000 HAL_RTCEx_BKUPWrite
/var/tmp//ccqDFXEw.s:3506   .text.HAL_RTCEx_BKUPRead:0000000000000000 $t
/var/tmp//ccqDFXEw.s:3512   .text.HAL_RTCEx_BKUPRead:0000000000000000 HAL_RTCEx_BKUPRead

UNDEFINED SYMBOLS
RTC_Bcd2ToByte
HAL_GetTick
HAL_RTC_WaitForSynchro
RTC_EnterInitMode
RTC_ExitInitMode
