ARM GAS  /var/tmp//ccYgLLN5.s 			page 1


   1              		.cpu cortex-m4
   2              		.arch armv7e-m
   3              		.fpu fpv4-sp-d16
   4              		.eabi_attribute 27, 1
   5              		.eabi_attribute 28, 1
   6              		.eabi_attribute 20, 1
   7              		.eabi_attribute 21, 1
   8              		.eabi_attribute 23, 3
   9              		.eabi_attribute 24, 1
  10              		.eabi_attribute 25, 1
  11              		.eabi_attribute 26, 1
  12              		.eabi_attribute 30, 1
  13              		.eabi_attribute 34, 1
  14              		.eabi_attribute 18, 4
  15              		.file	"stm32l4xx_hal_tim_ex.c"
  16              		.text
  17              	.Ltext0:
  18              		.cfi_sections	.debug_frame
  19              		.file 1 "stm/stm32l4xx/STM32L4xx_HAL_Driver/Src/stm32l4xx_hal_tim_ex.c"
  20              		.section	.text.TIM_CCxNChannelCmd,"ax",%progbits
  21              		.align	1
  22              		.syntax unified
  23              		.thumb
  24              		.thumb_func
  26              	TIM_CCxNChannelCmd:
  27              	.LVL0:
  28              	.LFB332:
   1:stm/stm32l4xx/STM32L4xx_HAL_Driver/Src/stm32l4xx_hal_tim_ex.c **** /**
   2:stm/stm32l4xx/STM32L4xx_HAL_Driver/Src/stm32l4xx_hal_tim_ex.c ****   ******************************************************************************
   3:stm/stm32l4xx/STM32L4xx_HAL_Driver/Src/stm32l4xx_hal_tim_ex.c ****   * @file    stm32l4xx_hal_tim_ex.c
   4:stm/stm32l4xx/STM32L4xx_HAL_Driver/Src/stm32l4xx_hal_tim_ex.c ****   * @author  MCD Application Team
   5:stm/stm32l4xx/STM32L4xx_HAL_Driver/Src/stm32l4xx_hal_tim_ex.c ****   * @brief   TIM HAL module driver.
   6:stm/stm32l4xx/STM32L4xx_HAL_Driver/Src/stm32l4xx_hal_tim_ex.c ****   *          This file provides firmware functions to manage the following
   7:stm/stm32l4xx/STM32L4xx_HAL_Driver/Src/stm32l4xx_hal_tim_ex.c ****   *          functionalities of the Timer Extended peripheral:
   8:stm/stm32l4xx/STM32L4xx_HAL_Driver/Src/stm32l4xx_hal_tim_ex.c ****   *           + Time Hall Sensor Interface Initialization
   9:stm/stm32l4xx/STM32L4xx_HAL_Driver/Src/stm32l4xx_hal_tim_ex.c ****   *           + Time Hall Sensor Interface Start
  10:stm/stm32l4xx/STM32L4xx_HAL_Driver/Src/stm32l4xx_hal_tim_ex.c ****   *           + Time Complementary signal break and dead time configuration
  11:stm/stm32l4xx/STM32L4xx_HAL_Driver/Src/stm32l4xx_hal_tim_ex.c ****   *           + Time Master and Slave synchronization configuration
  12:stm/stm32l4xx/STM32L4xx_HAL_Driver/Src/stm32l4xx_hal_tim_ex.c ****   *           + Time Output Compare/PWM Channel Configuration (for channels 5 and 6)
  13:stm/stm32l4xx/STM32L4xx_HAL_Driver/Src/stm32l4xx_hal_tim_ex.c ****   *           + Time OCRef clear configuration
  14:stm/stm32l4xx/STM32L4xx_HAL_Driver/Src/stm32l4xx_hal_tim_ex.c ****   *           + Timer remapping capabilities configuration
  15:stm/stm32l4xx/STM32L4xx_HAL_Driver/Src/stm32l4xx_hal_tim_ex.c ****   ******************************************************************************
  16:stm/stm32l4xx/STM32L4xx_HAL_Driver/Src/stm32l4xx_hal_tim_ex.c ****   * @attention
  17:stm/stm32l4xx/STM32L4xx_HAL_Driver/Src/stm32l4xx_hal_tim_ex.c ****   *
  18:stm/stm32l4xx/STM32L4xx_HAL_Driver/Src/stm32l4xx_hal_tim_ex.c ****   * Copyright (c) 2017 STMicroelectronics.
  19:stm/stm32l4xx/STM32L4xx_HAL_Driver/Src/stm32l4xx_hal_tim_ex.c ****   * All rights reserved.
  20:stm/stm32l4xx/STM32L4xx_HAL_Driver/Src/stm32l4xx_hal_tim_ex.c ****   *
  21:stm/stm32l4xx/STM32L4xx_HAL_Driver/Src/stm32l4xx_hal_tim_ex.c ****   * This software is licensed under terms that can be found in the LICENSE file
  22:stm/stm32l4xx/STM32L4xx_HAL_Driver/Src/stm32l4xx_hal_tim_ex.c ****   * in the root directory of this software component.
  23:stm/stm32l4xx/STM32L4xx_HAL_Driver/Src/stm32l4xx_hal_tim_ex.c ****   * If no LICENSE file comes with this software, it is provided AS-IS.
  24:stm/stm32l4xx/STM32L4xx_HAL_Driver/Src/stm32l4xx_hal_tim_ex.c ****   *
  25:stm/stm32l4xx/STM32L4xx_HAL_Driver/Src/stm32l4xx_hal_tim_ex.c ****   ******************************************************************************
  26:stm/stm32l4xx/STM32L4xx_HAL_Driver/Src/stm32l4xx_hal_tim_ex.c ****   @verbatim
  27:stm/stm32l4xx/STM32L4xx_HAL_Driver/Src/stm32l4xx_hal_tim_ex.c ****   ==============================================================================
  28:stm/stm32l4xx/STM32L4xx_HAL_Driver/Src/stm32l4xx_hal_tim_ex.c ****                       ##### TIMER Extended features #####
  29:stm/stm32l4xx/STM32L4xx_HAL_Driver/Src/stm32l4xx_hal_tim_ex.c ****   ==============================================================================
  30:stm/stm32l4xx/STM32L4xx_HAL_Driver/Src/stm32l4xx_hal_tim_ex.c ****   [..]
ARM GAS  /var/tmp//ccYgLLN5.s 			page 2


  31:stm/stm32l4xx/STM32L4xx_HAL_Driver/Src/stm32l4xx_hal_tim_ex.c ****     The Timer Extended features include:
  32:stm/stm32l4xx/STM32L4xx_HAL_Driver/Src/stm32l4xx_hal_tim_ex.c ****     (#) Complementary outputs with programmable dead-time for :
  33:stm/stm32l4xx/STM32L4xx_HAL_Driver/Src/stm32l4xx_hal_tim_ex.c ****         (++) Output Compare
  34:stm/stm32l4xx/STM32L4xx_HAL_Driver/Src/stm32l4xx_hal_tim_ex.c ****         (++) PWM generation (Edge and Center-aligned Mode)
  35:stm/stm32l4xx/STM32L4xx_HAL_Driver/Src/stm32l4xx_hal_tim_ex.c ****         (++) One-pulse mode output
  36:stm/stm32l4xx/STM32L4xx_HAL_Driver/Src/stm32l4xx_hal_tim_ex.c ****     (#) Synchronization circuit to control the timer with external signals and to
  37:stm/stm32l4xx/STM32L4xx_HAL_Driver/Src/stm32l4xx_hal_tim_ex.c ****         interconnect several timers together.
  38:stm/stm32l4xx/STM32L4xx_HAL_Driver/Src/stm32l4xx_hal_tim_ex.c ****     (#) Break input to put the timer output signals in reset state or in a known state.
  39:stm/stm32l4xx/STM32L4xx_HAL_Driver/Src/stm32l4xx_hal_tim_ex.c ****     (#) Supports incremental (quadrature) encoder and hall-sensor circuitry for
  40:stm/stm32l4xx/STM32L4xx_HAL_Driver/Src/stm32l4xx_hal_tim_ex.c ****         positioning purposes
  41:stm/stm32l4xx/STM32L4xx_HAL_Driver/Src/stm32l4xx_hal_tim_ex.c **** 
  42:stm/stm32l4xx/STM32L4xx_HAL_Driver/Src/stm32l4xx_hal_tim_ex.c ****             ##### How to use this driver #####
  43:stm/stm32l4xx/STM32L4xx_HAL_Driver/Src/stm32l4xx_hal_tim_ex.c ****   ==============================================================================
  44:stm/stm32l4xx/STM32L4xx_HAL_Driver/Src/stm32l4xx_hal_tim_ex.c ****     [..]
  45:stm/stm32l4xx/STM32L4xx_HAL_Driver/Src/stm32l4xx_hal_tim_ex.c ****      (#) Initialize the TIM low level resources by implementing the following functions
  46:stm/stm32l4xx/STM32L4xx_HAL_Driver/Src/stm32l4xx_hal_tim_ex.c ****          depending on the selected feature:
  47:stm/stm32l4xx/STM32L4xx_HAL_Driver/Src/stm32l4xx_hal_tim_ex.c ****            (++) Hall Sensor output : HAL_TIMEx_HallSensor_MspInit()
  48:stm/stm32l4xx/STM32L4xx_HAL_Driver/Src/stm32l4xx_hal_tim_ex.c **** 
  49:stm/stm32l4xx/STM32L4xx_HAL_Driver/Src/stm32l4xx_hal_tim_ex.c ****      (#) Initialize the TIM low level resources :
  50:stm/stm32l4xx/STM32L4xx_HAL_Driver/Src/stm32l4xx_hal_tim_ex.c ****         (##) Enable the TIM interface clock using __HAL_RCC_TIMx_CLK_ENABLE();
  51:stm/stm32l4xx/STM32L4xx_HAL_Driver/Src/stm32l4xx_hal_tim_ex.c ****         (##) TIM pins configuration
  52:stm/stm32l4xx/STM32L4xx_HAL_Driver/Src/stm32l4xx_hal_tim_ex.c ****             (+++) Enable the clock for the TIM GPIOs using the following function:
  53:stm/stm32l4xx/STM32L4xx_HAL_Driver/Src/stm32l4xx_hal_tim_ex.c ****               __HAL_RCC_GPIOx_CLK_ENABLE();
  54:stm/stm32l4xx/STM32L4xx_HAL_Driver/Src/stm32l4xx_hal_tim_ex.c ****             (+++) Configure these TIM pins in Alternate function mode using HAL_GPIO_Init();
  55:stm/stm32l4xx/STM32L4xx_HAL_Driver/Src/stm32l4xx_hal_tim_ex.c **** 
  56:stm/stm32l4xx/STM32L4xx_HAL_Driver/Src/stm32l4xx_hal_tim_ex.c ****      (#) The external Clock can be configured, if needed (the default clock is the
  57:stm/stm32l4xx/STM32L4xx_HAL_Driver/Src/stm32l4xx_hal_tim_ex.c ****          internal clock from the APBx), using the following function:
  58:stm/stm32l4xx/STM32L4xx_HAL_Driver/Src/stm32l4xx_hal_tim_ex.c ****          HAL_TIM_ConfigClockSource, the clock configuration should be done before
  59:stm/stm32l4xx/STM32L4xx_HAL_Driver/Src/stm32l4xx_hal_tim_ex.c ****          any start function.
  60:stm/stm32l4xx/STM32L4xx_HAL_Driver/Src/stm32l4xx_hal_tim_ex.c **** 
  61:stm/stm32l4xx/STM32L4xx_HAL_Driver/Src/stm32l4xx_hal_tim_ex.c ****      (#) Configure the TIM in the desired functioning mode using one of the
  62:stm/stm32l4xx/STM32L4xx_HAL_Driver/Src/stm32l4xx_hal_tim_ex.c ****          initialization function of this driver:
  63:stm/stm32l4xx/STM32L4xx_HAL_Driver/Src/stm32l4xx_hal_tim_ex.c ****           (++) HAL_TIMEx_HallSensor_Init() and HAL_TIMEx_ConfigCommutEvent(): to use the
  64:stm/stm32l4xx/STM32L4xx_HAL_Driver/Src/stm32l4xx_hal_tim_ex.c ****                Timer Hall Sensor Interface and the commutation event with the corresponding
  65:stm/stm32l4xx/STM32L4xx_HAL_Driver/Src/stm32l4xx_hal_tim_ex.c ****                Interrupt and DMA request if needed (Note that One Timer is used to interface
  66:stm/stm32l4xx/STM32L4xx_HAL_Driver/Src/stm32l4xx_hal_tim_ex.c ****                with the Hall sensor Interface and another Timer should be used to use
  67:stm/stm32l4xx/STM32L4xx_HAL_Driver/Src/stm32l4xx_hal_tim_ex.c ****                the commutation event).
  68:stm/stm32l4xx/STM32L4xx_HAL_Driver/Src/stm32l4xx_hal_tim_ex.c **** 
  69:stm/stm32l4xx/STM32L4xx_HAL_Driver/Src/stm32l4xx_hal_tim_ex.c ****      (#) Activate the TIM peripheral using one of the start functions:
  70:stm/stm32l4xx/STM32L4xx_HAL_Driver/Src/stm32l4xx_hal_tim_ex.c ****            (++) Complementary Output Compare : HAL_TIMEx_OCN_Start(), HAL_TIMEx_OCN_Start_DMA(),
  71:stm/stm32l4xx/STM32L4xx_HAL_Driver/Src/stm32l4xx_hal_tim_ex.c ****                 HAL_TIMEx_OCN_Start_IT()
  72:stm/stm32l4xx/STM32L4xx_HAL_Driver/Src/stm32l4xx_hal_tim_ex.c ****            (++) Complementary PWM generation : HAL_TIMEx_PWMN_Start(), HAL_TIMEx_PWMN_Start_DMA(),
  73:stm/stm32l4xx/STM32L4xx_HAL_Driver/Src/stm32l4xx_hal_tim_ex.c ****                 HAL_TIMEx_PWMN_Start_IT()
  74:stm/stm32l4xx/STM32L4xx_HAL_Driver/Src/stm32l4xx_hal_tim_ex.c ****            (++) Complementary One-pulse mode output : HAL_TIMEx_OnePulseN_Start(), HAL_TIMEx_OnePul
  75:stm/stm32l4xx/STM32L4xx_HAL_Driver/Src/stm32l4xx_hal_tim_ex.c ****            (++) Hall Sensor output : HAL_TIMEx_HallSensor_Start(), HAL_TIMEx_HallSensor_Start_DMA()
  76:stm/stm32l4xx/STM32L4xx_HAL_Driver/Src/stm32l4xx_hal_tim_ex.c ****                 HAL_TIMEx_HallSensor_Start_IT().
  77:stm/stm32l4xx/STM32L4xx_HAL_Driver/Src/stm32l4xx_hal_tim_ex.c **** 
  78:stm/stm32l4xx/STM32L4xx_HAL_Driver/Src/stm32l4xx_hal_tim_ex.c ****   @endverbatim
  79:stm/stm32l4xx/STM32L4xx_HAL_Driver/Src/stm32l4xx_hal_tim_ex.c ****   ******************************************************************************
  80:stm/stm32l4xx/STM32L4xx_HAL_Driver/Src/stm32l4xx_hal_tim_ex.c ****   */
  81:stm/stm32l4xx/STM32L4xx_HAL_Driver/Src/stm32l4xx_hal_tim_ex.c **** 
  82:stm/stm32l4xx/STM32L4xx_HAL_Driver/Src/stm32l4xx_hal_tim_ex.c **** /* Includes ------------------------------------------------------------------*/
  83:stm/stm32l4xx/STM32L4xx_HAL_Driver/Src/stm32l4xx_hal_tim_ex.c **** #include "stm32l4xx_hal.h"
  84:stm/stm32l4xx/STM32L4xx_HAL_Driver/Src/stm32l4xx_hal_tim_ex.c **** 
  85:stm/stm32l4xx/STM32L4xx_HAL_Driver/Src/stm32l4xx_hal_tim_ex.c **** /** @addtogroup STM32L4xx_HAL_Driver
  86:stm/stm32l4xx/STM32L4xx_HAL_Driver/Src/stm32l4xx_hal_tim_ex.c ****   * @{
  87:stm/stm32l4xx/STM32L4xx_HAL_Driver/Src/stm32l4xx_hal_tim_ex.c ****   */
ARM GAS  /var/tmp//ccYgLLN5.s 			page 3


  88:stm/stm32l4xx/STM32L4xx_HAL_Driver/Src/stm32l4xx_hal_tim_ex.c **** 
  89:stm/stm32l4xx/STM32L4xx_HAL_Driver/Src/stm32l4xx_hal_tim_ex.c **** /** @defgroup TIMEx TIMEx
  90:stm/stm32l4xx/STM32L4xx_HAL_Driver/Src/stm32l4xx_hal_tim_ex.c ****   * @brief TIM Extended HAL module driver
  91:stm/stm32l4xx/STM32L4xx_HAL_Driver/Src/stm32l4xx_hal_tim_ex.c ****   * @{
  92:stm/stm32l4xx/STM32L4xx_HAL_Driver/Src/stm32l4xx_hal_tim_ex.c ****   */
  93:stm/stm32l4xx/STM32L4xx_HAL_Driver/Src/stm32l4xx_hal_tim_ex.c **** 
  94:stm/stm32l4xx/STM32L4xx_HAL_Driver/Src/stm32l4xx_hal_tim_ex.c **** #ifdef HAL_TIM_MODULE_ENABLED
  95:stm/stm32l4xx/STM32L4xx_HAL_Driver/Src/stm32l4xx_hal_tim_ex.c **** 
  96:stm/stm32l4xx/STM32L4xx_HAL_Driver/Src/stm32l4xx_hal_tim_ex.c **** /* Private typedef -----------------------------------------------------------*/
  97:stm/stm32l4xx/STM32L4xx_HAL_Driver/Src/stm32l4xx_hal_tim_ex.c **** /* Private define ------------------------------------------------------------*/
  98:stm/stm32l4xx/STM32L4xx_HAL_Driver/Src/stm32l4xx_hal_tim_ex.c **** /* Private macros ------------------------------------------------------------*/
  99:stm/stm32l4xx/STM32L4xx_HAL_Driver/Src/stm32l4xx_hal_tim_ex.c **** /* Private variables ---------------------------------------------------------*/
 100:stm/stm32l4xx/STM32L4xx_HAL_Driver/Src/stm32l4xx_hal_tim_ex.c **** /* Private function prototypes -----------------------------------------------*/
 101:stm/stm32l4xx/STM32L4xx_HAL_Driver/Src/stm32l4xx_hal_tim_ex.c **** static void TIM_DMADelayPulseNCplt(DMA_HandleTypeDef *hdma);
 102:stm/stm32l4xx/STM32L4xx_HAL_Driver/Src/stm32l4xx_hal_tim_ex.c **** static void TIM_DMAErrorCCxN(DMA_HandleTypeDef *hdma);
 103:stm/stm32l4xx/STM32L4xx_HAL_Driver/Src/stm32l4xx_hal_tim_ex.c **** static void TIM_CCxNChannelCmd(TIM_TypeDef *TIMx, uint32_t Channel, uint32_t ChannelNState);
 104:stm/stm32l4xx/STM32L4xx_HAL_Driver/Src/stm32l4xx_hal_tim_ex.c **** 
 105:stm/stm32l4xx/STM32L4xx_HAL_Driver/Src/stm32l4xx_hal_tim_ex.c **** /* Exported functions --------------------------------------------------------*/
 106:stm/stm32l4xx/STM32L4xx_HAL_Driver/Src/stm32l4xx_hal_tim_ex.c **** /** @defgroup TIMEx_Exported_Functions TIM Extended Exported Functions
 107:stm/stm32l4xx/STM32L4xx_HAL_Driver/Src/stm32l4xx_hal_tim_ex.c ****   * @{
 108:stm/stm32l4xx/STM32L4xx_HAL_Driver/Src/stm32l4xx_hal_tim_ex.c ****   */
 109:stm/stm32l4xx/STM32L4xx_HAL_Driver/Src/stm32l4xx_hal_tim_ex.c **** 
 110:stm/stm32l4xx/STM32L4xx_HAL_Driver/Src/stm32l4xx_hal_tim_ex.c **** /** @defgroup TIMEx_Exported_Functions_Group1 Extended Timer Hall Sensor functions
 111:stm/stm32l4xx/STM32L4xx_HAL_Driver/Src/stm32l4xx_hal_tim_ex.c ****   * @brief    Timer Hall Sensor functions
 112:stm/stm32l4xx/STM32L4xx_HAL_Driver/Src/stm32l4xx_hal_tim_ex.c ****   *
 113:stm/stm32l4xx/STM32L4xx_HAL_Driver/Src/stm32l4xx_hal_tim_ex.c **** @verbatim
 114:stm/stm32l4xx/STM32L4xx_HAL_Driver/Src/stm32l4xx_hal_tim_ex.c ****   ==============================================================================
 115:stm/stm32l4xx/STM32L4xx_HAL_Driver/Src/stm32l4xx_hal_tim_ex.c ****                       ##### Timer Hall Sensor functions #####
 116:stm/stm32l4xx/STM32L4xx_HAL_Driver/Src/stm32l4xx_hal_tim_ex.c ****   ==============================================================================
 117:stm/stm32l4xx/STM32L4xx_HAL_Driver/Src/stm32l4xx_hal_tim_ex.c ****   [..]
 118:stm/stm32l4xx/STM32L4xx_HAL_Driver/Src/stm32l4xx_hal_tim_ex.c ****     This section provides functions allowing to:
 119:stm/stm32l4xx/STM32L4xx_HAL_Driver/Src/stm32l4xx_hal_tim_ex.c ****     (+) Initialize and configure TIM HAL Sensor.
 120:stm/stm32l4xx/STM32L4xx_HAL_Driver/Src/stm32l4xx_hal_tim_ex.c ****     (+) De-initialize TIM HAL Sensor.
 121:stm/stm32l4xx/STM32L4xx_HAL_Driver/Src/stm32l4xx_hal_tim_ex.c ****     (+) Start the Hall Sensor Interface.
 122:stm/stm32l4xx/STM32L4xx_HAL_Driver/Src/stm32l4xx_hal_tim_ex.c ****     (+) Stop the Hall Sensor Interface.
 123:stm/stm32l4xx/STM32L4xx_HAL_Driver/Src/stm32l4xx_hal_tim_ex.c ****     (+) Start the Hall Sensor Interface and enable interrupts.
 124:stm/stm32l4xx/STM32L4xx_HAL_Driver/Src/stm32l4xx_hal_tim_ex.c ****     (+) Stop the Hall Sensor Interface and disable interrupts.
 125:stm/stm32l4xx/STM32L4xx_HAL_Driver/Src/stm32l4xx_hal_tim_ex.c ****     (+) Start the Hall Sensor Interface and enable DMA transfers.
 126:stm/stm32l4xx/STM32L4xx_HAL_Driver/Src/stm32l4xx_hal_tim_ex.c ****     (+) Stop the Hall Sensor Interface and disable DMA transfers.
 127:stm/stm32l4xx/STM32L4xx_HAL_Driver/Src/stm32l4xx_hal_tim_ex.c **** 
 128:stm/stm32l4xx/STM32L4xx_HAL_Driver/Src/stm32l4xx_hal_tim_ex.c **** @endverbatim
 129:stm/stm32l4xx/STM32L4xx_HAL_Driver/Src/stm32l4xx_hal_tim_ex.c ****   * @{
 130:stm/stm32l4xx/STM32L4xx_HAL_Driver/Src/stm32l4xx_hal_tim_ex.c ****   */
 131:stm/stm32l4xx/STM32L4xx_HAL_Driver/Src/stm32l4xx_hal_tim_ex.c **** /**
 132:stm/stm32l4xx/STM32L4xx_HAL_Driver/Src/stm32l4xx_hal_tim_ex.c ****   * @brief  Initializes the TIM Hall Sensor Interface and initialize the associated handle.
 133:stm/stm32l4xx/STM32L4xx_HAL_Driver/Src/stm32l4xx_hal_tim_ex.c ****   * @note   When the timer instance is initialized in Hall Sensor Interface mode,
 134:stm/stm32l4xx/STM32L4xx_HAL_Driver/Src/stm32l4xx_hal_tim_ex.c ****   *         timer channels 1 and channel 2 are reserved and cannot be used for
 135:stm/stm32l4xx/STM32L4xx_HAL_Driver/Src/stm32l4xx_hal_tim_ex.c ****   *         other purpose.
 136:stm/stm32l4xx/STM32L4xx_HAL_Driver/Src/stm32l4xx_hal_tim_ex.c ****   * @param  htim TIM Hall Sensor Interface handle
 137:stm/stm32l4xx/STM32L4xx_HAL_Driver/Src/stm32l4xx_hal_tim_ex.c ****   * @param  sConfig TIM Hall Sensor configuration structure
 138:stm/stm32l4xx/STM32L4xx_HAL_Driver/Src/stm32l4xx_hal_tim_ex.c ****   * @retval HAL status
 139:stm/stm32l4xx/STM32L4xx_HAL_Driver/Src/stm32l4xx_hal_tim_ex.c ****   */
 140:stm/stm32l4xx/STM32L4xx_HAL_Driver/Src/stm32l4xx_hal_tim_ex.c **** HAL_StatusTypeDef HAL_TIMEx_HallSensor_Init(TIM_HandleTypeDef *htim, const TIM_HallSensor_InitTypeD
 141:stm/stm32l4xx/STM32L4xx_HAL_Driver/Src/stm32l4xx_hal_tim_ex.c **** {
 142:stm/stm32l4xx/STM32L4xx_HAL_Driver/Src/stm32l4xx_hal_tim_ex.c ****   TIM_OC_InitTypeDef OC_Config;
 143:stm/stm32l4xx/STM32L4xx_HAL_Driver/Src/stm32l4xx_hal_tim_ex.c **** 
 144:stm/stm32l4xx/STM32L4xx_HAL_Driver/Src/stm32l4xx_hal_tim_ex.c ****   /* Check the TIM handle allocation */
ARM GAS  /var/tmp//ccYgLLN5.s 			page 4


 145:stm/stm32l4xx/STM32L4xx_HAL_Driver/Src/stm32l4xx_hal_tim_ex.c ****   if (htim == NULL)
 146:stm/stm32l4xx/STM32L4xx_HAL_Driver/Src/stm32l4xx_hal_tim_ex.c ****   {
 147:stm/stm32l4xx/STM32L4xx_HAL_Driver/Src/stm32l4xx_hal_tim_ex.c ****     return HAL_ERROR;
 148:stm/stm32l4xx/STM32L4xx_HAL_Driver/Src/stm32l4xx_hal_tim_ex.c ****   }
 149:stm/stm32l4xx/STM32L4xx_HAL_Driver/Src/stm32l4xx_hal_tim_ex.c **** 
 150:stm/stm32l4xx/STM32L4xx_HAL_Driver/Src/stm32l4xx_hal_tim_ex.c ****   /* Check the parameters */
 151:stm/stm32l4xx/STM32L4xx_HAL_Driver/Src/stm32l4xx_hal_tim_ex.c ****   assert_param(IS_TIM_HALL_SENSOR_INTERFACE_INSTANCE(htim->Instance));
 152:stm/stm32l4xx/STM32L4xx_HAL_Driver/Src/stm32l4xx_hal_tim_ex.c ****   assert_param(IS_TIM_COUNTER_MODE(htim->Init.CounterMode));
 153:stm/stm32l4xx/STM32L4xx_HAL_Driver/Src/stm32l4xx_hal_tim_ex.c ****   assert_param(IS_TIM_CLOCKDIVISION_DIV(htim->Init.ClockDivision));
 154:stm/stm32l4xx/STM32L4xx_HAL_Driver/Src/stm32l4xx_hal_tim_ex.c ****   assert_param(IS_TIM_AUTORELOAD_PRELOAD(htim->Init.AutoReloadPreload));
 155:stm/stm32l4xx/STM32L4xx_HAL_Driver/Src/stm32l4xx_hal_tim_ex.c ****   assert_param(IS_TIM_IC_POLARITY(sConfig->IC1Polarity));
 156:stm/stm32l4xx/STM32L4xx_HAL_Driver/Src/stm32l4xx_hal_tim_ex.c ****   assert_param(IS_TIM_PERIOD(htim, htim->Init.Period));
 157:stm/stm32l4xx/STM32L4xx_HAL_Driver/Src/stm32l4xx_hal_tim_ex.c ****   assert_param(IS_TIM_IC_PRESCALER(sConfig->IC1Prescaler));
 158:stm/stm32l4xx/STM32L4xx_HAL_Driver/Src/stm32l4xx_hal_tim_ex.c ****   assert_param(IS_TIM_IC_FILTER(sConfig->IC1Filter));
 159:stm/stm32l4xx/STM32L4xx_HAL_Driver/Src/stm32l4xx_hal_tim_ex.c **** 
 160:stm/stm32l4xx/STM32L4xx_HAL_Driver/Src/stm32l4xx_hal_tim_ex.c ****   if (htim->State == HAL_TIM_STATE_RESET)
 161:stm/stm32l4xx/STM32L4xx_HAL_Driver/Src/stm32l4xx_hal_tim_ex.c ****   {
 162:stm/stm32l4xx/STM32L4xx_HAL_Driver/Src/stm32l4xx_hal_tim_ex.c ****     /* Allocate lock resource and initialize it */
 163:stm/stm32l4xx/STM32L4xx_HAL_Driver/Src/stm32l4xx_hal_tim_ex.c ****     htim->Lock = HAL_UNLOCKED;
 164:stm/stm32l4xx/STM32L4xx_HAL_Driver/Src/stm32l4xx_hal_tim_ex.c **** 
 165:stm/stm32l4xx/STM32L4xx_HAL_Driver/Src/stm32l4xx_hal_tim_ex.c **** #if (USE_HAL_TIM_REGISTER_CALLBACKS == 1)
 166:stm/stm32l4xx/STM32L4xx_HAL_Driver/Src/stm32l4xx_hal_tim_ex.c ****     /* Reset interrupt callbacks to legacy week callbacks */
 167:stm/stm32l4xx/STM32L4xx_HAL_Driver/Src/stm32l4xx_hal_tim_ex.c ****     TIM_ResetCallback(htim);
 168:stm/stm32l4xx/STM32L4xx_HAL_Driver/Src/stm32l4xx_hal_tim_ex.c **** 
 169:stm/stm32l4xx/STM32L4xx_HAL_Driver/Src/stm32l4xx_hal_tim_ex.c ****     if (htim->HallSensor_MspInitCallback == NULL)
 170:stm/stm32l4xx/STM32L4xx_HAL_Driver/Src/stm32l4xx_hal_tim_ex.c ****     {
 171:stm/stm32l4xx/STM32L4xx_HAL_Driver/Src/stm32l4xx_hal_tim_ex.c ****       htim->HallSensor_MspInitCallback = HAL_TIMEx_HallSensor_MspInit;
 172:stm/stm32l4xx/STM32L4xx_HAL_Driver/Src/stm32l4xx_hal_tim_ex.c ****     }
 173:stm/stm32l4xx/STM32L4xx_HAL_Driver/Src/stm32l4xx_hal_tim_ex.c ****     /* Init the low level hardware : GPIO, CLOCK, NVIC */
 174:stm/stm32l4xx/STM32L4xx_HAL_Driver/Src/stm32l4xx_hal_tim_ex.c ****     htim->HallSensor_MspInitCallback(htim);
 175:stm/stm32l4xx/STM32L4xx_HAL_Driver/Src/stm32l4xx_hal_tim_ex.c **** #else
 176:stm/stm32l4xx/STM32L4xx_HAL_Driver/Src/stm32l4xx_hal_tim_ex.c ****     /* Init the low level hardware : GPIO, CLOCK, NVIC and DMA */
 177:stm/stm32l4xx/STM32L4xx_HAL_Driver/Src/stm32l4xx_hal_tim_ex.c ****     HAL_TIMEx_HallSensor_MspInit(htim);
 178:stm/stm32l4xx/STM32L4xx_HAL_Driver/Src/stm32l4xx_hal_tim_ex.c **** #endif /* USE_HAL_TIM_REGISTER_CALLBACKS */
 179:stm/stm32l4xx/STM32L4xx_HAL_Driver/Src/stm32l4xx_hal_tim_ex.c ****   }
 180:stm/stm32l4xx/STM32L4xx_HAL_Driver/Src/stm32l4xx_hal_tim_ex.c **** 
 181:stm/stm32l4xx/STM32L4xx_HAL_Driver/Src/stm32l4xx_hal_tim_ex.c ****   /* Set the TIM state */
 182:stm/stm32l4xx/STM32L4xx_HAL_Driver/Src/stm32l4xx_hal_tim_ex.c ****   htim->State = HAL_TIM_STATE_BUSY;
 183:stm/stm32l4xx/STM32L4xx_HAL_Driver/Src/stm32l4xx_hal_tim_ex.c **** 
 184:stm/stm32l4xx/STM32L4xx_HAL_Driver/Src/stm32l4xx_hal_tim_ex.c ****   /* Configure the Time base in the Encoder Mode */
 185:stm/stm32l4xx/STM32L4xx_HAL_Driver/Src/stm32l4xx_hal_tim_ex.c ****   TIM_Base_SetConfig(htim->Instance, &htim->Init);
 186:stm/stm32l4xx/STM32L4xx_HAL_Driver/Src/stm32l4xx_hal_tim_ex.c **** 
 187:stm/stm32l4xx/STM32L4xx_HAL_Driver/Src/stm32l4xx_hal_tim_ex.c ****   /* Configure the Channel 1 as Input Channel to interface with the three Outputs of the  Hall sens
 188:stm/stm32l4xx/STM32L4xx_HAL_Driver/Src/stm32l4xx_hal_tim_ex.c ****   TIM_TI1_SetConfig(htim->Instance, sConfig->IC1Polarity, TIM_ICSELECTION_TRC, sConfig->IC1Filter);
 189:stm/stm32l4xx/STM32L4xx_HAL_Driver/Src/stm32l4xx_hal_tim_ex.c **** 
 190:stm/stm32l4xx/STM32L4xx_HAL_Driver/Src/stm32l4xx_hal_tim_ex.c ****   /* Reset the IC1PSC Bits */
 191:stm/stm32l4xx/STM32L4xx_HAL_Driver/Src/stm32l4xx_hal_tim_ex.c ****   htim->Instance->CCMR1 &= ~TIM_CCMR1_IC1PSC;
 192:stm/stm32l4xx/STM32L4xx_HAL_Driver/Src/stm32l4xx_hal_tim_ex.c ****   /* Set the IC1PSC value */
 193:stm/stm32l4xx/STM32L4xx_HAL_Driver/Src/stm32l4xx_hal_tim_ex.c ****   htim->Instance->CCMR1 |= sConfig->IC1Prescaler;
 194:stm/stm32l4xx/STM32L4xx_HAL_Driver/Src/stm32l4xx_hal_tim_ex.c **** 
 195:stm/stm32l4xx/STM32L4xx_HAL_Driver/Src/stm32l4xx_hal_tim_ex.c ****   /* Enable the Hall sensor interface (XOR function of the three inputs) */
 196:stm/stm32l4xx/STM32L4xx_HAL_Driver/Src/stm32l4xx_hal_tim_ex.c ****   htim->Instance->CR2 |= TIM_CR2_TI1S;
 197:stm/stm32l4xx/STM32L4xx_HAL_Driver/Src/stm32l4xx_hal_tim_ex.c **** 
 198:stm/stm32l4xx/STM32L4xx_HAL_Driver/Src/stm32l4xx_hal_tim_ex.c ****   /* Select the TIM_TS_TI1F_ED signal as Input trigger for the TIM */
 199:stm/stm32l4xx/STM32L4xx_HAL_Driver/Src/stm32l4xx_hal_tim_ex.c ****   htim->Instance->SMCR &= ~TIM_SMCR_TS;
 200:stm/stm32l4xx/STM32L4xx_HAL_Driver/Src/stm32l4xx_hal_tim_ex.c ****   htim->Instance->SMCR |= TIM_TS_TI1F_ED;
 201:stm/stm32l4xx/STM32L4xx_HAL_Driver/Src/stm32l4xx_hal_tim_ex.c **** 
ARM GAS  /var/tmp//ccYgLLN5.s 			page 5


 202:stm/stm32l4xx/STM32L4xx_HAL_Driver/Src/stm32l4xx_hal_tim_ex.c ****   /* Use the TIM_TS_TI1F_ED signal to reset the TIM counter each edge detection */
 203:stm/stm32l4xx/STM32L4xx_HAL_Driver/Src/stm32l4xx_hal_tim_ex.c ****   htim->Instance->SMCR &= ~TIM_SMCR_SMS;
 204:stm/stm32l4xx/STM32L4xx_HAL_Driver/Src/stm32l4xx_hal_tim_ex.c ****   htim->Instance->SMCR |= TIM_SLAVEMODE_RESET;
 205:stm/stm32l4xx/STM32L4xx_HAL_Driver/Src/stm32l4xx_hal_tim_ex.c **** 
 206:stm/stm32l4xx/STM32L4xx_HAL_Driver/Src/stm32l4xx_hal_tim_ex.c ****   /* Program channel 2 in PWM 2 mode with the desired Commutation_Delay*/
 207:stm/stm32l4xx/STM32L4xx_HAL_Driver/Src/stm32l4xx_hal_tim_ex.c ****   OC_Config.OCFastMode = TIM_OCFAST_DISABLE;
 208:stm/stm32l4xx/STM32L4xx_HAL_Driver/Src/stm32l4xx_hal_tim_ex.c ****   OC_Config.OCIdleState = TIM_OCIDLESTATE_RESET;
 209:stm/stm32l4xx/STM32L4xx_HAL_Driver/Src/stm32l4xx_hal_tim_ex.c ****   OC_Config.OCMode = TIM_OCMODE_PWM2;
 210:stm/stm32l4xx/STM32L4xx_HAL_Driver/Src/stm32l4xx_hal_tim_ex.c ****   OC_Config.OCNIdleState = TIM_OCNIDLESTATE_RESET;
 211:stm/stm32l4xx/STM32L4xx_HAL_Driver/Src/stm32l4xx_hal_tim_ex.c ****   OC_Config.OCNPolarity = TIM_OCNPOLARITY_HIGH;
 212:stm/stm32l4xx/STM32L4xx_HAL_Driver/Src/stm32l4xx_hal_tim_ex.c ****   OC_Config.OCPolarity = TIM_OCPOLARITY_HIGH;
 213:stm/stm32l4xx/STM32L4xx_HAL_Driver/Src/stm32l4xx_hal_tim_ex.c ****   OC_Config.Pulse = sConfig->Commutation_Delay;
 214:stm/stm32l4xx/STM32L4xx_HAL_Driver/Src/stm32l4xx_hal_tim_ex.c **** 
 215:stm/stm32l4xx/STM32L4xx_HAL_Driver/Src/stm32l4xx_hal_tim_ex.c ****   TIM_OC2_SetConfig(htim->Instance, &OC_Config);
 216:stm/stm32l4xx/STM32L4xx_HAL_Driver/Src/stm32l4xx_hal_tim_ex.c **** 
 217:stm/stm32l4xx/STM32L4xx_HAL_Driver/Src/stm32l4xx_hal_tim_ex.c ****   /* Select OC2REF as trigger output on TRGO: write the MMS bits in the TIMx_CR2
 218:stm/stm32l4xx/STM32L4xx_HAL_Driver/Src/stm32l4xx_hal_tim_ex.c ****     register to 101 */
 219:stm/stm32l4xx/STM32L4xx_HAL_Driver/Src/stm32l4xx_hal_tim_ex.c ****   htim->Instance->CR2 &= ~TIM_CR2_MMS;
 220:stm/stm32l4xx/STM32L4xx_HAL_Driver/Src/stm32l4xx_hal_tim_ex.c ****   htim->Instance->CR2 |= TIM_TRGO_OC2REF;
 221:stm/stm32l4xx/STM32L4xx_HAL_Driver/Src/stm32l4xx_hal_tim_ex.c **** 
 222:stm/stm32l4xx/STM32L4xx_HAL_Driver/Src/stm32l4xx_hal_tim_ex.c ****   /* Initialize the DMA burst operation state */
 223:stm/stm32l4xx/STM32L4xx_HAL_Driver/Src/stm32l4xx_hal_tim_ex.c ****   htim->DMABurstState = HAL_DMA_BURST_STATE_READY;
 224:stm/stm32l4xx/STM32L4xx_HAL_Driver/Src/stm32l4xx_hal_tim_ex.c **** 
 225:stm/stm32l4xx/STM32L4xx_HAL_Driver/Src/stm32l4xx_hal_tim_ex.c ****   /* Initialize the TIM channels state */
 226:stm/stm32l4xx/STM32L4xx_HAL_Driver/Src/stm32l4xx_hal_tim_ex.c ****   TIM_CHANNEL_STATE_SET(htim, TIM_CHANNEL_1, HAL_TIM_CHANNEL_STATE_READY);
 227:stm/stm32l4xx/STM32L4xx_HAL_Driver/Src/stm32l4xx_hal_tim_ex.c ****   TIM_CHANNEL_STATE_SET(htim, TIM_CHANNEL_2, HAL_TIM_CHANNEL_STATE_READY);
 228:stm/stm32l4xx/STM32L4xx_HAL_Driver/Src/stm32l4xx_hal_tim_ex.c ****   TIM_CHANNEL_N_STATE_SET(htim, TIM_CHANNEL_1, HAL_TIM_CHANNEL_STATE_READY);
 229:stm/stm32l4xx/STM32L4xx_HAL_Driver/Src/stm32l4xx_hal_tim_ex.c ****   TIM_CHANNEL_N_STATE_SET(htim, TIM_CHANNEL_2, HAL_TIM_CHANNEL_STATE_READY);
 230:stm/stm32l4xx/STM32L4xx_HAL_Driver/Src/stm32l4xx_hal_tim_ex.c **** 
 231:stm/stm32l4xx/STM32L4xx_HAL_Driver/Src/stm32l4xx_hal_tim_ex.c ****   /* Initialize the TIM state*/
 232:stm/stm32l4xx/STM32L4xx_HAL_Driver/Src/stm32l4xx_hal_tim_ex.c ****   htim->State = HAL_TIM_STATE_READY;
 233:stm/stm32l4xx/STM32L4xx_HAL_Driver/Src/stm32l4xx_hal_tim_ex.c **** 
 234:stm/stm32l4xx/STM32L4xx_HAL_Driver/Src/stm32l4xx_hal_tim_ex.c ****   return HAL_OK;
 235:stm/stm32l4xx/STM32L4xx_HAL_Driver/Src/stm32l4xx_hal_tim_ex.c **** }
 236:stm/stm32l4xx/STM32L4xx_HAL_Driver/Src/stm32l4xx_hal_tim_ex.c **** 
 237:stm/stm32l4xx/STM32L4xx_HAL_Driver/Src/stm32l4xx_hal_tim_ex.c **** /**
 238:stm/stm32l4xx/STM32L4xx_HAL_Driver/Src/stm32l4xx_hal_tim_ex.c ****   * @brief  DeInitializes the TIM Hall Sensor interface
 239:stm/stm32l4xx/STM32L4xx_HAL_Driver/Src/stm32l4xx_hal_tim_ex.c ****   * @param  htim TIM Hall Sensor Interface handle
 240:stm/stm32l4xx/STM32L4xx_HAL_Driver/Src/stm32l4xx_hal_tim_ex.c ****   * @retval HAL status
 241:stm/stm32l4xx/STM32L4xx_HAL_Driver/Src/stm32l4xx_hal_tim_ex.c ****   */
 242:stm/stm32l4xx/STM32L4xx_HAL_Driver/Src/stm32l4xx_hal_tim_ex.c **** HAL_StatusTypeDef HAL_TIMEx_HallSensor_DeInit(TIM_HandleTypeDef *htim)
 243:stm/stm32l4xx/STM32L4xx_HAL_Driver/Src/stm32l4xx_hal_tim_ex.c **** {
 244:stm/stm32l4xx/STM32L4xx_HAL_Driver/Src/stm32l4xx_hal_tim_ex.c ****   /* Check the parameters */
 245:stm/stm32l4xx/STM32L4xx_HAL_Driver/Src/stm32l4xx_hal_tim_ex.c ****   assert_param(IS_TIM_INSTANCE(htim->Instance));
 246:stm/stm32l4xx/STM32L4xx_HAL_Driver/Src/stm32l4xx_hal_tim_ex.c **** 
 247:stm/stm32l4xx/STM32L4xx_HAL_Driver/Src/stm32l4xx_hal_tim_ex.c ****   htim->State = HAL_TIM_STATE_BUSY;
 248:stm/stm32l4xx/STM32L4xx_HAL_Driver/Src/stm32l4xx_hal_tim_ex.c **** 
 249:stm/stm32l4xx/STM32L4xx_HAL_Driver/Src/stm32l4xx_hal_tim_ex.c ****   /* Disable the TIM Peripheral Clock */
 250:stm/stm32l4xx/STM32L4xx_HAL_Driver/Src/stm32l4xx_hal_tim_ex.c ****   __HAL_TIM_DISABLE(htim);
 251:stm/stm32l4xx/STM32L4xx_HAL_Driver/Src/stm32l4xx_hal_tim_ex.c **** 
 252:stm/stm32l4xx/STM32L4xx_HAL_Driver/Src/stm32l4xx_hal_tim_ex.c **** #if (USE_HAL_TIM_REGISTER_CALLBACKS == 1)
 253:stm/stm32l4xx/STM32L4xx_HAL_Driver/Src/stm32l4xx_hal_tim_ex.c ****   if (htim->HallSensor_MspDeInitCallback == NULL)
 254:stm/stm32l4xx/STM32L4xx_HAL_Driver/Src/stm32l4xx_hal_tim_ex.c ****   {
 255:stm/stm32l4xx/STM32L4xx_HAL_Driver/Src/stm32l4xx_hal_tim_ex.c ****     htim->HallSensor_MspDeInitCallback = HAL_TIMEx_HallSensor_MspDeInit;
 256:stm/stm32l4xx/STM32L4xx_HAL_Driver/Src/stm32l4xx_hal_tim_ex.c ****   }
 257:stm/stm32l4xx/STM32L4xx_HAL_Driver/Src/stm32l4xx_hal_tim_ex.c ****   /* DeInit the low level hardware */
 258:stm/stm32l4xx/STM32L4xx_HAL_Driver/Src/stm32l4xx_hal_tim_ex.c ****   htim->HallSensor_MspDeInitCallback(htim);
ARM GAS  /var/tmp//ccYgLLN5.s 			page 6


 259:stm/stm32l4xx/STM32L4xx_HAL_Driver/Src/stm32l4xx_hal_tim_ex.c **** #else
 260:stm/stm32l4xx/STM32L4xx_HAL_Driver/Src/stm32l4xx_hal_tim_ex.c ****   /* DeInit the low level hardware: GPIO, CLOCK, NVIC */
 261:stm/stm32l4xx/STM32L4xx_HAL_Driver/Src/stm32l4xx_hal_tim_ex.c ****   HAL_TIMEx_HallSensor_MspDeInit(htim);
 262:stm/stm32l4xx/STM32L4xx_HAL_Driver/Src/stm32l4xx_hal_tim_ex.c **** #endif /* USE_HAL_TIM_REGISTER_CALLBACKS */
 263:stm/stm32l4xx/STM32L4xx_HAL_Driver/Src/stm32l4xx_hal_tim_ex.c **** 
 264:stm/stm32l4xx/STM32L4xx_HAL_Driver/Src/stm32l4xx_hal_tim_ex.c ****   /* Change the DMA burst operation state */
 265:stm/stm32l4xx/STM32L4xx_HAL_Driver/Src/stm32l4xx_hal_tim_ex.c ****   htim->DMABurstState = HAL_DMA_BURST_STATE_RESET;
 266:stm/stm32l4xx/STM32L4xx_HAL_Driver/Src/stm32l4xx_hal_tim_ex.c **** 
 267:stm/stm32l4xx/STM32L4xx_HAL_Driver/Src/stm32l4xx_hal_tim_ex.c ****   /* Change the TIM channels state */
 268:stm/stm32l4xx/STM32L4xx_HAL_Driver/Src/stm32l4xx_hal_tim_ex.c ****   TIM_CHANNEL_STATE_SET(htim, TIM_CHANNEL_1, HAL_TIM_CHANNEL_STATE_RESET);
 269:stm/stm32l4xx/STM32L4xx_HAL_Driver/Src/stm32l4xx_hal_tim_ex.c ****   TIM_CHANNEL_STATE_SET(htim, TIM_CHANNEL_2, HAL_TIM_CHANNEL_STATE_RESET);
 270:stm/stm32l4xx/STM32L4xx_HAL_Driver/Src/stm32l4xx_hal_tim_ex.c ****   TIM_CHANNEL_N_STATE_SET(htim, TIM_CHANNEL_1, HAL_TIM_CHANNEL_STATE_RESET);
 271:stm/stm32l4xx/STM32L4xx_HAL_Driver/Src/stm32l4xx_hal_tim_ex.c ****   TIM_CHANNEL_N_STATE_SET(htim, TIM_CHANNEL_2, HAL_TIM_CHANNEL_STATE_RESET);
 272:stm/stm32l4xx/STM32L4xx_HAL_Driver/Src/stm32l4xx_hal_tim_ex.c **** 
 273:stm/stm32l4xx/STM32L4xx_HAL_Driver/Src/stm32l4xx_hal_tim_ex.c ****   /* Change TIM state */
 274:stm/stm32l4xx/STM32L4xx_HAL_Driver/Src/stm32l4xx_hal_tim_ex.c ****   htim->State = HAL_TIM_STATE_RESET;
 275:stm/stm32l4xx/STM32L4xx_HAL_Driver/Src/stm32l4xx_hal_tim_ex.c **** 
 276:stm/stm32l4xx/STM32L4xx_HAL_Driver/Src/stm32l4xx_hal_tim_ex.c ****   /* Release Lock */
 277:stm/stm32l4xx/STM32L4xx_HAL_Driver/Src/stm32l4xx_hal_tim_ex.c ****   __HAL_UNLOCK(htim);
 278:stm/stm32l4xx/STM32L4xx_HAL_Driver/Src/stm32l4xx_hal_tim_ex.c **** 
 279:stm/stm32l4xx/STM32L4xx_HAL_Driver/Src/stm32l4xx_hal_tim_ex.c ****   return HAL_OK;
 280:stm/stm32l4xx/STM32L4xx_HAL_Driver/Src/stm32l4xx_hal_tim_ex.c **** }
 281:stm/stm32l4xx/STM32L4xx_HAL_Driver/Src/stm32l4xx_hal_tim_ex.c **** 
 282:stm/stm32l4xx/STM32L4xx_HAL_Driver/Src/stm32l4xx_hal_tim_ex.c **** /**
 283:stm/stm32l4xx/STM32L4xx_HAL_Driver/Src/stm32l4xx_hal_tim_ex.c ****   * @brief  Initializes the TIM Hall Sensor MSP.
 284:stm/stm32l4xx/STM32L4xx_HAL_Driver/Src/stm32l4xx_hal_tim_ex.c ****   * @param  htim TIM Hall Sensor Interface handle
 285:stm/stm32l4xx/STM32L4xx_HAL_Driver/Src/stm32l4xx_hal_tim_ex.c ****   * @retval None
 286:stm/stm32l4xx/STM32L4xx_HAL_Driver/Src/stm32l4xx_hal_tim_ex.c ****   */
 287:stm/stm32l4xx/STM32L4xx_HAL_Driver/Src/stm32l4xx_hal_tim_ex.c **** __weak void HAL_TIMEx_HallSensor_MspInit(TIM_HandleTypeDef *htim)
 288:stm/stm32l4xx/STM32L4xx_HAL_Driver/Src/stm32l4xx_hal_tim_ex.c **** {
 289:stm/stm32l4xx/STM32L4xx_HAL_Driver/Src/stm32l4xx_hal_tim_ex.c ****   /* Prevent unused argument(s) compilation warning */
 290:stm/stm32l4xx/STM32L4xx_HAL_Driver/Src/stm32l4xx_hal_tim_ex.c ****   UNUSED(htim);
 291:stm/stm32l4xx/STM32L4xx_HAL_Driver/Src/stm32l4xx_hal_tim_ex.c **** 
 292:stm/stm32l4xx/STM32L4xx_HAL_Driver/Src/stm32l4xx_hal_tim_ex.c ****   /* NOTE : This function should not be modified, when the callback is needed,
 293:stm/stm32l4xx/STM32L4xx_HAL_Driver/Src/stm32l4xx_hal_tim_ex.c ****             the HAL_TIMEx_HallSensor_MspInit could be implemented in the user file
 294:stm/stm32l4xx/STM32L4xx_HAL_Driver/Src/stm32l4xx_hal_tim_ex.c ****    */
 295:stm/stm32l4xx/STM32L4xx_HAL_Driver/Src/stm32l4xx_hal_tim_ex.c **** }
 296:stm/stm32l4xx/STM32L4xx_HAL_Driver/Src/stm32l4xx_hal_tim_ex.c **** 
 297:stm/stm32l4xx/STM32L4xx_HAL_Driver/Src/stm32l4xx_hal_tim_ex.c **** /**
 298:stm/stm32l4xx/STM32L4xx_HAL_Driver/Src/stm32l4xx_hal_tim_ex.c ****   * @brief  DeInitializes TIM Hall Sensor MSP.
 299:stm/stm32l4xx/STM32L4xx_HAL_Driver/Src/stm32l4xx_hal_tim_ex.c ****   * @param  htim TIM Hall Sensor Interface handle
 300:stm/stm32l4xx/STM32L4xx_HAL_Driver/Src/stm32l4xx_hal_tim_ex.c ****   * @retval None
 301:stm/stm32l4xx/STM32L4xx_HAL_Driver/Src/stm32l4xx_hal_tim_ex.c ****   */
 302:stm/stm32l4xx/STM32L4xx_HAL_Driver/Src/stm32l4xx_hal_tim_ex.c **** __weak void HAL_TIMEx_HallSensor_MspDeInit(TIM_HandleTypeDef *htim)
 303:stm/stm32l4xx/STM32L4xx_HAL_Driver/Src/stm32l4xx_hal_tim_ex.c **** {
 304:stm/stm32l4xx/STM32L4xx_HAL_Driver/Src/stm32l4xx_hal_tim_ex.c ****   /* Prevent unused argument(s) compilation warning */
 305:stm/stm32l4xx/STM32L4xx_HAL_Driver/Src/stm32l4xx_hal_tim_ex.c ****   UNUSED(htim);
 306:stm/stm32l4xx/STM32L4xx_HAL_Driver/Src/stm32l4xx_hal_tim_ex.c **** 
 307:stm/stm32l4xx/STM32L4xx_HAL_Driver/Src/stm32l4xx_hal_tim_ex.c ****   /* NOTE : This function should not be modified, when the callback is needed,
 308:stm/stm32l4xx/STM32L4xx_HAL_Driver/Src/stm32l4xx_hal_tim_ex.c ****             the HAL_TIMEx_HallSensor_MspDeInit could be implemented in the user file
 309:stm/stm32l4xx/STM32L4xx_HAL_Driver/Src/stm32l4xx_hal_tim_ex.c ****    */
 310:stm/stm32l4xx/STM32L4xx_HAL_Driver/Src/stm32l4xx_hal_tim_ex.c **** }
 311:stm/stm32l4xx/STM32L4xx_HAL_Driver/Src/stm32l4xx_hal_tim_ex.c **** 
 312:stm/stm32l4xx/STM32L4xx_HAL_Driver/Src/stm32l4xx_hal_tim_ex.c **** /**
 313:stm/stm32l4xx/STM32L4xx_HAL_Driver/Src/stm32l4xx_hal_tim_ex.c ****   * @brief  Starts the TIM Hall Sensor Interface.
 314:stm/stm32l4xx/STM32L4xx_HAL_Driver/Src/stm32l4xx_hal_tim_ex.c ****   * @param  htim TIM Hall Sensor Interface handle
 315:stm/stm32l4xx/STM32L4xx_HAL_Driver/Src/stm32l4xx_hal_tim_ex.c ****   * @retval HAL status
ARM GAS  /var/tmp//ccYgLLN5.s 			page 7


 316:stm/stm32l4xx/STM32L4xx_HAL_Driver/Src/stm32l4xx_hal_tim_ex.c ****   */
 317:stm/stm32l4xx/STM32L4xx_HAL_Driver/Src/stm32l4xx_hal_tim_ex.c **** HAL_StatusTypeDef HAL_TIMEx_HallSensor_Start(TIM_HandleTypeDef *htim)
 318:stm/stm32l4xx/STM32L4xx_HAL_Driver/Src/stm32l4xx_hal_tim_ex.c **** {
 319:stm/stm32l4xx/STM32L4xx_HAL_Driver/Src/stm32l4xx_hal_tim_ex.c ****   uint32_t tmpsmcr;
 320:stm/stm32l4xx/STM32L4xx_HAL_Driver/Src/stm32l4xx_hal_tim_ex.c ****   HAL_TIM_ChannelStateTypeDef channel_1_state = TIM_CHANNEL_STATE_GET(htim, TIM_CHANNEL_1);
 321:stm/stm32l4xx/STM32L4xx_HAL_Driver/Src/stm32l4xx_hal_tim_ex.c ****   HAL_TIM_ChannelStateTypeDef channel_2_state = TIM_CHANNEL_STATE_GET(htim, TIM_CHANNEL_2);
 322:stm/stm32l4xx/STM32L4xx_HAL_Driver/Src/stm32l4xx_hal_tim_ex.c ****   HAL_TIM_ChannelStateTypeDef complementary_channel_1_state = TIM_CHANNEL_N_STATE_GET(htim, TIM_CHA
 323:stm/stm32l4xx/STM32L4xx_HAL_Driver/Src/stm32l4xx_hal_tim_ex.c ****   HAL_TIM_ChannelStateTypeDef complementary_channel_2_state = TIM_CHANNEL_N_STATE_GET(htim, TIM_CHA
 324:stm/stm32l4xx/STM32L4xx_HAL_Driver/Src/stm32l4xx_hal_tim_ex.c **** 
 325:stm/stm32l4xx/STM32L4xx_HAL_Driver/Src/stm32l4xx_hal_tim_ex.c ****   /* Check the parameters */
 326:stm/stm32l4xx/STM32L4xx_HAL_Driver/Src/stm32l4xx_hal_tim_ex.c ****   assert_param(IS_TIM_HALL_SENSOR_INTERFACE_INSTANCE(htim->Instance));
 327:stm/stm32l4xx/STM32L4xx_HAL_Driver/Src/stm32l4xx_hal_tim_ex.c **** 
 328:stm/stm32l4xx/STM32L4xx_HAL_Driver/Src/stm32l4xx_hal_tim_ex.c ****   /* Check the TIM channels state */
 329:stm/stm32l4xx/STM32L4xx_HAL_Driver/Src/stm32l4xx_hal_tim_ex.c ****   if ((channel_1_state != HAL_TIM_CHANNEL_STATE_READY)
 330:stm/stm32l4xx/STM32L4xx_HAL_Driver/Src/stm32l4xx_hal_tim_ex.c ****       || (channel_2_state != HAL_TIM_CHANNEL_STATE_READY)
 331:stm/stm32l4xx/STM32L4xx_HAL_Driver/Src/stm32l4xx_hal_tim_ex.c ****       || (complementary_channel_1_state != HAL_TIM_CHANNEL_STATE_READY)
 332:stm/stm32l4xx/STM32L4xx_HAL_Driver/Src/stm32l4xx_hal_tim_ex.c ****       || (complementary_channel_2_state != HAL_TIM_CHANNEL_STATE_READY))
 333:stm/stm32l4xx/STM32L4xx_HAL_Driver/Src/stm32l4xx_hal_tim_ex.c ****   {
 334:stm/stm32l4xx/STM32L4xx_HAL_Driver/Src/stm32l4xx_hal_tim_ex.c ****     return HAL_ERROR;
 335:stm/stm32l4xx/STM32L4xx_HAL_Driver/Src/stm32l4xx_hal_tim_ex.c ****   }
 336:stm/stm32l4xx/STM32L4xx_HAL_Driver/Src/stm32l4xx_hal_tim_ex.c **** 
 337:stm/stm32l4xx/STM32L4xx_HAL_Driver/Src/stm32l4xx_hal_tim_ex.c ****   /* Set the TIM channels state */
 338:stm/stm32l4xx/STM32L4xx_HAL_Driver/Src/stm32l4xx_hal_tim_ex.c ****   TIM_CHANNEL_STATE_SET(htim, TIM_CHANNEL_1, HAL_TIM_CHANNEL_STATE_BUSY);
 339:stm/stm32l4xx/STM32L4xx_HAL_Driver/Src/stm32l4xx_hal_tim_ex.c ****   TIM_CHANNEL_STATE_SET(htim, TIM_CHANNEL_2, HAL_TIM_CHANNEL_STATE_BUSY);
 340:stm/stm32l4xx/STM32L4xx_HAL_Driver/Src/stm32l4xx_hal_tim_ex.c ****   TIM_CHANNEL_N_STATE_SET(htim, TIM_CHANNEL_1, HAL_TIM_CHANNEL_STATE_BUSY);
 341:stm/stm32l4xx/STM32L4xx_HAL_Driver/Src/stm32l4xx_hal_tim_ex.c ****   TIM_CHANNEL_N_STATE_SET(htim, TIM_CHANNEL_2, HAL_TIM_CHANNEL_STATE_BUSY);
 342:stm/stm32l4xx/STM32L4xx_HAL_Driver/Src/stm32l4xx_hal_tim_ex.c **** 
 343:stm/stm32l4xx/STM32L4xx_HAL_Driver/Src/stm32l4xx_hal_tim_ex.c ****   /* Enable the Input Capture channel 1
 344:stm/stm32l4xx/STM32L4xx_HAL_Driver/Src/stm32l4xx_hal_tim_ex.c ****   (in the Hall Sensor Interface the three possible channels that can be used are TIM_CHANNEL_1,
 345:stm/stm32l4xx/STM32L4xx_HAL_Driver/Src/stm32l4xx_hal_tim_ex.c ****   TIM_CHANNEL_2 and TIM_CHANNEL_3) */
 346:stm/stm32l4xx/STM32L4xx_HAL_Driver/Src/stm32l4xx_hal_tim_ex.c ****   TIM_CCxChannelCmd(htim->Instance, TIM_CHANNEL_1, TIM_CCx_ENABLE);
 347:stm/stm32l4xx/STM32L4xx_HAL_Driver/Src/stm32l4xx_hal_tim_ex.c **** 
 348:stm/stm32l4xx/STM32L4xx_HAL_Driver/Src/stm32l4xx_hal_tim_ex.c ****   /* Enable the Peripheral, except in trigger mode where enable is automatically done with trigger 
 349:stm/stm32l4xx/STM32L4xx_HAL_Driver/Src/stm32l4xx_hal_tim_ex.c ****   if (IS_TIM_SLAVE_INSTANCE(htim->Instance))
 350:stm/stm32l4xx/STM32L4xx_HAL_Driver/Src/stm32l4xx_hal_tim_ex.c ****   {
 351:stm/stm32l4xx/STM32L4xx_HAL_Driver/Src/stm32l4xx_hal_tim_ex.c ****     tmpsmcr = htim->Instance->SMCR & TIM_SMCR_SMS;
 352:stm/stm32l4xx/STM32L4xx_HAL_Driver/Src/stm32l4xx_hal_tim_ex.c ****     if (!IS_TIM_SLAVEMODE_TRIGGER_ENABLED(tmpsmcr))
 353:stm/stm32l4xx/STM32L4xx_HAL_Driver/Src/stm32l4xx_hal_tim_ex.c ****     {
 354:stm/stm32l4xx/STM32L4xx_HAL_Driver/Src/stm32l4xx_hal_tim_ex.c ****       __HAL_TIM_ENABLE(htim);
 355:stm/stm32l4xx/STM32L4xx_HAL_Driver/Src/stm32l4xx_hal_tim_ex.c ****     }
 356:stm/stm32l4xx/STM32L4xx_HAL_Driver/Src/stm32l4xx_hal_tim_ex.c ****   }
 357:stm/stm32l4xx/STM32L4xx_HAL_Driver/Src/stm32l4xx_hal_tim_ex.c ****   else
 358:stm/stm32l4xx/STM32L4xx_HAL_Driver/Src/stm32l4xx_hal_tim_ex.c ****   {
 359:stm/stm32l4xx/STM32L4xx_HAL_Driver/Src/stm32l4xx_hal_tim_ex.c ****     __HAL_TIM_ENABLE(htim);
 360:stm/stm32l4xx/STM32L4xx_HAL_Driver/Src/stm32l4xx_hal_tim_ex.c ****   }
 361:stm/stm32l4xx/STM32L4xx_HAL_Driver/Src/stm32l4xx_hal_tim_ex.c **** 
 362:stm/stm32l4xx/STM32L4xx_HAL_Driver/Src/stm32l4xx_hal_tim_ex.c ****   /* Return function status */
 363:stm/stm32l4xx/STM32L4xx_HAL_Driver/Src/stm32l4xx_hal_tim_ex.c ****   return HAL_OK;
 364:stm/stm32l4xx/STM32L4xx_HAL_Driver/Src/stm32l4xx_hal_tim_ex.c **** }
 365:stm/stm32l4xx/STM32L4xx_HAL_Driver/Src/stm32l4xx_hal_tim_ex.c **** 
 366:stm/stm32l4xx/STM32L4xx_HAL_Driver/Src/stm32l4xx_hal_tim_ex.c **** /**
 367:stm/stm32l4xx/STM32L4xx_HAL_Driver/Src/stm32l4xx_hal_tim_ex.c ****   * @brief  Stops the TIM Hall sensor Interface.
 368:stm/stm32l4xx/STM32L4xx_HAL_Driver/Src/stm32l4xx_hal_tim_ex.c ****   * @param  htim TIM Hall Sensor Interface handle
 369:stm/stm32l4xx/STM32L4xx_HAL_Driver/Src/stm32l4xx_hal_tim_ex.c ****   * @retval HAL status
 370:stm/stm32l4xx/STM32L4xx_HAL_Driver/Src/stm32l4xx_hal_tim_ex.c ****   */
 371:stm/stm32l4xx/STM32L4xx_HAL_Driver/Src/stm32l4xx_hal_tim_ex.c **** HAL_StatusTypeDef HAL_TIMEx_HallSensor_Stop(TIM_HandleTypeDef *htim)
 372:stm/stm32l4xx/STM32L4xx_HAL_Driver/Src/stm32l4xx_hal_tim_ex.c **** {
ARM GAS  /var/tmp//ccYgLLN5.s 			page 8


 373:stm/stm32l4xx/STM32L4xx_HAL_Driver/Src/stm32l4xx_hal_tim_ex.c ****   /* Check the parameters */
 374:stm/stm32l4xx/STM32L4xx_HAL_Driver/Src/stm32l4xx_hal_tim_ex.c ****   assert_param(IS_TIM_HALL_SENSOR_INTERFACE_INSTANCE(htim->Instance));
 375:stm/stm32l4xx/STM32L4xx_HAL_Driver/Src/stm32l4xx_hal_tim_ex.c **** 
 376:stm/stm32l4xx/STM32L4xx_HAL_Driver/Src/stm32l4xx_hal_tim_ex.c ****   /* Disable the Input Capture channels 1, 2 and 3
 377:stm/stm32l4xx/STM32L4xx_HAL_Driver/Src/stm32l4xx_hal_tim_ex.c ****   (in the Hall Sensor Interface the three possible channels that can be used are TIM_CHANNEL_1,
 378:stm/stm32l4xx/STM32L4xx_HAL_Driver/Src/stm32l4xx_hal_tim_ex.c ****   TIM_CHANNEL_2 and TIM_CHANNEL_3) */
 379:stm/stm32l4xx/STM32L4xx_HAL_Driver/Src/stm32l4xx_hal_tim_ex.c ****   TIM_CCxChannelCmd(htim->Instance, TIM_CHANNEL_1, TIM_CCx_DISABLE);
 380:stm/stm32l4xx/STM32L4xx_HAL_Driver/Src/stm32l4xx_hal_tim_ex.c **** 
 381:stm/stm32l4xx/STM32L4xx_HAL_Driver/Src/stm32l4xx_hal_tim_ex.c ****   /* Disable the Peripheral */
 382:stm/stm32l4xx/STM32L4xx_HAL_Driver/Src/stm32l4xx_hal_tim_ex.c ****   __HAL_TIM_DISABLE(htim);
 383:stm/stm32l4xx/STM32L4xx_HAL_Driver/Src/stm32l4xx_hal_tim_ex.c **** 
 384:stm/stm32l4xx/STM32L4xx_HAL_Driver/Src/stm32l4xx_hal_tim_ex.c ****   /* Set the TIM channels state */
 385:stm/stm32l4xx/STM32L4xx_HAL_Driver/Src/stm32l4xx_hal_tim_ex.c ****   TIM_CHANNEL_STATE_SET(htim, TIM_CHANNEL_1, HAL_TIM_CHANNEL_STATE_READY);
 386:stm/stm32l4xx/STM32L4xx_HAL_Driver/Src/stm32l4xx_hal_tim_ex.c ****   TIM_CHANNEL_STATE_SET(htim, TIM_CHANNEL_2, HAL_TIM_CHANNEL_STATE_READY);
 387:stm/stm32l4xx/STM32L4xx_HAL_Driver/Src/stm32l4xx_hal_tim_ex.c ****   TIM_CHANNEL_N_STATE_SET(htim, TIM_CHANNEL_1, HAL_TIM_CHANNEL_STATE_READY);
 388:stm/stm32l4xx/STM32L4xx_HAL_Driver/Src/stm32l4xx_hal_tim_ex.c ****   TIM_CHANNEL_N_STATE_SET(htim, TIM_CHANNEL_2, HAL_TIM_CHANNEL_STATE_READY);
 389:stm/stm32l4xx/STM32L4xx_HAL_Driver/Src/stm32l4xx_hal_tim_ex.c **** 
 390:stm/stm32l4xx/STM32L4xx_HAL_Driver/Src/stm32l4xx_hal_tim_ex.c ****   /* Return function status */
 391:stm/stm32l4xx/STM32L4xx_HAL_Driver/Src/stm32l4xx_hal_tim_ex.c ****   return HAL_OK;
 392:stm/stm32l4xx/STM32L4xx_HAL_Driver/Src/stm32l4xx_hal_tim_ex.c **** }
 393:stm/stm32l4xx/STM32L4xx_HAL_Driver/Src/stm32l4xx_hal_tim_ex.c **** 
 394:stm/stm32l4xx/STM32L4xx_HAL_Driver/Src/stm32l4xx_hal_tim_ex.c **** /**
 395:stm/stm32l4xx/STM32L4xx_HAL_Driver/Src/stm32l4xx_hal_tim_ex.c ****   * @brief  Starts the TIM Hall Sensor Interface in interrupt mode.
 396:stm/stm32l4xx/STM32L4xx_HAL_Driver/Src/stm32l4xx_hal_tim_ex.c ****   * @param  htim TIM Hall Sensor Interface handle
 397:stm/stm32l4xx/STM32L4xx_HAL_Driver/Src/stm32l4xx_hal_tim_ex.c ****   * @retval HAL status
 398:stm/stm32l4xx/STM32L4xx_HAL_Driver/Src/stm32l4xx_hal_tim_ex.c ****   */
 399:stm/stm32l4xx/STM32L4xx_HAL_Driver/Src/stm32l4xx_hal_tim_ex.c **** HAL_StatusTypeDef HAL_TIMEx_HallSensor_Start_IT(TIM_HandleTypeDef *htim)
 400:stm/stm32l4xx/STM32L4xx_HAL_Driver/Src/stm32l4xx_hal_tim_ex.c **** {
 401:stm/stm32l4xx/STM32L4xx_HAL_Driver/Src/stm32l4xx_hal_tim_ex.c ****   uint32_t tmpsmcr;
 402:stm/stm32l4xx/STM32L4xx_HAL_Driver/Src/stm32l4xx_hal_tim_ex.c ****   HAL_TIM_ChannelStateTypeDef channel_1_state = TIM_CHANNEL_STATE_GET(htim, TIM_CHANNEL_1);
 403:stm/stm32l4xx/STM32L4xx_HAL_Driver/Src/stm32l4xx_hal_tim_ex.c ****   HAL_TIM_ChannelStateTypeDef channel_2_state = TIM_CHANNEL_STATE_GET(htim, TIM_CHANNEL_2);
 404:stm/stm32l4xx/STM32L4xx_HAL_Driver/Src/stm32l4xx_hal_tim_ex.c ****   HAL_TIM_ChannelStateTypeDef complementary_channel_1_state = TIM_CHANNEL_N_STATE_GET(htim, TIM_CHA
 405:stm/stm32l4xx/STM32L4xx_HAL_Driver/Src/stm32l4xx_hal_tim_ex.c ****   HAL_TIM_ChannelStateTypeDef complementary_channel_2_state = TIM_CHANNEL_N_STATE_GET(htim, TIM_CHA
 406:stm/stm32l4xx/STM32L4xx_HAL_Driver/Src/stm32l4xx_hal_tim_ex.c **** 
 407:stm/stm32l4xx/STM32L4xx_HAL_Driver/Src/stm32l4xx_hal_tim_ex.c ****   /* Check the parameters */
 408:stm/stm32l4xx/STM32L4xx_HAL_Driver/Src/stm32l4xx_hal_tim_ex.c ****   assert_param(IS_TIM_HALL_SENSOR_INTERFACE_INSTANCE(htim->Instance));
 409:stm/stm32l4xx/STM32L4xx_HAL_Driver/Src/stm32l4xx_hal_tim_ex.c **** 
 410:stm/stm32l4xx/STM32L4xx_HAL_Driver/Src/stm32l4xx_hal_tim_ex.c ****   /* Check the TIM channels state */
 411:stm/stm32l4xx/STM32L4xx_HAL_Driver/Src/stm32l4xx_hal_tim_ex.c ****   if ((channel_1_state != HAL_TIM_CHANNEL_STATE_READY)
 412:stm/stm32l4xx/STM32L4xx_HAL_Driver/Src/stm32l4xx_hal_tim_ex.c ****       || (channel_2_state != HAL_TIM_CHANNEL_STATE_READY)
 413:stm/stm32l4xx/STM32L4xx_HAL_Driver/Src/stm32l4xx_hal_tim_ex.c ****       || (complementary_channel_1_state != HAL_TIM_CHANNEL_STATE_READY)
 414:stm/stm32l4xx/STM32L4xx_HAL_Driver/Src/stm32l4xx_hal_tim_ex.c ****       || (complementary_channel_2_state != HAL_TIM_CHANNEL_STATE_READY))
 415:stm/stm32l4xx/STM32L4xx_HAL_Driver/Src/stm32l4xx_hal_tim_ex.c ****   {
 416:stm/stm32l4xx/STM32L4xx_HAL_Driver/Src/stm32l4xx_hal_tim_ex.c ****     return HAL_ERROR;
 417:stm/stm32l4xx/STM32L4xx_HAL_Driver/Src/stm32l4xx_hal_tim_ex.c ****   }
 418:stm/stm32l4xx/STM32L4xx_HAL_Driver/Src/stm32l4xx_hal_tim_ex.c **** 
 419:stm/stm32l4xx/STM32L4xx_HAL_Driver/Src/stm32l4xx_hal_tim_ex.c ****   /* Set the TIM channels state */
 420:stm/stm32l4xx/STM32L4xx_HAL_Driver/Src/stm32l4xx_hal_tim_ex.c ****   TIM_CHANNEL_STATE_SET(htim, TIM_CHANNEL_1, HAL_TIM_CHANNEL_STATE_BUSY);
 421:stm/stm32l4xx/STM32L4xx_HAL_Driver/Src/stm32l4xx_hal_tim_ex.c ****   TIM_CHANNEL_STATE_SET(htim, TIM_CHANNEL_2, HAL_TIM_CHANNEL_STATE_BUSY);
 422:stm/stm32l4xx/STM32L4xx_HAL_Driver/Src/stm32l4xx_hal_tim_ex.c ****   TIM_CHANNEL_N_STATE_SET(htim, TIM_CHANNEL_1, HAL_TIM_CHANNEL_STATE_BUSY);
 423:stm/stm32l4xx/STM32L4xx_HAL_Driver/Src/stm32l4xx_hal_tim_ex.c ****   TIM_CHANNEL_N_STATE_SET(htim, TIM_CHANNEL_2, HAL_TIM_CHANNEL_STATE_BUSY);
 424:stm/stm32l4xx/STM32L4xx_HAL_Driver/Src/stm32l4xx_hal_tim_ex.c **** 
 425:stm/stm32l4xx/STM32L4xx_HAL_Driver/Src/stm32l4xx_hal_tim_ex.c ****   /* Enable the capture compare Interrupts 1 event */
 426:stm/stm32l4xx/STM32L4xx_HAL_Driver/Src/stm32l4xx_hal_tim_ex.c ****   __HAL_TIM_ENABLE_IT(htim, TIM_IT_CC1);
 427:stm/stm32l4xx/STM32L4xx_HAL_Driver/Src/stm32l4xx_hal_tim_ex.c **** 
 428:stm/stm32l4xx/STM32L4xx_HAL_Driver/Src/stm32l4xx_hal_tim_ex.c ****   /* Enable the Input Capture channel 1
 429:stm/stm32l4xx/STM32L4xx_HAL_Driver/Src/stm32l4xx_hal_tim_ex.c ****   (in the Hall Sensor Interface the three possible channels that can be used are TIM_CHANNEL_1,
ARM GAS  /var/tmp//ccYgLLN5.s 			page 9


 430:stm/stm32l4xx/STM32L4xx_HAL_Driver/Src/stm32l4xx_hal_tim_ex.c ****   TIM_CHANNEL_2 and TIM_CHANNEL_3) */
 431:stm/stm32l4xx/STM32L4xx_HAL_Driver/Src/stm32l4xx_hal_tim_ex.c ****   TIM_CCxChannelCmd(htim->Instance, TIM_CHANNEL_1, TIM_CCx_ENABLE);
 432:stm/stm32l4xx/STM32L4xx_HAL_Driver/Src/stm32l4xx_hal_tim_ex.c **** 
 433:stm/stm32l4xx/STM32L4xx_HAL_Driver/Src/stm32l4xx_hal_tim_ex.c ****   /* Enable the Peripheral, except in trigger mode where enable is automatically done with trigger 
 434:stm/stm32l4xx/STM32L4xx_HAL_Driver/Src/stm32l4xx_hal_tim_ex.c ****   if (IS_TIM_SLAVE_INSTANCE(htim->Instance))
 435:stm/stm32l4xx/STM32L4xx_HAL_Driver/Src/stm32l4xx_hal_tim_ex.c ****   {
 436:stm/stm32l4xx/STM32L4xx_HAL_Driver/Src/stm32l4xx_hal_tim_ex.c ****     tmpsmcr = htim->Instance->SMCR & TIM_SMCR_SMS;
 437:stm/stm32l4xx/STM32L4xx_HAL_Driver/Src/stm32l4xx_hal_tim_ex.c ****     if (!IS_TIM_SLAVEMODE_TRIGGER_ENABLED(tmpsmcr))
 438:stm/stm32l4xx/STM32L4xx_HAL_Driver/Src/stm32l4xx_hal_tim_ex.c ****     {
 439:stm/stm32l4xx/STM32L4xx_HAL_Driver/Src/stm32l4xx_hal_tim_ex.c ****       __HAL_TIM_ENABLE(htim);
 440:stm/stm32l4xx/STM32L4xx_HAL_Driver/Src/stm32l4xx_hal_tim_ex.c ****     }
 441:stm/stm32l4xx/STM32L4xx_HAL_Driver/Src/stm32l4xx_hal_tim_ex.c ****   }
 442:stm/stm32l4xx/STM32L4xx_HAL_Driver/Src/stm32l4xx_hal_tim_ex.c ****   else
 443:stm/stm32l4xx/STM32L4xx_HAL_Driver/Src/stm32l4xx_hal_tim_ex.c ****   {
 444:stm/stm32l4xx/STM32L4xx_HAL_Driver/Src/stm32l4xx_hal_tim_ex.c ****     __HAL_TIM_ENABLE(htim);
 445:stm/stm32l4xx/STM32L4xx_HAL_Driver/Src/stm32l4xx_hal_tim_ex.c ****   }
 446:stm/stm32l4xx/STM32L4xx_HAL_Driver/Src/stm32l4xx_hal_tim_ex.c **** 
 447:stm/stm32l4xx/STM32L4xx_HAL_Driver/Src/stm32l4xx_hal_tim_ex.c ****   /* Return function status */
 448:stm/stm32l4xx/STM32L4xx_HAL_Driver/Src/stm32l4xx_hal_tim_ex.c ****   return HAL_OK;
 449:stm/stm32l4xx/STM32L4xx_HAL_Driver/Src/stm32l4xx_hal_tim_ex.c **** }
 450:stm/stm32l4xx/STM32L4xx_HAL_Driver/Src/stm32l4xx_hal_tim_ex.c **** 
 451:stm/stm32l4xx/STM32L4xx_HAL_Driver/Src/stm32l4xx_hal_tim_ex.c **** /**
 452:stm/stm32l4xx/STM32L4xx_HAL_Driver/Src/stm32l4xx_hal_tim_ex.c ****   * @brief  Stops the TIM Hall Sensor Interface in interrupt mode.
 453:stm/stm32l4xx/STM32L4xx_HAL_Driver/Src/stm32l4xx_hal_tim_ex.c ****   * @param  htim TIM Hall Sensor Interface handle
 454:stm/stm32l4xx/STM32L4xx_HAL_Driver/Src/stm32l4xx_hal_tim_ex.c ****   * @retval HAL status
 455:stm/stm32l4xx/STM32L4xx_HAL_Driver/Src/stm32l4xx_hal_tim_ex.c ****   */
 456:stm/stm32l4xx/STM32L4xx_HAL_Driver/Src/stm32l4xx_hal_tim_ex.c **** HAL_StatusTypeDef HAL_TIMEx_HallSensor_Stop_IT(TIM_HandleTypeDef *htim)
 457:stm/stm32l4xx/STM32L4xx_HAL_Driver/Src/stm32l4xx_hal_tim_ex.c **** {
 458:stm/stm32l4xx/STM32L4xx_HAL_Driver/Src/stm32l4xx_hal_tim_ex.c ****   /* Check the parameters */
 459:stm/stm32l4xx/STM32L4xx_HAL_Driver/Src/stm32l4xx_hal_tim_ex.c ****   assert_param(IS_TIM_HALL_SENSOR_INTERFACE_INSTANCE(htim->Instance));
 460:stm/stm32l4xx/STM32L4xx_HAL_Driver/Src/stm32l4xx_hal_tim_ex.c **** 
 461:stm/stm32l4xx/STM32L4xx_HAL_Driver/Src/stm32l4xx_hal_tim_ex.c ****   /* Disable the Input Capture channel 1
 462:stm/stm32l4xx/STM32L4xx_HAL_Driver/Src/stm32l4xx_hal_tim_ex.c ****   (in the Hall Sensor Interface the three possible channels that can be used are TIM_CHANNEL_1,
 463:stm/stm32l4xx/STM32L4xx_HAL_Driver/Src/stm32l4xx_hal_tim_ex.c ****   TIM_CHANNEL_2 and TIM_CHANNEL_3) */
 464:stm/stm32l4xx/STM32L4xx_HAL_Driver/Src/stm32l4xx_hal_tim_ex.c ****   TIM_CCxChannelCmd(htim->Instance, TIM_CHANNEL_1, TIM_CCx_DISABLE);
 465:stm/stm32l4xx/STM32L4xx_HAL_Driver/Src/stm32l4xx_hal_tim_ex.c **** 
 466:stm/stm32l4xx/STM32L4xx_HAL_Driver/Src/stm32l4xx_hal_tim_ex.c ****   /* Disable the capture compare Interrupts event */
 467:stm/stm32l4xx/STM32L4xx_HAL_Driver/Src/stm32l4xx_hal_tim_ex.c ****   __HAL_TIM_DISABLE_IT(htim, TIM_IT_CC1);
 468:stm/stm32l4xx/STM32L4xx_HAL_Driver/Src/stm32l4xx_hal_tim_ex.c **** 
 469:stm/stm32l4xx/STM32L4xx_HAL_Driver/Src/stm32l4xx_hal_tim_ex.c ****   /* Disable the Peripheral */
 470:stm/stm32l4xx/STM32L4xx_HAL_Driver/Src/stm32l4xx_hal_tim_ex.c ****   __HAL_TIM_DISABLE(htim);
 471:stm/stm32l4xx/STM32L4xx_HAL_Driver/Src/stm32l4xx_hal_tim_ex.c **** 
 472:stm/stm32l4xx/STM32L4xx_HAL_Driver/Src/stm32l4xx_hal_tim_ex.c ****   /* Set the TIM channels state */
 473:stm/stm32l4xx/STM32L4xx_HAL_Driver/Src/stm32l4xx_hal_tim_ex.c ****   TIM_CHANNEL_STATE_SET(htim, TIM_CHANNEL_1, HAL_TIM_CHANNEL_STATE_READY);
 474:stm/stm32l4xx/STM32L4xx_HAL_Driver/Src/stm32l4xx_hal_tim_ex.c ****   TIM_CHANNEL_STATE_SET(htim, TIM_CHANNEL_2, HAL_TIM_CHANNEL_STATE_READY);
 475:stm/stm32l4xx/STM32L4xx_HAL_Driver/Src/stm32l4xx_hal_tim_ex.c ****   TIM_CHANNEL_N_STATE_SET(htim, TIM_CHANNEL_1, HAL_TIM_CHANNEL_STATE_READY);
 476:stm/stm32l4xx/STM32L4xx_HAL_Driver/Src/stm32l4xx_hal_tim_ex.c ****   TIM_CHANNEL_N_STATE_SET(htim, TIM_CHANNEL_2, HAL_TIM_CHANNEL_STATE_READY);
 477:stm/stm32l4xx/STM32L4xx_HAL_Driver/Src/stm32l4xx_hal_tim_ex.c **** 
 478:stm/stm32l4xx/STM32L4xx_HAL_Driver/Src/stm32l4xx_hal_tim_ex.c ****   /* Return function status */
 479:stm/stm32l4xx/STM32L4xx_HAL_Driver/Src/stm32l4xx_hal_tim_ex.c ****   return HAL_OK;
 480:stm/stm32l4xx/STM32L4xx_HAL_Driver/Src/stm32l4xx_hal_tim_ex.c **** }
 481:stm/stm32l4xx/STM32L4xx_HAL_Driver/Src/stm32l4xx_hal_tim_ex.c **** 
 482:stm/stm32l4xx/STM32L4xx_HAL_Driver/Src/stm32l4xx_hal_tim_ex.c **** /**
 483:stm/stm32l4xx/STM32L4xx_HAL_Driver/Src/stm32l4xx_hal_tim_ex.c ****   * @brief  Starts the TIM Hall Sensor Interface in DMA mode.
 484:stm/stm32l4xx/STM32L4xx_HAL_Driver/Src/stm32l4xx_hal_tim_ex.c ****   * @param  htim TIM Hall Sensor Interface handle
 485:stm/stm32l4xx/STM32L4xx_HAL_Driver/Src/stm32l4xx_hal_tim_ex.c ****   * @param  pData The destination Buffer address.
 486:stm/stm32l4xx/STM32L4xx_HAL_Driver/Src/stm32l4xx_hal_tim_ex.c ****   * @param  Length The length of data to be transferred from TIM peripheral to memory.
ARM GAS  /var/tmp//ccYgLLN5.s 			page 10


 487:stm/stm32l4xx/STM32L4xx_HAL_Driver/Src/stm32l4xx_hal_tim_ex.c ****   * @retval HAL status
 488:stm/stm32l4xx/STM32L4xx_HAL_Driver/Src/stm32l4xx_hal_tim_ex.c ****   */
 489:stm/stm32l4xx/STM32L4xx_HAL_Driver/Src/stm32l4xx_hal_tim_ex.c **** HAL_StatusTypeDef HAL_TIMEx_HallSensor_Start_DMA(TIM_HandleTypeDef *htim, uint32_t *pData, uint16_t
 490:stm/stm32l4xx/STM32L4xx_HAL_Driver/Src/stm32l4xx_hal_tim_ex.c **** {
 491:stm/stm32l4xx/STM32L4xx_HAL_Driver/Src/stm32l4xx_hal_tim_ex.c ****   uint32_t tmpsmcr;
 492:stm/stm32l4xx/STM32L4xx_HAL_Driver/Src/stm32l4xx_hal_tim_ex.c ****   HAL_TIM_ChannelStateTypeDef channel_1_state = TIM_CHANNEL_STATE_GET(htim, TIM_CHANNEL_1);
 493:stm/stm32l4xx/STM32L4xx_HAL_Driver/Src/stm32l4xx_hal_tim_ex.c ****   HAL_TIM_ChannelStateTypeDef complementary_channel_1_state = TIM_CHANNEL_N_STATE_GET(htim, TIM_CHA
 494:stm/stm32l4xx/STM32L4xx_HAL_Driver/Src/stm32l4xx_hal_tim_ex.c **** 
 495:stm/stm32l4xx/STM32L4xx_HAL_Driver/Src/stm32l4xx_hal_tim_ex.c ****   /* Check the parameters */
 496:stm/stm32l4xx/STM32L4xx_HAL_Driver/Src/stm32l4xx_hal_tim_ex.c ****   assert_param(IS_TIM_HALL_SENSOR_INTERFACE_INSTANCE(htim->Instance));
 497:stm/stm32l4xx/STM32L4xx_HAL_Driver/Src/stm32l4xx_hal_tim_ex.c **** 
 498:stm/stm32l4xx/STM32L4xx_HAL_Driver/Src/stm32l4xx_hal_tim_ex.c ****   /* Set the TIM channel state */
 499:stm/stm32l4xx/STM32L4xx_HAL_Driver/Src/stm32l4xx_hal_tim_ex.c ****   if ((channel_1_state == HAL_TIM_CHANNEL_STATE_BUSY)
 500:stm/stm32l4xx/STM32L4xx_HAL_Driver/Src/stm32l4xx_hal_tim_ex.c ****       || (complementary_channel_1_state == HAL_TIM_CHANNEL_STATE_BUSY))
 501:stm/stm32l4xx/STM32L4xx_HAL_Driver/Src/stm32l4xx_hal_tim_ex.c ****   {
 502:stm/stm32l4xx/STM32L4xx_HAL_Driver/Src/stm32l4xx_hal_tim_ex.c ****     return HAL_BUSY;
 503:stm/stm32l4xx/STM32L4xx_HAL_Driver/Src/stm32l4xx_hal_tim_ex.c ****   }
 504:stm/stm32l4xx/STM32L4xx_HAL_Driver/Src/stm32l4xx_hal_tim_ex.c ****   else if ((channel_1_state == HAL_TIM_CHANNEL_STATE_READY)
 505:stm/stm32l4xx/STM32L4xx_HAL_Driver/Src/stm32l4xx_hal_tim_ex.c ****            && (complementary_channel_1_state == HAL_TIM_CHANNEL_STATE_READY))
 506:stm/stm32l4xx/STM32L4xx_HAL_Driver/Src/stm32l4xx_hal_tim_ex.c ****   {
 507:stm/stm32l4xx/STM32L4xx_HAL_Driver/Src/stm32l4xx_hal_tim_ex.c ****     if ((pData == NULL) || (Length == 0U))
 508:stm/stm32l4xx/STM32L4xx_HAL_Driver/Src/stm32l4xx_hal_tim_ex.c ****     {
 509:stm/stm32l4xx/STM32L4xx_HAL_Driver/Src/stm32l4xx_hal_tim_ex.c ****       return HAL_ERROR;
 510:stm/stm32l4xx/STM32L4xx_HAL_Driver/Src/stm32l4xx_hal_tim_ex.c ****     }
 511:stm/stm32l4xx/STM32L4xx_HAL_Driver/Src/stm32l4xx_hal_tim_ex.c ****     else
 512:stm/stm32l4xx/STM32L4xx_HAL_Driver/Src/stm32l4xx_hal_tim_ex.c ****     {
 513:stm/stm32l4xx/STM32L4xx_HAL_Driver/Src/stm32l4xx_hal_tim_ex.c ****       TIM_CHANNEL_STATE_SET(htim, TIM_CHANNEL_1, HAL_TIM_CHANNEL_STATE_BUSY);
 514:stm/stm32l4xx/STM32L4xx_HAL_Driver/Src/stm32l4xx_hal_tim_ex.c ****       TIM_CHANNEL_N_STATE_SET(htim, TIM_CHANNEL_1, HAL_TIM_CHANNEL_STATE_BUSY);
 515:stm/stm32l4xx/STM32L4xx_HAL_Driver/Src/stm32l4xx_hal_tim_ex.c ****     }
 516:stm/stm32l4xx/STM32L4xx_HAL_Driver/Src/stm32l4xx_hal_tim_ex.c ****   }
 517:stm/stm32l4xx/STM32L4xx_HAL_Driver/Src/stm32l4xx_hal_tim_ex.c ****   else
 518:stm/stm32l4xx/STM32L4xx_HAL_Driver/Src/stm32l4xx_hal_tim_ex.c ****   {
 519:stm/stm32l4xx/STM32L4xx_HAL_Driver/Src/stm32l4xx_hal_tim_ex.c ****     return HAL_ERROR;
 520:stm/stm32l4xx/STM32L4xx_HAL_Driver/Src/stm32l4xx_hal_tim_ex.c ****   }
 521:stm/stm32l4xx/STM32L4xx_HAL_Driver/Src/stm32l4xx_hal_tim_ex.c **** 
 522:stm/stm32l4xx/STM32L4xx_HAL_Driver/Src/stm32l4xx_hal_tim_ex.c ****   /* Enable the Input Capture channel 1
 523:stm/stm32l4xx/STM32L4xx_HAL_Driver/Src/stm32l4xx_hal_tim_ex.c ****   (in the Hall Sensor Interface the three possible channels that can be used are TIM_CHANNEL_1,
 524:stm/stm32l4xx/STM32L4xx_HAL_Driver/Src/stm32l4xx_hal_tim_ex.c ****   TIM_CHANNEL_2 and TIM_CHANNEL_3) */
 525:stm/stm32l4xx/STM32L4xx_HAL_Driver/Src/stm32l4xx_hal_tim_ex.c ****   TIM_CCxChannelCmd(htim->Instance, TIM_CHANNEL_1, TIM_CCx_ENABLE);
 526:stm/stm32l4xx/STM32L4xx_HAL_Driver/Src/stm32l4xx_hal_tim_ex.c **** 
 527:stm/stm32l4xx/STM32L4xx_HAL_Driver/Src/stm32l4xx_hal_tim_ex.c ****   /* Set the DMA Input Capture 1 Callbacks */
 528:stm/stm32l4xx/STM32L4xx_HAL_Driver/Src/stm32l4xx_hal_tim_ex.c ****   htim->hdma[TIM_DMA_ID_CC1]->XferCpltCallback = TIM_DMACaptureCplt;
 529:stm/stm32l4xx/STM32L4xx_HAL_Driver/Src/stm32l4xx_hal_tim_ex.c ****   htim->hdma[TIM_DMA_ID_CC1]->XferHalfCpltCallback = TIM_DMACaptureHalfCplt;
 530:stm/stm32l4xx/STM32L4xx_HAL_Driver/Src/stm32l4xx_hal_tim_ex.c ****   /* Set the DMA error callback */
 531:stm/stm32l4xx/STM32L4xx_HAL_Driver/Src/stm32l4xx_hal_tim_ex.c ****   htim->hdma[TIM_DMA_ID_CC1]->XferErrorCallback = TIM_DMAError ;
 532:stm/stm32l4xx/STM32L4xx_HAL_Driver/Src/stm32l4xx_hal_tim_ex.c **** 
 533:stm/stm32l4xx/STM32L4xx_HAL_Driver/Src/stm32l4xx_hal_tim_ex.c ****   /* Enable the DMA channel for Capture 1*/
 534:stm/stm32l4xx/STM32L4xx_HAL_Driver/Src/stm32l4xx_hal_tim_ex.c ****   if (HAL_DMA_Start_IT(htim->hdma[TIM_DMA_ID_CC1], (uint32_t)&htim->Instance->CCR1, (uint32_t)pData
 535:stm/stm32l4xx/STM32L4xx_HAL_Driver/Src/stm32l4xx_hal_tim_ex.c ****   {
 536:stm/stm32l4xx/STM32L4xx_HAL_Driver/Src/stm32l4xx_hal_tim_ex.c ****     /* Return error status */
 537:stm/stm32l4xx/STM32L4xx_HAL_Driver/Src/stm32l4xx_hal_tim_ex.c ****     return HAL_ERROR;
 538:stm/stm32l4xx/STM32L4xx_HAL_Driver/Src/stm32l4xx_hal_tim_ex.c ****   }
 539:stm/stm32l4xx/STM32L4xx_HAL_Driver/Src/stm32l4xx_hal_tim_ex.c ****   /* Enable the capture compare 1 Interrupt */
 540:stm/stm32l4xx/STM32L4xx_HAL_Driver/Src/stm32l4xx_hal_tim_ex.c ****   __HAL_TIM_ENABLE_DMA(htim, TIM_DMA_CC1);
 541:stm/stm32l4xx/STM32L4xx_HAL_Driver/Src/stm32l4xx_hal_tim_ex.c **** 
 542:stm/stm32l4xx/STM32L4xx_HAL_Driver/Src/stm32l4xx_hal_tim_ex.c ****   /* Enable the Peripheral, except in trigger mode where enable is automatically done with trigger 
 543:stm/stm32l4xx/STM32L4xx_HAL_Driver/Src/stm32l4xx_hal_tim_ex.c ****   if (IS_TIM_SLAVE_INSTANCE(htim->Instance))
ARM GAS  /var/tmp//ccYgLLN5.s 			page 11


 544:stm/stm32l4xx/STM32L4xx_HAL_Driver/Src/stm32l4xx_hal_tim_ex.c ****   {
 545:stm/stm32l4xx/STM32L4xx_HAL_Driver/Src/stm32l4xx_hal_tim_ex.c ****     tmpsmcr = htim->Instance->SMCR & TIM_SMCR_SMS;
 546:stm/stm32l4xx/STM32L4xx_HAL_Driver/Src/stm32l4xx_hal_tim_ex.c ****     if (!IS_TIM_SLAVEMODE_TRIGGER_ENABLED(tmpsmcr))
 547:stm/stm32l4xx/STM32L4xx_HAL_Driver/Src/stm32l4xx_hal_tim_ex.c ****     {
 548:stm/stm32l4xx/STM32L4xx_HAL_Driver/Src/stm32l4xx_hal_tim_ex.c ****       __HAL_TIM_ENABLE(htim);
 549:stm/stm32l4xx/STM32L4xx_HAL_Driver/Src/stm32l4xx_hal_tim_ex.c ****     }
 550:stm/stm32l4xx/STM32L4xx_HAL_Driver/Src/stm32l4xx_hal_tim_ex.c ****   }
 551:stm/stm32l4xx/STM32L4xx_HAL_Driver/Src/stm32l4xx_hal_tim_ex.c ****   else
 552:stm/stm32l4xx/STM32L4xx_HAL_Driver/Src/stm32l4xx_hal_tim_ex.c ****   {
 553:stm/stm32l4xx/STM32L4xx_HAL_Driver/Src/stm32l4xx_hal_tim_ex.c ****     __HAL_TIM_ENABLE(htim);
 554:stm/stm32l4xx/STM32L4xx_HAL_Driver/Src/stm32l4xx_hal_tim_ex.c ****   }
 555:stm/stm32l4xx/STM32L4xx_HAL_Driver/Src/stm32l4xx_hal_tim_ex.c **** 
 556:stm/stm32l4xx/STM32L4xx_HAL_Driver/Src/stm32l4xx_hal_tim_ex.c ****   /* Return function status */
 557:stm/stm32l4xx/STM32L4xx_HAL_Driver/Src/stm32l4xx_hal_tim_ex.c ****   return HAL_OK;
 558:stm/stm32l4xx/STM32L4xx_HAL_Driver/Src/stm32l4xx_hal_tim_ex.c **** }
 559:stm/stm32l4xx/STM32L4xx_HAL_Driver/Src/stm32l4xx_hal_tim_ex.c **** 
 560:stm/stm32l4xx/STM32L4xx_HAL_Driver/Src/stm32l4xx_hal_tim_ex.c **** /**
 561:stm/stm32l4xx/STM32L4xx_HAL_Driver/Src/stm32l4xx_hal_tim_ex.c ****   * @brief  Stops the TIM Hall Sensor Interface in DMA mode.
 562:stm/stm32l4xx/STM32L4xx_HAL_Driver/Src/stm32l4xx_hal_tim_ex.c ****   * @param  htim TIM Hall Sensor Interface handle
 563:stm/stm32l4xx/STM32L4xx_HAL_Driver/Src/stm32l4xx_hal_tim_ex.c ****   * @retval HAL status
 564:stm/stm32l4xx/STM32L4xx_HAL_Driver/Src/stm32l4xx_hal_tim_ex.c ****   */
 565:stm/stm32l4xx/STM32L4xx_HAL_Driver/Src/stm32l4xx_hal_tim_ex.c **** HAL_StatusTypeDef HAL_TIMEx_HallSensor_Stop_DMA(TIM_HandleTypeDef *htim)
 566:stm/stm32l4xx/STM32L4xx_HAL_Driver/Src/stm32l4xx_hal_tim_ex.c **** {
 567:stm/stm32l4xx/STM32L4xx_HAL_Driver/Src/stm32l4xx_hal_tim_ex.c ****   /* Check the parameters */
 568:stm/stm32l4xx/STM32L4xx_HAL_Driver/Src/stm32l4xx_hal_tim_ex.c ****   assert_param(IS_TIM_HALL_SENSOR_INTERFACE_INSTANCE(htim->Instance));
 569:stm/stm32l4xx/STM32L4xx_HAL_Driver/Src/stm32l4xx_hal_tim_ex.c **** 
 570:stm/stm32l4xx/STM32L4xx_HAL_Driver/Src/stm32l4xx_hal_tim_ex.c ****   /* Disable the Input Capture channel 1
 571:stm/stm32l4xx/STM32L4xx_HAL_Driver/Src/stm32l4xx_hal_tim_ex.c ****   (in the Hall Sensor Interface the three possible channels that can be used are TIM_CHANNEL_1,
 572:stm/stm32l4xx/STM32L4xx_HAL_Driver/Src/stm32l4xx_hal_tim_ex.c ****   TIM_CHANNEL_2 and TIM_CHANNEL_3) */
 573:stm/stm32l4xx/STM32L4xx_HAL_Driver/Src/stm32l4xx_hal_tim_ex.c ****   TIM_CCxChannelCmd(htim->Instance, TIM_CHANNEL_1, TIM_CCx_DISABLE);
 574:stm/stm32l4xx/STM32L4xx_HAL_Driver/Src/stm32l4xx_hal_tim_ex.c **** 
 575:stm/stm32l4xx/STM32L4xx_HAL_Driver/Src/stm32l4xx_hal_tim_ex.c **** 
 576:stm/stm32l4xx/STM32L4xx_HAL_Driver/Src/stm32l4xx_hal_tim_ex.c ****   /* Disable the capture compare Interrupts 1 event */
 577:stm/stm32l4xx/STM32L4xx_HAL_Driver/Src/stm32l4xx_hal_tim_ex.c ****   __HAL_TIM_DISABLE_DMA(htim, TIM_DMA_CC1);
 578:stm/stm32l4xx/STM32L4xx_HAL_Driver/Src/stm32l4xx_hal_tim_ex.c **** 
 579:stm/stm32l4xx/STM32L4xx_HAL_Driver/Src/stm32l4xx_hal_tim_ex.c ****   (void)HAL_DMA_Abort_IT(htim->hdma[TIM_DMA_ID_CC1]);
 580:stm/stm32l4xx/STM32L4xx_HAL_Driver/Src/stm32l4xx_hal_tim_ex.c **** 
 581:stm/stm32l4xx/STM32L4xx_HAL_Driver/Src/stm32l4xx_hal_tim_ex.c ****   /* Disable the Peripheral */
 582:stm/stm32l4xx/STM32L4xx_HAL_Driver/Src/stm32l4xx_hal_tim_ex.c ****   __HAL_TIM_DISABLE(htim);
 583:stm/stm32l4xx/STM32L4xx_HAL_Driver/Src/stm32l4xx_hal_tim_ex.c **** 
 584:stm/stm32l4xx/STM32L4xx_HAL_Driver/Src/stm32l4xx_hal_tim_ex.c ****   /* Set the TIM channel state */
 585:stm/stm32l4xx/STM32L4xx_HAL_Driver/Src/stm32l4xx_hal_tim_ex.c ****   TIM_CHANNEL_STATE_SET(htim, TIM_CHANNEL_1, HAL_TIM_CHANNEL_STATE_READY);
 586:stm/stm32l4xx/STM32L4xx_HAL_Driver/Src/stm32l4xx_hal_tim_ex.c ****   TIM_CHANNEL_N_STATE_SET(htim, TIM_CHANNEL_1, HAL_TIM_CHANNEL_STATE_READY);
 587:stm/stm32l4xx/STM32L4xx_HAL_Driver/Src/stm32l4xx_hal_tim_ex.c **** 
 588:stm/stm32l4xx/STM32L4xx_HAL_Driver/Src/stm32l4xx_hal_tim_ex.c ****   /* Return function status */
 589:stm/stm32l4xx/STM32L4xx_HAL_Driver/Src/stm32l4xx_hal_tim_ex.c ****   return HAL_OK;
 590:stm/stm32l4xx/STM32L4xx_HAL_Driver/Src/stm32l4xx_hal_tim_ex.c **** }
 591:stm/stm32l4xx/STM32L4xx_HAL_Driver/Src/stm32l4xx_hal_tim_ex.c **** 
 592:stm/stm32l4xx/STM32L4xx_HAL_Driver/Src/stm32l4xx_hal_tim_ex.c **** /**
 593:stm/stm32l4xx/STM32L4xx_HAL_Driver/Src/stm32l4xx_hal_tim_ex.c ****   * @}
 594:stm/stm32l4xx/STM32L4xx_HAL_Driver/Src/stm32l4xx_hal_tim_ex.c ****   */
 595:stm/stm32l4xx/STM32L4xx_HAL_Driver/Src/stm32l4xx_hal_tim_ex.c **** 
 596:stm/stm32l4xx/STM32L4xx_HAL_Driver/Src/stm32l4xx_hal_tim_ex.c **** /** @defgroup TIMEx_Exported_Functions_Group2 Extended Timer Complementary Output Compare functions
 597:stm/stm32l4xx/STM32L4xx_HAL_Driver/Src/stm32l4xx_hal_tim_ex.c ****   *  @brief   Timer Complementary Output Compare functions
 598:stm/stm32l4xx/STM32L4xx_HAL_Driver/Src/stm32l4xx_hal_tim_ex.c ****   *
 599:stm/stm32l4xx/STM32L4xx_HAL_Driver/Src/stm32l4xx_hal_tim_ex.c **** @verbatim
 600:stm/stm32l4xx/STM32L4xx_HAL_Driver/Src/stm32l4xx_hal_tim_ex.c ****   ==============================================================================
ARM GAS  /var/tmp//ccYgLLN5.s 			page 12


 601:stm/stm32l4xx/STM32L4xx_HAL_Driver/Src/stm32l4xx_hal_tim_ex.c ****               ##### Timer Complementary Output Compare functions #####
 602:stm/stm32l4xx/STM32L4xx_HAL_Driver/Src/stm32l4xx_hal_tim_ex.c ****   ==============================================================================
 603:stm/stm32l4xx/STM32L4xx_HAL_Driver/Src/stm32l4xx_hal_tim_ex.c ****   [..]
 604:stm/stm32l4xx/STM32L4xx_HAL_Driver/Src/stm32l4xx_hal_tim_ex.c ****     This section provides functions allowing to:
 605:stm/stm32l4xx/STM32L4xx_HAL_Driver/Src/stm32l4xx_hal_tim_ex.c ****     (+) Start the Complementary Output Compare/PWM.
 606:stm/stm32l4xx/STM32L4xx_HAL_Driver/Src/stm32l4xx_hal_tim_ex.c ****     (+) Stop the Complementary Output Compare/PWM.
 607:stm/stm32l4xx/STM32L4xx_HAL_Driver/Src/stm32l4xx_hal_tim_ex.c ****     (+) Start the Complementary Output Compare/PWM and enable interrupts.
 608:stm/stm32l4xx/STM32L4xx_HAL_Driver/Src/stm32l4xx_hal_tim_ex.c ****     (+) Stop the Complementary Output Compare/PWM and disable interrupts.
 609:stm/stm32l4xx/STM32L4xx_HAL_Driver/Src/stm32l4xx_hal_tim_ex.c ****     (+) Start the Complementary Output Compare/PWM and enable DMA transfers.
 610:stm/stm32l4xx/STM32L4xx_HAL_Driver/Src/stm32l4xx_hal_tim_ex.c ****     (+) Stop the Complementary Output Compare/PWM and disable DMA transfers.
 611:stm/stm32l4xx/STM32L4xx_HAL_Driver/Src/stm32l4xx_hal_tim_ex.c **** 
 612:stm/stm32l4xx/STM32L4xx_HAL_Driver/Src/stm32l4xx_hal_tim_ex.c **** @endverbatim
 613:stm/stm32l4xx/STM32L4xx_HAL_Driver/Src/stm32l4xx_hal_tim_ex.c ****   * @{
 614:stm/stm32l4xx/STM32L4xx_HAL_Driver/Src/stm32l4xx_hal_tim_ex.c ****   */
 615:stm/stm32l4xx/STM32L4xx_HAL_Driver/Src/stm32l4xx_hal_tim_ex.c **** 
 616:stm/stm32l4xx/STM32L4xx_HAL_Driver/Src/stm32l4xx_hal_tim_ex.c **** /**
 617:stm/stm32l4xx/STM32L4xx_HAL_Driver/Src/stm32l4xx_hal_tim_ex.c ****   * @brief  Starts the TIM Output Compare signal generation on the complementary
 618:stm/stm32l4xx/STM32L4xx_HAL_Driver/Src/stm32l4xx_hal_tim_ex.c ****   *         output.
 619:stm/stm32l4xx/STM32L4xx_HAL_Driver/Src/stm32l4xx_hal_tim_ex.c ****   * @param  htim TIM Output Compare handle
 620:stm/stm32l4xx/STM32L4xx_HAL_Driver/Src/stm32l4xx_hal_tim_ex.c ****   * @param  Channel TIM Channel to be enabled
 621:stm/stm32l4xx/STM32L4xx_HAL_Driver/Src/stm32l4xx_hal_tim_ex.c ****   *          This parameter can be one of the following values:
 622:stm/stm32l4xx/STM32L4xx_HAL_Driver/Src/stm32l4xx_hal_tim_ex.c ****   *            @arg TIM_CHANNEL_1: TIM Channel 1 selected
 623:stm/stm32l4xx/STM32L4xx_HAL_Driver/Src/stm32l4xx_hal_tim_ex.c ****   *            @arg TIM_CHANNEL_2: TIM Channel 2 selected
 624:stm/stm32l4xx/STM32L4xx_HAL_Driver/Src/stm32l4xx_hal_tim_ex.c ****   *            @arg TIM_CHANNEL_3: TIM Channel 3 selected
 625:stm/stm32l4xx/STM32L4xx_HAL_Driver/Src/stm32l4xx_hal_tim_ex.c ****   * @retval HAL status
 626:stm/stm32l4xx/STM32L4xx_HAL_Driver/Src/stm32l4xx_hal_tim_ex.c ****   */
 627:stm/stm32l4xx/STM32L4xx_HAL_Driver/Src/stm32l4xx_hal_tim_ex.c **** HAL_StatusTypeDef HAL_TIMEx_OCN_Start(TIM_HandleTypeDef *htim, uint32_t Channel)
 628:stm/stm32l4xx/STM32L4xx_HAL_Driver/Src/stm32l4xx_hal_tim_ex.c **** {
 629:stm/stm32l4xx/STM32L4xx_HAL_Driver/Src/stm32l4xx_hal_tim_ex.c ****   uint32_t tmpsmcr;
 630:stm/stm32l4xx/STM32L4xx_HAL_Driver/Src/stm32l4xx_hal_tim_ex.c **** 
 631:stm/stm32l4xx/STM32L4xx_HAL_Driver/Src/stm32l4xx_hal_tim_ex.c ****   /* Check the parameters */
 632:stm/stm32l4xx/STM32L4xx_HAL_Driver/Src/stm32l4xx_hal_tim_ex.c ****   assert_param(IS_TIM_CCXN_INSTANCE(htim->Instance, Channel));
 633:stm/stm32l4xx/STM32L4xx_HAL_Driver/Src/stm32l4xx_hal_tim_ex.c **** 
 634:stm/stm32l4xx/STM32L4xx_HAL_Driver/Src/stm32l4xx_hal_tim_ex.c ****   /* Check the TIM complementary channel state */
 635:stm/stm32l4xx/STM32L4xx_HAL_Driver/Src/stm32l4xx_hal_tim_ex.c ****   if (TIM_CHANNEL_N_STATE_GET(htim, Channel) != HAL_TIM_CHANNEL_STATE_READY)
 636:stm/stm32l4xx/STM32L4xx_HAL_Driver/Src/stm32l4xx_hal_tim_ex.c ****   {
 637:stm/stm32l4xx/STM32L4xx_HAL_Driver/Src/stm32l4xx_hal_tim_ex.c ****     return HAL_ERROR;
 638:stm/stm32l4xx/STM32L4xx_HAL_Driver/Src/stm32l4xx_hal_tim_ex.c ****   }
 639:stm/stm32l4xx/STM32L4xx_HAL_Driver/Src/stm32l4xx_hal_tim_ex.c **** 
 640:stm/stm32l4xx/STM32L4xx_HAL_Driver/Src/stm32l4xx_hal_tim_ex.c ****   /* Set the TIM complementary channel state */
 641:stm/stm32l4xx/STM32L4xx_HAL_Driver/Src/stm32l4xx_hal_tim_ex.c ****   TIM_CHANNEL_N_STATE_SET(htim, Channel, HAL_TIM_CHANNEL_STATE_BUSY);
 642:stm/stm32l4xx/STM32L4xx_HAL_Driver/Src/stm32l4xx_hal_tim_ex.c **** 
 643:stm/stm32l4xx/STM32L4xx_HAL_Driver/Src/stm32l4xx_hal_tim_ex.c ****   /* Enable the Capture compare channel N */
 644:stm/stm32l4xx/STM32L4xx_HAL_Driver/Src/stm32l4xx_hal_tim_ex.c ****   TIM_CCxNChannelCmd(htim->Instance, Channel, TIM_CCxN_ENABLE);
 645:stm/stm32l4xx/STM32L4xx_HAL_Driver/Src/stm32l4xx_hal_tim_ex.c **** 
 646:stm/stm32l4xx/STM32L4xx_HAL_Driver/Src/stm32l4xx_hal_tim_ex.c ****   /* Enable the Main Output */
 647:stm/stm32l4xx/STM32L4xx_HAL_Driver/Src/stm32l4xx_hal_tim_ex.c ****   __HAL_TIM_MOE_ENABLE(htim);
 648:stm/stm32l4xx/STM32L4xx_HAL_Driver/Src/stm32l4xx_hal_tim_ex.c **** 
 649:stm/stm32l4xx/STM32L4xx_HAL_Driver/Src/stm32l4xx_hal_tim_ex.c ****   /* Enable the Peripheral, except in trigger mode where enable is automatically done with trigger 
 650:stm/stm32l4xx/STM32L4xx_HAL_Driver/Src/stm32l4xx_hal_tim_ex.c ****   if (IS_TIM_SLAVE_INSTANCE(htim->Instance))
 651:stm/stm32l4xx/STM32L4xx_HAL_Driver/Src/stm32l4xx_hal_tim_ex.c ****   {
 652:stm/stm32l4xx/STM32L4xx_HAL_Driver/Src/stm32l4xx_hal_tim_ex.c ****     tmpsmcr = htim->Instance->SMCR & TIM_SMCR_SMS;
 653:stm/stm32l4xx/STM32L4xx_HAL_Driver/Src/stm32l4xx_hal_tim_ex.c ****     if (!IS_TIM_SLAVEMODE_TRIGGER_ENABLED(tmpsmcr))
 654:stm/stm32l4xx/STM32L4xx_HAL_Driver/Src/stm32l4xx_hal_tim_ex.c ****     {
 655:stm/stm32l4xx/STM32L4xx_HAL_Driver/Src/stm32l4xx_hal_tim_ex.c ****       __HAL_TIM_ENABLE(htim);
 656:stm/stm32l4xx/STM32L4xx_HAL_Driver/Src/stm32l4xx_hal_tim_ex.c ****     }
 657:stm/stm32l4xx/STM32L4xx_HAL_Driver/Src/stm32l4xx_hal_tim_ex.c ****   }
ARM GAS  /var/tmp//ccYgLLN5.s 			page 13


 658:stm/stm32l4xx/STM32L4xx_HAL_Driver/Src/stm32l4xx_hal_tim_ex.c ****   else
 659:stm/stm32l4xx/STM32L4xx_HAL_Driver/Src/stm32l4xx_hal_tim_ex.c ****   {
 660:stm/stm32l4xx/STM32L4xx_HAL_Driver/Src/stm32l4xx_hal_tim_ex.c ****     __HAL_TIM_ENABLE(htim);
 661:stm/stm32l4xx/STM32L4xx_HAL_Driver/Src/stm32l4xx_hal_tim_ex.c ****   }
 662:stm/stm32l4xx/STM32L4xx_HAL_Driver/Src/stm32l4xx_hal_tim_ex.c **** 
 663:stm/stm32l4xx/STM32L4xx_HAL_Driver/Src/stm32l4xx_hal_tim_ex.c ****   /* Return function status */
 664:stm/stm32l4xx/STM32L4xx_HAL_Driver/Src/stm32l4xx_hal_tim_ex.c ****   return HAL_OK;
 665:stm/stm32l4xx/STM32L4xx_HAL_Driver/Src/stm32l4xx_hal_tim_ex.c **** }
 666:stm/stm32l4xx/STM32L4xx_HAL_Driver/Src/stm32l4xx_hal_tim_ex.c **** 
 667:stm/stm32l4xx/STM32L4xx_HAL_Driver/Src/stm32l4xx_hal_tim_ex.c **** /**
 668:stm/stm32l4xx/STM32L4xx_HAL_Driver/Src/stm32l4xx_hal_tim_ex.c ****   * @brief  Stops the TIM Output Compare signal generation on the complementary
 669:stm/stm32l4xx/STM32L4xx_HAL_Driver/Src/stm32l4xx_hal_tim_ex.c ****   *         output.
 670:stm/stm32l4xx/STM32L4xx_HAL_Driver/Src/stm32l4xx_hal_tim_ex.c ****   * @param  htim TIM handle
 671:stm/stm32l4xx/STM32L4xx_HAL_Driver/Src/stm32l4xx_hal_tim_ex.c ****   * @param  Channel TIM Channel to be disabled
 672:stm/stm32l4xx/STM32L4xx_HAL_Driver/Src/stm32l4xx_hal_tim_ex.c ****   *          This parameter can be one of the following values:
 673:stm/stm32l4xx/STM32L4xx_HAL_Driver/Src/stm32l4xx_hal_tim_ex.c ****   *            @arg TIM_CHANNEL_1: TIM Channel 1 selected
 674:stm/stm32l4xx/STM32L4xx_HAL_Driver/Src/stm32l4xx_hal_tim_ex.c ****   *            @arg TIM_CHANNEL_2: TIM Channel 2 selected
 675:stm/stm32l4xx/STM32L4xx_HAL_Driver/Src/stm32l4xx_hal_tim_ex.c ****   *            @arg TIM_CHANNEL_3: TIM Channel 3 selected
 676:stm/stm32l4xx/STM32L4xx_HAL_Driver/Src/stm32l4xx_hal_tim_ex.c ****   * @retval HAL status
 677:stm/stm32l4xx/STM32L4xx_HAL_Driver/Src/stm32l4xx_hal_tim_ex.c ****   */
 678:stm/stm32l4xx/STM32L4xx_HAL_Driver/Src/stm32l4xx_hal_tim_ex.c **** HAL_StatusTypeDef HAL_TIMEx_OCN_Stop(TIM_HandleTypeDef *htim, uint32_t Channel)
 679:stm/stm32l4xx/STM32L4xx_HAL_Driver/Src/stm32l4xx_hal_tim_ex.c **** {
 680:stm/stm32l4xx/STM32L4xx_HAL_Driver/Src/stm32l4xx_hal_tim_ex.c ****   /* Check the parameters */
 681:stm/stm32l4xx/STM32L4xx_HAL_Driver/Src/stm32l4xx_hal_tim_ex.c ****   assert_param(IS_TIM_CCXN_INSTANCE(htim->Instance, Channel));
 682:stm/stm32l4xx/STM32L4xx_HAL_Driver/Src/stm32l4xx_hal_tim_ex.c **** 
 683:stm/stm32l4xx/STM32L4xx_HAL_Driver/Src/stm32l4xx_hal_tim_ex.c ****   /* Disable the Capture compare channel N */
 684:stm/stm32l4xx/STM32L4xx_HAL_Driver/Src/stm32l4xx_hal_tim_ex.c ****   TIM_CCxNChannelCmd(htim->Instance, Channel, TIM_CCxN_DISABLE);
 685:stm/stm32l4xx/STM32L4xx_HAL_Driver/Src/stm32l4xx_hal_tim_ex.c **** 
 686:stm/stm32l4xx/STM32L4xx_HAL_Driver/Src/stm32l4xx_hal_tim_ex.c ****   /* Disable the Main Output */
 687:stm/stm32l4xx/STM32L4xx_HAL_Driver/Src/stm32l4xx_hal_tim_ex.c ****   __HAL_TIM_MOE_DISABLE(htim);
 688:stm/stm32l4xx/STM32L4xx_HAL_Driver/Src/stm32l4xx_hal_tim_ex.c **** 
 689:stm/stm32l4xx/STM32L4xx_HAL_Driver/Src/stm32l4xx_hal_tim_ex.c ****   /* Disable the Peripheral */
 690:stm/stm32l4xx/STM32L4xx_HAL_Driver/Src/stm32l4xx_hal_tim_ex.c ****   __HAL_TIM_DISABLE(htim);
 691:stm/stm32l4xx/STM32L4xx_HAL_Driver/Src/stm32l4xx_hal_tim_ex.c **** 
 692:stm/stm32l4xx/STM32L4xx_HAL_Driver/Src/stm32l4xx_hal_tim_ex.c ****   /* Set the TIM complementary channel state */
 693:stm/stm32l4xx/STM32L4xx_HAL_Driver/Src/stm32l4xx_hal_tim_ex.c ****   TIM_CHANNEL_N_STATE_SET(htim, Channel, HAL_TIM_CHANNEL_STATE_READY);
 694:stm/stm32l4xx/STM32L4xx_HAL_Driver/Src/stm32l4xx_hal_tim_ex.c **** 
 695:stm/stm32l4xx/STM32L4xx_HAL_Driver/Src/stm32l4xx_hal_tim_ex.c ****   /* Return function status */
 696:stm/stm32l4xx/STM32L4xx_HAL_Driver/Src/stm32l4xx_hal_tim_ex.c ****   return HAL_OK;
 697:stm/stm32l4xx/STM32L4xx_HAL_Driver/Src/stm32l4xx_hal_tim_ex.c **** }
 698:stm/stm32l4xx/STM32L4xx_HAL_Driver/Src/stm32l4xx_hal_tim_ex.c **** 
 699:stm/stm32l4xx/STM32L4xx_HAL_Driver/Src/stm32l4xx_hal_tim_ex.c **** /**
 700:stm/stm32l4xx/STM32L4xx_HAL_Driver/Src/stm32l4xx_hal_tim_ex.c ****   * @brief  Starts the TIM Output Compare signal generation in interrupt mode
 701:stm/stm32l4xx/STM32L4xx_HAL_Driver/Src/stm32l4xx_hal_tim_ex.c ****   *         on the complementary output.
 702:stm/stm32l4xx/STM32L4xx_HAL_Driver/Src/stm32l4xx_hal_tim_ex.c ****   * @param  htim TIM OC handle
 703:stm/stm32l4xx/STM32L4xx_HAL_Driver/Src/stm32l4xx_hal_tim_ex.c ****   * @param  Channel TIM Channel to be enabled
 704:stm/stm32l4xx/STM32L4xx_HAL_Driver/Src/stm32l4xx_hal_tim_ex.c ****   *          This parameter can be one of the following values:
 705:stm/stm32l4xx/STM32L4xx_HAL_Driver/Src/stm32l4xx_hal_tim_ex.c ****   *            @arg TIM_CHANNEL_1: TIM Channel 1 selected
 706:stm/stm32l4xx/STM32L4xx_HAL_Driver/Src/stm32l4xx_hal_tim_ex.c ****   *            @arg TIM_CHANNEL_2: TIM Channel 2 selected
 707:stm/stm32l4xx/STM32L4xx_HAL_Driver/Src/stm32l4xx_hal_tim_ex.c ****   *            @arg TIM_CHANNEL_3: TIM Channel 3 selected
 708:stm/stm32l4xx/STM32L4xx_HAL_Driver/Src/stm32l4xx_hal_tim_ex.c ****   * @retval HAL status
 709:stm/stm32l4xx/STM32L4xx_HAL_Driver/Src/stm32l4xx_hal_tim_ex.c ****   */
 710:stm/stm32l4xx/STM32L4xx_HAL_Driver/Src/stm32l4xx_hal_tim_ex.c **** HAL_StatusTypeDef HAL_TIMEx_OCN_Start_IT(TIM_HandleTypeDef *htim, uint32_t Channel)
 711:stm/stm32l4xx/STM32L4xx_HAL_Driver/Src/stm32l4xx_hal_tim_ex.c **** {
 712:stm/stm32l4xx/STM32L4xx_HAL_Driver/Src/stm32l4xx_hal_tim_ex.c ****   HAL_StatusTypeDef status = HAL_OK;
 713:stm/stm32l4xx/STM32L4xx_HAL_Driver/Src/stm32l4xx_hal_tim_ex.c ****   uint32_t tmpsmcr;
 714:stm/stm32l4xx/STM32L4xx_HAL_Driver/Src/stm32l4xx_hal_tim_ex.c **** 
ARM GAS  /var/tmp//ccYgLLN5.s 			page 14


 715:stm/stm32l4xx/STM32L4xx_HAL_Driver/Src/stm32l4xx_hal_tim_ex.c ****   /* Check the parameters */
 716:stm/stm32l4xx/STM32L4xx_HAL_Driver/Src/stm32l4xx_hal_tim_ex.c ****   assert_param(IS_TIM_CCXN_INSTANCE(htim->Instance, Channel));
 717:stm/stm32l4xx/STM32L4xx_HAL_Driver/Src/stm32l4xx_hal_tim_ex.c **** 
 718:stm/stm32l4xx/STM32L4xx_HAL_Driver/Src/stm32l4xx_hal_tim_ex.c ****   /* Check the TIM complementary channel state */
 719:stm/stm32l4xx/STM32L4xx_HAL_Driver/Src/stm32l4xx_hal_tim_ex.c ****   if (TIM_CHANNEL_N_STATE_GET(htim, Channel) != HAL_TIM_CHANNEL_STATE_READY)
 720:stm/stm32l4xx/STM32L4xx_HAL_Driver/Src/stm32l4xx_hal_tim_ex.c ****   {
 721:stm/stm32l4xx/STM32L4xx_HAL_Driver/Src/stm32l4xx_hal_tim_ex.c ****     return HAL_ERROR;
 722:stm/stm32l4xx/STM32L4xx_HAL_Driver/Src/stm32l4xx_hal_tim_ex.c ****   }
 723:stm/stm32l4xx/STM32L4xx_HAL_Driver/Src/stm32l4xx_hal_tim_ex.c **** 
 724:stm/stm32l4xx/STM32L4xx_HAL_Driver/Src/stm32l4xx_hal_tim_ex.c ****   /* Set the TIM complementary channel state */
 725:stm/stm32l4xx/STM32L4xx_HAL_Driver/Src/stm32l4xx_hal_tim_ex.c ****   TIM_CHANNEL_N_STATE_SET(htim, Channel, HAL_TIM_CHANNEL_STATE_BUSY);
 726:stm/stm32l4xx/STM32L4xx_HAL_Driver/Src/stm32l4xx_hal_tim_ex.c **** 
 727:stm/stm32l4xx/STM32L4xx_HAL_Driver/Src/stm32l4xx_hal_tim_ex.c ****   switch (Channel)
 728:stm/stm32l4xx/STM32L4xx_HAL_Driver/Src/stm32l4xx_hal_tim_ex.c ****   {
 729:stm/stm32l4xx/STM32L4xx_HAL_Driver/Src/stm32l4xx_hal_tim_ex.c ****     case TIM_CHANNEL_1:
 730:stm/stm32l4xx/STM32L4xx_HAL_Driver/Src/stm32l4xx_hal_tim_ex.c ****     {
 731:stm/stm32l4xx/STM32L4xx_HAL_Driver/Src/stm32l4xx_hal_tim_ex.c ****       /* Enable the TIM Output Compare interrupt */
 732:stm/stm32l4xx/STM32L4xx_HAL_Driver/Src/stm32l4xx_hal_tim_ex.c ****       __HAL_TIM_ENABLE_IT(htim, TIM_IT_CC1);
 733:stm/stm32l4xx/STM32L4xx_HAL_Driver/Src/stm32l4xx_hal_tim_ex.c ****       break;
 734:stm/stm32l4xx/STM32L4xx_HAL_Driver/Src/stm32l4xx_hal_tim_ex.c ****     }
 735:stm/stm32l4xx/STM32L4xx_HAL_Driver/Src/stm32l4xx_hal_tim_ex.c **** 
 736:stm/stm32l4xx/STM32L4xx_HAL_Driver/Src/stm32l4xx_hal_tim_ex.c ****     case TIM_CHANNEL_2:
 737:stm/stm32l4xx/STM32L4xx_HAL_Driver/Src/stm32l4xx_hal_tim_ex.c ****     {
 738:stm/stm32l4xx/STM32L4xx_HAL_Driver/Src/stm32l4xx_hal_tim_ex.c ****       /* Enable the TIM Output Compare interrupt */
 739:stm/stm32l4xx/STM32L4xx_HAL_Driver/Src/stm32l4xx_hal_tim_ex.c ****       __HAL_TIM_ENABLE_IT(htim, TIM_IT_CC2);
 740:stm/stm32l4xx/STM32L4xx_HAL_Driver/Src/stm32l4xx_hal_tim_ex.c ****       break;
 741:stm/stm32l4xx/STM32L4xx_HAL_Driver/Src/stm32l4xx_hal_tim_ex.c ****     }
 742:stm/stm32l4xx/STM32L4xx_HAL_Driver/Src/stm32l4xx_hal_tim_ex.c **** 
 743:stm/stm32l4xx/STM32L4xx_HAL_Driver/Src/stm32l4xx_hal_tim_ex.c ****     case TIM_CHANNEL_3:
 744:stm/stm32l4xx/STM32L4xx_HAL_Driver/Src/stm32l4xx_hal_tim_ex.c ****     {
 745:stm/stm32l4xx/STM32L4xx_HAL_Driver/Src/stm32l4xx_hal_tim_ex.c ****       /* Enable the TIM Output Compare interrupt */
 746:stm/stm32l4xx/STM32L4xx_HAL_Driver/Src/stm32l4xx_hal_tim_ex.c ****       __HAL_TIM_ENABLE_IT(htim, TIM_IT_CC3);
 747:stm/stm32l4xx/STM32L4xx_HAL_Driver/Src/stm32l4xx_hal_tim_ex.c ****       break;
 748:stm/stm32l4xx/STM32L4xx_HAL_Driver/Src/stm32l4xx_hal_tim_ex.c ****     }
 749:stm/stm32l4xx/STM32L4xx_HAL_Driver/Src/stm32l4xx_hal_tim_ex.c **** 
 750:stm/stm32l4xx/STM32L4xx_HAL_Driver/Src/stm32l4xx_hal_tim_ex.c **** 
 751:stm/stm32l4xx/STM32L4xx_HAL_Driver/Src/stm32l4xx_hal_tim_ex.c ****     default:
 752:stm/stm32l4xx/STM32L4xx_HAL_Driver/Src/stm32l4xx_hal_tim_ex.c ****       status = HAL_ERROR;
 753:stm/stm32l4xx/STM32L4xx_HAL_Driver/Src/stm32l4xx_hal_tim_ex.c ****       break;
 754:stm/stm32l4xx/STM32L4xx_HAL_Driver/Src/stm32l4xx_hal_tim_ex.c ****   }
 755:stm/stm32l4xx/STM32L4xx_HAL_Driver/Src/stm32l4xx_hal_tim_ex.c **** 
 756:stm/stm32l4xx/STM32L4xx_HAL_Driver/Src/stm32l4xx_hal_tim_ex.c ****   if (status == HAL_OK)
 757:stm/stm32l4xx/STM32L4xx_HAL_Driver/Src/stm32l4xx_hal_tim_ex.c ****   {
 758:stm/stm32l4xx/STM32L4xx_HAL_Driver/Src/stm32l4xx_hal_tim_ex.c ****     /* Enable the TIM Break interrupt */
 759:stm/stm32l4xx/STM32L4xx_HAL_Driver/Src/stm32l4xx_hal_tim_ex.c ****     __HAL_TIM_ENABLE_IT(htim, TIM_IT_BREAK);
 760:stm/stm32l4xx/STM32L4xx_HAL_Driver/Src/stm32l4xx_hal_tim_ex.c **** 
 761:stm/stm32l4xx/STM32L4xx_HAL_Driver/Src/stm32l4xx_hal_tim_ex.c ****     /* Enable the Capture compare channel N */
 762:stm/stm32l4xx/STM32L4xx_HAL_Driver/Src/stm32l4xx_hal_tim_ex.c ****     TIM_CCxNChannelCmd(htim->Instance, Channel, TIM_CCxN_ENABLE);
 763:stm/stm32l4xx/STM32L4xx_HAL_Driver/Src/stm32l4xx_hal_tim_ex.c **** 
 764:stm/stm32l4xx/STM32L4xx_HAL_Driver/Src/stm32l4xx_hal_tim_ex.c ****     /* Enable the Main Output */
 765:stm/stm32l4xx/STM32L4xx_HAL_Driver/Src/stm32l4xx_hal_tim_ex.c ****     __HAL_TIM_MOE_ENABLE(htim);
 766:stm/stm32l4xx/STM32L4xx_HAL_Driver/Src/stm32l4xx_hal_tim_ex.c **** 
 767:stm/stm32l4xx/STM32L4xx_HAL_Driver/Src/stm32l4xx_hal_tim_ex.c ****     /* Enable the Peripheral, except in trigger mode where enable is automatically done with trigge
 768:stm/stm32l4xx/STM32L4xx_HAL_Driver/Src/stm32l4xx_hal_tim_ex.c ****     if (IS_TIM_SLAVE_INSTANCE(htim->Instance))
 769:stm/stm32l4xx/STM32L4xx_HAL_Driver/Src/stm32l4xx_hal_tim_ex.c ****     {
 770:stm/stm32l4xx/STM32L4xx_HAL_Driver/Src/stm32l4xx_hal_tim_ex.c ****       tmpsmcr = htim->Instance->SMCR & TIM_SMCR_SMS;
 771:stm/stm32l4xx/STM32L4xx_HAL_Driver/Src/stm32l4xx_hal_tim_ex.c ****       if (!IS_TIM_SLAVEMODE_TRIGGER_ENABLED(tmpsmcr))
ARM GAS  /var/tmp//ccYgLLN5.s 			page 15


 772:stm/stm32l4xx/STM32L4xx_HAL_Driver/Src/stm32l4xx_hal_tim_ex.c ****       {
 773:stm/stm32l4xx/STM32L4xx_HAL_Driver/Src/stm32l4xx_hal_tim_ex.c ****         __HAL_TIM_ENABLE(htim);
 774:stm/stm32l4xx/STM32L4xx_HAL_Driver/Src/stm32l4xx_hal_tim_ex.c ****       }
 775:stm/stm32l4xx/STM32L4xx_HAL_Driver/Src/stm32l4xx_hal_tim_ex.c ****     }
 776:stm/stm32l4xx/STM32L4xx_HAL_Driver/Src/stm32l4xx_hal_tim_ex.c ****     else
 777:stm/stm32l4xx/STM32L4xx_HAL_Driver/Src/stm32l4xx_hal_tim_ex.c ****     {
 778:stm/stm32l4xx/STM32L4xx_HAL_Driver/Src/stm32l4xx_hal_tim_ex.c ****       __HAL_TIM_ENABLE(htim);
 779:stm/stm32l4xx/STM32L4xx_HAL_Driver/Src/stm32l4xx_hal_tim_ex.c ****     }
 780:stm/stm32l4xx/STM32L4xx_HAL_Driver/Src/stm32l4xx_hal_tim_ex.c ****   }
 781:stm/stm32l4xx/STM32L4xx_HAL_Driver/Src/stm32l4xx_hal_tim_ex.c **** 
 782:stm/stm32l4xx/STM32L4xx_HAL_Driver/Src/stm32l4xx_hal_tim_ex.c ****   /* Return function status */
 783:stm/stm32l4xx/STM32L4xx_HAL_Driver/Src/stm32l4xx_hal_tim_ex.c ****   return status;
 784:stm/stm32l4xx/STM32L4xx_HAL_Driver/Src/stm32l4xx_hal_tim_ex.c **** }
 785:stm/stm32l4xx/STM32L4xx_HAL_Driver/Src/stm32l4xx_hal_tim_ex.c **** 
 786:stm/stm32l4xx/STM32L4xx_HAL_Driver/Src/stm32l4xx_hal_tim_ex.c **** /**
 787:stm/stm32l4xx/STM32L4xx_HAL_Driver/Src/stm32l4xx_hal_tim_ex.c ****   * @brief  Stops the TIM Output Compare signal generation in interrupt mode
 788:stm/stm32l4xx/STM32L4xx_HAL_Driver/Src/stm32l4xx_hal_tim_ex.c ****   *         on the complementary output.
 789:stm/stm32l4xx/STM32L4xx_HAL_Driver/Src/stm32l4xx_hal_tim_ex.c ****   * @param  htim TIM Output Compare handle
 790:stm/stm32l4xx/STM32L4xx_HAL_Driver/Src/stm32l4xx_hal_tim_ex.c ****   * @param  Channel TIM Channel to be disabled
 791:stm/stm32l4xx/STM32L4xx_HAL_Driver/Src/stm32l4xx_hal_tim_ex.c ****   *          This parameter can be one of the following values:
 792:stm/stm32l4xx/STM32L4xx_HAL_Driver/Src/stm32l4xx_hal_tim_ex.c ****   *            @arg TIM_CHANNEL_1: TIM Channel 1 selected
 793:stm/stm32l4xx/STM32L4xx_HAL_Driver/Src/stm32l4xx_hal_tim_ex.c ****   *            @arg TIM_CHANNEL_2: TIM Channel 2 selected
 794:stm/stm32l4xx/STM32L4xx_HAL_Driver/Src/stm32l4xx_hal_tim_ex.c ****   *            @arg TIM_CHANNEL_3: TIM Channel 3 selected
 795:stm/stm32l4xx/STM32L4xx_HAL_Driver/Src/stm32l4xx_hal_tim_ex.c ****   * @retval HAL status
 796:stm/stm32l4xx/STM32L4xx_HAL_Driver/Src/stm32l4xx_hal_tim_ex.c ****   */
 797:stm/stm32l4xx/STM32L4xx_HAL_Driver/Src/stm32l4xx_hal_tim_ex.c **** HAL_StatusTypeDef HAL_TIMEx_OCN_Stop_IT(TIM_HandleTypeDef *htim, uint32_t Channel)
 798:stm/stm32l4xx/STM32L4xx_HAL_Driver/Src/stm32l4xx_hal_tim_ex.c **** {
 799:stm/stm32l4xx/STM32L4xx_HAL_Driver/Src/stm32l4xx_hal_tim_ex.c ****   HAL_StatusTypeDef status = HAL_OK;
 800:stm/stm32l4xx/STM32L4xx_HAL_Driver/Src/stm32l4xx_hal_tim_ex.c ****   uint32_t tmpccer;
 801:stm/stm32l4xx/STM32L4xx_HAL_Driver/Src/stm32l4xx_hal_tim_ex.c **** 
 802:stm/stm32l4xx/STM32L4xx_HAL_Driver/Src/stm32l4xx_hal_tim_ex.c ****   /* Check the parameters */
 803:stm/stm32l4xx/STM32L4xx_HAL_Driver/Src/stm32l4xx_hal_tim_ex.c ****   assert_param(IS_TIM_CCXN_INSTANCE(htim->Instance, Channel));
 804:stm/stm32l4xx/STM32L4xx_HAL_Driver/Src/stm32l4xx_hal_tim_ex.c **** 
 805:stm/stm32l4xx/STM32L4xx_HAL_Driver/Src/stm32l4xx_hal_tim_ex.c ****   switch (Channel)
 806:stm/stm32l4xx/STM32L4xx_HAL_Driver/Src/stm32l4xx_hal_tim_ex.c ****   {
 807:stm/stm32l4xx/STM32L4xx_HAL_Driver/Src/stm32l4xx_hal_tim_ex.c ****     case TIM_CHANNEL_1:
 808:stm/stm32l4xx/STM32L4xx_HAL_Driver/Src/stm32l4xx_hal_tim_ex.c ****     {
 809:stm/stm32l4xx/STM32L4xx_HAL_Driver/Src/stm32l4xx_hal_tim_ex.c ****       /* Disable the TIM Output Compare interrupt */
 810:stm/stm32l4xx/STM32L4xx_HAL_Driver/Src/stm32l4xx_hal_tim_ex.c ****       __HAL_TIM_DISABLE_IT(htim, TIM_IT_CC1);
 811:stm/stm32l4xx/STM32L4xx_HAL_Driver/Src/stm32l4xx_hal_tim_ex.c ****       break;
 812:stm/stm32l4xx/STM32L4xx_HAL_Driver/Src/stm32l4xx_hal_tim_ex.c ****     }
 813:stm/stm32l4xx/STM32L4xx_HAL_Driver/Src/stm32l4xx_hal_tim_ex.c **** 
 814:stm/stm32l4xx/STM32L4xx_HAL_Driver/Src/stm32l4xx_hal_tim_ex.c ****     case TIM_CHANNEL_2:
 815:stm/stm32l4xx/STM32L4xx_HAL_Driver/Src/stm32l4xx_hal_tim_ex.c ****     {
 816:stm/stm32l4xx/STM32L4xx_HAL_Driver/Src/stm32l4xx_hal_tim_ex.c ****       /* Disable the TIM Output Compare interrupt */
 817:stm/stm32l4xx/STM32L4xx_HAL_Driver/Src/stm32l4xx_hal_tim_ex.c ****       __HAL_TIM_DISABLE_IT(htim, TIM_IT_CC2);
 818:stm/stm32l4xx/STM32L4xx_HAL_Driver/Src/stm32l4xx_hal_tim_ex.c ****       break;
 819:stm/stm32l4xx/STM32L4xx_HAL_Driver/Src/stm32l4xx_hal_tim_ex.c ****     }
 820:stm/stm32l4xx/STM32L4xx_HAL_Driver/Src/stm32l4xx_hal_tim_ex.c **** 
 821:stm/stm32l4xx/STM32L4xx_HAL_Driver/Src/stm32l4xx_hal_tim_ex.c ****     case TIM_CHANNEL_3:
 822:stm/stm32l4xx/STM32L4xx_HAL_Driver/Src/stm32l4xx_hal_tim_ex.c ****     {
 823:stm/stm32l4xx/STM32L4xx_HAL_Driver/Src/stm32l4xx_hal_tim_ex.c ****       /* Disable the TIM Output Compare interrupt */
 824:stm/stm32l4xx/STM32L4xx_HAL_Driver/Src/stm32l4xx_hal_tim_ex.c ****       __HAL_TIM_DISABLE_IT(htim, TIM_IT_CC3);
 825:stm/stm32l4xx/STM32L4xx_HAL_Driver/Src/stm32l4xx_hal_tim_ex.c ****       break;
 826:stm/stm32l4xx/STM32L4xx_HAL_Driver/Src/stm32l4xx_hal_tim_ex.c ****     }
 827:stm/stm32l4xx/STM32L4xx_HAL_Driver/Src/stm32l4xx_hal_tim_ex.c **** 
 828:stm/stm32l4xx/STM32L4xx_HAL_Driver/Src/stm32l4xx_hal_tim_ex.c ****     default:
ARM GAS  /var/tmp//ccYgLLN5.s 			page 16


 829:stm/stm32l4xx/STM32L4xx_HAL_Driver/Src/stm32l4xx_hal_tim_ex.c ****       status = HAL_ERROR;
 830:stm/stm32l4xx/STM32L4xx_HAL_Driver/Src/stm32l4xx_hal_tim_ex.c ****       break;
 831:stm/stm32l4xx/STM32L4xx_HAL_Driver/Src/stm32l4xx_hal_tim_ex.c ****   }
 832:stm/stm32l4xx/STM32L4xx_HAL_Driver/Src/stm32l4xx_hal_tim_ex.c **** 
 833:stm/stm32l4xx/STM32L4xx_HAL_Driver/Src/stm32l4xx_hal_tim_ex.c ****   if (status == HAL_OK)
 834:stm/stm32l4xx/STM32L4xx_HAL_Driver/Src/stm32l4xx_hal_tim_ex.c ****   {
 835:stm/stm32l4xx/STM32L4xx_HAL_Driver/Src/stm32l4xx_hal_tim_ex.c ****     /* Disable the Capture compare channel N */
 836:stm/stm32l4xx/STM32L4xx_HAL_Driver/Src/stm32l4xx_hal_tim_ex.c ****     TIM_CCxNChannelCmd(htim->Instance, Channel, TIM_CCxN_DISABLE);
 837:stm/stm32l4xx/STM32L4xx_HAL_Driver/Src/stm32l4xx_hal_tim_ex.c **** 
 838:stm/stm32l4xx/STM32L4xx_HAL_Driver/Src/stm32l4xx_hal_tim_ex.c ****     /* Disable the TIM Break interrupt (only if no more channel is active) */
 839:stm/stm32l4xx/STM32L4xx_HAL_Driver/Src/stm32l4xx_hal_tim_ex.c ****     tmpccer = htim->Instance->CCER;
 840:stm/stm32l4xx/STM32L4xx_HAL_Driver/Src/stm32l4xx_hal_tim_ex.c ****     if ((tmpccer & TIM_CCER_CCxNE_MASK) == (uint32_t)RESET)
 841:stm/stm32l4xx/STM32L4xx_HAL_Driver/Src/stm32l4xx_hal_tim_ex.c ****     {
 842:stm/stm32l4xx/STM32L4xx_HAL_Driver/Src/stm32l4xx_hal_tim_ex.c ****       __HAL_TIM_DISABLE_IT(htim, TIM_IT_BREAK);
 843:stm/stm32l4xx/STM32L4xx_HAL_Driver/Src/stm32l4xx_hal_tim_ex.c ****     }
 844:stm/stm32l4xx/STM32L4xx_HAL_Driver/Src/stm32l4xx_hal_tim_ex.c **** 
 845:stm/stm32l4xx/STM32L4xx_HAL_Driver/Src/stm32l4xx_hal_tim_ex.c ****     /* Disable the Main Output */
 846:stm/stm32l4xx/STM32L4xx_HAL_Driver/Src/stm32l4xx_hal_tim_ex.c ****     __HAL_TIM_MOE_DISABLE(htim);
 847:stm/stm32l4xx/STM32L4xx_HAL_Driver/Src/stm32l4xx_hal_tim_ex.c **** 
 848:stm/stm32l4xx/STM32L4xx_HAL_Driver/Src/stm32l4xx_hal_tim_ex.c ****     /* Disable the Peripheral */
 849:stm/stm32l4xx/STM32L4xx_HAL_Driver/Src/stm32l4xx_hal_tim_ex.c ****     __HAL_TIM_DISABLE(htim);
 850:stm/stm32l4xx/STM32L4xx_HAL_Driver/Src/stm32l4xx_hal_tim_ex.c **** 
 851:stm/stm32l4xx/STM32L4xx_HAL_Driver/Src/stm32l4xx_hal_tim_ex.c ****     /* Set the TIM complementary channel state */
 852:stm/stm32l4xx/STM32L4xx_HAL_Driver/Src/stm32l4xx_hal_tim_ex.c ****     TIM_CHANNEL_N_STATE_SET(htim, Channel, HAL_TIM_CHANNEL_STATE_READY);
 853:stm/stm32l4xx/STM32L4xx_HAL_Driver/Src/stm32l4xx_hal_tim_ex.c ****   }
 854:stm/stm32l4xx/STM32L4xx_HAL_Driver/Src/stm32l4xx_hal_tim_ex.c **** 
 855:stm/stm32l4xx/STM32L4xx_HAL_Driver/Src/stm32l4xx_hal_tim_ex.c ****   /* Return function status */
 856:stm/stm32l4xx/STM32L4xx_HAL_Driver/Src/stm32l4xx_hal_tim_ex.c ****   return status;
 857:stm/stm32l4xx/STM32L4xx_HAL_Driver/Src/stm32l4xx_hal_tim_ex.c **** }
 858:stm/stm32l4xx/STM32L4xx_HAL_Driver/Src/stm32l4xx_hal_tim_ex.c **** 
 859:stm/stm32l4xx/STM32L4xx_HAL_Driver/Src/stm32l4xx_hal_tim_ex.c **** /**
 860:stm/stm32l4xx/STM32L4xx_HAL_Driver/Src/stm32l4xx_hal_tim_ex.c ****   * @brief  Starts the TIM Output Compare signal generation in DMA mode
 861:stm/stm32l4xx/STM32L4xx_HAL_Driver/Src/stm32l4xx_hal_tim_ex.c ****   *         on the complementary output.
 862:stm/stm32l4xx/STM32L4xx_HAL_Driver/Src/stm32l4xx_hal_tim_ex.c ****   * @param  htim TIM Output Compare handle
 863:stm/stm32l4xx/STM32L4xx_HAL_Driver/Src/stm32l4xx_hal_tim_ex.c ****   * @param  Channel TIM Channel to be enabled
 864:stm/stm32l4xx/STM32L4xx_HAL_Driver/Src/stm32l4xx_hal_tim_ex.c ****   *          This parameter can be one of the following values:
 865:stm/stm32l4xx/STM32L4xx_HAL_Driver/Src/stm32l4xx_hal_tim_ex.c ****   *            @arg TIM_CHANNEL_1: TIM Channel 1 selected
 866:stm/stm32l4xx/STM32L4xx_HAL_Driver/Src/stm32l4xx_hal_tim_ex.c ****   *            @arg TIM_CHANNEL_2: TIM Channel 2 selected
 867:stm/stm32l4xx/STM32L4xx_HAL_Driver/Src/stm32l4xx_hal_tim_ex.c ****   *            @arg TIM_CHANNEL_3: TIM Channel 3 selected
 868:stm/stm32l4xx/STM32L4xx_HAL_Driver/Src/stm32l4xx_hal_tim_ex.c ****   * @param  pData The source Buffer address.
 869:stm/stm32l4xx/STM32L4xx_HAL_Driver/Src/stm32l4xx_hal_tim_ex.c ****   * @param  Length The length of data to be transferred from memory to TIM peripheral
 870:stm/stm32l4xx/STM32L4xx_HAL_Driver/Src/stm32l4xx_hal_tim_ex.c ****   * @retval HAL status
 871:stm/stm32l4xx/STM32L4xx_HAL_Driver/Src/stm32l4xx_hal_tim_ex.c ****   */
 872:stm/stm32l4xx/STM32L4xx_HAL_Driver/Src/stm32l4xx_hal_tim_ex.c **** HAL_StatusTypeDef HAL_TIMEx_OCN_Start_DMA(TIM_HandleTypeDef *htim, uint32_t Channel, const uint32_t
 873:stm/stm32l4xx/STM32L4xx_HAL_Driver/Src/stm32l4xx_hal_tim_ex.c ****                                           uint16_t Length)
 874:stm/stm32l4xx/STM32L4xx_HAL_Driver/Src/stm32l4xx_hal_tim_ex.c **** {
 875:stm/stm32l4xx/STM32L4xx_HAL_Driver/Src/stm32l4xx_hal_tim_ex.c ****   HAL_StatusTypeDef status = HAL_OK;
 876:stm/stm32l4xx/STM32L4xx_HAL_Driver/Src/stm32l4xx_hal_tim_ex.c ****   uint32_t tmpsmcr;
 877:stm/stm32l4xx/STM32L4xx_HAL_Driver/Src/stm32l4xx_hal_tim_ex.c **** 
 878:stm/stm32l4xx/STM32L4xx_HAL_Driver/Src/stm32l4xx_hal_tim_ex.c ****   /* Check the parameters */
 879:stm/stm32l4xx/STM32L4xx_HAL_Driver/Src/stm32l4xx_hal_tim_ex.c ****   assert_param(IS_TIM_CCXN_INSTANCE(htim->Instance, Channel));
 880:stm/stm32l4xx/STM32L4xx_HAL_Driver/Src/stm32l4xx_hal_tim_ex.c **** 
 881:stm/stm32l4xx/STM32L4xx_HAL_Driver/Src/stm32l4xx_hal_tim_ex.c ****   /* Set the TIM complementary channel state */
 882:stm/stm32l4xx/STM32L4xx_HAL_Driver/Src/stm32l4xx_hal_tim_ex.c ****   if (TIM_CHANNEL_N_STATE_GET(htim, Channel) == HAL_TIM_CHANNEL_STATE_BUSY)
 883:stm/stm32l4xx/STM32L4xx_HAL_Driver/Src/stm32l4xx_hal_tim_ex.c ****   {
 884:stm/stm32l4xx/STM32L4xx_HAL_Driver/Src/stm32l4xx_hal_tim_ex.c ****     return HAL_BUSY;
 885:stm/stm32l4xx/STM32L4xx_HAL_Driver/Src/stm32l4xx_hal_tim_ex.c ****   }
ARM GAS  /var/tmp//ccYgLLN5.s 			page 17


 886:stm/stm32l4xx/STM32L4xx_HAL_Driver/Src/stm32l4xx_hal_tim_ex.c ****   else if (TIM_CHANNEL_N_STATE_GET(htim, Channel) == HAL_TIM_CHANNEL_STATE_READY)
 887:stm/stm32l4xx/STM32L4xx_HAL_Driver/Src/stm32l4xx_hal_tim_ex.c ****   {
 888:stm/stm32l4xx/STM32L4xx_HAL_Driver/Src/stm32l4xx_hal_tim_ex.c ****     if ((pData == NULL) || (Length == 0U))
 889:stm/stm32l4xx/STM32L4xx_HAL_Driver/Src/stm32l4xx_hal_tim_ex.c ****     {
 890:stm/stm32l4xx/STM32L4xx_HAL_Driver/Src/stm32l4xx_hal_tim_ex.c ****       return HAL_ERROR;
 891:stm/stm32l4xx/STM32L4xx_HAL_Driver/Src/stm32l4xx_hal_tim_ex.c ****     }
 892:stm/stm32l4xx/STM32L4xx_HAL_Driver/Src/stm32l4xx_hal_tim_ex.c ****     else
 893:stm/stm32l4xx/STM32L4xx_HAL_Driver/Src/stm32l4xx_hal_tim_ex.c ****     {
 894:stm/stm32l4xx/STM32L4xx_HAL_Driver/Src/stm32l4xx_hal_tim_ex.c ****       TIM_CHANNEL_N_STATE_SET(htim, Channel, HAL_TIM_CHANNEL_STATE_BUSY);
 895:stm/stm32l4xx/STM32L4xx_HAL_Driver/Src/stm32l4xx_hal_tim_ex.c ****     }
 896:stm/stm32l4xx/STM32L4xx_HAL_Driver/Src/stm32l4xx_hal_tim_ex.c ****   }
 897:stm/stm32l4xx/STM32L4xx_HAL_Driver/Src/stm32l4xx_hal_tim_ex.c ****   else
 898:stm/stm32l4xx/STM32L4xx_HAL_Driver/Src/stm32l4xx_hal_tim_ex.c ****   {
 899:stm/stm32l4xx/STM32L4xx_HAL_Driver/Src/stm32l4xx_hal_tim_ex.c ****     return HAL_ERROR;
 900:stm/stm32l4xx/STM32L4xx_HAL_Driver/Src/stm32l4xx_hal_tim_ex.c ****   }
 901:stm/stm32l4xx/STM32L4xx_HAL_Driver/Src/stm32l4xx_hal_tim_ex.c **** 
 902:stm/stm32l4xx/STM32L4xx_HAL_Driver/Src/stm32l4xx_hal_tim_ex.c ****   switch (Channel)
 903:stm/stm32l4xx/STM32L4xx_HAL_Driver/Src/stm32l4xx_hal_tim_ex.c ****   {
 904:stm/stm32l4xx/STM32L4xx_HAL_Driver/Src/stm32l4xx_hal_tim_ex.c ****     case TIM_CHANNEL_1:
 905:stm/stm32l4xx/STM32L4xx_HAL_Driver/Src/stm32l4xx_hal_tim_ex.c ****     {
 906:stm/stm32l4xx/STM32L4xx_HAL_Driver/Src/stm32l4xx_hal_tim_ex.c ****       /* Set the DMA compare callbacks */
 907:stm/stm32l4xx/STM32L4xx_HAL_Driver/Src/stm32l4xx_hal_tim_ex.c ****       htim->hdma[TIM_DMA_ID_CC1]->XferCpltCallback = TIM_DMADelayPulseNCplt;
 908:stm/stm32l4xx/STM32L4xx_HAL_Driver/Src/stm32l4xx_hal_tim_ex.c ****       htim->hdma[TIM_DMA_ID_CC1]->XferHalfCpltCallback = TIM_DMADelayPulseHalfCplt;
 909:stm/stm32l4xx/STM32L4xx_HAL_Driver/Src/stm32l4xx_hal_tim_ex.c **** 
 910:stm/stm32l4xx/STM32L4xx_HAL_Driver/Src/stm32l4xx_hal_tim_ex.c ****       /* Set the DMA error callback */
 911:stm/stm32l4xx/STM32L4xx_HAL_Driver/Src/stm32l4xx_hal_tim_ex.c ****       htim->hdma[TIM_DMA_ID_CC1]->XferErrorCallback = TIM_DMAErrorCCxN ;
 912:stm/stm32l4xx/STM32L4xx_HAL_Driver/Src/stm32l4xx_hal_tim_ex.c **** 
 913:stm/stm32l4xx/STM32L4xx_HAL_Driver/Src/stm32l4xx_hal_tim_ex.c ****       /* Enable the DMA channel */
 914:stm/stm32l4xx/STM32L4xx_HAL_Driver/Src/stm32l4xx_hal_tim_ex.c ****       if (HAL_DMA_Start_IT(htim->hdma[TIM_DMA_ID_CC1], (uint32_t)pData, (uint32_t)&htim->Instance->
 915:stm/stm32l4xx/STM32L4xx_HAL_Driver/Src/stm32l4xx_hal_tim_ex.c ****                            Length) != HAL_OK)
 916:stm/stm32l4xx/STM32L4xx_HAL_Driver/Src/stm32l4xx_hal_tim_ex.c ****       {
 917:stm/stm32l4xx/STM32L4xx_HAL_Driver/Src/stm32l4xx_hal_tim_ex.c ****         /* Return error status */
 918:stm/stm32l4xx/STM32L4xx_HAL_Driver/Src/stm32l4xx_hal_tim_ex.c ****         return HAL_ERROR;
 919:stm/stm32l4xx/STM32L4xx_HAL_Driver/Src/stm32l4xx_hal_tim_ex.c ****       }
 920:stm/stm32l4xx/STM32L4xx_HAL_Driver/Src/stm32l4xx_hal_tim_ex.c ****       /* Enable the TIM Output Compare DMA request */
 921:stm/stm32l4xx/STM32L4xx_HAL_Driver/Src/stm32l4xx_hal_tim_ex.c ****       __HAL_TIM_ENABLE_DMA(htim, TIM_DMA_CC1);
 922:stm/stm32l4xx/STM32L4xx_HAL_Driver/Src/stm32l4xx_hal_tim_ex.c ****       break;
 923:stm/stm32l4xx/STM32L4xx_HAL_Driver/Src/stm32l4xx_hal_tim_ex.c ****     }
 924:stm/stm32l4xx/STM32L4xx_HAL_Driver/Src/stm32l4xx_hal_tim_ex.c **** 
 925:stm/stm32l4xx/STM32L4xx_HAL_Driver/Src/stm32l4xx_hal_tim_ex.c ****     case TIM_CHANNEL_2:
 926:stm/stm32l4xx/STM32L4xx_HAL_Driver/Src/stm32l4xx_hal_tim_ex.c ****     {
 927:stm/stm32l4xx/STM32L4xx_HAL_Driver/Src/stm32l4xx_hal_tim_ex.c ****       /* Set the DMA compare callbacks */
 928:stm/stm32l4xx/STM32L4xx_HAL_Driver/Src/stm32l4xx_hal_tim_ex.c ****       htim->hdma[TIM_DMA_ID_CC2]->XferCpltCallback = TIM_DMADelayPulseNCplt;
 929:stm/stm32l4xx/STM32L4xx_HAL_Driver/Src/stm32l4xx_hal_tim_ex.c ****       htim->hdma[TIM_DMA_ID_CC2]->XferHalfCpltCallback = TIM_DMADelayPulseHalfCplt;
 930:stm/stm32l4xx/STM32L4xx_HAL_Driver/Src/stm32l4xx_hal_tim_ex.c **** 
 931:stm/stm32l4xx/STM32L4xx_HAL_Driver/Src/stm32l4xx_hal_tim_ex.c ****       /* Set the DMA error callback */
 932:stm/stm32l4xx/STM32L4xx_HAL_Driver/Src/stm32l4xx_hal_tim_ex.c ****       htim->hdma[TIM_DMA_ID_CC2]->XferErrorCallback = TIM_DMAErrorCCxN ;
 933:stm/stm32l4xx/STM32L4xx_HAL_Driver/Src/stm32l4xx_hal_tim_ex.c **** 
 934:stm/stm32l4xx/STM32L4xx_HAL_Driver/Src/stm32l4xx_hal_tim_ex.c ****       /* Enable the DMA channel */
 935:stm/stm32l4xx/STM32L4xx_HAL_Driver/Src/stm32l4xx_hal_tim_ex.c ****       if (HAL_DMA_Start_IT(htim->hdma[TIM_DMA_ID_CC2], (uint32_t)pData, (uint32_t)&htim->Instance->
 936:stm/stm32l4xx/STM32L4xx_HAL_Driver/Src/stm32l4xx_hal_tim_ex.c ****                            Length) != HAL_OK)
 937:stm/stm32l4xx/STM32L4xx_HAL_Driver/Src/stm32l4xx_hal_tim_ex.c ****       {
 938:stm/stm32l4xx/STM32L4xx_HAL_Driver/Src/stm32l4xx_hal_tim_ex.c ****         /* Return error status */
 939:stm/stm32l4xx/STM32L4xx_HAL_Driver/Src/stm32l4xx_hal_tim_ex.c ****         return HAL_ERROR;
 940:stm/stm32l4xx/STM32L4xx_HAL_Driver/Src/stm32l4xx_hal_tim_ex.c ****       }
 941:stm/stm32l4xx/STM32L4xx_HAL_Driver/Src/stm32l4xx_hal_tim_ex.c ****       /* Enable the TIM Output Compare DMA request */
 942:stm/stm32l4xx/STM32L4xx_HAL_Driver/Src/stm32l4xx_hal_tim_ex.c ****       __HAL_TIM_ENABLE_DMA(htim, TIM_DMA_CC2);
ARM GAS  /var/tmp//ccYgLLN5.s 			page 18


 943:stm/stm32l4xx/STM32L4xx_HAL_Driver/Src/stm32l4xx_hal_tim_ex.c ****       break;
 944:stm/stm32l4xx/STM32L4xx_HAL_Driver/Src/stm32l4xx_hal_tim_ex.c ****     }
 945:stm/stm32l4xx/STM32L4xx_HAL_Driver/Src/stm32l4xx_hal_tim_ex.c **** 
 946:stm/stm32l4xx/STM32L4xx_HAL_Driver/Src/stm32l4xx_hal_tim_ex.c ****     case TIM_CHANNEL_3:
 947:stm/stm32l4xx/STM32L4xx_HAL_Driver/Src/stm32l4xx_hal_tim_ex.c ****     {
 948:stm/stm32l4xx/STM32L4xx_HAL_Driver/Src/stm32l4xx_hal_tim_ex.c ****       /* Set the DMA compare callbacks */
 949:stm/stm32l4xx/STM32L4xx_HAL_Driver/Src/stm32l4xx_hal_tim_ex.c ****       htim->hdma[TIM_DMA_ID_CC3]->XferCpltCallback = TIM_DMADelayPulseNCplt;
 950:stm/stm32l4xx/STM32L4xx_HAL_Driver/Src/stm32l4xx_hal_tim_ex.c ****       htim->hdma[TIM_DMA_ID_CC3]->XferHalfCpltCallback = TIM_DMADelayPulseHalfCplt;
 951:stm/stm32l4xx/STM32L4xx_HAL_Driver/Src/stm32l4xx_hal_tim_ex.c **** 
 952:stm/stm32l4xx/STM32L4xx_HAL_Driver/Src/stm32l4xx_hal_tim_ex.c ****       /* Set the DMA error callback */
 953:stm/stm32l4xx/STM32L4xx_HAL_Driver/Src/stm32l4xx_hal_tim_ex.c ****       htim->hdma[TIM_DMA_ID_CC3]->XferErrorCallback = TIM_DMAErrorCCxN ;
 954:stm/stm32l4xx/STM32L4xx_HAL_Driver/Src/stm32l4xx_hal_tim_ex.c **** 
 955:stm/stm32l4xx/STM32L4xx_HAL_Driver/Src/stm32l4xx_hal_tim_ex.c ****       /* Enable the DMA channel */
 956:stm/stm32l4xx/STM32L4xx_HAL_Driver/Src/stm32l4xx_hal_tim_ex.c ****       if (HAL_DMA_Start_IT(htim->hdma[TIM_DMA_ID_CC3], (uint32_t)pData, (uint32_t)&htim->Instance->
 957:stm/stm32l4xx/STM32L4xx_HAL_Driver/Src/stm32l4xx_hal_tim_ex.c ****                            Length) != HAL_OK)
 958:stm/stm32l4xx/STM32L4xx_HAL_Driver/Src/stm32l4xx_hal_tim_ex.c ****       {
 959:stm/stm32l4xx/STM32L4xx_HAL_Driver/Src/stm32l4xx_hal_tim_ex.c ****         /* Return error status */
 960:stm/stm32l4xx/STM32L4xx_HAL_Driver/Src/stm32l4xx_hal_tim_ex.c ****         return HAL_ERROR;
 961:stm/stm32l4xx/STM32L4xx_HAL_Driver/Src/stm32l4xx_hal_tim_ex.c ****       }
 962:stm/stm32l4xx/STM32L4xx_HAL_Driver/Src/stm32l4xx_hal_tim_ex.c ****       /* Enable the TIM Output Compare DMA request */
 963:stm/stm32l4xx/STM32L4xx_HAL_Driver/Src/stm32l4xx_hal_tim_ex.c ****       __HAL_TIM_ENABLE_DMA(htim, TIM_DMA_CC3);
 964:stm/stm32l4xx/STM32L4xx_HAL_Driver/Src/stm32l4xx_hal_tim_ex.c ****       break;
 965:stm/stm32l4xx/STM32L4xx_HAL_Driver/Src/stm32l4xx_hal_tim_ex.c ****     }
 966:stm/stm32l4xx/STM32L4xx_HAL_Driver/Src/stm32l4xx_hal_tim_ex.c **** 
 967:stm/stm32l4xx/STM32L4xx_HAL_Driver/Src/stm32l4xx_hal_tim_ex.c ****     default:
 968:stm/stm32l4xx/STM32L4xx_HAL_Driver/Src/stm32l4xx_hal_tim_ex.c ****       status = HAL_ERROR;
 969:stm/stm32l4xx/STM32L4xx_HAL_Driver/Src/stm32l4xx_hal_tim_ex.c ****       break;
 970:stm/stm32l4xx/STM32L4xx_HAL_Driver/Src/stm32l4xx_hal_tim_ex.c ****   }
 971:stm/stm32l4xx/STM32L4xx_HAL_Driver/Src/stm32l4xx_hal_tim_ex.c **** 
 972:stm/stm32l4xx/STM32L4xx_HAL_Driver/Src/stm32l4xx_hal_tim_ex.c ****   if (status == HAL_OK)
 973:stm/stm32l4xx/STM32L4xx_HAL_Driver/Src/stm32l4xx_hal_tim_ex.c ****   {
 974:stm/stm32l4xx/STM32L4xx_HAL_Driver/Src/stm32l4xx_hal_tim_ex.c ****     /* Enable the Capture compare channel N */
 975:stm/stm32l4xx/STM32L4xx_HAL_Driver/Src/stm32l4xx_hal_tim_ex.c ****     TIM_CCxNChannelCmd(htim->Instance, Channel, TIM_CCxN_ENABLE);
 976:stm/stm32l4xx/STM32L4xx_HAL_Driver/Src/stm32l4xx_hal_tim_ex.c **** 
 977:stm/stm32l4xx/STM32L4xx_HAL_Driver/Src/stm32l4xx_hal_tim_ex.c ****     /* Enable the Main Output */
 978:stm/stm32l4xx/STM32L4xx_HAL_Driver/Src/stm32l4xx_hal_tim_ex.c ****     __HAL_TIM_MOE_ENABLE(htim);
 979:stm/stm32l4xx/STM32L4xx_HAL_Driver/Src/stm32l4xx_hal_tim_ex.c **** 
 980:stm/stm32l4xx/STM32L4xx_HAL_Driver/Src/stm32l4xx_hal_tim_ex.c ****     /* Enable the Peripheral, except in trigger mode where enable is automatically done with trigge
 981:stm/stm32l4xx/STM32L4xx_HAL_Driver/Src/stm32l4xx_hal_tim_ex.c ****     if (IS_TIM_SLAVE_INSTANCE(htim->Instance))
 982:stm/stm32l4xx/STM32L4xx_HAL_Driver/Src/stm32l4xx_hal_tim_ex.c ****     {
 983:stm/stm32l4xx/STM32L4xx_HAL_Driver/Src/stm32l4xx_hal_tim_ex.c ****       tmpsmcr = htim->Instance->SMCR & TIM_SMCR_SMS;
 984:stm/stm32l4xx/STM32L4xx_HAL_Driver/Src/stm32l4xx_hal_tim_ex.c ****       if (!IS_TIM_SLAVEMODE_TRIGGER_ENABLED(tmpsmcr))
 985:stm/stm32l4xx/STM32L4xx_HAL_Driver/Src/stm32l4xx_hal_tim_ex.c ****       {
 986:stm/stm32l4xx/STM32L4xx_HAL_Driver/Src/stm32l4xx_hal_tim_ex.c ****         __HAL_TIM_ENABLE(htim);
 987:stm/stm32l4xx/STM32L4xx_HAL_Driver/Src/stm32l4xx_hal_tim_ex.c ****       }
 988:stm/stm32l4xx/STM32L4xx_HAL_Driver/Src/stm32l4xx_hal_tim_ex.c ****     }
 989:stm/stm32l4xx/STM32L4xx_HAL_Driver/Src/stm32l4xx_hal_tim_ex.c ****     else
 990:stm/stm32l4xx/STM32L4xx_HAL_Driver/Src/stm32l4xx_hal_tim_ex.c ****     {
 991:stm/stm32l4xx/STM32L4xx_HAL_Driver/Src/stm32l4xx_hal_tim_ex.c ****       __HAL_TIM_ENABLE(htim);
 992:stm/stm32l4xx/STM32L4xx_HAL_Driver/Src/stm32l4xx_hal_tim_ex.c ****     }
 993:stm/stm32l4xx/STM32L4xx_HAL_Driver/Src/stm32l4xx_hal_tim_ex.c ****   }
 994:stm/stm32l4xx/STM32L4xx_HAL_Driver/Src/stm32l4xx_hal_tim_ex.c **** 
 995:stm/stm32l4xx/STM32L4xx_HAL_Driver/Src/stm32l4xx_hal_tim_ex.c ****   /* Return function status */
 996:stm/stm32l4xx/STM32L4xx_HAL_Driver/Src/stm32l4xx_hal_tim_ex.c ****   return status;
 997:stm/stm32l4xx/STM32L4xx_HAL_Driver/Src/stm32l4xx_hal_tim_ex.c **** }
 998:stm/stm32l4xx/STM32L4xx_HAL_Driver/Src/stm32l4xx_hal_tim_ex.c **** 
 999:stm/stm32l4xx/STM32L4xx_HAL_Driver/Src/stm32l4xx_hal_tim_ex.c **** /**
ARM GAS  /var/tmp//ccYgLLN5.s 			page 19


1000:stm/stm32l4xx/STM32L4xx_HAL_Driver/Src/stm32l4xx_hal_tim_ex.c ****   * @brief  Stops the TIM Output Compare signal generation in DMA mode
1001:stm/stm32l4xx/STM32L4xx_HAL_Driver/Src/stm32l4xx_hal_tim_ex.c ****   *         on the complementary output.
1002:stm/stm32l4xx/STM32L4xx_HAL_Driver/Src/stm32l4xx_hal_tim_ex.c ****   * @param  htim TIM Output Compare handle
1003:stm/stm32l4xx/STM32L4xx_HAL_Driver/Src/stm32l4xx_hal_tim_ex.c ****   * @param  Channel TIM Channel to be disabled
1004:stm/stm32l4xx/STM32L4xx_HAL_Driver/Src/stm32l4xx_hal_tim_ex.c ****   *          This parameter can be one of the following values:
1005:stm/stm32l4xx/STM32L4xx_HAL_Driver/Src/stm32l4xx_hal_tim_ex.c ****   *            @arg TIM_CHANNEL_1: TIM Channel 1 selected
1006:stm/stm32l4xx/STM32L4xx_HAL_Driver/Src/stm32l4xx_hal_tim_ex.c ****   *            @arg TIM_CHANNEL_2: TIM Channel 2 selected
1007:stm/stm32l4xx/STM32L4xx_HAL_Driver/Src/stm32l4xx_hal_tim_ex.c ****   *            @arg TIM_CHANNEL_3: TIM Channel 3 selected
1008:stm/stm32l4xx/STM32L4xx_HAL_Driver/Src/stm32l4xx_hal_tim_ex.c ****   * @retval HAL status
1009:stm/stm32l4xx/STM32L4xx_HAL_Driver/Src/stm32l4xx_hal_tim_ex.c ****   */
1010:stm/stm32l4xx/STM32L4xx_HAL_Driver/Src/stm32l4xx_hal_tim_ex.c **** HAL_StatusTypeDef HAL_TIMEx_OCN_Stop_DMA(TIM_HandleTypeDef *htim, uint32_t Channel)
1011:stm/stm32l4xx/STM32L4xx_HAL_Driver/Src/stm32l4xx_hal_tim_ex.c **** {
1012:stm/stm32l4xx/STM32L4xx_HAL_Driver/Src/stm32l4xx_hal_tim_ex.c ****   HAL_StatusTypeDef status = HAL_OK;
1013:stm/stm32l4xx/STM32L4xx_HAL_Driver/Src/stm32l4xx_hal_tim_ex.c **** 
1014:stm/stm32l4xx/STM32L4xx_HAL_Driver/Src/stm32l4xx_hal_tim_ex.c ****   /* Check the parameters */
1015:stm/stm32l4xx/STM32L4xx_HAL_Driver/Src/stm32l4xx_hal_tim_ex.c ****   assert_param(IS_TIM_CCXN_INSTANCE(htim->Instance, Channel));
1016:stm/stm32l4xx/STM32L4xx_HAL_Driver/Src/stm32l4xx_hal_tim_ex.c **** 
1017:stm/stm32l4xx/STM32L4xx_HAL_Driver/Src/stm32l4xx_hal_tim_ex.c ****   switch (Channel)
1018:stm/stm32l4xx/STM32L4xx_HAL_Driver/Src/stm32l4xx_hal_tim_ex.c ****   {
1019:stm/stm32l4xx/STM32L4xx_HAL_Driver/Src/stm32l4xx_hal_tim_ex.c ****     case TIM_CHANNEL_1:
1020:stm/stm32l4xx/STM32L4xx_HAL_Driver/Src/stm32l4xx_hal_tim_ex.c ****     {
1021:stm/stm32l4xx/STM32L4xx_HAL_Driver/Src/stm32l4xx_hal_tim_ex.c ****       /* Disable the TIM Output Compare DMA request */
1022:stm/stm32l4xx/STM32L4xx_HAL_Driver/Src/stm32l4xx_hal_tim_ex.c ****       __HAL_TIM_DISABLE_DMA(htim, TIM_DMA_CC1);
1023:stm/stm32l4xx/STM32L4xx_HAL_Driver/Src/stm32l4xx_hal_tim_ex.c ****       (void)HAL_DMA_Abort_IT(htim->hdma[TIM_DMA_ID_CC1]);
1024:stm/stm32l4xx/STM32L4xx_HAL_Driver/Src/stm32l4xx_hal_tim_ex.c ****       break;
1025:stm/stm32l4xx/STM32L4xx_HAL_Driver/Src/stm32l4xx_hal_tim_ex.c ****     }
1026:stm/stm32l4xx/STM32L4xx_HAL_Driver/Src/stm32l4xx_hal_tim_ex.c **** 
1027:stm/stm32l4xx/STM32L4xx_HAL_Driver/Src/stm32l4xx_hal_tim_ex.c ****     case TIM_CHANNEL_2:
1028:stm/stm32l4xx/STM32L4xx_HAL_Driver/Src/stm32l4xx_hal_tim_ex.c ****     {
1029:stm/stm32l4xx/STM32L4xx_HAL_Driver/Src/stm32l4xx_hal_tim_ex.c ****       /* Disable the TIM Output Compare DMA request */
1030:stm/stm32l4xx/STM32L4xx_HAL_Driver/Src/stm32l4xx_hal_tim_ex.c ****       __HAL_TIM_DISABLE_DMA(htim, TIM_DMA_CC2);
1031:stm/stm32l4xx/STM32L4xx_HAL_Driver/Src/stm32l4xx_hal_tim_ex.c ****       (void)HAL_DMA_Abort_IT(htim->hdma[TIM_DMA_ID_CC2]);
1032:stm/stm32l4xx/STM32L4xx_HAL_Driver/Src/stm32l4xx_hal_tim_ex.c ****       break;
1033:stm/stm32l4xx/STM32L4xx_HAL_Driver/Src/stm32l4xx_hal_tim_ex.c ****     }
1034:stm/stm32l4xx/STM32L4xx_HAL_Driver/Src/stm32l4xx_hal_tim_ex.c **** 
1035:stm/stm32l4xx/STM32L4xx_HAL_Driver/Src/stm32l4xx_hal_tim_ex.c ****     case TIM_CHANNEL_3:
1036:stm/stm32l4xx/STM32L4xx_HAL_Driver/Src/stm32l4xx_hal_tim_ex.c ****     {
1037:stm/stm32l4xx/STM32L4xx_HAL_Driver/Src/stm32l4xx_hal_tim_ex.c ****       /* Disable the TIM Output Compare DMA request */
1038:stm/stm32l4xx/STM32L4xx_HAL_Driver/Src/stm32l4xx_hal_tim_ex.c ****       __HAL_TIM_DISABLE_DMA(htim, TIM_DMA_CC3);
1039:stm/stm32l4xx/STM32L4xx_HAL_Driver/Src/stm32l4xx_hal_tim_ex.c ****       (void)HAL_DMA_Abort_IT(htim->hdma[TIM_DMA_ID_CC3]);
1040:stm/stm32l4xx/STM32L4xx_HAL_Driver/Src/stm32l4xx_hal_tim_ex.c ****       break;
1041:stm/stm32l4xx/STM32L4xx_HAL_Driver/Src/stm32l4xx_hal_tim_ex.c ****     }
1042:stm/stm32l4xx/STM32L4xx_HAL_Driver/Src/stm32l4xx_hal_tim_ex.c **** 
1043:stm/stm32l4xx/STM32L4xx_HAL_Driver/Src/stm32l4xx_hal_tim_ex.c ****     default:
1044:stm/stm32l4xx/STM32L4xx_HAL_Driver/Src/stm32l4xx_hal_tim_ex.c ****       status = HAL_ERROR;
1045:stm/stm32l4xx/STM32L4xx_HAL_Driver/Src/stm32l4xx_hal_tim_ex.c ****       break;
1046:stm/stm32l4xx/STM32L4xx_HAL_Driver/Src/stm32l4xx_hal_tim_ex.c ****   }
1047:stm/stm32l4xx/STM32L4xx_HAL_Driver/Src/stm32l4xx_hal_tim_ex.c **** 
1048:stm/stm32l4xx/STM32L4xx_HAL_Driver/Src/stm32l4xx_hal_tim_ex.c ****   if (status == HAL_OK)
1049:stm/stm32l4xx/STM32L4xx_HAL_Driver/Src/stm32l4xx_hal_tim_ex.c ****   {
1050:stm/stm32l4xx/STM32L4xx_HAL_Driver/Src/stm32l4xx_hal_tim_ex.c ****     /* Disable the Capture compare channel N */
1051:stm/stm32l4xx/STM32L4xx_HAL_Driver/Src/stm32l4xx_hal_tim_ex.c ****     TIM_CCxNChannelCmd(htim->Instance, Channel, TIM_CCxN_DISABLE);
1052:stm/stm32l4xx/STM32L4xx_HAL_Driver/Src/stm32l4xx_hal_tim_ex.c **** 
1053:stm/stm32l4xx/STM32L4xx_HAL_Driver/Src/stm32l4xx_hal_tim_ex.c ****     /* Disable the Main Output */
1054:stm/stm32l4xx/STM32L4xx_HAL_Driver/Src/stm32l4xx_hal_tim_ex.c ****     __HAL_TIM_MOE_DISABLE(htim);
1055:stm/stm32l4xx/STM32L4xx_HAL_Driver/Src/stm32l4xx_hal_tim_ex.c **** 
1056:stm/stm32l4xx/STM32L4xx_HAL_Driver/Src/stm32l4xx_hal_tim_ex.c ****     /* Disable the Peripheral */
ARM GAS  /var/tmp//ccYgLLN5.s 			page 20


1057:stm/stm32l4xx/STM32L4xx_HAL_Driver/Src/stm32l4xx_hal_tim_ex.c ****     __HAL_TIM_DISABLE(htim);
1058:stm/stm32l4xx/STM32L4xx_HAL_Driver/Src/stm32l4xx_hal_tim_ex.c **** 
1059:stm/stm32l4xx/STM32L4xx_HAL_Driver/Src/stm32l4xx_hal_tim_ex.c ****     /* Set the TIM complementary channel state */
1060:stm/stm32l4xx/STM32L4xx_HAL_Driver/Src/stm32l4xx_hal_tim_ex.c ****     TIM_CHANNEL_N_STATE_SET(htim, Channel, HAL_TIM_CHANNEL_STATE_READY);
1061:stm/stm32l4xx/STM32L4xx_HAL_Driver/Src/stm32l4xx_hal_tim_ex.c ****   }
1062:stm/stm32l4xx/STM32L4xx_HAL_Driver/Src/stm32l4xx_hal_tim_ex.c **** 
1063:stm/stm32l4xx/STM32L4xx_HAL_Driver/Src/stm32l4xx_hal_tim_ex.c ****   /* Return function status */
1064:stm/stm32l4xx/STM32L4xx_HAL_Driver/Src/stm32l4xx_hal_tim_ex.c ****   return status;
1065:stm/stm32l4xx/STM32L4xx_HAL_Driver/Src/stm32l4xx_hal_tim_ex.c **** }
1066:stm/stm32l4xx/STM32L4xx_HAL_Driver/Src/stm32l4xx_hal_tim_ex.c **** 
1067:stm/stm32l4xx/STM32L4xx_HAL_Driver/Src/stm32l4xx_hal_tim_ex.c **** /**
1068:stm/stm32l4xx/STM32L4xx_HAL_Driver/Src/stm32l4xx_hal_tim_ex.c ****   * @}
1069:stm/stm32l4xx/STM32L4xx_HAL_Driver/Src/stm32l4xx_hal_tim_ex.c ****   */
1070:stm/stm32l4xx/STM32L4xx_HAL_Driver/Src/stm32l4xx_hal_tim_ex.c **** 
1071:stm/stm32l4xx/STM32L4xx_HAL_Driver/Src/stm32l4xx_hal_tim_ex.c **** /** @defgroup TIMEx_Exported_Functions_Group3 Extended Timer Complementary PWM functions
1072:stm/stm32l4xx/STM32L4xx_HAL_Driver/Src/stm32l4xx_hal_tim_ex.c ****   * @brief    Timer Complementary PWM functions
1073:stm/stm32l4xx/STM32L4xx_HAL_Driver/Src/stm32l4xx_hal_tim_ex.c ****   *
1074:stm/stm32l4xx/STM32L4xx_HAL_Driver/Src/stm32l4xx_hal_tim_ex.c **** @verbatim
1075:stm/stm32l4xx/STM32L4xx_HAL_Driver/Src/stm32l4xx_hal_tim_ex.c ****   ==============================================================================
1076:stm/stm32l4xx/STM32L4xx_HAL_Driver/Src/stm32l4xx_hal_tim_ex.c ****                  ##### Timer Complementary PWM functions #####
1077:stm/stm32l4xx/STM32L4xx_HAL_Driver/Src/stm32l4xx_hal_tim_ex.c ****   ==============================================================================
1078:stm/stm32l4xx/STM32L4xx_HAL_Driver/Src/stm32l4xx_hal_tim_ex.c ****   [..]
1079:stm/stm32l4xx/STM32L4xx_HAL_Driver/Src/stm32l4xx_hal_tim_ex.c ****     This section provides functions allowing to:
1080:stm/stm32l4xx/STM32L4xx_HAL_Driver/Src/stm32l4xx_hal_tim_ex.c ****     (+) Start the Complementary PWM.
1081:stm/stm32l4xx/STM32L4xx_HAL_Driver/Src/stm32l4xx_hal_tim_ex.c ****     (+) Stop the Complementary PWM.
1082:stm/stm32l4xx/STM32L4xx_HAL_Driver/Src/stm32l4xx_hal_tim_ex.c ****     (+) Start the Complementary PWM and enable interrupts.
1083:stm/stm32l4xx/STM32L4xx_HAL_Driver/Src/stm32l4xx_hal_tim_ex.c ****     (+) Stop the Complementary PWM and disable interrupts.
1084:stm/stm32l4xx/STM32L4xx_HAL_Driver/Src/stm32l4xx_hal_tim_ex.c ****     (+) Start the Complementary PWM and enable DMA transfers.
1085:stm/stm32l4xx/STM32L4xx_HAL_Driver/Src/stm32l4xx_hal_tim_ex.c ****     (+) Stop the Complementary PWM and disable DMA transfers.
1086:stm/stm32l4xx/STM32L4xx_HAL_Driver/Src/stm32l4xx_hal_tim_ex.c **** @endverbatim
1087:stm/stm32l4xx/STM32L4xx_HAL_Driver/Src/stm32l4xx_hal_tim_ex.c ****   * @{
1088:stm/stm32l4xx/STM32L4xx_HAL_Driver/Src/stm32l4xx_hal_tim_ex.c ****   */
1089:stm/stm32l4xx/STM32L4xx_HAL_Driver/Src/stm32l4xx_hal_tim_ex.c **** 
1090:stm/stm32l4xx/STM32L4xx_HAL_Driver/Src/stm32l4xx_hal_tim_ex.c **** /**
1091:stm/stm32l4xx/STM32L4xx_HAL_Driver/Src/stm32l4xx_hal_tim_ex.c ****   * @brief  Starts the PWM signal generation on the complementary output.
1092:stm/stm32l4xx/STM32L4xx_HAL_Driver/Src/stm32l4xx_hal_tim_ex.c ****   * @param  htim TIM handle
1093:stm/stm32l4xx/STM32L4xx_HAL_Driver/Src/stm32l4xx_hal_tim_ex.c ****   * @param  Channel TIM Channel to be enabled
1094:stm/stm32l4xx/STM32L4xx_HAL_Driver/Src/stm32l4xx_hal_tim_ex.c ****   *          This parameter can be one of the following values:
1095:stm/stm32l4xx/STM32L4xx_HAL_Driver/Src/stm32l4xx_hal_tim_ex.c ****   *            @arg TIM_CHANNEL_1: TIM Channel 1 selected
1096:stm/stm32l4xx/STM32L4xx_HAL_Driver/Src/stm32l4xx_hal_tim_ex.c ****   *            @arg TIM_CHANNEL_2: TIM Channel 2 selected
1097:stm/stm32l4xx/STM32L4xx_HAL_Driver/Src/stm32l4xx_hal_tim_ex.c ****   *            @arg TIM_CHANNEL_3: TIM Channel 3 selected
1098:stm/stm32l4xx/STM32L4xx_HAL_Driver/Src/stm32l4xx_hal_tim_ex.c ****   * @retval HAL status
1099:stm/stm32l4xx/STM32L4xx_HAL_Driver/Src/stm32l4xx_hal_tim_ex.c ****   */
1100:stm/stm32l4xx/STM32L4xx_HAL_Driver/Src/stm32l4xx_hal_tim_ex.c **** HAL_StatusTypeDef HAL_TIMEx_PWMN_Start(TIM_HandleTypeDef *htim, uint32_t Channel)
1101:stm/stm32l4xx/STM32L4xx_HAL_Driver/Src/stm32l4xx_hal_tim_ex.c **** {
1102:stm/stm32l4xx/STM32L4xx_HAL_Driver/Src/stm32l4xx_hal_tim_ex.c ****   uint32_t tmpsmcr;
1103:stm/stm32l4xx/STM32L4xx_HAL_Driver/Src/stm32l4xx_hal_tim_ex.c **** 
1104:stm/stm32l4xx/STM32L4xx_HAL_Driver/Src/stm32l4xx_hal_tim_ex.c ****   /* Check the parameters */
1105:stm/stm32l4xx/STM32L4xx_HAL_Driver/Src/stm32l4xx_hal_tim_ex.c ****   assert_param(IS_TIM_CCXN_INSTANCE(htim->Instance, Channel));
1106:stm/stm32l4xx/STM32L4xx_HAL_Driver/Src/stm32l4xx_hal_tim_ex.c **** 
1107:stm/stm32l4xx/STM32L4xx_HAL_Driver/Src/stm32l4xx_hal_tim_ex.c ****   /* Check the TIM complementary channel state */
1108:stm/stm32l4xx/STM32L4xx_HAL_Driver/Src/stm32l4xx_hal_tim_ex.c ****   if (TIM_CHANNEL_N_STATE_GET(htim, Channel) != HAL_TIM_CHANNEL_STATE_READY)
1109:stm/stm32l4xx/STM32L4xx_HAL_Driver/Src/stm32l4xx_hal_tim_ex.c ****   {
1110:stm/stm32l4xx/STM32L4xx_HAL_Driver/Src/stm32l4xx_hal_tim_ex.c ****     return HAL_ERROR;
1111:stm/stm32l4xx/STM32L4xx_HAL_Driver/Src/stm32l4xx_hal_tim_ex.c ****   }
1112:stm/stm32l4xx/STM32L4xx_HAL_Driver/Src/stm32l4xx_hal_tim_ex.c **** 
1113:stm/stm32l4xx/STM32L4xx_HAL_Driver/Src/stm32l4xx_hal_tim_ex.c ****   /* Set the TIM complementary channel state */
ARM GAS  /var/tmp//ccYgLLN5.s 			page 21


1114:stm/stm32l4xx/STM32L4xx_HAL_Driver/Src/stm32l4xx_hal_tim_ex.c ****   TIM_CHANNEL_N_STATE_SET(htim, Channel, HAL_TIM_CHANNEL_STATE_BUSY);
1115:stm/stm32l4xx/STM32L4xx_HAL_Driver/Src/stm32l4xx_hal_tim_ex.c **** 
1116:stm/stm32l4xx/STM32L4xx_HAL_Driver/Src/stm32l4xx_hal_tim_ex.c ****   /* Enable the complementary PWM output  */
1117:stm/stm32l4xx/STM32L4xx_HAL_Driver/Src/stm32l4xx_hal_tim_ex.c ****   TIM_CCxNChannelCmd(htim->Instance, Channel, TIM_CCxN_ENABLE);
1118:stm/stm32l4xx/STM32L4xx_HAL_Driver/Src/stm32l4xx_hal_tim_ex.c **** 
1119:stm/stm32l4xx/STM32L4xx_HAL_Driver/Src/stm32l4xx_hal_tim_ex.c ****   /* Enable the Main Output */
1120:stm/stm32l4xx/STM32L4xx_HAL_Driver/Src/stm32l4xx_hal_tim_ex.c ****   __HAL_TIM_MOE_ENABLE(htim);
1121:stm/stm32l4xx/STM32L4xx_HAL_Driver/Src/stm32l4xx_hal_tim_ex.c **** 
1122:stm/stm32l4xx/STM32L4xx_HAL_Driver/Src/stm32l4xx_hal_tim_ex.c ****   /* Enable the Peripheral, except in trigger mode where enable is automatically done with trigger 
1123:stm/stm32l4xx/STM32L4xx_HAL_Driver/Src/stm32l4xx_hal_tim_ex.c ****   if (IS_TIM_SLAVE_INSTANCE(htim->Instance))
1124:stm/stm32l4xx/STM32L4xx_HAL_Driver/Src/stm32l4xx_hal_tim_ex.c ****   {
1125:stm/stm32l4xx/STM32L4xx_HAL_Driver/Src/stm32l4xx_hal_tim_ex.c ****     tmpsmcr = htim->Instance->SMCR & TIM_SMCR_SMS;
1126:stm/stm32l4xx/STM32L4xx_HAL_Driver/Src/stm32l4xx_hal_tim_ex.c ****     if (!IS_TIM_SLAVEMODE_TRIGGER_ENABLED(tmpsmcr))
1127:stm/stm32l4xx/STM32L4xx_HAL_Driver/Src/stm32l4xx_hal_tim_ex.c ****     {
1128:stm/stm32l4xx/STM32L4xx_HAL_Driver/Src/stm32l4xx_hal_tim_ex.c ****       __HAL_TIM_ENABLE(htim);
1129:stm/stm32l4xx/STM32L4xx_HAL_Driver/Src/stm32l4xx_hal_tim_ex.c ****     }
1130:stm/stm32l4xx/STM32L4xx_HAL_Driver/Src/stm32l4xx_hal_tim_ex.c ****   }
1131:stm/stm32l4xx/STM32L4xx_HAL_Driver/Src/stm32l4xx_hal_tim_ex.c ****   else
1132:stm/stm32l4xx/STM32L4xx_HAL_Driver/Src/stm32l4xx_hal_tim_ex.c ****   {
1133:stm/stm32l4xx/STM32L4xx_HAL_Driver/Src/stm32l4xx_hal_tim_ex.c ****     __HAL_TIM_ENABLE(htim);
1134:stm/stm32l4xx/STM32L4xx_HAL_Driver/Src/stm32l4xx_hal_tim_ex.c ****   }
1135:stm/stm32l4xx/STM32L4xx_HAL_Driver/Src/stm32l4xx_hal_tim_ex.c **** 
1136:stm/stm32l4xx/STM32L4xx_HAL_Driver/Src/stm32l4xx_hal_tim_ex.c ****   /* Return function status */
1137:stm/stm32l4xx/STM32L4xx_HAL_Driver/Src/stm32l4xx_hal_tim_ex.c ****   return HAL_OK;
1138:stm/stm32l4xx/STM32L4xx_HAL_Driver/Src/stm32l4xx_hal_tim_ex.c **** }
1139:stm/stm32l4xx/STM32L4xx_HAL_Driver/Src/stm32l4xx_hal_tim_ex.c **** 
1140:stm/stm32l4xx/STM32L4xx_HAL_Driver/Src/stm32l4xx_hal_tim_ex.c **** /**
1141:stm/stm32l4xx/STM32L4xx_HAL_Driver/Src/stm32l4xx_hal_tim_ex.c ****   * @brief  Stops the PWM signal generation on the complementary output.
1142:stm/stm32l4xx/STM32L4xx_HAL_Driver/Src/stm32l4xx_hal_tim_ex.c ****   * @param  htim TIM handle
1143:stm/stm32l4xx/STM32L4xx_HAL_Driver/Src/stm32l4xx_hal_tim_ex.c ****   * @param  Channel TIM Channel to be disabled
1144:stm/stm32l4xx/STM32L4xx_HAL_Driver/Src/stm32l4xx_hal_tim_ex.c ****   *          This parameter can be one of the following values:
1145:stm/stm32l4xx/STM32L4xx_HAL_Driver/Src/stm32l4xx_hal_tim_ex.c ****   *            @arg TIM_CHANNEL_1: TIM Channel 1 selected
1146:stm/stm32l4xx/STM32L4xx_HAL_Driver/Src/stm32l4xx_hal_tim_ex.c ****   *            @arg TIM_CHANNEL_2: TIM Channel 2 selected
1147:stm/stm32l4xx/STM32L4xx_HAL_Driver/Src/stm32l4xx_hal_tim_ex.c ****   *            @arg TIM_CHANNEL_3: TIM Channel 3 selected
1148:stm/stm32l4xx/STM32L4xx_HAL_Driver/Src/stm32l4xx_hal_tim_ex.c ****   * @retval HAL status
1149:stm/stm32l4xx/STM32L4xx_HAL_Driver/Src/stm32l4xx_hal_tim_ex.c ****   */
1150:stm/stm32l4xx/STM32L4xx_HAL_Driver/Src/stm32l4xx_hal_tim_ex.c **** HAL_StatusTypeDef HAL_TIMEx_PWMN_Stop(TIM_HandleTypeDef *htim, uint32_t Channel)
1151:stm/stm32l4xx/STM32L4xx_HAL_Driver/Src/stm32l4xx_hal_tim_ex.c **** {
1152:stm/stm32l4xx/STM32L4xx_HAL_Driver/Src/stm32l4xx_hal_tim_ex.c ****   /* Check the parameters */
1153:stm/stm32l4xx/STM32L4xx_HAL_Driver/Src/stm32l4xx_hal_tim_ex.c ****   assert_param(IS_TIM_CCXN_INSTANCE(htim->Instance, Channel));
1154:stm/stm32l4xx/STM32L4xx_HAL_Driver/Src/stm32l4xx_hal_tim_ex.c **** 
1155:stm/stm32l4xx/STM32L4xx_HAL_Driver/Src/stm32l4xx_hal_tim_ex.c ****   /* Disable the complementary PWM output  */
1156:stm/stm32l4xx/STM32L4xx_HAL_Driver/Src/stm32l4xx_hal_tim_ex.c ****   TIM_CCxNChannelCmd(htim->Instance, Channel, TIM_CCxN_DISABLE);
1157:stm/stm32l4xx/STM32L4xx_HAL_Driver/Src/stm32l4xx_hal_tim_ex.c **** 
1158:stm/stm32l4xx/STM32L4xx_HAL_Driver/Src/stm32l4xx_hal_tim_ex.c ****   /* Disable the Main Output */
1159:stm/stm32l4xx/STM32L4xx_HAL_Driver/Src/stm32l4xx_hal_tim_ex.c ****   __HAL_TIM_MOE_DISABLE(htim);
1160:stm/stm32l4xx/STM32L4xx_HAL_Driver/Src/stm32l4xx_hal_tim_ex.c **** 
1161:stm/stm32l4xx/STM32L4xx_HAL_Driver/Src/stm32l4xx_hal_tim_ex.c ****   /* Disable the Peripheral */
1162:stm/stm32l4xx/STM32L4xx_HAL_Driver/Src/stm32l4xx_hal_tim_ex.c ****   __HAL_TIM_DISABLE(htim);
1163:stm/stm32l4xx/STM32L4xx_HAL_Driver/Src/stm32l4xx_hal_tim_ex.c **** 
1164:stm/stm32l4xx/STM32L4xx_HAL_Driver/Src/stm32l4xx_hal_tim_ex.c ****   /* Set the TIM complementary channel state */
1165:stm/stm32l4xx/STM32L4xx_HAL_Driver/Src/stm32l4xx_hal_tim_ex.c ****   TIM_CHANNEL_N_STATE_SET(htim, Channel, HAL_TIM_CHANNEL_STATE_READY);
1166:stm/stm32l4xx/STM32L4xx_HAL_Driver/Src/stm32l4xx_hal_tim_ex.c **** 
1167:stm/stm32l4xx/STM32L4xx_HAL_Driver/Src/stm32l4xx_hal_tim_ex.c ****   /* Return function status */
1168:stm/stm32l4xx/STM32L4xx_HAL_Driver/Src/stm32l4xx_hal_tim_ex.c ****   return HAL_OK;
1169:stm/stm32l4xx/STM32L4xx_HAL_Driver/Src/stm32l4xx_hal_tim_ex.c **** }
1170:stm/stm32l4xx/STM32L4xx_HAL_Driver/Src/stm32l4xx_hal_tim_ex.c **** 
ARM GAS  /var/tmp//ccYgLLN5.s 			page 22


1171:stm/stm32l4xx/STM32L4xx_HAL_Driver/Src/stm32l4xx_hal_tim_ex.c **** /**
1172:stm/stm32l4xx/STM32L4xx_HAL_Driver/Src/stm32l4xx_hal_tim_ex.c ****   * @brief  Starts the PWM signal generation in interrupt mode on the
1173:stm/stm32l4xx/STM32L4xx_HAL_Driver/Src/stm32l4xx_hal_tim_ex.c ****   *         complementary output.
1174:stm/stm32l4xx/STM32L4xx_HAL_Driver/Src/stm32l4xx_hal_tim_ex.c ****   * @param  htim TIM handle
1175:stm/stm32l4xx/STM32L4xx_HAL_Driver/Src/stm32l4xx_hal_tim_ex.c ****   * @param  Channel TIM Channel to be disabled
1176:stm/stm32l4xx/STM32L4xx_HAL_Driver/Src/stm32l4xx_hal_tim_ex.c ****   *          This parameter can be one of the following values:
1177:stm/stm32l4xx/STM32L4xx_HAL_Driver/Src/stm32l4xx_hal_tim_ex.c ****   *            @arg TIM_CHANNEL_1: TIM Channel 1 selected
1178:stm/stm32l4xx/STM32L4xx_HAL_Driver/Src/stm32l4xx_hal_tim_ex.c ****   *            @arg TIM_CHANNEL_2: TIM Channel 2 selected
1179:stm/stm32l4xx/STM32L4xx_HAL_Driver/Src/stm32l4xx_hal_tim_ex.c ****   *            @arg TIM_CHANNEL_3: TIM Channel 3 selected
1180:stm/stm32l4xx/STM32L4xx_HAL_Driver/Src/stm32l4xx_hal_tim_ex.c ****   * @retval HAL status
1181:stm/stm32l4xx/STM32L4xx_HAL_Driver/Src/stm32l4xx_hal_tim_ex.c ****   */
1182:stm/stm32l4xx/STM32L4xx_HAL_Driver/Src/stm32l4xx_hal_tim_ex.c **** HAL_StatusTypeDef HAL_TIMEx_PWMN_Start_IT(TIM_HandleTypeDef *htim, uint32_t Channel)
1183:stm/stm32l4xx/STM32L4xx_HAL_Driver/Src/stm32l4xx_hal_tim_ex.c **** {
1184:stm/stm32l4xx/STM32L4xx_HAL_Driver/Src/stm32l4xx_hal_tim_ex.c ****   HAL_StatusTypeDef status = HAL_OK;
1185:stm/stm32l4xx/STM32L4xx_HAL_Driver/Src/stm32l4xx_hal_tim_ex.c ****   uint32_t tmpsmcr;
1186:stm/stm32l4xx/STM32L4xx_HAL_Driver/Src/stm32l4xx_hal_tim_ex.c **** 
1187:stm/stm32l4xx/STM32L4xx_HAL_Driver/Src/stm32l4xx_hal_tim_ex.c ****   /* Check the parameters */
1188:stm/stm32l4xx/STM32L4xx_HAL_Driver/Src/stm32l4xx_hal_tim_ex.c ****   assert_param(IS_TIM_CCXN_INSTANCE(htim->Instance, Channel));
1189:stm/stm32l4xx/STM32L4xx_HAL_Driver/Src/stm32l4xx_hal_tim_ex.c **** 
1190:stm/stm32l4xx/STM32L4xx_HAL_Driver/Src/stm32l4xx_hal_tim_ex.c ****   /* Check the TIM complementary channel state */
1191:stm/stm32l4xx/STM32L4xx_HAL_Driver/Src/stm32l4xx_hal_tim_ex.c ****   if (TIM_CHANNEL_N_STATE_GET(htim, Channel) != HAL_TIM_CHANNEL_STATE_READY)
1192:stm/stm32l4xx/STM32L4xx_HAL_Driver/Src/stm32l4xx_hal_tim_ex.c ****   {
1193:stm/stm32l4xx/STM32L4xx_HAL_Driver/Src/stm32l4xx_hal_tim_ex.c ****     return HAL_ERROR;
1194:stm/stm32l4xx/STM32L4xx_HAL_Driver/Src/stm32l4xx_hal_tim_ex.c ****   }
1195:stm/stm32l4xx/STM32L4xx_HAL_Driver/Src/stm32l4xx_hal_tim_ex.c **** 
1196:stm/stm32l4xx/STM32L4xx_HAL_Driver/Src/stm32l4xx_hal_tim_ex.c ****   /* Set the TIM complementary channel state */
1197:stm/stm32l4xx/STM32L4xx_HAL_Driver/Src/stm32l4xx_hal_tim_ex.c ****   TIM_CHANNEL_N_STATE_SET(htim, Channel, HAL_TIM_CHANNEL_STATE_BUSY);
1198:stm/stm32l4xx/STM32L4xx_HAL_Driver/Src/stm32l4xx_hal_tim_ex.c **** 
1199:stm/stm32l4xx/STM32L4xx_HAL_Driver/Src/stm32l4xx_hal_tim_ex.c ****   switch (Channel)
1200:stm/stm32l4xx/STM32L4xx_HAL_Driver/Src/stm32l4xx_hal_tim_ex.c ****   {
1201:stm/stm32l4xx/STM32L4xx_HAL_Driver/Src/stm32l4xx_hal_tim_ex.c ****     case TIM_CHANNEL_1:
1202:stm/stm32l4xx/STM32L4xx_HAL_Driver/Src/stm32l4xx_hal_tim_ex.c ****     {
1203:stm/stm32l4xx/STM32L4xx_HAL_Driver/Src/stm32l4xx_hal_tim_ex.c ****       /* Enable the TIM Capture/Compare 1 interrupt */
1204:stm/stm32l4xx/STM32L4xx_HAL_Driver/Src/stm32l4xx_hal_tim_ex.c ****       __HAL_TIM_ENABLE_IT(htim, TIM_IT_CC1);
1205:stm/stm32l4xx/STM32L4xx_HAL_Driver/Src/stm32l4xx_hal_tim_ex.c ****       break;
1206:stm/stm32l4xx/STM32L4xx_HAL_Driver/Src/stm32l4xx_hal_tim_ex.c ****     }
1207:stm/stm32l4xx/STM32L4xx_HAL_Driver/Src/stm32l4xx_hal_tim_ex.c **** 
1208:stm/stm32l4xx/STM32L4xx_HAL_Driver/Src/stm32l4xx_hal_tim_ex.c ****     case TIM_CHANNEL_2:
1209:stm/stm32l4xx/STM32L4xx_HAL_Driver/Src/stm32l4xx_hal_tim_ex.c ****     {
1210:stm/stm32l4xx/STM32L4xx_HAL_Driver/Src/stm32l4xx_hal_tim_ex.c ****       /* Enable the TIM Capture/Compare 2 interrupt */
1211:stm/stm32l4xx/STM32L4xx_HAL_Driver/Src/stm32l4xx_hal_tim_ex.c ****       __HAL_TIM_ENABLE_IT(htim, TIM_IT_CC2);
1212:stm/stm32l4xx/STM32L4xx_HAL_Driver/Src/stm32l4xx_hal_tim_ex.c ****       break;
1213:stm/stm32l4xx/STM32L4xx_HAL_Driver/Src/stm32l4xx_hal_tim_ex.c ****     }
1214:stm/stm32l4xx/STM32L4xx_HAL_Driver/Src/stm32l4xx_hal_tim_ex.c **** 
1215:stm/stm32l4xx/STM32L4xx_HAL_Driver/Src/stm32l4xx_hal_tim_ex.c ****     case TIM_CHANNEL_3:
1216:stm/stm32l4xx/STM32L4xx_HAL_Driver/Src/stm32l4xx_hal_tim_ex.c ****     {
1217:stm/stm32l4xx/STM32L4xx_HAL_Driver/Src/stm32l4xx_hal_tim_ex.c ****       /* Enable the TIM Capture/Compare 3 interrupt */
1218:stm/stm32l4xx/STM32L4xx_HAL_Driver/Src/stm32l4xx_hal_tim_ex.c ****       __HAL_TIM_ENABLE_IT(htim, TIM_IT_CC3);
1219:stm/stm32l4xx/STM32L4xx_HAL_Driver/Src/stm32l4xx_hal_tim_ex.c ****       break;
1220:stm/stm32l4xx/STM32L4xx_HAL_Driver/Src/stm32l4xx_hal_tim_ex.c ****     }
1221:stm/stm32l4xx/STM32L4xx_HAL_Driver/Src/stm32l4xx_hal_tim_ex.c **** 
1222:stm/stm32l4xx/STM32L4xx_HAL_Driver/Src/stm32l4xx_hal_tim_ex.c ****     default:
1223:stm/stm32l4xx/STM32L4xx_HAL_Driver/Src/stm32l4xx_hal_tim_ex.c ****       status = HAL_ERROR;
1224:stm/stm32l4xx/STM32L4xx_HAL_Driver/Src/stm32l4xx_hal_tim_ex.c ****       break;
1225:stm/stm32l4xx/STM32L4xx_HAL_Driver/Src/stm32l4xx_hal_tim_ex.c ****   }
1226:stm/stm32l4xx/STM32L4xx_HAL_Driver/Src/stm32l4xx_hal_tim_ex.c **** 
1227:stm/stm32l4xx/STM32L4xx_HAL_Driver/Src/stm32l4xx_hal_tim_ex.c ****   if (status == HAL_OK)
ARM GAS  /var/tmp//ccYgLLN5.s 			page 23


1228:stm/stm32l4xx/STM32L4xx_HAL_Driver/Src/stm32l4xx_hal_tim_ex.c ****   {
1229:stm/stm32l4xx/STM32L4xx_HAL_Driver/Src/stm32l4xx_hal_tim_ex.c ****     /* Enable the TIM Break interrupt */
1230:stm/stm32l4xx/STM32L4xx_HAL_Driver/Src/stm32l4xx_hal_tim_ex.c ****     __HAL_TIM_ENABLE_IT(htim, TIM_IT_BREAK);
1231:stm/stm32l4xx/STM32L4xx_HAL_Driver/Src/stm32l4xx_hal_tim_ex.c **** 
1232:stm/stm32l4xx/STM32L4xx_HAL_Driver/Src/stm32l4xx_hal_tim_ex.c ****     /* Enable the complementary PWM output  */
1233:stm/stm32l4xx/STM32L4xx_HAL_Driver/Src/stm32l4xx_hal_tim_ex.c ****     TIM_CCxNChannelCmd(htim->Instance, Channel, TIM_CCxN_ENABLE);
1234:stm/stm32l4xx/STM32L4xx_HAL_Driver/Src/stm32l4xx_hal_tim_ex.c **** 
1235:stm/stm32l4xx/STM32L4xx_HAL_Driver/Src/stm32l4xx_hal_tim_ex.c ****     /* Enable the Main Output */
1236:stm/stm32l4xx/STM32L4xx_HAL_Driver/Src/stm32l4xx_hal_tim_ex.c ****     __HAL_TIM_MOE_ENABLE(htim);
1237:stm/stm32l4xx/STM32L4xx_HAL_Driver/Src/stm32l4xx_hal_tim_ex.c **** 
1238:stm/stm32l4xx/STM32L4xx_HAL_Driver/Src/stm32l4xx_hal_tim_ex.c ****     /* Enable the Peripheral, except in trigger mode where enable is automatically done with trigge
1239:stm/stm32l4xx/STM32L4xx_HAL_Driver/Src/stm32l4xx_hal_tim_ex.c ****     if (IS_TIM_SLAVE_INSTANCE(htim->Instance))
1240:stm/stm32l4xx/STM32L4xx_HAL_Driver/Src/stm32l4xx_hal_tim_ex.c ****     {
1241:stm/stm32l4xx/STM32L4xx_HAL_Driver/Src/stm32l4xx_hal_tim_ex.c ****       tmpsmcr = htim->Instance->SMCR & TIM_SMCR_SMS;
1242:stm/stm32l4xx/STM32L4xx_HAL_Driver/Src/stm32l4xx_hal_tim_ex.c ****       if (!IS_TIM_SLAVEMODE_TRIGGER_ENABLED(tmpsmcr))
1243:stm/stm32l4xx/STM32L4xx_HAL_Driver/Src/stm32l4xx_hal_tim_ex.c ****       {
1244:stm/stm32l4xx/STM32L4xx_HAL_Driver/Src/stm32l4xx_hal_tim_ex.c ****         __HAL_TIM_ENABLE(htim);
1245:stm/stm32l4xx/STM32L4xx_HAL_Driver/Src/stm32l4xx_hal_tim_ex.c ****       }
1246:stm/stm32l4xx/STM32L4xx_HAL_Driver/Src/stm32l4xx_hal_tim_ex.c ****     }
1247:stm/stm32l4xx/STM32L4xx_HAL_Driver/Src/stm32l4xx_hal_tim_ex.c ****     else
1248:stm/stm32l4xx/STM32L4xx_HAL_Driver/Src/stm32l4xx_hal_tim_ex.c ****     {
1249:stm/stm32l4xx/STM32L4xx_HAL_Driver/Src/stm32l4xx_hal_tim_ex.c ****       __HAL_TIM_ENABLE(htim);
1250:stm/stm32l4xx/STM32L4xx_HAL_Driver/Src/stm32l4xx_hal_tim_ex.c ****     }
1251:stm/stm32l4xx/STM32L4xx_HAL_Driver/Src/stm32l4xx_hal_tim_ex.c ****   }
1252:stm/stm32l4xx/STM32L4xx_HAL_Driver/Src/stm32l4xx_hal_tim_ex.c **** 
1253:stm/stm32l4xx/STM32L4xx_HAL_Driver/Src/stm32l4xx_hal_tim_ex.c ****   /* Return function status */
1254:stm/stm32l4xx/STM32L4xx_HAL_Driver/Src/stm32l4xx_hal_tim_ex.c ****   return status;
1255:stm/stm32l4xx/STM32L4xx_HAL_Driver/Src/stm32l4xx_hal_tim_ex.c **** }
1256:stm/stm32l4xx/STM32L4xx_HAL_Driver/Src/stm32l4xx_hal_tim_ex.c **** 
1257:stm/stm32l4xx/STM32L4xx_HAL_Driver/Src/stm32l4xx_hal_tim_ex.c **** /**
1258:stm/stm32l4xx/STM32L4xx_HAL_Driver/Src/stm32l4xx_hal_tim_ex.c ****   * @brief  Stops the PWM signal generation in interrupt mode on the
1259:stm/stm32l4xx/STM32L4xx_HAL_Driver/Src/stm32l4xx_hal_tim_ex.c ****   *         complementary output.
1260:stm/stm32l4xx/STM32L4xx_HAL_Driver/Src/stm32l4xx_hal_tim_ex.c ****   * @param  htim TIM handle
1261:stm/stm32l4xx/STM32L4xx_HAL_Driver/Src/stm32l4xx_hal_tim_ex.c ****   * @param  Channel TIM Channel to be disabled
1262:stm/stm32l4xx/STM32L4xx_HAL_Driver/Src/stm32l4xx_hal_tim_ex.c ****   *          This parameter can be one of the following values:
1263:stm/stm32l4xx/STM32L4xx_HAL_Driver/Src/stm32l4xx_hal_tim_ex.c ****   *            @arg TIM_CHANNEL_1: TIM Channel 1 selected
1264:stm/stm32l4xx/STM32L4xx_HAL_Driver/Src/stm32l4xx_hal_tim_ex.c ****   *            @arg TIM_CHANNEL_2: TIM Channel 2 selected
1265:stm/stm32l4xx/STM32L4xx_HAL_Driver/Src/stm32l4xx_hal_tim_ex.c ****   *            @arg TIM_CHANNEL_3: TIM Channel 3 selected
1266:stm/stm32l4xx/STM32L4xx_HAL_Driver/Src/stm32l4xx_hal_tim_ex.c ****   * @retval HAL status
1267:stm/stm32l4xx/STM32L4xx_HAL_Driver/Src/stm32l4xx_hal_tim_ex.c ****   */
1268:stm/stm32l4xx/STM32L4xx_HAL_Driver/Src/stm32l4xx_hal_tim_ex.c **** HAL_StatusTypeDef HAL_TIMEx_PWMN_Stop_IT(TIM_HandleTypeDef *htim, uint32_t Channel)
1269:stm/stm32l4xx/STM32L4xx_HAL_Driver/Src/stm32l4xx_hal_tim_ex.c **** {
1270:stm/stm32l4xx/STM32L4xx_HAL_Driver/Src/stm32l4xx_hal_tim_ex.c ****   HAL_StatusTypeDef status = HAL_OK;
1271:stm/stm32l4xx/STM32L4xx_HAL_Driver/Src/stm32l4xx_hal_tim_ex.c ****   uint32_t tmpccer;
1272:stm/stm32l4xx/STM32L4xx_HAL_Driver/Src/stm32l4xx_hal_tim_ex.c **** 
1273:stm/stm32l4xx/STM32L4xx_HAL_Driver/Src/stm32l4xx_hal_tim_ex.c ****   /* Check the parameters */
1274:stm/stm32l4xx/STM32L4xx_HAL_Driver/Src/stm32l4xx_hal_tim_ex.c ****   assert_param(IS_TIM_CCXN_INSTANCE(htim->Instance, Channel));
1275:stm/stm32l4xx/STM32L4xx_HAL_Driver/Src/stm32l4xx_hal_tim_ex.c **** 
1276:stm/stm32l4xx/STM32L4xx_HAL_Driver/Src/stm32l4xx_hal_tim_ex.c ****   switch (Channel)
1277:stm/stm32l4xx/STM32L4xx_HAL_Driver/Src/stm32l4xx_hal_tim_ex.c ****   {
1278:stm/stm32l4xx/STM32L4xx_HAL_Driver/Src/stm32l4xx_hal_tim_ex.c ****     case TIM_CHANNEL_1:
1279:stm/stm32l4xx/STM32L4xx_HAL_Driver/Src/stm32l4xx_hal_tim_ex.c ****     {
1280:stm/stm32l4xx/STM32L4xx_HAL_Driver/Src/stm32l4xx_hal_tim_ex.c ****       /* Disable the TIM Capture/Compare 1 interrupt */
1281:stm/stm32l4xx/STM32L4xx_HAL_Driver/Src/stm32l4xx_hal_tim_ex.c ****       __HAL_TIM_DISABLE_IT(htim, TIM_IT_CC1);
1282:stm/stm32l4xx/STM32L4xx_HAL_Driver/Src/stm32l4xx_hal_tim_ex.c ****       break;
1283:stm/stm32l4xx/STM32L4xx_HAL_Driver/Src/stm32l4xx_hal_tim_ex.c ****     }
1284:stm/stm32l4xx/STM32L4xx_HAL_Driver/Src/stm32l4xx_hal_tim_ex.c **** 
ARM GAS  /var/tmp//ccYgLLN5.s 			page 24


1285:stm/stm32l4xx/STM32L4xx_HAL_Driver/Src/stm32l4xx_hal_tim_ex.c ****     case TIM_CHANNEL_2:
1286:stm/stm32l4xx/STM32L4xx_HAL_Driver/Src/stm32l4xx_hal_tim_ex.c ****     {
1287:stm/stm32l4xx/STM32L4xx_HAL_Driver/Src/stm32l4xx_hal_tim_ex.c ****       /* Disable the TIM Capture/Compare 2 interrupt */
1288:stm/stm32l4xx/STM32L4xx_HAL_Driver/Src/stm32l4xx_hal_tim_ex.c ****       __HAL_TIM_DISABLE_IT(htim, TIM_IT_CC2);
1289:stm/stm32l4xx/STM32L4xx_HAL_Driver/Src/stm32l4xx_hal_tim_ex.c ****       break;
1290:stm/stm32l4xx/STM32L4xx_HAL_Driver/Src/stm32l4xx_hal_tim_ex.c ****     }
1291:stm/stm32l4xx/STM32L4xx_HAL_Driver/Src/stm32l4xx_hal_tim_ex.c **** 
1292:stm/stm32l4xx/STM32L4xx_HAL_Driver/Src/stm32l4xx_hal_tim_ex.c ****     case TIM_CHANNEL_3:
1293:stm/stm32l4xx/STM32L4xx_HAL_Driver/Src/stm32l4xx_hal_tim_ex.c ****     {
1294:stm/stm32l4xx/STM32L4xx_HAL_Driver/Src/stm32l4xx_hal_tim_ex.c ****       /* Disable the TIM Capture/Compare 3 interrupt */
1295:stm/stm32l4xx/STM32L4xx_HAL_Driver/Src/stm32l4xx_hal_tim_ex.c ****       __HAL_TIM_DISABLE_IT(htim, TIM_IT_CC3);
1296:stm/stm32l4xx/STM32L4xx_HAL_Driver/Src/stm32l4xx_hal_tim_ex.c ****       break;
1297:stm/stm32l4xx/STM32L4xx_HAL_Driver/Src/stm32l4xx_hal_tim_ex.c ****     }
1298:stm/stm32l4xx/STM32L4xx_HAL_Driver/Src/stm32l4xx_hal_tim_ex.c **** 
1299:stm/stm32l4xx/STM32L4xx_HAL_Driver/Src/stm32l4xx_hal_tim_ex.c ****     default:
1300:stm/stm32l4xx/STM32L4xx_HAL_Driver/Src/stm32l4xx_hal_tim_ex.c ****       status = HAL_ERROR;
1301:stm/stm32l4xx/STM32L4xx_HAL_Driver/Src/stm32l4xx_hal_tim_ex.c ****       break;
1302:stm/stm32l4xx/STM32L4xx_HAL_Driver/Src/stm32l4xx_hal_tim_ex.c ****   }
1303:stm/stm32l4xx/STM32L4xx_HAL_Driver/Src/stm32l4xx_hal_tim_ex.c **** 
1304:stm/stm32l4xx/STM32L4xx_HAL_Driver/Src/stm32l4xx_hal_tim_ex.c ****   if (status == HAL_OK)
1305:stm/stm32l4xx/STM32L4xx_HAL_Driver/Src/stm32l4xx_hal_tim_ex.c ****   {
1306:stm/stm32l4xx/STM32L4xx_HAL_Driver/Src/stm32l4xx_hal_tim_ex.c ****     /* Disable the complementary PWM output  */
1307:stm/stm32l4xx/STM32L4xx_HAL_Driver/Src/stm32l4xx_hal_tim_ex.c ****     TIM_CCxNChannelCmd(htim->Instance, Channel, TIM_CCxN_DISABLE);
1308:stm/stm32l4xx/STM32L4xx_HAL_Driver/Src/stm32l4xx_hal_tim_ex.c **** 
1309:stm/stm32l4xx/STM32L4xx_HAL_Driver/Src/stm32l4xx_hal_tim_ex.c ****     /* Disable the TIM Break interrupt (only if no more channel is active) */
1310:stm/stm32l4xx/STM32L4xx_HAL_Driver/Src/stm32l4xx_hal_tim_ex.c ****     tmpccer = htim->Instance->CCER;
1311:stm/stm32l4xx/STM32L4xx_HAL_Driver/Src/stm32l4xx_hal_tim_ex.c ****     if ((tmpccer & TIM_CCER_CCxNE_MASK) == (uint32_t)RESET)
1312:stm/stm32l4xx/STM32L4xx_HAL_Driver/Src/stm32l4xx_hal_tim_ex.c ****     {
1313:stm/stm32l4xx/STM32L4xx_HAL_Driver/Src/stm32l4xx_hal_tim_ex.c ****       __HAL_TIM_DISABLE_IT(htim, TIM_IT_BREAK);
1314:stm/stm32l4xx/STM32L4xx_HAL_Driver/Src/stm32l4xx_hal_tim_ex.c ****     }
1315:stm/stm32l4xx/STM32L4xx_HAL_Driver/Src/stm32l4xx_hal_tim_ex.c **** 
1316:stm/stm32l4xx/STM32L4xx_HAL_Driver/Src/stm32l4xx_hal_tim_ex.c ****     /* Disable the Main Output */
1317:stm/stm32l4xx/STM32L4xx_HAL_Driver/Src/stm32l4xx_hal_tim_ex.c ****     __HAL_TIM_MOE_DISABLE(htim);
1318:stm/stm32l4xx/STM32L4xx_HAL_Driver/Src/stm32l4xx_hal_tim_ex.c **** 
1319:stm/stm32l4xx/STM32L4xx_HAL_Driver/Src/stm32l4xx_hal_tim_ex.c ****     /* Disable the Peripheral */
1320:stm/stm32l4xx/STM32L4xx_HAL_Driver/Src/stm32l4xx_hal_tim_ex.c ****     __HAL_TIM_DISABLE(htim);
1321:stm/stm32l4xx/STM32L4xx_HAL_Driver/Src/stm32l4xx_hal_tim_ex.c **** 
1322:stm/stm32l4xx/STM32L4xx_HAL_Driver/Src/stm32l4xx_hal_tim_ex.c ****     /* Set the TIM complementary channel state */
1323:stm/stm32l4xx/STM32L4xx_HAL_Driver/Src/stm32l4xx_hal_tim_ex.c ****     TIM_CHANNEL_N_STATE_SET(htim, Channel, HAL_TIM_CHANNEL_STATE_READY);
1324:stm/stm32l4xx/STM32L4xx_HAL_Driver/Src/stm32l4xx_hal_tim_ex.c ****   }
1325:stm/stm32l4xx/STM32L4xx_HAL_Driver/Src/stm32l4xx_hal_tim_ex.c **** 
1326:stm/stm32l4xx/STM32L4xx_HAL_Driver/Src/stm32l4xx_hal_tim_ex.c ****   /* Return function status */
1327:stm/stm32l4xx/STM32L4xx_HAL_Driver/Src/stm32l4xx_hal_tim_ex.c ****   return status;
1328:stm/stm32l4xx/STM32L4xx_HAL_Driver/Src/stm32l4xx_hal_tim_ex.c **** }
1329:stm/stm32l4xx/STM32L4xx_HAL_Driver/Src/stm32l4xx_hal_tim_ex.c **** 
1330:stm/stm32l4xx/STM32L4xx_HAL_Driver/Src/stm32l4xx_hal_tim_ex.c **** /**
1331:stm/stm32l4xx/STM32L4xx_HAL_Driver/Src/stm32l4xx_hal_tim_ex.c ****   * @brief  Starts the TIM PWM signal generation in DMA mode on the
1332:stm/stm32l4xx/STM32L4xx_HAL_Driver/Src/stm32l4xx_hal_tim_ex.c ****   *         complementary output
1333:stm/stm32l4xx/STM32L4xx_HAL_Driver/Src/stm32l4xx_hal_tim_ex.c ****   * @param  htim TIM handle
1334:stm/stm32l4xx/STM32L4xx_HAL_Driver/Src/stm32l4xx_hal_tim_ex.c ****   * @param  Channel TIM Channel to be enabled
1335:stm/stm32l4xx/STM32L4xx_HAL_Driver/Src/stm32l4xx_hal_tim_ex.c ****   *          This parameter can be one of the following values:
1336:stm/stm32l4xx/STM32L4xx_HAL_Driver/Src/stm32l4xx_hal_tim_ex.c ****   *            @arg TIM_CHANNEL_1: TIM Channel 1 selected
1337:stm/stm32l4xx/STM32L4xx_HAL_Driver/Src/stm32l4xx_hal_tim_ex.c ****   *            @arg TIM_CHANNEL_2: TIM Channel 2 selected
1338:stm/stm32l4xx/STM32L4xx_HAL_Driver/Src/stm32l4xx_hal_tim_ex.c ****   *            @arg TIM_CHANNEL_3: TIM Channel 3 selected
1339:stm/stm32l4xx/STM32L4xx_HAL_Driver/Src/stm32l4xx_hal_tim_ex.c ****   * @param  pData The source Buffer address.
1340:stm/stm32l4xx/STM32L4xx_HAL_Driver/Src/stm32l4xx_hal_tim_ex.c ****   * @param  Length The length of data to be transferred from memory to TIM peripheral
1341:stm/stm32l4xx/STM32L4xx_HAL_Driver/Src/stm32l4xx_hal_tim_ex.c ****   * @retval HAL status
ARM GAS  /var/tmp//ccYgLLN5.s 			page 25


1342:stm/stm32l4xx/STM32L4xx_HAL_Driver/Src/stm32l4xx_hal_tim_ex.c ****   */
1343:stm/stm32l4xx/STM32L4xx_HAL_Driver/Src/stm32l4xx_hal_tim_ex.c **** HAL_StatusTypeDef HAL_TIMEx_PWMN_Start_DMA(TIM_HandleTypeDef *htim, uint32_t Channel, const uint32_
1344:stm/stm32l4xx/STM32L4xx_HAL_Driver/Src/stm32l4xx_hal_tim_ex.c ****                                            uint16_t Length)
1345:stm/stm32l4xx/STM32L4xx_HAL_Driver/Src/stm32l4xx_hal_tim_ex.c **** {
1346:stm/stm32l4xx/STM32L4xx_HAL_Driver/Src/stm32l4xx_hal_tim_ex.c ****   HAL_StatusTypeDef status = HAL_OK;
1347:stm/stm32l4xx/STM32L4xx_HAL_Driver/Src/stm32l4xx_hal_tim_ex.c ****   uint32_t tmpsmcr;
1348:stm/stm32l4xx/STM32L4xx_HAL_Driver/Src/stm32l4xx_hal_tim_ex.c **** 
1349:stm/stm32l4xx/STM32L4xx_HAL_Driver/Src/stm32l4xx_hal_tim_ex.c ****   /* Check the parameters */
1350:stm/stm32l4xx/STM32L4xx_HAL_Driver/Src/stm32l4xx_hal_tim_ex.c ****   assert_param(IS_TIM_CCXN_INSTANCE(htim->Instance, Channel));
1351:stm/stm32l4xx/STM32L4xx_HAL_Driver/Src/stm32l4xx_hal_tim_ex.c **** 
1352:stm/stm32l4xx/STM32L4xx_HAL_Driver/Src/stm32l4xx_hal_tim_ex.c ****   /* Set the TIM complementary channel state */
1353:stm/stm32l4xx/STM32L4xx_HAL_Driver/Src/stm32l4xx_hal_tim_ex.c ****   if (TIM_CHANNEL_N_STATE_GET(htim, Channel) == HAL_TIM_CHANNEL_STATE_BUSY)
1354:stm/stm32l4xx/STM32L4xx_HAL_Driver/Src/stm32l4xx_hal_tim_ex.c ****   {
1355:stm/stm32l4xx/STM32L4xx_HAL_Driver/Src/stm32l4xx_hal_tim_ex.c ****     return HAL_BUSY;
1356:stm/stm32l4xx/STM32L4xx_HAL_Driver/Src/stm32l4xx_hal_tim_ex.c ****   }
1357:stm/stm32l4xx/STM32L4xx_HAL_Driver/Src/stm32l4xx_hal_tim_ex.c ****   else if (TIM_CHANNEL_N_STATE_GET(htim, Channel) == HAL_TIM_CHANNEL_STATE_READY)
1358:stm/stm32l4xx/STM32L4xx_HAL_Driver/Src/stm32l4xx_hal_tim_ex.c ****   {
1359:stm/stm32l4xx/STM32L4xx_HAL_Driver/Src/stm32l4xx_hal_tim_ex.c ****     if ((pData == NULL) || (Length == 0U))
1360:stm/stm32l4xx/STM32L4xx_HAL_Driver/Src/stm32l4xx_hal_tim_ex.c ****     {
1361:stm/stm32l4xx/STM32L4xx_HAL_Driver/Src/stm32l4xx_hal_tim_ex.c ****       return HAL_ERROR;
1362:stm/stm32l4xx/STM32L4xx_HAL_Driver/Src/stm32l4xx_hal_tim_ex.c ****     }
1363:stm/stm32l4xx/STM32L4xx_HAL_Driver/Src/stm32l4xx_hal_tim_ex.c ****     else
1364:stm/stm32l4xx/STM32L4xx_HAL_Driver/Src/stm32l4xx_hal_tim_ex.c ****     {
1365:stm/stm32l4xx/STM32L4xx_HAL_Driver/Src/stm32l4xx_hal_tim_ex.c ****       TIM_CHANNEL_N_STATE_SET(htim, Channel, HAL_TIM_CHANNEL_STATE_BUSY);
1366:stm/stm32l4xx/STM32L4xx_HAL_Driver/Src/stm32l4xx_hal_tim_ex.c ****     }
1367:stm/stm32l4xx/STM32L4xx_HAL_Driver/Src/stm32l4xx_hal_tim_ex.c ****   }
1368:stm/stm32l4xx/STM32L4xx_HAL_Driver/Src/stm32l4xx_hal_tim_ex.c ****   else
1369:stm/stm32l4xx/STM32L4xx_HAL_Driver/Src/stm32l4xx_hal_tim_ex.c ****   {
1370:stm/stm32l4xx/STM32L4xx_HAL_Driver/Src/stm32l4xx_hal_tim_ex.c ****     return HAL_ERROR;
1371:stm/stm32l4xx/STM32L4xx_HAL_Driver/Src/stm32l4xx_hal_tim_ex.c ****   }
1372:stm/stm32l4xx/STM32L4xx_HAL_Driver/Src/stm32l4xx_hal_tim_ex.c **** 
1373:stm/stm32l4xx/STM32L4xx_HAL_Driver/Src/stm32l4xx_hal_tim_ex.c ****   switch (Channel)
1374:stm/stm32l4xx/STM32L4xx_HAL_Driver/Src/stm32l4xx_hal_tim_ex.c ****   {
1375:stm/stm32l4xx/STM32L4xx_HAL_Driver/Src/stm32l4xx_hal_tim_ex.c ****     case TIM_CHANNEL_1:
1376:stm/stm32l4xx/STM32L4xx_HAL_Driver/Src/stm32l4xx_hal_tim_ex.c ****     {
1377:stm/stm32l4xx/STM32L4xx_HAL_Driver/Src/stm32l4xx_hal_tim_ex.c ****       /* Set the DMA compare callbacks */
1378:stm/stm32l4xx/STM32L4xx_HAL_Driver/Src/stm32l4xx_hal_tim_ex.c ****       htim->hdma[TIM_DMA_ID_CC1]->XferCpltCallback = TIM_DMADelayPulseNCplt;
1379:stm/stm32l4xx/STM32L4xx_HAL_Driver/Src/stm32l4xx_hal_tim_ex.c ****       htim->hdma[TIM_DMA_ID_CC1]->XferHalfCpltCallback = TIM_DMADelayPulseHalfCplt;
1380:stm/stm32l4xx/STM32L4xx_HAL_Driver/Src/stm32l4xx_hal_tim_ex.c **** 
1381:stm/stm32l4xx/STM32L4xx_HAL_Driver/Src/stm32l4xx_hal_tim_ex.c ****       /* Set the DMA error callback */
1382:stm/stm32l4xx/STM32L4xx_HAL_Driver/Src/stm32l4xx_hal_tim_ex.c ****       htim->hdma[TIM_DMA_ID_CC1]->XferErrorCallback = TIM_DMAErrorCCxN ;
1383:stm/stm32l4xx/STM32L4xx_HAL_Driver/Src/stm32l4xx_hal_tim_ex.c **** 
1384:stm/stm32l4xx/STM32L4xx_HAL_Driver/Src/stm32l4xx_hal_tim_ex.c ****       /* Enable the DMA channel */
1385:stm/stm32l4xx/STM32L4xx_HAL_Driver/Src/stm32l4xx_hal_tim_ex.c ****       if (HAL_DMA_Start_IT(htim->hdma[TIM_DMA_ID_CC1], (uint32_t)pData, (uint32_t)&htim->Instance->
1386:stm/stm32l4xx/STM32L4xx_HAL_Driver/Src/stm32l4xx_hal_tim_ex.c ****                            Length) != HAL_OK)
1387:stm/stm32l4xx/STM32L4xx_HAL_Driver/Src/stm32l4xx_hal_tim_ex.c ****       {
1388:stm/stm32l4xx/STM32L4xx_HAL_Driver/Src/stm32l4xx_hal_tim_ex.c ****         /* Return error status */
1389:stm/stm32l4xx/STM32L4xx_HAL_Driver/Src/stm32l4xx_hal_tim_ex.c ****         return HAL_ERROR;
1390:stm/stm32l4xx/STM32L4xx_HAL_Driver/Src/stm32l4xx_hal_tim_ex.c ****       }
1391:stm/stm32l4xx/STM32L4xx_HAL_Driver/Src/stm32l4xx_hal_tim_ex.c ****       /* Enable the TIM Capture/Compare 1 DMA request */
1392:stm/stm32l4xx/STM32L4xx_HAL_Driver/Src/stm32l4xx_hal_tim_ex.c ****       __HAL_TIM_ENABLE_DMA(htim, TIM_DMA_CC1);
1393:stm/stm32l4xx/STM32L4xx_HAL_Driver/Src/stm32l4xx_hal_tim_ex.c ****       break;
1394:stm/stm32l4xx/STM32L4xx_HAL_Driver/Src/stm32l4xx_hal_tim_ex.c ****     }
1395:stm/stm32l4xx/STM32L4xx_HAL_Driver/Src/stm32l4xx_hal_tim_ex.c **** 
1396:stm/stm32l4xx/STM32L4xx_HAL_Driver/Src/stm32l4xx_hal_tim_ex.c ****     case TIM_CHANNEL_2:
1397:stm/stm32l4xx/STM32L4xx_HAL_Driver/Src/stm32l4xx_hal_tim_ex.c ****     {
1398:stm/stm32l4xx/STM32L4xx_HAL_Driver/Src/stm32l4xx_hal_tim_ex.c ****       /* Set the DMA compare callbacks */
ARM GAS  /var/tmp//ccYgLLN5.s 			page 26


1399:stm/stm32l4xx/STM32L4xx_HAL_Driver/Src/stm32l4xx_hal_tim_ex.c ****       htim->hdma[TIM_DMA_ID_CC2]->XferCpltCallback = TIM_DMADelayPulseNCplt;
1400:stm/stm32l4xx/STM32L4xx_HAL_Driver/Src/stm32l4xx_hal_tim_ex.c ****       htim->hdma[TIM_DMA_ID_CC2]->XferHalfCpltCallback = TIM_DMADelayPulseHalfCplt;
1401:stm/stm32l4xx/STM32L4xx_HAL_Driver/Src/stm32l4xx_hal_tim_ex.c **** 
1402:stm/stm32l4xx/STM32L4xx_HAL_Driver/Src/stm32l4xx_hal_tim_ex.c ****       /* Set the DMA error callback */
1403:stm/stm32l4xx/STM32L4xx_HAL_Driver/Src/stm32l4xx_hal_tim_ex.c ****       htim->hdma[TIM_DMA_ID_CC2]->XferErrorCallback = TIM_DMAErrorCCxN ;
1404:stm/stm32l4xx/STM32L4xx_HAL_Driver/Src/stm32l4xx_hal_tim_ex.c **** 
1405:stm/stm32l4xx/STM32L4xx_HAL_Driver/Src/stm32l4xx_hal_tim_ex.c ****       /* Enable the DMA channel */
1406:stm/stm32l4xx/STM32L4xx_HAL_Driver/Src/stm32l4xx_hal_tim_ex.c ****       if (HAL_DMA_Start_IT(htim->hdma[TIM_DMA_ID_CC2], (uint32_t)pData, (uint32_t)&htim->Instance->
1407:stm/stm32l4xx/STM32L4xx_HAL_Driver/Src/stm32l4xx_hal_tim_ex.c ****                            Length) != HAL_OK)
1408:stm/stm32l4xx/STM32L4xx_HAL_Driver/Src/stm32l4xx_hal_tim_ex.c ****       {
1409:stm/stm32l4xx/STM32L4xx_HAL_Driver/Src/stm32l4xx_hal_tim_ex.c ****         /* Return error status */
1410:stm/stm32l4xx/STM32L4xx_HAL_Driver/Src/stm32l4xx_hal_tim_ex.c ****         return HAL_ERROR;
1411:stm/stm32l4xx/STM32L4xx_HAL_Driver/Src/stm32l4xx_hal_tim_ex.c ****       }
1412:stm/stm32l4xx/STM32L4xx_HAL_Driver/Src/stm32l4xx_hal_tim_ex.c ****       /* Enable the TIM Capture/Compare 2 DMA request */
1413:stm/stm32l4xx/STM32L4xx_HAL_Driver/Src/stm32l4xx_hal_tim_ex.c ****       __HAL_TIM_ENABLE_DMA(htim, TIM_DMA_CC2);
1414:stm/stm32l4xx/STM32L4xx_HAL_Driver/Src/stm32l4xx_hal_tim_ex.c ****       break;
1415:stm/stm32l4xx/STM32L4xx_HAL_Driver/Src/stm32l4xx_hal_tim_ex.c ****     }
1416:stm/stm32l4xx/STM32L4xx_HAL_Driver/Src/stm32l4xx_hal_tim_ex.c **** 
1417:stm/stm32l4xx/STM32L4xx_HAL_Driver/Src/stm32l4xx_hal_tim_ex.c ****     case TIM_CHANNEL_3:
1418:stm/stm32l4xx/STM32L4xx_HAL_Driver/Src/stm32l4xx_hal_tim_ex.c ****     {
1419:stm/stm32l4xx/STM32L4xx_HAL_Driver/Src/stm32l4xx_hal_tim_ex.c ****       /* Set the DMA compare callbacks */
1420:stm/stm32l4xx/STM32L4xx_HAL_Driver/Src/stm32l4xx_hal_tim_ex.c ****       htim->hdma[TIM_DMA_ID_CC3]->XferCpltCallback = TIM_DMADelayPulseNCplt;
1421:stm/stm32l4xx/STM32L4xx_HAL_Driver/Src/stm32l4xx_hal_tim_ex.c ****       htim->hdma[TIM_DMA_ID_CC3]->XferHalfCpltCallback = TIM_DMADelayPulseHalfCplt;
1422:stm/stm32l4xx/STM32L4xx_HAL_Driver/Src/stm32l4xx_hal_tim_ex.c **** 
1423:stm/stm32l4xx/STM32L4xx_HAL_Driver/Src/stm32l4xx_hal_tim_ex.c ****       /* Set the DMA error callback */
1424:stm/stm32l4xx/STM32L4xx_HAL_Driver/Src/stm32l4xx_hal_tim_ex.c ****       htim->hdma[TIM_DMA_ID_CC3]->XferErrorCallback = TIM_DMAErrorCCxN ;
1425:stm/stm32l4xx/STM32L4xx_HAL_Driver/Src/stm32l4xx_hal_tim_ex.c **** 
1426:stm/stm32l4xx/STM32L4xx_HAL_Driver/Src/stm32l4xx_hal_tim_ex.c ****       /* Enable the DMA channel */
1427:stm/stm32l4xx/STM32L4xx_HAL_Driver/Src/stm32l4xx_hal_tim_ex.c ****       if (HAL_DMA_Start_IT(htim->hdma[TIM_DMA_ID_CC3], (uint32_t)pData, (uint32_t)&htim->Instance->
1428:stm/stm32l4xx/STM32L4xx_HAL_Driver/Src/stm32l4xx_hal_tim_ex.c ****                            Length) != HAL_OK)
1429:stm/stm32l4xx/STM32L4xx_HAL_Driver/Src/stm32l4xx_hal_tim_ex.c ****       {
1430:stm/stm32l4xx/STM32L4xx_HAL_Driver/Src/stm32l4xx_hal_tim_ex.c ****         /* Return error status */
1431:stm/stm32l4xx/STM32L4xx_HAL_Driver/Src/stm32l4xx_hal_tim_ex.c ****         return HAL_ERROR;
1432:stm/stm32l4xx/STM32L4xx_HAL_Driver/Src/stm32l4xx_hal_tim_ex.c ****       }
1433:stm/stm32l4xx/STM32L4xx_HAL_Driver/Src/stm32l4xx_hal_tim_ex.c ****       /* Enable the TIM Capture/Compare 3 DMA request */
1434:stm/stm32l4xx/STM32L4xx_HAL_Driver/Src/stm32l4xx_hal_tim_ex.c ****       __HAL_TIM_ENABLE_DMA(htim, TIM_DMA_CC3);
1435:stm/stm32l4xx/STM32L4xx_HAL_Driver/Src/stm32l4xx_hal_tim_ex.c ****       break;
1436:stm/stm32l4xx/STM32L4xx_HAL_Driver/Src/stm32l4xx_hal_tim_ex.c ****     }
1437:stm/stm32l4xx/STM32L4xx_HAL_Driver/Src/stm32l4xx_hal_tim_ex.c **** 
1438:stm/stm32l4xx/STM32L4xx_HAL_Driver/Src/stm32l4xx_hal_tim_ex.c ****     default:
1439:stm/stm32l4xx/STM32L4xx_HAL_Driver/Src/stm32l4xx_hal_tim_ex.c ****       status = HAL_ERROR;
1440:stm/stm32l4xx/STM32L4xx_HAL_Driver/Src/stm32l4xx_hal_tim_ex.c ****       break;
1441:stm/stm32l4xx/STM32L4xx_HAL_Driver/Src/stm32l4xx_hal_tim_ex.c ****   }
1442:stm/stm32l4xx/STM32L4xx_HAL_Driver/Src/stm32l4xx_hal_tim_ex.c **** 
1443:stm/stm32l4xx/STM32L4xx_HAL_Driver/Src/stm32l4xx_hal_tim_ex.c ****   if (status == HAL_OK)
1444:stm/stm32l4xx/STM32L4xx_HAL_Driver/Src/stm32l4xx_hal_tim_ex.c ****   {
1445:stm/stm32l4xx/STM32L4xx_HAL_Driver/Src/stm32l4xx_hal_tim_ex.c ****     /* Enable the complementary PWM output  */
1446:stm/stm32l4xx/STM32L4xx_HAL_Driver/Src/stm32l4xx_hal_tim_ex.c ****     TIM_CCxNChannelCmd(htim->Instance, Channel, TIM_CCxN_ENABLE);
1447:stm/stm32l4xx/STM32L4xx_HAL_Driver/Src/stm32l4xx_hal_tim_ex.c **** 
1448:stm/stm32l4xx/STM32L4xx_HAL_Driver/Src/stm32l4xx_hal_tim_ex.c ****     /* Enable the Main Output */
1449:stm/stm32l4xx/STM32L4xx_HAL_Driver/Src/stm32l4xx_hal_tim_ex.c ****     __HAL_TIM_MOE_ENABLE(htim);
1450:stm/stm32l4xx/STM32L4xx_HAL_Driver/Src/stm32l4xx_hal_tim_ex.c **** 
1451:stm/stm32l4xx/STM32L4xx_HAL_Driver/Src/stm32l4xx_hal_tim_ex.c ****     /* Enable the Peripheral, except in trigger mode where enable is automatically done with trigge
1452:stm/stm32l4xx/STM32L4xx_HAL_Driver/Src/stm32l4xx_hal_tim_ex.c ****     if (IS_TIM_SLAVE_INSTANCE(htim->Instance))
1453:stm/stm32l4xx/STM32L4xx_HAL_Driver/Src/stm32l4xx_hal_tim_ex.c ****     {
1454:stm/stm32l4xx/STM32L4xx_HAL_Driver/Src/stm32l4xx_hal_tim_ex.c ****       tmpsmcr = htim->Instance->SMCR & TIM_SMCR_SMS;
1455:stm/stm32l4xx/STM32L4xx_HAL_Driver/Src/stm32l4xx_hal_tim_ex.c ****       if (!IS_TIM_SLAVEMODE_TRIGGER_ENABLED(tmpsmcr))
ARM GAS  /var/tmp//ccYgLLN5.s 			page 27


1456:stm/stm32l4xx/STM32L4xx_HAL_Driver/Src/stm32l4xx_hal_tim_ex.c ****       {
1457:stm/stm32l4xx/STM32L4xx_HAL_Driver/Src/stm32l4xx_hal_tim_ex.c ****         __HAL_TIM_ENABLE(htim);
1458:stm/stm32l4xx/STM32L4xx_HAL_Driver/Src/stm32l4xx_hal_tim_ex.c ****       }
1459:stm/stm32l4xx/STM32L4xx_HAL_Driver/Src/stm32l4xx_hal_tim_ex.c ****     }
1460:stm/stm32l4xx/STM32L4xx_HAL_Driver/Src/stm32l4xx_hal_tim_ex.c ****     else
1461:stm/stm32l4xx/STM32L4xx_HAL_Driver/Src/stm32l4xx_hal_tim_ex.c ****     {
1462:stm/stm32l4xx/STM32L4xx_HAL_Driver/Src/stm32l4xx_hal_tim_ex.c ****       __HAL_TIM_ENABLE(htim);
1463:stm/stm32l4xx/STM32L4xx_HAL_Driver/Src/stm32l4xx_hal_tim_ex.c ****     }
1464:stm/stm32l4xx/STM32L4xx_HAL_Driver/Src/stm32l4xx_hal_tim_ex.c ****   }
1465:stm/stm32l4xx/STM32L4xx_HAL_Driver/Src/stm32l4xx_hal_tim_ex.c **** 
1466:stm/stm32l4xx/STM32L4xx_HAL_Driver/Src/stm32l4xx_hal_tim_ex.c ****   /* Return function status */
1467:stm/stm32l4xx/STM32L4xx_HAL_Driver/Src/stm32l4xx_hal_tim_ex.c ****   return status;
1468:stm/stm32l4xx/STM32L4xx_HAL_Driver/Src/stm32l4xx_hal_tim_ex.c **** }
1469:stm/stm32l4xx/STM32L4xx_HAL_Driver/Src/stm32l4xx_hal_tim_ex.c **** 
1470:stm/stm32l4xx/STM32L4xx_HAL_Driver/Src/stm32l4xx_hal_tim_ex.c **** /**
1471:stm/stm32l4xx/STM32L4xx_HAL_Driver/Src/stm32l4xx_hal_tim_ex.c ****   * @brief  Stops the TIM PWM signal generation in DMA mode on the complementary
1472:stm/stm32l4xx/STM32L4xx_HAL_Driver/Src/stm32l4xx_hal_tim_ex.c ****   *         output
1473:stm/stm32l4xx/STM32L4xx_HAL_Driver/Src/stm32l4xx_hal_tim_ex.c ****   * @param  htim TIM handle
1474:stm/stm32l4xx/STM32L4xx_HAL_Driver/Src/stm32l4xx_hal_tim_ex.c ****   * @param  Channel TIM Channel to be disabled
1475:stm/stm32l4xx/STM32L4xx_HAL_Driver/Src/stm32l4xx_hal_tim_ex.c ****   *          This parameter can be one of the following values:
1476:stm/stm32l4xx/STM32L4xx_HAL_Driver/Src/stm32l4xx_hal_tim_ex.c ****   *            @arg TIM_CHANNEL_1: TIM Channel 1 selected
1477:stm/stm32l4xx/STM32L4xx_HAL_Driver/Src/stm32l4xx_hal_tim_ex.c ****   *            @arg TIM_CHANNEL_2: TIM Channel 2 selected
1478:stm/stm32l4xx/STM32L4xx_HAL_Driver/Src/stm32l4xx_hal_tim_ex.c ****   *            @arg TIM_CHANNEL_3: TIM Channel 3 selected
1479:stm/stm32l4xx/STM32L4xx_HAL_Driver/Src/stm32l4xx_hal_tim_ex.c ****   * @retval HAL status
1480:stm/stm32l4xx/STM32L4xx_HAL_Driver/Src/stm32l4xx_hal_tim_ex.c ****   */
1481:stm/stm32l4xx/STM32L4xx_HAL_Driver/Src/stm32l4xx_hal_tim_ex.c **** HAL_StatusTypeDef HAL_TIMEx_PWMN_Stop_DMA(TIM_HandleTypeDef *htim, uint32_t Channel)
1482:stm/stm32l4xx/STM32L4xx_HAL_Driver/Src/stm32l4xx_hal_tim_ex.c **** {
1483:stm/stm32l4xx/STM32L4xx_HAL_Driver/Src/stm32l4xx_hal_tim_ex.c ****   HAL_StatusTypeDef status = HAL_OK;
1484:stm/stm32l4xx/STM32L4xx_HAL_Driver/Src/stm32l4xx_hal_tim_ex.c **** 
1485:stm/stm32l4xx/STM32L4xx_HAL_Driver/Src/stm32l4xx_hal_tim_ex.c ****   /* Check the parameters */
1486:stm/stm32l4xx/STM32L4xx_HAL_Driver/Src/stm32l4xx_hal_tim_ex.c ****   assert_param(IS_TIM_CCXN_INSTANCE(htim->Instance, Channel));
1487:stm/stm32l4xx/STM32L4xx_HAL_Driver/Src/stm32l4xx_hal_tim_ex.c **** 
1488:stm/stm32l4xx/STM32L4xx_HAL_Driver/Src/stm32l4xx_hal_tim_ex.c ****   switch (Channel)
1489:stm/stm32l4xx/STM32L4xx_HAL_Driver/Src/stm32l4xx_hal_tim_ex.c ****   {
1490:stm/stm32l4xx/STM32L4xx_HAL_Driver/Src/stm32l4xx_hal_tim_ex.c ****     case TIM_CHANNEL_1:
1491:stm/stm32l4xx/STM32L4xx_HAL_Driver/Src/stm32l4xx_hal_tim_ex.c ****     {
1492:stm/stm32l4xx/STM32L4xx_HAL_Driver/Src/stm32l4xx_hal_tim_ex.c ****       /* Disable the TIM Capture/Compare 1 DMA request */
1493:stm/stm32l4xx/STM32L4xx_HAL_Driver/Src/stm32l4xx_hal_tim_ex.c ****       __HAL_TIM_DISABLE_DMA(htim, TIM_DMA_CC1);
1494:stm/stm32l4xx/STM32L4xx_HAL_Driver/Src/stm32l4xx_hal_tim_ex.c ****       (void)HAL_DMA_Abort_IT(htim->hdma[TIM_DMA_ID_CC1]);
1495:stm/stm32l4xx/STM32L4xx_HAL_Driver/Src/stm32l4xx_hal_tim_ex.c ****       break;
1496:stm/stm32l4xx/STM32L4xx_HAL_Driver/Src/stm32l4xx_hal_tim_ex.c ****     }
1497:stm/stm32l4xx/STM32L4xx_HAL_Driver/Src/stm32l4xx_hal_tim_ex.c **** 
1498:stm/stm32l4xx/STM32L4xx_HAL_Driver/Src/stm32l4xx_hal_tim_ex.c ****     case TIM_CHANNEL_2:
1499:stm/stm32l4xx/STM32L4xx_HAL_Driver/Src/stm32l4xx_hal_tim_ex.c ****     {
1500:stm/stm32l4xx/STM32L4xx_HAL_Driver/Src/stm32l4xx_hal_tim_ex.c ****       /* Disable the TIM Capture/Compare 2 DMA request */
1501:stm/stm32l4xx/STM32L4xx_HAL_Driver/Src/stm32l4xx_hal_tim_ex.c ****       __HAL_TIM_DISABLE_DMA(htim, TIM_DMA_CC2);
1502:stm/stm32l4xx/STM32L4xx_HAL_Driver/Src/stm32l4xx_hal_tim_ex.c ****       (void)HAL_DMA_Abort_IT(htim->hdma[TIM_DMA_ID_CC2]);
1503:stm/stm32l4xx/STM32L4xx_HAL_Driver/Src/stm32l4xx_hal_tim_ex.c ****       break;
1504:stm/stm32l4xx/STM32L4xx_HAL_Driver/Src/stm32l4xx_hal_tim_ex.c ****     }
1505:stm/stm32l4xx/STM32L4xx_HAL_Driver/Src/stm32l4xx_hal_tim_ex.c **** 
1506:stm/stm32l4xx/STM32L4xx_HAL_Driver/Src/stm32l4xx_hal_tim_ex.c ****     case TIM_CHANNEL_3:
1507:stm/stm32l4xx/STM32L4xx_HAL_Driver/Src/stm32l4xx_hal_tim_ex.c ****     {
1508:stm/stm32l4xx/STM32L4xx_HAL_Driver/Src/stm32l4xx_hal_tim_ex.c ****       /* Disable the TIM Capture/Compare 3 DMA request */
1509:stm/stm32l4xx/STM32L4xx_HAL_Driver/Src/stm32l4xx_hal_tim_ex.c ****       __HAL_TIM_DISABLE_DMA(htim, TIM_DMA_CC3);
1510:stm/stm32l4xx/STM32L4xx_HAL_Driver/Src/stm32l4xx_hal_tim_ex.c ****       (void)HAL_DMA_Abort_IT(htim->hdma[TIM_DMA_ID_CC3]);
1511:stm/stm32l4xx/STM32L4xx_HAL_Driver/Src/stm32l4xx_hal_tim_ex.c ****       break;
1512:stm/stm32l4xx/STM32L4xx_HAL_Driver/Src/stm32l4xx_hal_tim_ex.c ****     }
ARM GAS  /var/tmp//ccYgLLN5.s 			page 28


1513:stm/stm32l4xx/STM32L4xx_HAL_Driver/Src/stm32l4xx_hal_tim_ex.c **** 
1514:stm/stm32l4xx/STM32L4xx_HAL_Driver/Src/stm32l4xx_hal_tim_ex.c ****     default:
1515:stm/stm32l4xx/STM32L4xx_HAL_Driver/Src/stm32l4xx_hal_tim_ex.c ****       status = HAL_ERROR;
1516:stm/stm32l4xx/STM32L4xx_HAL_Driver/Src/stm32l4xx_hal_tim_ex.c ****       break;
1517:stm/stm32l4xx/STM32L4xx_HAL_Driver/Src/stm32l4xx_hal_tim_ex.c ****   }
1518:stm/stm32l4xx/STM32L4xx_HAL_Driver/Src/stm32l4xx_hal_tim_ex.c **** 
1519:stm/stm32l4xx/STM32L4xx_HAL_Driver/Src/stm32l4xx_hal_tim_ex.c ****   if (status == HAL_OK)
1520:stm/stm32l4xx/STM32L4xx_HAL_Driver/Src/stm32l4xx_hal_tim_ex.c ****   {
1521:stm/stm32l4xx/STM32L4xx_HAL_Driver/Src/stm32l4xx_hal_tim_ex.c ****     /* Disable the complementary PWM output */
1522:stm/stm32l4xx/STM32L4xx_HAL_Driver/Src/stm32l4xx_hal_tim_ex.c ****     TIM_CCxNChannelCmd(htim->Instance, Channel, TIM_CCxN_DISABLE);
1523:stm/stm32l4xx/STM32L4xx_HAL_Driver/Src/stm32l4xx_hal_tim_ex.c **** 
1524:stm/stm32l4xx/STM32L4xx_HAL_Driver/Src/stm32l4xx_hal_tim_ex.c ****     /* Disable the Main Output */
1525:stm/stm32l4xx/STM32L4xx_HAL_Driver/Src/stm32l4xx_hal_tim_ex.c ****     __HAL_TIM_MOE_DISABLE(htim);
1526:stm/stm32l4xx/STM32L4xx_HAL_Driver/Src/stm32l4xx_hal_tim_ex.c **** 
1527:stm/stm32l4xx/STM32L4xx_HAL_Driver/Src/stm32l4xx_hal_tim_ex.c ****     /* Disable the Peripheral */
1528:stm/stm32l4xx/STM32L4xx_HAL_Driver/Src/stm32l4xx_hal_tim_ex.c ****     __HAL_TIM_DISABLE(htim);
1529:stm/stm32l4xx/STM32L4xx_HAL_Driver/Src/stm32l4xx_hal_tim_ex.c **** 
1530:stm/stm32l4xx/STM32L4xx_HAL_Driver/Src/stm32l4xx_hal_tim_ex.c ****     /* Set the TIM complementary channel state */
1531:stm/stm32l4xx/STM32L4xx_HAL_Driver/Src/stm32l4xx_hal_tim_ex.c ****     TIM_CHANNEL_N_STATE_SET(htim, Channel, HAL_TIM_CHANNEL_STATE_READY);
1532:stm/stm32l4xx/STM32L4xx_HAL_Driver/Src/stm32l4xx_hal_tim_ex.c ****   }
1533:stm/stm32l4xx/STM32L4xx_HAL_Driver/Src/stm32l4xx_hal_tim_ex.c **** 
1534:stm/stm32l4xx/STM32L4xx_HAL_Driver/Src/stm32l4xx_hal_tim_ex.c ****   /* Return function status */
1535:stm/stm32l4xx/STM32L4xx_HAL_Driver/Src/stm32l4xx_hal_tim_ex.c ****   return status;
1536:stm/stm32l4xx/STM32L4xx_HAL_Driver/Src/stm32l4xx_hal_tim_ex.c **** }
1537:stm/stm32l4xx/STM32L4xx_HAL_Driver/Src/stm32l4xx_hal_tim_ex.c **** 
1538:stm/stm32l4xx/STM32L4xx_HAL_Driver/Src/stm32l4xx_hal_tim_ex.c **** /**
1539:stm/stm32l4xx/STM32L4xx_HAL_Driver/Src/stm32l4xx_hal_tim_ex.c ****   * @}
1540:stm/stm32l4xx/STM32L4xx_HAL_Driver/Src/stm32l4xx_hal_tim_ex.c ****   */
1541:stm/stm32l4xx/STM32L4xx_HAL_Driver/Src/stm32l4xx_hal_tim_ex.c **** 
1542:stm/stm32l4xx/STM32L4xx_HAL_Driver/Src/stm32l4xx_hal_tim_ex.c **** /** @defgroup TIMEx_Exported_Functions_Group4 Extended Timer Complementary One Pulse functions
1543:stm/stm32l4xx/STM32L4xx_HAL_Driver/Src/stm32l4xx_hal_tim_ex.c ****   * @brief    Timer Complementary One Pulse functions
1544:stm/stm32l4xx/STM32L4xx_HAL_Driver/Src/stm32l4xx_hal_tim_ex.c ****   *
1545:stm/stm32l4xx/STM32L4xx_HAL_Driver/Src/stm32l4xx_hal_tim_ex.c **** @verbatim
1546:stm/stm32l4xx/STM32L4xx_HAL_Driver/Src/stm32l4xx_hal_tim_ex.c ****   ==============================================================================
1547:stm/stm32l4xx/STM32L4xx_HAL_Driver/Src/stm32l4xx_hal_tim_ex.c ****                 ##### Timer Complementary One Pulse functions #####
1548:stm/stm32l4xx/STM32L4xx_HAL_Driver/Src/stm32l4xx_hal_tim_ex.c ****   ==============================================================================
1549:stm/stm32l4xx/STM32L4xx_HAL_Driver/Src/stm32l4xx_hal_tim_ex.c ****   [..]
1550:stm/stm32l4xx/STM32L4xx_HAL_Driver/Src/stm32l4xx_hal_tim_ex.c ****     This section provides functions allowing to:
1551:stm/stm32l4xx/STM32L4xx_HAL_Driver/Src/stm32l4xx_hal_tim_ex.c ****     (+) Start the Complementary One Pulse generation.
1552:stm/stm32l4xx/STM32L4xx_HAL_Driver/Src/stm32l4xx_hal_tim_ex.c ****     (+) Stop the Complementary One Pulse.
1553:stm/stm32l4xx/STM32L4xx_HAL_Driver/Src/stm32l4xx_hal_tim_ex.c ****     (+) Start the Complementary One Pulse and enable interrupts.
1554:stm/stm32l4xx/STM32L4xx_HAL_Driver/Src/stm32l4xx_hal_tim_ex.c ****     (+) Stop the Complementary One Pulse and disable interrupts.
1555:stm/stm32l4xx/STM32L4xx_HAL_Driver/Src/stm32l4xx_hal_tim_ex.c **** 
1556:stm/stm32l4xx/STM32L4xx_HAL_Driver/Src/stm32l4xx_hal_tim_ex.c **** @endverbatim
1557:stm/stm32l4xx/STM32L4xx_HAL_Driver/Src/stm32l4xx_hal_tim_ex.c ****   * @{
1558:stm/stm32l4xx/STM32L4xx_HAL_Driver/Src/stm32l4xx_hal_tim_ex.c ****   */
1559:stm/stm32l4xx/STM32L4xx_HAL_Driver/Src/stm32l4xx_hal_tim_ex.c **** 
1560:stm/stm32l4xx/STM32L4xx_HAL_Driver/Src/stm32l4xx_hal_tim_ex.c **** /**
1561:stm/stm32l4xx/STM32L4xx_HAL_Driver/Src/stm32l4xx_hal_tim_ex.c ****   * @brief  Starts the TIM One Pulse signal generation on the complementary
1562:stm/stm32l4xx/STM32L4xx_HAL_Driver/Src/stm32l4xx_hal_tim_ex.c ****   *         output.
1563:stm/stm32l4xx/STM32L4xx_HAL_Driver/Src/stm32l4xx_hal_tim_ex.c ****   * @note OutputChannel must match the pulse output channel chosen when calling
1564:stm/stm32l4xx/STM32L4xx_HAL_Driver/Src/stm32l4xx_hal_tim_ex.c ****   *       @ref HAL_TIM_OnePulse_ConfigChannel().
1565:stm/stm32l4xx/STM32L4xx_HAL_Driver/Src/stm32l4xx_hal_tim_ex.c ****   * @param  htim TIM One Pulse handle
1566:stm/stm32l4xx/STM32L4xx_HAL_Driver/Src/stm32l4xx_hal_tim_ex.c ****   * @param  OutputChannel pulse output channel to enable
1567:stm/stm32l4xx/STM32L4xx_HAL_Driver/Src/stm32l4xx_hal_tim_ex.c ****   *          This parameter can be one of the following values:
1568:stm/stm32l4xx/STM32L4xx_HAL_Driver/Src/stm32l4xx_hal_tim_ex.c ****   *            @arg TIM_CHANNEL_1: TIM Channel 1 selected
1569:stm/stm32l4xx/STM32L4xx_HAL_Driver/Src/stm32l4xx_hal_tim_ex.c ****   *            @arg TIM_CHANNEL_2: TIM Channel 2 selected
ARM GAS  /var/tmp//ccYgLLN5.s 			page 29


1570:stm/stm32l4xx/STM32L4xx_HAL_Driver/Src/stm32l4xx_hal_tim_ex.c ****   * @retval HAL status
1571:stm/stm32l4xx/STM32L4xx_HAL_Driver/Src/stm32l4xx_hal_tim_ex.c ****   */
1572:stm/stm32l4xx/STM32L4xx_HAL_Driver/Src/stm32l4xx_hal_tim_ex.c **** HAL_StatusTypeDef HAL_TIMEx_OnePulseN_Start(TIM_HandleTypeDef *htim, uint32_t OutputChannel)
1573:stm/stm32l4xx/STM32L4xx_HAL_Driver/Src/stm32l4xx_hal_tim_ex.c **** {
1574:stm/stm32l4xx/STM32L4xx_HAL_Driver/Src/stm32l4xx_hal_tim_ex.c ****   uint32_t input_channel = (OutputChannel == TIM_CHANNEL_1) ? TIM_CHANNEL_2 : TIM_CHANNEL_1;
1575:stm/stm32l4xx/STM32L4xx_HAL_Driver/Src/stm32l4xx_hal_tim_ex.c ****   HAL_TIM_ChannelStateTypeDef channel_1_state = TIM_CHANNEL_STATE_GET(htim, TIM_CHANNEL_1);
1576:stm/stm32l4xx/STM32L4xx_HAL_Driver/Src/stm32l4xx_hal_tim_ex.c ****   HAL_TIM_ChannelStateTypeDef channel_2_state = TIM_CHANNEL_STATE_GET(htim, TIM_CHANNEL_2);
1577:stm/stm32l4xx/STM32L4xx_HAL_Driver/Src/stm32l4xx_hal_tim_ex.c ****   HAL_TIM_ChannelStateTypeDef complementary_channel_1_state = TIM_CHANNEL_N_STATE_GET(htim, TIM_CHA
1578:stm/stm32l4xx/STM32L4xx_HAL_Driver/Src/stm32l4xx_hal_tim_ex.c ****   HAL_TIM_ChannelStateTypeDef complementary_channel_2_state = TIM_CHANNEL_N_STATE_GET(htim, TIM_CHA
1579:stm/stm32l4xx/STM32L4xx_HAL_Driver/Src/stm32l4xx_hal_tim_ex.c **** 
1580:stm/stm32l4xx/STM32L4xx_HAL_Driver/Src/stm32l4xx_hal_tim_ex.c ****   /* Check the parameters */
1581:stm/stm32l4xx/STM32L4xx_HAL_Driver/Src/stm32l4xx_hal_tim_ex.c ****   assert_param(IS_TIM_CCXN_INSTANCE(htim->Instance, OutputChannel));
1582:stm/stm32l4xx/STM32L4xx_HAL_Driver/Src/stm32l4xx_hal_tim_ex.c **** 
1583:stm/stm32l4xx/STM32L4xx_HAL_Driver/Src/stm32l4xx_hal_tim_ex.c ****   /* Check the TIM channels state */
1584:stm/stm32l4xx/STM32L4xx_HAL_Driver/Src/stm32l4xx_hal_tim_ex.c ****   if ((channel_1_state != HAL_TIM_CHANNEL_STATE_READY)
1585:stm/stm32l4xx/STM32L4xx_HAL_Driver/Src/stm32l4xx_hal_tim_ex.c ****       || (channel_2_state != HAL_TIM_CHANNEL_STATE_READY)
1586:stm/stm32l4xx/STM32L4xx_HAL_Driver/Src/stm32l4xx_hal_tim_ex.c ****       || (complementary_channel_1_state != HAL_TIM_CHANNEL_STATE_READY)
1587:stm/stm32l4xx/STM32L4xx_HAL_Driver/Src/stm32l4xx_hal_tim_ex.c ****       || (complementary_channel_2_state != HAL_TIM_CHANNEL_STATE_READY))
1588:stm/stm32l4xx/STM32L4xx_HAL_Driver/Src/stm32l4xx_hal_tim_ex.c ****   {
1589:stm/stm32l4xx/STM32L4xx_HAL_Driver/Src/stm32l4xx_hal_tim_ex.c ****     return HAL_ERROR;
1590:stm/stm32l4xx/STM32L4xx_HAL_Driver/Src/stm32l4xx_hal_tim_ex.c ****   }
1591:stm/stm32l4xx/STM32L4xx_HAL_Driver/Src/stm32l4xx_hal_tim_ex.c **** 
1592:stm/stm32l4xx/STM32L4xx_HAL_Driver/Src/stm32l4xx_hal_tim_ex.c ****   /* Set the TIM channels state */
1593:stm/stm32l4xx/STM32L4xx_HAL_Driver/Src/stm32l4xx_hal_tim_ex.c ****   TIM_CHANNEL_STATE_SET(htim, TIM_CHANNEL_1, HAL_TIM_CHANNEL_STATE_BUSY);
1594:stm/stm32l4xx/STM32L4xx_HAL_Driver/Src/stm32l4xx_hal_tim_ex.c ****   TIM_CHANNEL_STATE_SET(htim, TIM_CHANNEL_2, HAL_TIM_CHANNEL_STATE_BUSY);
1595:stm/stm32l4xx/STM32L4xx_HAL_Driver/Src/stm32l4xx_hal_tim_ex.c ****   TIM_CHANNEL_N_STATE_SET(htim, TIM_CHANNEL_1, HAL_TIM_CHANNEL_STATE_BUSY);
1596:stm/stm32l4xx/STM32L4xx_HAL_Driver/Src/stm32l4xx_hal_tim_ex.c ****   TIM_CHANNEL_N_STATE_SET(htim, TIM_CHANNEL_2, HAL_TIM_CHANNEL_STATE_BUSY);
1597:stm/stm32l4xx/STM32L4xx_HAL_Driver/Src/stm32l4xx_hal_tim_ex.c **** 
1598:stm/stm32l4xx/STM32L4xx_HAL_Driver/Src/stm32l4xx_hal_tim_ex.c ****   /* Enable the complementary One Pulse output channel and the Input Capture channel */
1599:stm/stm32l4xx/STM32L4xx_HAL_Driver/Src/stm32l4xx_hal_tim_ex.c ****   TIM_CCxNChannelCmd(htim->Instance, OutputChannel, TIM_CCxN_ENABLE);
1600:stm/stm32l4xx/STM32L4xx_HAL_Driver/Src/stm32l4xx_hal_tim_ex.c ****   TIM_CCxChannelCmd(htim->Instance, input_channel, TIM_CCx_ENABLE);
1601:stm/stm32l4xx/STM32L4xx_HAL_Driver/Src/stm32l4xx_hal_tim_ex.c **** 
1602:stm/stm32l4xx/STM32L4xx_HAL_Driver/Src/stm32l4xx_hal_tim_ex.c ****   /* Enable the Main Output */
1603:stm/stm32l4xx/STM32L4xx_HAL_Driver/Src/stm32l4xx_hal_tim_ex.c ****   __HAL_TIM_MOE_ENABLE(htim);
1604:stm/stm32l4xx/STM32L4xx_HAL_Driver/Src/stm32l4xx_hal_tim_ex.c **** 
1605:stm/stm32l4xx/STM32L4xx_HAL_Driver/Src/stm32l4xx_hal_tim_ex.c ****   /* Return function status */
1606:stm/stm32l4xx/STM32L4xx_HAL_Driver/Src/stm32l4xx_hal_tim_ex.c ****   return HAL_OK;
1607:stm/stm32l4xx/STM32L4xx_HAL_Driver/Src/stm32l4xx_hal_tim_ex.c **** }
1608:stm/stm32l4xx/STM32L4xx_HAL_Driver/Src/stm32l4xx_hal_tim_ex.c **** 
1609:stm/stm32l4xx/STM32L4xx_HAL_Driver/Src/stm32l4xx_hal_tim_ex.c **** /**
1610:stm/stm32l4xx/STM32L4xx_HAL_Driver/Src/stm32l4xx_hal_tim_ex.c ****   * @brief  Stops the TIM One Pulse signal generation on the complementary
1611:stm/stm32l4xx/STM32L4xx_HAL_Driver/Src/stm32l4xx_hal_tim_ex.c ****   *         output.
1612:stm/stm32l4xx/STM32L4xx_HAL_Driver/Src/stm32l4xx_hal_tim_ex.c ****   * @note OutputChannel must match the pulse output channel chosen when calling
1613:stm/stm32l4xx/STM32L4xx_HAL_Driver/Src/stm32l4xx_hal_tim_ex.c ****   *       @ref HAL_TIM_OnePulse_ConfigChannel().
1614:stm/stm32l4xx/STM32L4xx_HAL_Driver/Src/stm32l4xx_hal_tim_ex.c ****   * @param  htim TIM One Pulse handle
1615:stm/stm32l4xx/STM32L4xx_HAL_Driver/Src/stm32l4xx_hal_tim_ex.c ****   * @param  OutputChannel pulse output channel to disable
1616:stm/stm32l4xx/STM32L4xx_HAL_Driver/Src/stm32l4xx_hal_tim_ex.c ****   *          This parameter can be one of the following values:
1617:stm/stm32l4xx/STM32L4xx_HAL_Driver/Src/stm32l4xx_hal_tim_ex.c ****   *            @arg TIM_CHANNEL_1: TIM Channel 1 selected
1618:stm/stm32l4xx/STM32L4xx_HAL_Driver/Src/stm32l4xx_hal_tim_ex.c ****   *            @arg TIM_CHANNEL_2: TIM Channel 2 selected
1619:stm/stm32l4xx/STM32L4xx_HAL_Driver/Src/stm32l4xx_hal_tim_ex.c ****   * @retval HAL status
1620:stm/stm32l4xx/STM32L4xx_HAL_Driver/Src/stm32l4xx_hal_tim_ex.c ****   */
1621:stm/stm32l4xx/STM32L4xx_HAL_Driver/Src/stm32l4xx_hal_tim_ex.c **** HAL_StatusTypeDef HAL_TIMEx_OnePulseN_Stop(TIM_HandleTypeDef *htim, uint32_t OutputChannel)
1622:stm/stm32l4xx/STM32L4xx_HAL_Driver/Src/stm32l4xx_hal_tim_ex.c **** {
1623:stm/stm32l4xx/STM32L4xx_HAL_Driver/Src/stm32l4xx_hal_tim_ex.c ****   uint32_t input_channel = (OutputChannel == TIM_CHANNEL_1) ? TIM_CHANNEL_2 : TIM_CHANNEL_1;
1624:stm/stm32l4xx/STM32L4xx_HAL_Driver/Src/stm32l4xx_hal_tim_ex.c **** 
1625:stm/stm32l4xx/STM32L4xx_HAL_Driver/Src/stm32l4xx_hal_tim_ex.c ****   /* Check the parameters */
1626:stm/stm32l4xx/STM32L4xx_HAL_Driver/Src/stm32l4xx_hal_tim_ex.c ****   assert_param(IS_TIM_CCXN_INSTANCE(htim->Instance, OutputChannel));
ARM GAS  /var/tmp//ccYgLLN5.s 			page 30


1627:stm/stm32l4xx/STM32L4xx_HAL_Driver/Src/stm32l4xx_hal_tim_ex.c **** 
1628:stm/stm32l4xx/STM32L4xx_HAL_Driver/Src/stm32l4xx_hal_tim_ex.c ****   /* Disable the complementary One Pulse output channel and the Input Capture channel */
1629:stm/stm32l4xx/STM32L4xx_HAL_Driver/Src/stm32l4xx_hal_tim_ex.c ****   TIM_CCxNChannelCmd(htim->Instance, OutputChannel, TIM_CCxN_DISABLE);
1630:stm/stm32l4xx/STM32L4xx_HAL_Driver/Src/stm32l4xx_hal_tim_ex.c ****   TIM_CCxChannelCmd(htim->Instance, input_channel, TIM_CCx_DISABLE);
1631:stm/stm32l4xx/STM32L4xx_HAL_Driver/Src/stm32l4xx_hal_tim_ex.c **** 
1632:stm/stm32l4xx/STM32L4xx_HAL_Driver/Src/stm32l4xx_hal_tim_ex.c ****   /* Disable the Main Output */
1633:stm/stm32l4xx/STM32L4xx_HAL_Driver/Src/stm32l4xx_hal_tim_ex.c ****   __HAL_TIM_MOE_DISABLE(htim);
1634:stm/stm32l4xx/STM32L4xx_HAL_Driver/Src/stm32l4xx_hal_tim_ex.c **** 
1635:stm/stm32l4xx/STM32L4xx_HAL_Driver/Src/stm32l4xx_hal_tim_ex.c ****   /* Disable the Peripheral */
1636:stm/stm32l4xx/STM32L4xx_HAL_Driver/Src/stm32l4xx_hal_tim_ex.c ****   __HAL_TIM_DISABLE(htim);
1637:stm/stm32l4xx/STM32L4xx_HAL_Driver/Src/stm32l4xx_hal_tim_ex.c **** 
1638:stm/stm32l4xx/STM32L4xx_HAL_Driver/Src/stm32l4xx_hal_tim_ex.c ****   /* Set the TIM  channels state */
1639:stm/stm32l4xx/STM32L4xx_HAL_Driver/Src/stm32l4xx_hal_tim_ex.c ****   TIM_CHANNEL_STATE_SET(htim, TIM_CHANNEL_1, HAL_TIM_CHANNEL_STATE_READY);
1640:stm/stm32l4xx/STM32L4xx_HAL_Driver/Src/stm32l4xx_hal_tim_ex.c ****   TIM_CHANNEL_STATE_SET(htim, TIM_CHANNEL_2, HAL_TIM_CHANNEL_STATE_READY);
1641:stm/stm32l4xx/STM32L4xx_HAL_Driver/Src/stm32l4xx_hal_tim_ex.c ****   TIM_CHANNEL_N_STATE_SET(htim, TIM_CHANNEL_1, HAL_TIM_CHANNEL_STATE_READY);
1642:stm/stm32l4xx/STM32L4xx_HAL_Driver/Src/stm32l4xx_hal_tim_ex.c ****   TIM_CHANNEL_N_STATE_SET(htim, TIM_CHANNEL_2, HAL_TIM_CHANNEL_STATE_READY);
1643:stm/stm32l4xx/STM32L4xx_HAL_Driver/Src/stm32l4xx_hal_tim_ex.c **** 
1644:stm/stm32l4xx/STM32L4xx_HAL_Driver/Src/stm32l4xx_hal_tim_ex.c ****   /* Return function status */
1645:stm/stm32l4xx/STM32L4xx_HAL_Driver/Src/stm32l4xx_hal_tim_ex.c ****   return HAL_OK;
1646:stm/stm32l4xx/STM32L4xx_HAL_Driver/Src/stm32l4xx_hal_tim_ex.c **** }
1647:stm/stm32l4xx/STM32L4xx_HAL_Driver/Src/stm32l4xx_hal_tim_ex.c **** 
1648:stm/stm32l4xx/STM32L4xx_HAL_Driver/Src/stm32l4xx_hal_tim_ex.c **** /**
1649:stm/stm32l4xx/STM32L4xx_HAL_Driver/Src/stm32l4xx_hal_tim_ex.c ****   * @brief  Starts the TIM One Pulse signal generation in interrupt mode on the
1650:stm/stm32l4xx/STM32L4xx_HAL_Driver/Src/stm32l4xx_hal_tim_ex.c ****   *         complementary channel.
1651:stm/stm32l4xx/STM32L4xx_HAL_Driver/Src/stm32l4xx_hal_tim_ex.c ****   * @note OutputChannel must match the pulse output channel chosen when calling
1652:stm/stm32l4xx/STM32L4xx_HAL_Driver/Src/stm32l4xx_hal_tim_ex.c ****   *       @ref HAL_TIM_OnePulse_ConfigChannel().
1653:stm/stm32l4xx/STM32L4xx_HAL_Driver/Src/stm32l4xx_hal_tim_ex.c ****   * @param  htim TIM One Pulse handle
1654:stm/stm32l4xx/STM32L4xx_HAL_Driver/Src/stm32l4xx_hal_tim_ex.c ****   * @param  OutputChannel pulse output channel to enable
1655:stm/stm32l4xx/STM32L4xx_HAL_Driver/Src/stm32l4xx_hal_tim_ex.c ****   *          This parameter can be one of the following values:
1656:stm/stm32l4xx/STM32L4xx_HAL_Driver/Src/stm32l4xx_hal_tim_ex.c ****   *            @arg TIM_CHANNEL_1: TIM Channel 1 selected
1657:stm/stm32l4xx/STM32L4xx_HAL_Driver/Src/stm32l4xx_hal_tim_ex.c ****   *            @arg TIM_CHANNEL_2: TIM Channel 2 selected
1658:stm/stm32l4xx/STM32L4xx_HAL_Driver/Src/stm32l4xx_hal_tim_ex.c ****   * @retval HAL status
1659:stm/stm32l4xx/STM32L4xx_HAL_Driver/Src/stm32l4xx_hal_tim_ex.c ****   */
1660:stm/stm32l4xx/STM32L4xx_HAL_Driver/Src/stm32l4xx_hal_tim_ex.c **** HAL_StatusTypeDef HAL_TIMEx_OnePulseN_Start_IT(TIM_HandleTypeDef *htim, uint32_t OutputChannel)
1661:stm/stm32l4xx/STM32L4xx_HAL_Driver/Src/stm32l4xx_hal_tim_ex.c **** {
1662:stm/stm32l4xx/STM32L4xx_HAL_Driver/Src/stm32l4xx_hal_tim_ex.c ****   uint32_t input_channel = (OutputChannel == TIM_CHANNEL_1) ? TIM_CHANNEL_2 : TIM_CHANNEL_1;
1663:stm/stm32l4xx/STM32L4xx_HAL_Driver/Src/stm32l4xx_hal_tim_ex.c ****   HAL_TIM_ChannelStateTypeDef channel_1_state = TIM_CHANNEL_STATE_GET(htim, TIM_CHANNEL_1);
1664:stm/stm32l4xx/STM32L4xx_HAL_Driver/Src/stm32l4xx_hal_tim_ex.c ****   HAL_TIM_ChannelStateTypeDef channel_2_state = TIM_CHANNEL_STATE_GET(htim, TIM_CHANNEL_2);
1665:stm/stm32l4xx/STM32L4xx_HAL_Driver/Src/stm32l4xx_hal_tim_ex.c ****   HAL_TIM_ChannelStateTypeDef complementary_channel_1_state = TIM_CHANNEL_N_STATE_GET(htim, TIM_CHA
1666:stm/stm32l4xx/STM32L4xx_HAL_Driver/Src/stm32l4xx_hal_tim_ex.c ****   HAL_TIM_ChannelStateTypeDef complementary_channel_2_state = TIM_CHANNEL_N_STATE_GET(htim, TIM_CHA
1667:stm/stm32l4xx/STM32L4xx_HAL_Driver/Src/stm32l4xx_hal_tim_ex.c **** 
1668:stm/stm32l4xx/STM32L4xx_HAL_Driver/Src/stm32l4xx_hal_tim_ex.c ****   /* Check the parameters */
1669:stm/stm32l4xx/STM32L4xx_HAL_Driver/Src/stm32l4xx_hal_tim_ex.c ****   assert_param(IS_TIM_CCXN_INSTANCE(htim->Instance, OutputChannel));
1670:stm/stm32l4xx/STM32L4xx_HAL_Driver/Src/stm32l4xx_hal_tim_ex.c **** 
1671:stm/stm32l4xx/STM32L4xx_HAL_Driver/Src/stm32l4xx_hal_tim_ex.c ****   /* Check the TIM channels state */
1672:stm/stm32l4xx/STM32L4xx_HAL_Driver/Src/stm32l4xx_hal_tim_ex.c ****   if ((channel_1_state != HAL_TIM_CHANNEL_STATE_READY)
1673:stm/stm32l4xx/STM32L4xx_HAL_Driver/Src/stm32l4xx_hal_tim_ex.c ****       || (channel_2_state != HAL_TIM_CHANNEL_STATE_READY)
1674:stm/stm32l4xx/STM32L4xx_HAL_Driver/Src/stm32l4xx_hal_tim_ex.c ****       || (complementary_channel_1_state != HAL_TIM_CHANNEL_STATE_READY)
1675:stm/stm32l4xx/STM32L4xx_HAL_Driver/Src/stm32l4xx_hal_tim_ex.c ****       || (complementary_channel_2_state != HAL_TIM_CHANNEL_STATE_READY))
1676:stm/stm32l4xx/STM32L4xx_HAL_Driver/Src/stm32l4xx_hal_tim_ex.c ****   {
1677:stm/stm32l4xx/STM32L4xx_HAL_Driver/Src/stm32l4xx_hal_tim_ex.c ****     return HAL_ERROR;
1678:stm/stm32l4xx/STM32L4xx_HAL_Driver/Src/stm32l4xx_hal_tim_ex.c ****   }
1679:stm/stm32l4xx/STM32L4xx_HAL_Driver/Src/stm32l4xx_hal_tim_ex.c **** 
1680:stm/stm32l4xx/STM32L4xx_HAL_Driver/Src/stm32l4xx_hal_tim_ex.c ****   /* Set the TIM channels state */
1681:stm/stm32l4xx/STM32L4xx_HAL_Driver/Src/stm32l4xx_hal_tim_ex.c ****   TIM_CHANNEL_STATE_SET(htim, TIM_CHANNEL_1, HAL_TIM_CHANNEL_STATE_BUSY);
1682:stm/stm32l4xx/STM32L4xx_HAL_Driver/Src/stm32l4xx_hal_tim_ex.c ****   TIM_CHANNEL_STATE_SET(htim, TIM_CHANNEL_2, HAL_TIM_CHANNEL_STATE_BUSY);
1683:stm/stm32l4xx/STM32L4xx_HAL_Driver/Src/stm32l4xx_hal_tim_ex.c ****   TIM_CHANNEL_N_STATE_SET(htim, TIM_CHANNEL_1, HAL_TIM_CHANNEL_STATE_BUSY);
ARM GAS  /var/tmp//ccYgLLN5.s 			page 31


1684:stm/stm32l4xx/STM32L4xx_HAL_Driver/Src/stm32l4xx_hal_tim_ex.c ****   TIM_CHANNEL_N_STATE_SET(htim, TIM_CHANNEL_2, HAL_TIM_CHANNEL_STATE_BUSY);
1685:stm/stm32l4xx/STM32L4xx_HAL_Driver/Src/stm32l4xx_hal_tim_ex.c **** 
1686:stm/stm32l4xx/STM32L4xx_HAL_Driver/Src/stm32l4xx_hal_tim_ex.c ****   /* Enable the TIM Capture/Compare 1 interrupt */
1687:stm/stm32l4xx/STM32L4xx_HAL_Driver/Src/stm32l4xx_hal_tim_ex.c ****   __HAL_TIM_ENABLE_IT(htim, TIM_IT_CC1);
1688:stm/stm32l4xx/STM32L4xx_HAL_Driver/Src/stm32l4xx_hal_tim_ex.c **** 
1689:stm/stm32l4xx/STM32L4xx_HAL_Driver/Src/stm32l4xx_hal_tim_ex.c ****   /* Enable the TIM Capture/Compare 2 interrupt */
1690:stm/stm32l4xx/STM32L4xx_HAL_Driver/Src/stm32l4xx_hal_tim_ex.c ****   __HAL_TIM_ENABLE_IT(htim, TIM_IT_CC2);
1691:stm/stm32l4xx/STM32L4xx_HAL_Driver/Src/stm32l4xx_hal_tim_ex.c **** 
1692:stm/stm32l4xx/STM32L4xx_HAL_Driver/Src/stm32l4xx_hal_tim_ex.c ****   /* Enable the complementary One Pulse output channel and the Input Capture channel */
1693:stm/stm32l4xx/STM32L4xx_HAL_Driver/Src/stm32l4xx_hal_tim_ex.c ****   TIM_CCxNChannelCmd(htim->Instance, OutputChannel, TIM_CCxN_ENABLE);
1694:stm/stm32l4xx/STM32L4xx_HAL_Driver/Src/stm32l4xx_hal_tim_ex.c ****   TIM_CCxChannelCmd(htim->Instance, input_channel, TIM_CCx_ENABLE);
1695:stm/stm32l4xx/STM32L4xx_HAL_Driver/Src/stm32l4xx_hal_tim_ex.c **** 
1696:stm/stm32l4xx/STM32L4xx_HAL_Driver/Src/stm32l4xx_hal_tim_ex.c ****   /* Enable the Main Output */
1697:stm/stm32l4xx/STM32L4xx_HAL_Driver/Src/stm32l4xx_hal_tim_ex.c ****   __HAL_TIM_MOE_ENABLE(htim);
1698:stm/stm32l4xx/STM32L4xx_HAL_Driver/Src/stm32l4xx_hal_tim_ex.c **** 
1699:stm/stm32l4xx/STM32L4xx_HAL_Driver/Src/stm32l4xx_hal_tim_ex.c ****   /* Return function status */
1700:stm/stm32l4xx/STM32L4xx_HAL_Driver/Src/stm32l4xx_hal_tim_ex.c ****   return HAL_OK;
1701:stm/stm32l4xx/STM32L4xx_HAL_Driver/Src/stm32l4xx_hal_tim_ex.c **** }
1702:stm/stm32l4xx/STM32L4xx_HAL_Driver/Src/stm32l4xx_hal_tim_ex.c **** 
1703:stm/stm32l4xx/STM32L4xx_HAL_Driver/Src/stm32l4xx_hal_tim_ex.c **** /**
1704:stm/stm32l4xx/STM32L4xx_HAL_Driver/Src/stm32l4xx_hal_tim_ex.c ****   * @brief  Stops the TIM One Pulse signal generation in interrupt mode on the
1705:stm/stm32l4xx/STM32L4xx_HAL_Driver/Src/stm32l4xx_hal_tim_ex.c ****   *         complementary channel.
1706:stm/stm32l4xx/STM32L4xx_HAL_Driver/Src/stm32l4xx_hal_tim_ex.c ****   * @note OutputChannel must match the pulse output channel chosen when calling
1707:stm/stm32l4xx/STM32L4xx_HAL_Driver/Src/stm32l4xx_hal_tim_ex.c ****   *       @ref HAL_TIM_OnePulse_ConfigChannel().
1708:stm/stm32l4xx/STM32L4xx_HAL_Driver/Src/stm32l4xx_hal_tim_ex.c ****   * @param  htim TIM One Pulse handle
1709:stm/stm32l4xx/STM32L4xx_HAL_Driver/Src/stm32l4xx_hal_tim_ex.c ****   * @param  OutputChannel pulse output channel to disable
1710:stm/stm32l4xx/STM32L4xx_HAL_Driver/Src/stm32l4xx_hal_tim_ex.c ****   *          This parameter can be one of the following values:
1711:stm/stm32l4xx/STM32L4xx_HAL_Driver/Src/stm32l4xx_hal_tim_ex.c ****   *            @arg TIM_CHANNEL_1: TIM Channel 1 selected
1712:stm/stm32l4xx/STM32L4xx_HAL_Driver/Src/stm32l4xx_hal_tim_ex.c ****   *            @arg TIM_CHANNEL_2: TIM Channel 2 selected
1713:stm/stm32l4xx/STM32L4xx_HAL_Driver/Src/stm32l4xx_hal_tim_ex.c ****   * @retval HAL status
1714:stm/stm32l4xx/STM32L4xx_HAL_Driver/Src/stm32l4xx_hal_tim_ex.c ****   */
1715:stm/stm32l4xx/STM32L4xx_HAL_Driver/Src/stm32l4xx_hal_tim_ex.c **** HAL_StatusTypeDef HAL_TIMEx_OnePulseN_Stop_IT(TIM_HandleTypeDef *htim, uint32_t OutputChannel)
1716:stm/stm32l4xx/STM32L4xx_HAL_Driver/Src/stm32l4xx_hal_tim_ex.c **** {
1717:stm/stm32l4xx/STM32L4xx_HAL_Driver/Src/stm32l4xx_hal_tim_ex.c ****   uint32_t input_channel = (OutputChannel == TIM_CHANNEL_1) ? TIM_CHANNEL_2 : TIM_CHANNEL_1;
1718:stm/stm32l4xx/STM32L4xx_HAL_Driver/Src/stm32l4xx_hal_tim_ex.c **** 
1719:stm/stm32l4xx/STM32L4xx_HAL_Driver/Src/stm32l4xx_hal_tim_ex.c ****   /* Check the parameters */
1720:stm/stm32l4xx/STM32L4xx_HAL_Driver/Src/stm32l4xx_hal_tim_ex.c ****   assert_param(IS_TIM_CCXN_INSTANCE(htim->Instance, OutputChannel));
1721:stm/stm32l4xx/STM32L4xx_HAL_Driver/Src/stm32l4xx_hal_tim_ex.c **** 
1722:stm/stm32l4xx/STM32L4xx_HAL_Driver/Src/stm32l4xx_hal_tim_ex.c ****   /* Disable the TIM Capture/Compare 1 interrupt */
1723:stm/stm32l4xx/STM32L4xx_HAL_Driver/Src/stm32l4xx_hal_tim_ex.c ****   __HAL_TIM_DISABLE_IT(htim, TIM_IT_CC1);
1724:stm/stm32l4xx/STM32L4xx_HAL_Driver/Src/stm32l4xx_hal_tim_ex.c **** 
1725:stm/stm32l4xx/STM32L4xx_HAL_Driver/Src/stm32l4xx_hal_tim_ex.c ****   /* Disable the TIM Capture/Compare 2 interrupt */
1726:stm/stm32l4xx/STM32L4xx_HAL_Driver/Src/stm32l4xx_hal_tim_ex.c ****   __HAL_TIM_DISABLE_IT(htim, TIM_IT_CC2);
1727:stm/stm32l4xx/STM32L4xx_HAL_Driver/Src/stm32l4xx_hal_tim_ex.c **** 
1728:stm/stm32l4xx/STM32L4xx_HAL_Driver/Src/stm32l4xx_hal_tim_ex.c ****   /* Disable the complementary One Pulse output channel and the Input Capture channel */
1729:stm/stm32l4xx/STM32L4xx_HAL_Driver/Src/stm32l4xx_hal_tim_ex.c ****   TIM_CCxNChannelCmd(htim->Instance, OutputChannel, TIM_CCxN_DISABLE);
1730:stm/stm32l4xx/STM32L4xx_HAL_Driver/Src/stm32l4xx_hal_tim_ex.c ****   TIM_CCxChannelCmd(htim->Instance, input_channel, TIM_CCx_DISABLE);
1731:stm/stm32l4xx/STM32L4xx_HAL_Driver/Src/stm32l4xx_hal_tim_ex.c **** 
1732:stm/stm32l4xx/STM32L4xx_HAL_Driver/Src/stm32l4xx_hal_tim_ex.c ****   /* Disable the Main Output */
1733:stm/stm32l4xx/STM32L4xx_HAL_Driver/Src/stm32l4xx_hal_tim_ex.c ****   __HAL_TIM_MOE_DISABLE(htim);
1734:stm/stm32l4xx/STM32L4xx_HAL_Driver/Src/stm32l4xx_hal_tim_ex.c **** 
1735:stm/stm32l4xx/STM32L4xx_HAL_Driver/Src/stm32l4xx_hal_tim_ex.c ****   /* Disable the Peripheral */
1736:stm/stm32l4xx/STM32L4xx_HAL_Driver/Src/stm32l4xx_hal_tim_ex.c ****   __HAL_TIM_DISABLE(htim);
1737:stm/stm32l4xx/STM32L4xx_HAL_Driver/Src/stm32l4xx_hal_tim_ex.c **** 
1738:stm/stm32l4xx/STM32L4xx_HAL_Driver/Src/stm32l4xx_hal_tim_ex.c ****   /* Set the TIM  channels state */
1739:stm/stm32l4xx/STM32L4xx_HAL_Driver/Src/stm32l4xx_hal_tim_ex.c ****   TIM_CHANNEL_STATE_SET(htim, TIM_CHANNEL_1, HAL_TIM_CHANNEL_STATE_READY);
1740:stm/stm32l4xx/STM32L4xx_HAL_Driver/Src/stm32l4xx_hal_tim_ex.c ****   TIM_CHANNEL_STATE_SET(htim, TIM_CHANNEL_2, HAL_TIM_CHANNEL_STATE_READY);
ARM GAS  /var/tmp//ccYgLLN5.s 			page 32


1741:stm/stm32l4xx/STM32L4xx_HAL_Driver/Src/stm32l4xx_hal_tim_ex.c ****   TIM_CHANNEL_N_STATE_SET(htim, TIM_CHANNEL_1, HAL_TIM_CHANNEL_STATE_READY);
1742:stm/stm32l4xx/STM32L4xx_HAL_Driver/Src/stm32l4xx_hal_tim_ex.c ****   TIM_CHANNEL_N_STATE_SET(htim, TIM_CHANNEL_2, HAL_TIM_CHANNEL_STATE_READY);
1743:stm/stm32l4xx/STM32L4xx_HAL_Driver/Src/stm32l4xx_hal_tim_ex.c **** 
1744:stm/stm32l4xx/STM32L4xx_HAL_Driver/Src/stm32l4xx_hal_tim_ex.c ****   /* Return function status */
1745:stm/stm32l4xx/STM32L4xx_HAL_Driver/Src/stm32l4xx_hal_tim_ex.c ****   return HAL_OK;
1746:stm/stm32l4xx/STM32L4xx_HAL_Driver/Src/stm32l4xx_hal_tim_ex.c **** }
1747:stm/stm32l4xx/STM32L4xx_HAL_Driver/Src/stm32l4xx_hal_tim_ex.c **** 
1748:stm/stm32l4xx/STM32L4xx_HAL_Driver/Src/stm32l4xx_hal_tim_ex.c **** /**
1749:stm/stm32l4xx/STM32L4xx_HAL_Driver/Src/stm32l4xx_hal_tim_ex.c ****   * @}
1750:stm/stm32l4xx/STM32L4xx_HAL_Driver/Src/stm32l4xx_hal_tim_ex.c ****   */
1751:stm/stm32l4xx/STM32L4xx_HAL_Driver/Src/stm32l4xx_hal_tim_ex.c **** 
1752:stm/stm32l4xx/STM32L4xx_HAL_Driver/Src/stm32l4xx_hal_tim_ex.c **** /** @defgroup TIMEx_Exported_Functions_Group5 Extended Peripheral Control functions
1753:stm/stm32l4xx/STM32L4xx_HAL_Driver/Src/stm32l4xx_hal_tim_ex.c ****   * @brief    Peripheral Control functions
1754:stm/stm32l4xx/STM32L4xx_HAL_Driver/Src/stm32l4xx_hal_tim_ex.c ****   *
1755:stm/stm32l4xx/STM32L4xx_HAL_Driver/Src/stm32l4xx_hal_tim_ex.c **** @verbatim
1756:stm/stm32l4xx/STM32L4xx_HAL_Driver/Src/stm32l4xx_hal_tim_ex.c ****   ==============================================================================
1757:stm/stm32l4xx/STM32L4xx_HAL_Driver/Src/stm32l4xx_hal_tim_ex.c ****                     ##### Peripheral Control functions #####
1758:stm/stm32l4xx/STM32L4xx_HAL_Driver/Src/stm32l4xx_hal_tim_ex.c ****   ==============================================================================
1759:stm/stm32l4xx/STM32L4xx_HAL_Driver/Src/stm32l4xx_hal_tim_ex.c ****   [..]
1760:stm/stm32l4xx/STM32L4xx_HAL_Driver/Src/stm32l4xx_hal_tim_ex.c ****     This section provides functions allowing to:
1761:stm/stm32l4xx/STM32L4xx_HAL_Driver/Src/stm32l4xx_hal_tim_ex.c ****       (+) Configure the commutation event in case of use of the Hall sensor interface.
1762:stm/stm32l4xx/STM32L4xx_HAL_Driver/Src/stm32l4xx_hal_tim_ex.c ****       (+) Configure Output channels for OC and PWM mode.
1763:stm/stm32l4xx/STM32L4xx_HAL_Driver/Src/stm32l4xx_hal_tim_ex.c **** 
1764:stm/stm32l4xx/STM32L4xx_HAL_Driver/Src/stm32l4xx_hal_tim_ex.c ****       (+) Configure Complementary channels, break features and dead time.
1765:stm/stm32l4xx/STM32L4xx_HAL_Driver/Src/stm32l4xx_hal_tim_ex.c ****       (+) Configure Master synchronization.
1766:stm/stm32l4xx/STM32L4xx_HAL_Driver/Src/stm32l4xx_hal_tim_ex.c ****       (+) Configure timer remapping capabilities.
1767:stm/stm32l4xx/STM32L4xx_HAL_Driver/Src/stm32l4xx_hal_tim_ex.c ****       (+) Enable or disable channel grouping.
1768:stm/stm32l4xx/STM32L4xx_HAL_Driver/Src/stm32l4xx_hal_tim_ex.c **** 
1769:stm/stm32l4xx/STM32L4xx_HAL_Driver/Src/stm32l4xx_hal_tim_ex.c **** @endverbatim
1770:stm/stm32l4xx/STM32L4xx_HAL_Driver/Src/stm32l4xx_hal_tim_ex.c ****   * @{
1771:stm/stm32l4xx/STM32L4xx_HAL_Driver/Src/stm32l4xx_hal_tim_ex.c ****   */
1772:stm/stm32l4xx/STM32L4xx_HAL_Driver/Src/stm32l4xx_hal_tim_ex.c **** 
1773:stm/stm32l4xx/STM32L4xx_HAL_Driver/Src/stm32l4xx_hal_tim_ex.c **** /**
1774:stm/stm32l4xx/STM32L4xx_HAL_Driver/Src/stm32l4xx_hal_tim_ex.c ****   * @brief  Configure the TIM commutation event sequence.
1775:stm/stm32l4xx/STM32L4xx_HAL_Driver/Src/stm32l4xx_hal_tim_ex.c ****   * @note  This function is mandatory to use the commutation event in order to
1776:stm/stm32l4xx/STM32L4xx_HAL_Driver/Src/stm32l4xx_hal_tim_ex.c ****   *        update the configuration at each commutation detection on the TRGI input of the Timer,
1777:stm/stm32l4xx/STM32L4xx_HAL_Driver/Src/stm32l4xx_hal_tim_ex.c ****   *        the typical use of this feature is with the use of another Timer(interface Timer)
1778:stm/stm32l4xx/STM32L4xx_HAL_Driver/Src/stm32l4xx_hal_tim_ex.c ****   *        configured in Hall sensor interface, this interface Timer will generate the
1779:stm/stm32l4xx/STM32L4xx_HAL_Driver/Src/stm32l4xx_hal_tim_ex.c ****   *        commutation at its TRGO output (connected to Timer used in this function) each time
1780:stm/stm32l4xx/STM32L4xx_HAL_Driver/Src/stm32l4xx_hal_tim_ex.c ****   *        the TI1 of the Interface Timer detect a commutation at its input TI1.
1781:stm/stm32l4xx/STM32L4xx_HAL_Driver/Src/stm32l4xx_hal_tim_ex.c ****   * @param  htim TIM handle
1782:stm/stm32l4xx/STM32L4xx_HAL_Driver/Src/stm32l4xx_hal_tim_ex.c ****   * @param  InputTrigger the Internal trigger corresponding to the Timer Interfacing with the Hall 
1783:stm/stm32l4xx/STM32L4xx_HAL_Driver/Src/stm32l4xx_hal_tim_ex.c ****   *          This parameter can be one of the following values:
1784:stm/stm32l4xx/STM32L4xx_HAL_Driver/Src/stm32l4xx_hal_tim_ex.c ****   *            @arg TIM_TS_ITR0: Internal trigger 0 selected
1785:stm/stm32l4xx/STM32L4xx_HAL_Driver/Src/stm32l4xx_hal_tim_ex.c ****   *            @arg TIM_TS_ITR1: Internal trigger 1 selected
1786:stm/stm32l4xx/STM32L4xx_HAL_Driver/Src/stm32l4xx_hal_tim_ex.c ****   *            @arg TIM_TS_ITR2: Internal trigger 2 selected
1787:stm/stm32l4xx/STM32L4xx_HAL_Driver/Src/stm32l4xx_hal_tim_ex.c ****   *            @arg TIM_TS_ITR3: Internal trigger 3 selected
1788:stm/stm32l4xx/STM32L4xx_HAL_Driver/Src/stm32l4xx_hal_tim_ex.c ****   *            @arg TIM_TS_NONE: No trigger is needed
1789:stm/stm32l4xx/STM32L4xx_HAL_Driver/Src/stm32l4xx_hal_tim_ex.c ****   * @param  CommutationSource the Commutation Event source
1790:stm/stm32l4xx/STM32L4xx_HAL_Driver/Src/stm32l4xx_hal_tim_ex.c ****   *          This parameter can be one of the following values:
1791:stm/stm32l4xx/STM32L4xx_HAL_Driver/Src/stm32l4xx_hal_tim_ex.c ****   *            @arg TIM_COMMUTATION_TRGI: Commutation source is the TRGI of the Interface Timer
1792:stm/stm32l4xx/STM32L4xx_HAL_Driver/Src/stm32l4xx_hal_tim_ex.c ****   *            @arg TIM_COMMUTATION_SOFTWARE:  Commutation source is set by software using the COMG
1793:stm/stm32l4xx/STM32L4xx_HAL_Driver/Src/stm32l4xx_hal_tim_ex.c ****   * @retval HAL status
1794:stm/stm32l4xx/STM32L4xx_HAL_Driver/Src/stm32l4xx_hal_tim_ex.c ****   */
1795:stm/stm32l4xx/STM32L4xx_HAL_Driver/Src/stm32l4xx_hal_tim_ex.c **** HAL_StatusTypeDef HAL_TIMEx_ConfigCommutEvent(TIM_HandleTypeDef *htim, uint32_t  InputTrigger,
1796:stm/stm32l4xx/STM32L4xx_HAL_Driver/Src/stm32l4xx_hal_tim_ex.c ****                                               uint32_t  CommutationSource)
1797:stm/stm32l4xx/STM32L4xx_HAL_Driver/Src/stm32l4xx_hal_tim_ex.c **** {
ARM GAS  /var/tmp//ccYgLLN5.s 			page 33


1798:stm/stm32l4xx/STM32L4xx_HAL_Driver/Src/stm32l4xx_hal_tim_ex.c ****   /* Check the parameters */
1799:stm/stm32l4xx/STM32L4xx_HAL_Driver/Src/stm32l4xx_hal_tim_ex.c ****   assert_param(IS_TIM_COMMUTATION_EVENT_INSTANCE(htim->Instance));
1800:stm/stm32l4xx/STM32L4xx_HAL_Driver/Src/stm32l4xx_hal_tim_ex.c ****   assert_param(IS_TIM_INTERNAL_TRIGGEREVENT_SELECTION(InputTrigger));
1801:stm/stm32l4xx/STM32L4xx_HAL_Driver/Src/stm32l4xx_hal_tim_ex.c **** 
1802:stm/stm32l4xx/STM32L4xx_HAL_Driver/Src/stm32l4xx_hal_tim_ex.c ****   __HAL_LOCK(htim);
1803:stm/stm32l4xx/STM32L4xx_HAL_Driver/Src/stm32l4xx_hal_tim_ex.c **** 
1804:stm/stm32l4xx/STM32L4xx_HAL_Driver/Src/stm32l4xx_hal_tim_ex.c ****   if ((InputTrigger == TIM_TS_ITR0) || (InputTrigger == TIM_TS_ITR1) ||
1805:stm/stm32l4xx/STM32L4xx_HAL_Driver/Src/stm32l4xx_hal_tim_ex.c ****       (InputTrigger == TIM_TS_ITR2) || (InputTrigger == TIM_TS_ITR3))
1806:stm/stm32l4xx/STM32L4xx_HAL_Driver/Src/stm32l4xx_hal_tim_ex.c ****   {
1807:stm/stm32l4xx/STM32L4xx_HAL_Driver/Src/stm32l4xx_hal_tim_ex.c ****     /* Select the Input trigger */
1808:stm/stm32l4xx/STM32L4xx_HAL_Driver/Src/stm32l4xx_hal_tim_ex.c ****     htim->Instance->SMCR &= ~TIM_SMCR_TS;
1809:stm/stm32l4xx/STM32L4xx_HAL_Driver/Src/stm32l4xx_hal_tim_ex.c ****     htim->Instance->SMCR |= InputTrigger;
1810:stm/stm32l4xx/STM32L4xx_HAL_Driver/Src/stm32l4xx_hal_tim_ex.c ****   }
1811:stm/stm32l4xx/STM32L4xx_HAL_Driver/Src/stm32l4xx_hal_tim_ex.c **** 
1812:stm/stm32l4xx/STM32L4xx_HAL_Driver/Src/stm32l4xx_hal_tim_ex.c ****   /* Select the Capture Compare preload feature */
1813:stm/stm32l4xx/STM32L4xx_HAL_Driver/Src/stm32l4xx_hal_tim_ex.c ****   htim->Instance->CR2 |= TIM_CR2_CCPC;
1814:stm/stm32l4xx/STM32L4xx_HAL_Driver/Src/stm32l4xx_hal_tim_ex.c ****   /* Select the Commutation event source */
1815:stm/stm32l4xx/STM32L4xx_HAL_Driver/Src/stm32l4xx_hal_tim_ex.c ****   htim->Instance->CR2 &= ~TIM_CR2_CCUS;
1816:stm/stm32l4xx/STM32L4xx_HAL_Driver/Src/stm32l4xx_hal_tim_ex.c ****   htim->Instance->CR2 |= CommutationSource;
1817:stm/stm32l4xx/STM32L4xx_HAL_Driver/Src/stm32l4xx_hal_tim_ex.c **** 
1818:stm/stm32l4xx/STM32L4xx_HAL_Driver/Src/stm32l4xx_hal_tim_ex.c ****   /* Disable Commutation Interrupt */
1819:stm/stm32l4xx/STM32L4xx_HAL_Driver/Src/stm32l4xx_hal_tim_ex.c ****   __HAL_TIM_DISABLE_IT(htim, TIM_IT_COM);
1820:stm/stm32l4xx/STM32L4xx_HAL_Driver/Src/stm32l4xx_hal_tim_ex.c **** 
1821:stm/stm32l4xx/STM32L4xx_HAL_Driver/Src/stm32l4xx_hal_tim_ex.c ****   /* Disable Commutation DMA request */
1822:stm/stm32l4xx/STM32L4xx_HAL_Driver/Src/stm32l4xx_hal_tim_ex.c ****   __HAL_TIM_DISABLE_DMA(htim, TIM_DMA_COM);
1823:stm/stm32l4xx/STM32L4xx_HAL_Driver/Src/stm32l4xx_hal_tim_ex.c **** 
1824:stm/stm32l4xx/STM32L4xx_HAL_Driver/Src/stm32l4xx_hal_tim_ex.c ****   __HAL_UNLOCK(htim);
1825:stm/stm32l4xx/STM32L4xx_HAL_Driver/Src/stm32l4xx_hal_tim_ex.c **** 
1826:stm/stm32l4xx/STM32L4xx_HAL_Driver/Src/stm32l4xx_hal_tim_ex.c ****   return HAL_OK;
1827:stm/stm32l4xx/STM32L4xx_HAL_Driver/Src/stm32l4xx_hal_tim_ex.c **** }
1828:stm/stm32l4xx/STM32L4xx_HAL_Driver/Src/stm32l4xx_hal_tim_ex.c **** 
1829:stm/stm32l4xx/STM32L4xx_HAL_Driver/Src/stm32l4xx_hal_tim_ex.c **** /**
1830:stm/stm32l4xx/STM32L4xx_HAL_Driver/Src/stm32l4xx_hal_tim_ex.c ****   * @brief  Configure the TIM commutation event sequence with interrupt.
1831:stm/stm32l4xx/STM32L4xx_HAL_Driver/Src/stm32l4xx_hal_tim_ex.c ****   * @note  This function is mandatory to use the commutation event in order to
1832:stm/stm32l4xx/STM32L4xx_HAL_Driver/Src/stm32l4xx_hal_tim_ex.c ****   *        update the configuration at each commutation detection on the TRGI input of the Timer,
1833:stm/stm32l4xx/STM32L4xx_HAL_Driver/Src/stm32l4xx_hal_tim_ex.c ****   *        the typical use of this feature is with the use of another Timer(interface Timer)
1834:stm/stm32l4xx/STM32L4xx_HAL_Driver/Src/stm32l4xx_hal_tim_ex.c ****   *        configured in Hall sensor interface, this interface Timer will generate the
1835:stm/stm32l4xx/STM32L4xx_HAL_Driver/Src/stm32l4xx_hal_tim_ex.c ****   *        commutation at its TRGO output (connected to Timer used in this function) each time
1836:stm/stm32l4xx/STM32L4xx_HAL_Driver/Src/stm32l4xx_hal_tim_ex.c ****   *        the TI1 of the Interface Timer detect a commutation at its input TI1.
1837:stm/stm32l4xx/STM32L4xx_HAL_Driver/Src/stm32l4xx_hal_tim_ex.c ****   * @param  htim TIM handle
1838:stm/stm32l4xx/STM32L4xx_HAL_Driver/Src/stm32l4xx_hal_tim_ex.c ****   * @param  InputTrigger the Internal trigger corresponding to the Timer Interfacing with the Hall 
1839:stm/stm32l4xx/STM32L4xx_HAL_Driver/Src/stm32l4xx_hal_tim_ex.c ****   *          This parameter can be one of the following values:
1840:stm/stm32l4xx/STM32L4xx_HAL_Driver/Src/stm32l4xx_hal_tim_ex.c ****   *            @arg TIM_TS_ITR0: Internal trigger 0 selected
1841:stm/stm32l4xx/STM32L4xx_HAL_Driver/Src/stm32l4xx_hal_tim_ex.c ****   *            @arg TIM_TS_ITR1: Internal trigger 1 selected
1842:stm/stm32l4xx/STM32L4xx_HAL_Driver/Src/stm32l4xx_hal_tim_ex.c ****   *            @arg TIM_TS_ITR2: Internal trigger 2 selected
1843:stm/stm32l4xx/STM32L4xx_HAL_Driver/Src/stm32l4xx_hal_tim_ex.c ****   *            @arg TIM_TS_ITR3: Internal trigger 3 selected
1844:stm/stm32l4xx/STM32L4xx_HAL_Driver/Src/stm32l4xx_hal_tim_ex.c ****   *            @arg TIM_TS_NONE: No trigger is needed
1845:stm/stm32l4xx/STM32L4xx_HAL_Driver/Src/stm32l4xx_hal_tim_ex.c ****   * @param  CommutationSource the Commutation Event source
1846:stm/stm32l4xx/STM32L4xx_HAL_Driver/Src/stm32l4xx_hal_tim_ex.c ****   *          This parameter can be one of the following values:
1847:stm/stm32l4xx/STM32L4xx_HAL_Driver/Src/stm32l4xx_hal_tim_ex.c ****   *            @arg TIM_COMMUTATION_TRGI: Commutation source is the TRGI of the Interface Timer
1848:stm/stm32l4xx/STM32L4xx_HAL_Driver/Src/stm32l4xx_hal_tim_ex.c ****   *            @arg TIM_COMMUTATION_SOFTWARE:  Commutation source is set by software using the COMG
1849:stm/stm32l4xx/STM32L4xx_HAL_Driver/Src/stm32l4xx_hal_tim_ex.c ****   * @retval HAL status
1850:stm/stm32l4xx/STM32L4xx_HAL_Driver/Src/stm32l4xx_hal_tim_ex.c ****   */
1851:stm/stm32l4xx/STM32L4xx_HAL_Driver/Src/stm32l4xx_hal_tim_ex.c **** HAL_StatusTypeDef HAL_TIMEx_ConfigCommutEvent_IT(TIM_HandleTypeDef *htim, uint32_t  InputTrigger,
1852:stm/stm32l4xx/STM32L4xx_HAL_Driver/Src/stm32l4xx_hal_tim_ex.c ****                                                  uint32_t  CommutationSource)
1853:stm/stm32l4xx/STM32L4xx_HAL_Driver/Src/stm32l4xx_hal_tim_ex.c **** {
1854:stm/stm32l4xx/STM32L4xx_HAL_Driver/Src/stm32l4xx_hal_tim_ex.c ****   /* Check the parameters */
ARM GAS  /var/tmp//ccYgLLN5.s 			page 34


1855:stm/stm32l4xx/STM32L4xx_HAL_Driver/Src/stm32l4xx_hal_tim_ex.c ****   assert_param(IS_TIM_COMMUTATION_EVENT_INSTANCE(htim->Instance));
1856:stm/stm32l4xx/STM32L4xx_HAL_Driver/Src/stm32l4xx_hal_tim_ex.c ****   assert_param(IS_TIM_INTERNAL_TRIGGEREVENT_SELECTION(InputTrigger));
1857:stm/stm32l4xx/STM32L4xx_HAL_Driver/Src/stm32l4xx_hal_tim_ex.c **** 
1858:stm/stm32l4xx/STM32L4xx_HAL_Driver/Src/stm32l4xx_hal_tim_ex.c ****   __HAL_LOCK(htim);
1859:stm/stm32l4xx/STM32L4xx_HAL_Driver/Src/stm32l4xx_hal_tim_ex.c **** 
1860:stm/stm32l4xx/STM32L4xx_HAL_Driver/Src/stm32l4xx_hal_tim_ex.c ****   if ((InputTrigger == TIM_TS_ITR0) || (InputTrigger == TIM_TS_ITR1) ||
1861:stm/stm32l4xx/STM32L4xx_HAL_Driver/Src/stm32l4xx_hal_tim_ex.c ****       (InputTrigger == TIM_TS_ITR2) || (InputTrigger == TIM_TS_ITR3))
1862:stm/stm32l4xx/STM32L4xx_HAL_Driver/Src/stm32l4xx_hal_tim_ex.c ****   {
1863:stm/stm32l4xx/STM32L4xx_HAL_Driver/Src/stm32l4xx_hal_tim_ex.c ****     /* Select the Input trigger */
1864:stm/stm32l4xx/STM32L4xx_HAL_Driver/Src/stm32l4xx_hal_tim_ex.c ****     htim->Instance->SMCR &= ~TIM_SMCR_TS;
1865:stm/stm32l4xx/STM32L4xx_HAL_Driver/Src/stm32l4xx_hal_tim_ex.c ****     htim->Instance->SMCR |= InputTrigger;
1866:stm/stm32l4xx/STM32L4xx_HAL_Driver/Src/stm32l4xx_hal_tim_ex.c ****   }
1867:stm/stm32l4xx/STM32L4xx_HAL_Driver/Src/stm32l4xx_hal_tim_ex.c **** 
1868:stm/stm32l4xx/STM32L4xx_HAL_Driver/Src/stm32l4xx_hal_tim_ex.c ****   /* Select the Capture Compare preload feature */
1869:stm/stm32l4xx/STM32L4xx_HAL_Driver/Src/stm32l4xx_hal_tim_ex.c ****   htim->Instance->CR2 |= TIM_CR2_CCPC;
1870:stm/stm32l4xx/STM32L4xx_HAL_Driver/Src/stm32l4xx_hal_tim_ex.c ****   /* Select the Commutation event source */
1871:stm/stm32l4xx/STM32L4xx_HAL_Driver/Src/stm32l4xx_hal_tim_ex.c ****   htim->Instance->CR2 &= ~TIM_CR2_CCUS;
1872:stm/stm32l4xx/STM32L4xx_HAL_Driver/Src/stm32l4xx_hal_tim_ex.c ****   htim->Instance->CR2 |= CommutationSource;
1873:stm/stm32l4xx/STM32L4xx_HAL_Driver/Src/stm32l4xx_hal_tim_ex.c **** 
1874:stm/stm32l4xx/STM32L4xx_HAL_Driver/Src/stm32l4xx_hal_tim_ex.c ****   /* Disable Commutation DMA request */
1875:stm/stm32l4xx/STM32L4xx_HAL_Driver/Src/stm32l4xx_hal_tim_ex.c ****   __HAL_TIM_DISABLE_DMA(htim, TIM_DMA_COM);
1876:stm/stm32l4xx/STM32L4xx_HAL_Driver/Src/stm32l4xx_hal_tim_ex.c **** 
1877:stm/stm32l4xx/STM32L4xx_HAL_Driver/Src/stm32l4xx_hal_tim_ex.c ****   /* Enable the Commutation Interrupt */
1878:stm/stm32l4xx/STM32L4xx_HAL_Driver/Src/stm32l4xx_hal_tim_ex.c ****   __HAL_TIM_ENABLE_IT(htim, TIM_IT_COM);
1879:stm/stm32l4xx/STM32L4xx_HAL_Driver/Src/stm32l4xx_hal_tim_ex.c **** 
1880:stm/stm32l4xx/STM32L4xx_HAL_Driver/Src/stm32l4xx_hal_tim_ex.c ****   __HAL_UNLOCK(htim);
1881:stm/stm32l4xx/STM32L4xx_HAL_Driver/Src/stm32l4xx_hal_tim_ex.c **** 
1882:stm/stm32l4xx/STM32L4xx_HAL_Driver/Src/stm32l4xx_hal_tim_ex.c ****   return HAL_OK;
1883:stm/stm32l4xx/STM32L4xx_HAL_Driver/Src/stm32l4xx_hal_tim_ex.c **** }
1884:stm/stm32l4xx/STM32L4xx_HAL_Driver/Src/stm32l4xx_hal_tim_ex.c **** 
1885:stm/stm32l4xx/STM32L4xx_HAL_Driver/Src/stm32l4xx_hal_tim_ex.c **** /**
1886:stm/stm32l4xx/STM32L4xx_HAL_Driver/Src/stm32l4xx_hal_tim_ex.c ****   * @brief  Configure the TIM commutation event sequence with DMA.
1887:stm/stm32l4xx/STM32L4xx_HAL_Driver/Src/stm32l4xx_hal_tim_ex.c ****   * @note  This function is mandatory to use the commutation event in order to
1888:stm/stm32l4xx/STM32L4xx_HAL_Driver/Src/stm32l4xx_hal_tim_ex.c ****   *        update the configuration at each commutation detection on the TRGI input of the Timer,
1889:stm/stm32l4xx/STM32L4xx_HAL_Driver/Src/stm32l4xx_hal_tim_ex.c ****   *        the typical use of this feature is with the use of another Timer(interface Timer)
1890:stm/stm32l4xx/STM32L4xx_HAL_Driver/Src/stm32l4xx_hal_tim_ex.c ****   *        configured in Hall sensor interface, this interface Timer will generate the
1891:stm/stm32l4xx/STM32L4xx_HAL_Driver/Src/stm32l4xx_hal_tim_ex.c ****   *        commutation at its TRGO output (connected to Timer used in this function) each time
1892:stm/stm32l4xx/STM32L4xx_HAL_Driver/Src/stm32l4xx_hal_tim_ex.c ****   *        the TI1 of the Interface Timer detect a commutation at its input TI1.
1893:stm/stm32l4xx/STM32L4xx_HAL_Driver/Src/stm32l4xx_hal_tim_ex.c ****   * @note  The user should configure the DMA in his own software, in This function only the COMDE b
1894:stm/stm32l4xx/STM32L4xx_HAL_Driver/Src/stm32l4xx_hal_tim_ex.c ****   * @param  htim TIM handle
1895:stm/stm32l4xx/STM32L4xx_HAL_Driver/Src/stm32l4xx_hal_tim_ex.c ****   * @param  InputTrigger the Internal trigger corresponding to the Timer Interfacing with the Hall 
1896:stm/stm32l4xx/STM32L4xx_HAL_Driver/Src/stm32l4xx_hal_tim_ex.c ****   *          This parameter can be one of the following values:
1897:stm/stm32l4xx/STM32L4xx_HAL_Driver/Src/stm32l4xx_hal_tim_ex.c ****   *            @arg TIM_TS_ITR0: Internal trigger 0 selected
1898:stm/stm32l4xx/STM32L4xx_HAL_Driver/Src/stm32l4xx_hal_tim_ex.c ****   *            @arg TIM_TS_ITR1: Internal trigger 1 selected
1899:stm/stm32l4xx/STM32L4xx_HAL_Driver/Src/stm32l4xx_hal_tim_ex.c ****   *            @arg TIM_TS_ITR2: Internal trigger 2 selected
1900:stm/stm32l4xx/STM32L4xx_HAL_Driver/Src/stm32l4xx_hal_tim_ex.c ****   *            @arg TIM_TS_ITR3: Internal trigger 3 selected
1901:stm/stm32l4xx/STM32L4xx_HAL_Driver/Src/stm32l4xx_hal_tim_ex.c ****   *            @arg TIM_TS_NONE: No trigger is needed
1902:stm/stm32l4xx/STM32L4xx_HAL_Driver/Src/stm32l4xx_hal_tim_ex.c ****   * @param  CommutationSource the Commutation Event source
1903:stm/stm32l4xx/STM32L4xx_HAL_Driver/Src/stm32l4xx_hal_tim_ex.c ****   *          This parameter can be one of the following values:
1904:stm/stm32l4xx/STM32L4xx_HAL_Driver/Src/stm32l4xx_hal_tim_ex.c ****   *            @arg TIM_COMMUTATION_TRGI: Commutation source is the TRGI of the Interface Timer
1905:stm/stm32l4xx/STM32L4xx_HAL_Driver/Src/stm32l4xx_hal_tim_ex.c ****   *            @arg TIM_COMMUTATION_SOFTWARE:  Commutation source is set by software using the COMG
1906:stm/stm32l4xx/STM32L4xx_HAL_Driver/Src/stm32l4xx_hal_tim_ex.c ****   * @retval HAL status
1907:stm/stm32l4xx/STM32L4xx_HAL_Driver/Src/stm32l4xx_hal_tim_ex.c ****   */
1908:stm/stm32l4xx/STM32L4xx_HAL_Driver/Src/stm32l4xx_hal_tim_ex.c **** HAL_StatusTypeDef HAL_TIMEx_ConfigCommutEvent_DMA(TIM_HandleTypeDef *htim, uint32_t  InputTrigger,
1909:stm/stm32l4xx/STM32L4xx_HAL_Driver/Src/stm32l4xx_hal_tim_ex.c ****                                                   uint32_t  CommutationSource)
1910:stm/stm32l4xx/STM32L4xx_HAL_Driver/Src/stm32l4xx_hal_tim_ex.c **** {
1911:stm/stm32l4xx/STM32L4xx_HAL_Driver/Src/stm32l4xx_hal_tim_ex.c ****   /* Check the parameters */
ARM GAS  /var/tmp//ccYgLLN5.s 			page 35


1912:stm/stm32l4xx/STM32L4xx_HAL_Driver/Src/stm32l4xx_hal_tim_ex.c ****   assert_param(IS_TIM_COMMUTATION_EVENT_INSTANCE(htim->Instance));
1913:stm/stm32l4xx/STM32L4xx_HAL_Driver/Src/stm32l4xx_hal_tim_ex.c ****   assert_param(IS_TIM_INTERNAL_TRIGGEREVENT_SELECTION(InputTrigger));
1914:stm/stm32l4xx/STM32L4xx_HAL_Driver/Src/stm32l4xx_hal_tim_ex.c **** 
1915:stm/stm32l4xx/STM32L4xx_HAL_Driver/Src/stm32l4xx_hal_tim_ex.c ****   __HAL_LOCK(htim);
1916:stm/stm32l4xx/STM32L4xx_HAL_Driver/Src/stm32l4xx_hal_tim_ex.c **** 
1917:stm/stm32l4xx/STM32L4xx_HAL_Driver/Src/stm32l4xx_hal_tim_ex.c ****   if ((InputTrigger == TIM_TS_ITR0) || (InputTrigger == TIM_TS_ITR1) ||
1918:stm/stm32l4xx/STM32L4xx_HAL_Driver/Src/stm32l4xx_hal_tim_ex.c ****       (InputTrigger == TIM_TS_ITR2) || (InputTrigger == TIM_TS_ITR3))
1919:stm/stm32l4xx/STM32L4xx_HAL_Driver/Src/stm32l4xx_hal_tim_ex.c ****   {
1920:stm/stm32l4xx/STM32L4xx_HAL_Driver/Src/stm32l4xx_hal_tim_ex.c ****     /* Select the Input trigger */
1921:stm/stm32l4xx/STM32L4xx_HAL_Driver/Src/stm32l4xx_hal_tim_ex.c ****     htim->Instance->SMCR &= ~TIM_SMCR_TS;
1922:stm/stm32l4xx/STM32L4xx_HAL_Driver/Src/stm32l4xx_hal_tim_ex.c ****     htim->Instance->SMCR |= InputTrigger;
1923:stm/stm32l4xx/STM32L4xx_HAL_Driver/Src/stm32l4xx_hal_tim_ex.c ****   }
1924:stm/stm32l4xx/STM32L4xx_HAL_Driver/Src/stm32l4xx_hal_tim_ex.c **** 
1925:stm/stm32l4xx/STM32L4xx_HAL_Driver/Src/stm32l4xx_hal_tim_ex.c ****   /* Select the Capture Compare preload feature */
1926:stm/stm32l4xx/STM32L4xx_HAL_Driver/Src/stm32l4xx_hal_tim_ex.c ****   htim->Instance->CR2 |= TIM_CR2_CCPC;
1927:stm/stm32l4xx/STM32L4xx_HAL_Driver/Src/stm32l4xx_hal_tim_ex.c ****   /* Select the Commutation event source */
1928:stm/stm32l4xx/STM32L4xx_HAL_Driver/Src/stm32l4xx_hal_tim_ex.c ****   htim->Instance->CR2 &= ~TIM_CR2_CCUS;
1929:stm/stm32l4xx/STM32L4xx_HAL_Driver/Src/stm32l4xx_hal_tim_ex.c ****   htim->Instance->CR2 |= CommutationSource;
1930:stm/stm32l4xx/STM32L4xx_HAL_Driver/Src/stm32l4xx_hal_tim_ex.c **** 
1931:stm/stm32l4xx/STM32L4xx_HAL_Driver/Src/stm32l4xx_hal_tim_ex.c ****   /* Enable the Commutation DMA Request */
1932:stm/stm32l4xx/STM32L4xx_HAL_Driver/Src/stm32l4xx_hal_tim_ex.c ****   /* Set the DMA Commutation Callback */
1933:stm/stm32l4xx/STM32L4xx_HAL_Driver/Src/stm32l4xx_hal_tim_ex.c ****   htim->hdma[TIM_DMA_ID_COMMUTATION]->XferCpltCallback = TIMEx_DMACommutationCplt;
1934:stm/stm32l4xx/STM32L4xx_HAL_Driver/Src/stm32l4xx_hal_tim_ex.c ****   htim->hdma[TIM_DMA_ID_COMMUTATION]->XferHalfCpltCallback = TIMEx_DMACommutationHalfCplt;
1935:stm/stm32l4xx/STM32L4xx_HAL_Driver/Src/stm32l4xx_hal_tim_ex.c ****   /* Set the DMA error callback */
1936:stm/stm32l4xx/STM32L4xx_HAL_Driver/Src/stm32l4xx_hal_tim_ex.c ****   htim->hdma[TIM_DMA_ID_COMMUTATION]->XferErrorCallback = TIM_DMAError;
1937:stm/stm32l4xx/STM32L4xx_HAL_Driver/Src/stm32l4xx_hal_tim_ex.c **** 
1938:stm/stm32l4xx/STM32L4xx_HAL_Driver/Src/stm32l4xx_hal_tim_ex.c ****   /* Disable Commutation Interrupt */
1939:stm/stm32l4xx/STM32L4xx_HAL_Driver/Src/stm32l4xx_hal_tim_ex.c ****   __HAL_TIM_DISABLE_IT(htim, TIM_IT_COM);
1940:stm/stm32l4xx/STM32L4xx_HAL_Driver/Src/stm32l4xx_hal_tim_ex.c **** 
1941:stm/stm32l4xx/STM32L4xx_HAL_Driver/Src/stm32l4xx_hal_tim_ex.c ****   /* Enable the Commutation DMA Request */
1942:stm/stm32l4xx/STM32L4xx_HAL_Driver/Src/stm32l4xx_hal_tim_ex.c ****   __HAL_TIM_ENABLE_DMA(htim, TIM_DMA_COM);
1943:stm/stm32l4xx/STM32L4xx_HAL_Driver/Src/stm32l4xx_hal_tim_ex.c **** 
1944:stm/stm32l4xx/STM32L4xx_HAL_Driver/Src/stm32l4xx_hal_tim_ex.c ****   __HAL_UNLOCK(htim);
1945:stm/stm32l4xx/STM32L4xx_HAL_Driver/Src/stm32l4xx_hal_tim_ex.c **** 
1946:stm/stm32l4xx/STM32L4xx_HAL_Driver/Src/stm32l4xx_hal_tim_ex.c ****   return HAL_OK;
1947:stm/stm32l4xx/STM32L4xx_HAL_Driver/Src/stm32l4xx_hal_tim_ex.c **** }
1948:stm/stm32l4xx/STM32L4xx_HAL_Driver/Src/stm32l4xx_hal_tim_ex.c **** 
1949:stm/stm32l4xx/STM32L4xx_HAL_Driver/Src/stm32l4xx_hal_tim_ex.c **** /**
1950:stm/stm32l4xx/STM32L4xx_HAL_Driver/Src/stm32l4xx_hal_tim_ex.c ****   * @brief  Configures the TIM in master mode.
1951:stm/stm32l4xx/STM32L4xx_HAL_Driver/Src/stm32l4xx_hal_tim_ex.c ****   * @param  htim TIM handle.
1952:stm/stm32l4xx/STM32L4xx_HAL_Driver/Src/stm32l4xx_hal_tim_ex.c ****   * @param  sMasterConfig pointer to a TIM_MasterConfigTypeDef structure that
1953:stm/stm32l4xx/STM32L4xx_HAL_Driver/Src/stm32l4xx_hal_tim_ex.c ****   *         contains the selected trigger output (TRGO) and the Master/Slave
1954:stm/stm32l4xx/STM32L4xx_HAL_Driver/Src/stm32l4xx_hal_tim_ex.c ****   *         mode.
1955:stm/stm32l4xx/STM32L4xx_HAL_Driver/Src/stm32l4xx_hal_tim_ex.c ****   * @retval HAL status
1956:stm/stm32l4xx/STM32L4xx_HAL_Driver/Src/stm32l4xx_hal_tim_ex.c ****   */
1957:stm/stm32l4xx/STM32L4xx_HAL_Driver/Src/stm32l4xx_hal_tim_ex.c **** HAL_StatusTypeDef HAL_TIMEx_MasterConfigSynchronization(TIM_HandleTypeDef *htim,
1958:stm/stm32l4xx/STM32L4xx_HAL_Driver/Src/stm32l4xx_hal_tim_ex.c ****                                                         const TIM_MasterConfigTypeDef *sMasterConfi
1959:stm/stm32l4xx/STM32L4xx_HAL_Driver/Src/stm32l4xx_hal_tim_ex.c **** {
1960:stm/stm32l4xx/STM32L4xx_HAL_Driver/Src/stm32l4xx_hal_tim_ex.c ****   uint32_t tmpcr2;
1961:stm/stm32l4xx/STM32L4xx_HAL_Driver/Src/stm32l4xx_hal_tim_ex.c ****   uint32_t tmpsmcr;
1962:stm/stm32l4xx/STM32L4xx_HAL_Driver/Src/stm32l4xx_hal_tim_ex.c **** 
1963:stm/stm32l4xx/STM32L4xx_HAL_Driver/Src/stm32l4xx_hal_tim_ex.c ****   /* Check the parameters */
1964:stm/stm32l4xx/STM32L4xx_HAL_Driver/Src/stm32l4xx_hal_tim_ex.c ****   assert_param(IS_TIM_MASTER_INSTANCE(htim->Instance));
1965:stm/stm32l4xx/STM32L4xx_HAL_Driver/Src/stm32l4xx_hal_tim_ex.c ****   assert_param(IS_TIM_TRGO_SOURCE(sMasterConfig->MasterOutputTrigger));
1966:stm/stm32l4xx/STM32L4xx_HAL_Driver/Src/stm32l4xx_hal_tim_ex.c ****   assert_param(IS_TIM_MSM_STATE(sMasterConfig->MasterSlaveMode));
1967:stm/stm32l4xx/STM32L4xx_HAL_Driver/Src/stm32l4xx_hal_tim_ex.c **** 
1968:stm/stm32l4xx/STM32L4xx_HAL_Driver/Src/stm32l4xx_hal_tim_ex.c ****   /* Check input state */
ARM GAS  /var/tmp//ccYgLLN5.s 			page 36


1969:stm/stm32l4xx/STM32L4xx_HAL_Driver/Src/stm32l4xx_hal_tim_ex.c ****   __HAL_LOCK(htim);
1970:stm/stm32l4xx/STM32L4xx_HAL_Driver/Src/stm32l4xx_hal_tim_ex.c **** 
1971:stm/stm32l4xx/STM32L4xx_HAL_Driver/Src/stm32l4xx_hal_tim_ex.c ****   /* Change the handler state */
1972:stm/stm32l4xx/STM32L4xx_HAL_Driver/Src/stm32l4xx_hal_tim_ex.c ****   htim->State = HAL_TIM_STATE_BUSY;
1973:stm/stm32l4xx/STM32L4xx_HAL_Driver/Src/stm32l4xx_hal_tim_ex.c **** 
1974:stm/stm32l4xx/STM32L4xx_HAL_Driver/Src/stm32l4xx_hal_tim_ex.c ****   /* Get the TIMx CR2 register value */
1975:stm/stm32l4xx/STM32L4xx_HAL_Driver/Src/stm32l4xx_hal_tim_ex.c ****   tmpcr2 = htim->Instance->CR2;
1976:stm/stm32l4xx/STM32L4xx_HAL_Driver/Src/stm32l4xx_hal_tim_ex.c **** 
1977:stm/stm32l4xx/STM32L4xx_HAL_Driver/Src/stm32l4xx_hal_tim_ex.c ****   /* Get the TIMx SMCR register value */
1978:stm/stm32l4xx/STM32L4xx_HAL_Driver/Src/stm32l4xx_hal_tim_ex.c ****   tmpsmcr = htim->Instance->SMCR;
1979:stm/stm32l4xx/STM32L4xx_HAL_Driver/Src/stm32l4xx_hal_tim_ex.c **** 
1980:stm/stm32l4xx/STM32L4xx_HAL_Driver/Src/stm32l4xx_hal_tim_ex.c ****   /* If the timer supports ADC synchronization through TRGO2, set the master mode selection 2 */
1981:stm/stm32l4xx/STM32L4xx_HAL_Driver/Src/stm32l4xx_hal_tim_ex.c ****   if (IS_TIM_TRGO2_INSTANCE(htim->Instance))
1982:stm/stm32l4xx/STM32L4xx_HAL_Driver/Src/stm32l4xx_hal_tim_ex.c ****   {
1983:stm/stm32l4xx/STM32L4xx_HAL_Driver/Src/stm32l4xx_hal_tim_ex.c ****     /* Check the parameters */
1984:stm/stm32l4xx/STM32L4xx_HAL_Driver/Src/stm32l4xx_hal_tim_ex.c ****     assert_param(IS_TIM_TRGO2_SOURCE(sMasterConfig->MasterOutputTrigger2));
1985:stm/stm32l4xx/STM32L4xx_HAL_Driver/Src/stm32l4xx_hal_tim_ex.c **** 
1986:stm/stm32l4xx/STM32L4xx_HAL_Driver/Src/stm32l4xx_hal_tim_ex.c ****     /* Clear the MMS2 bits */
1987:stm/stm32l4xx/STM32L4xx_HAL_Driver/Src/stm32l4xx_hal_tim_ex.c ****     tmpcr2 &= ~TIM_CR2_MMS2;
1988:stm/stm32l4xx/STM32L4xx_HAL_Driver/Src/stm32l4xx_hal_tim_ex.c ****     /* Select the TRGO2 source*/
1989:stm/stm32l4xx/STM32L4xx_HAL_Driver/Src/stm32l4xx_hal_tim_ex.c ****     tmpcr2 |= sMasterConfig->MasterOutputTrigger2;
1990:stm/stm32l4xx/STM32L4xx_HAL_Driver/Src/stm32l4xx_hal_tim_ex.c ****   }
1991:stm/stm32l4xx/STM32L4xx_HAL_Driver/Src/stm32l4xx_hal_tim_ex.c **** 
1992:stm/stm32l4xx/STM32L4xx_HAL_Driver/Src/stm32l4xx_hal_tim_ex.c ****   /* Reset the MMS Bits */
1993:stm/stm32l4xx/STM32L4xx_HAL_Driver/Src/stm32l4xx_hal_tim_ex.c ****   tmpcr2 &= ~TIM_CR2_MMS;
1994:stm/stm32l4xx/STM32L4xx_HAL_Driver/Src/stm32l4xx_hal_tim_ex.c ****   /* Select the TRGO source */
1995:stm/stm32l4xx/STM32L4xx_HAL_Driver/Src/stm32l4xx_hal_tim_ex.c ****   tmpcr2 |=  sMasterConfig->MasterOutputTrigger;
1996:stm/stm32l4xx/STM32L4xx_HAL_Driver/Src/stm32l4xx_hal_tim_ex.c **** 
1997:stm/stm32l4xx/STM32L4xx_HAL_Driver/Src/stm32l4xx_hal_tim_ex.c ****   /* Update TIMx CR2 */
1998:stm/stm32l4xx/STM32L4xx_HAL_Driver/Src/stm32l4xx_hal_tim_ex.c ****   htim->Instance->CR2 = tmpcr2;
1999:stm/stm32l4xx/STM32L4xx_HAL_Driver/Src/stm32l4xx_hal_tim_ex.c **** 
2000:stm/stm32l4xx/STM32L4xx_HAL_Driver/Src/stm32l4xx_hal_tim_ex.c ****   if (IS_TIM_SLAVE_INSTANCE(htim->Instance))
2001:stm/stm32l4xx/STM32L4xx_HAL_Driver/Src/stm32l4xx_hal_tim_ex.c ****   {
2002:stm/stm32l4xx/STM32L4xx_HAL_Driver/Src/stm32l4xx_hal_tim_ex.c ****     /* Reset the MSM Bit */
2003:stm/stm32l4xx/STM32L4xx_HAL_Driver/Src/stm32l4xx_hal_tim_ex.c ****     tmpsmcr &= ~TIM_SMCR_MSM;
2004:stm/stm32l4xx/STM32L4xx_HAL_Driver/Src/stm32l4xx_hal_tim_ex.c ****     /* Set master mode */
2005:stm/stm32l4xx/STM32L4xx_HAL_Driver/Src/stm32l4xx_hal_tim_ex.c ****     tmpsmcr |= sMasterConfig->MasterSlaveMode;
2006:stm/stm32l4xx/STM32L4xx_HAL_Driver/Src/stm32l4xx_hal_tim_ex.c **** 
2007:stm/stm32l4xx/STM32L4xx_HAL_Driver/Src/stm32l4xx_hal_tim_ex.c ****     /* Update TIMx SMCR */
2008:stm/stm32l4xx/STM32L4xx_HAL_Driver/Src/stm32l4xx_hal_tim_ex.c ****     htim->Instance->SMCR = tmpsmcr;
2009:stm/stm32l4xx/STM32L4xx_HAL_Driver/Src/stm32l4xx_hal_tim_ex.c ****   }
2010:stm/stm32l4xx/STM32L4xx_HAL_Driver/Src/stm32l4xx_hal_tim_ex.c **** 
2011:stm/stm32l4xx/STM32L4xx_HAL_Driver/Src/stm32l4xx_hal_tim_ex.c ****   /* Change the htim state */
2012:stm/stm32l4xx/STM32L4xx_HAL_Driver/Src/stm32l4xx_hal_tim_ex.c ****   htim->State = HAL_TIM_STATE_READY;
2013:stm/stm32l4xx/STM32L4xx_HAL_Driver/Src/stm32l4xx_hal_tim_ex.c **** 
2014:stm/stm32l4xx/STM32L4xx_HAL_Driver/Src/stm32l4xx_hal_tim_ex.c ****   __HAL_UNLOCK(htim);
2015:stm/stm32l4xx/STM32L4xx_HAL_Driver/Src/stm32l4xx_hal_tim_ex.c **** 
2016:stm/stm32l4xx/STM32L4xx_HAL_Driver/Src/stm32l4xx_hal_tim_ex.c ****   return HAL_OK;
2017:stm/stm32l4xx/STM32L4xx_HAL_Driver/Src/stm32l4xx_hal_tim_ex.c **** }
2018:stm/stm32l4xx/STM32L4xx_HAL_Driver/Src/stm32l4xx_hal_tim_ex.c **** 
2019:stm/stm32l4xx/STM32L4xx_HAL_Driver/Src/stm32l4xx_hal_tim_ex.c **** /**
2020:stm/stm32l4xx/STM32L4xx_HAL_Driver/Src/stm32l4xx_hal_tim_ex.c ****   * @brief  Configures the Break feature, dead time, Lock level, OSSI/OSSR State
2021:stm/stm32l4xx/STM32L4xx_HAL_Driver/Src/stm32l4xx_hal_tim_ex.c ****   *         and the AOE(automatic output enable).
2022:stm/stm32l4xx/STM32L4xx_HAL_Driver/Src/stm32l4xx_hal_tim_ex.c ****   * @param  htim TIM handle
2023:stm/stm32l4xx/STM32L4xx_HAL_Driver/Src/stm32l4xx_hal_tim_ex.c ****   * @param  sBreakDeadTimeConfig pointer to a TIM_ConfigBreakDeadConfigTypeDef structure that
2024:stm/stm32l4xx/STM32L4xx_HAL_Driver/Src/stm32l4xx_hal_tim_ex.c ****   *         contains the BDTR Register configuration  information for the TIM peripheral.
2025:stm/stm32l4xx/STM32L4xx_HAL_Driver/Src/stm32l4xx_hal_tim_ex.c ****   * @note   Interrupts can be generated when an active level is detected on the
ARM GAS  /var/tmp//ccYgLLN5.s 			page 37


2026:stm/stm32l4xx/STM32L4xx_HAL_Driver/Src/stm32l4xx_hal_tim_ex.c ****   *         break input, the break 2 input or the system break input. Break
2027:stm/stm32l4xx/STM32L4xx_HAL_Driver/Src/stm32l4xx_hal_tim_ex.c ****   *         interrupt can be enabled by calling the @ref __HAL_TIM_ENABLE_IT macro.
2028:stm/stm32l4xx/STM32L4xx_HAL_Driver/Src/stm32l4xx_hal_tim_ex.c ****   * @retval HAL status
2029:stm/stm32l4xx/STM32L4xx_HAL_Driver/Src/stm32l4xx_hal_tim_ex.c ****   */
2030:stm/stm32l4xx/STM32L4xx_HAL_Driver/Src/stm32l4xx_hal_tim_ex.c **** HAL_StatusTypeDef HAL_TIMEx_ConfigBreakDeadTime(TIM_HandleTypeDef *htim,
2031:stm/stm32l4xx/STM32L4xx_HAL_Driver/Src/stm32l4xx_hal_tim_ex.c ****                                                 const TIM_BreakDeadTimeConfigTypeDef *sBreakDeadTim
2032:stm/stm32l4xx/STM32L4xx_HAL_Driver/Src/stm32l4xx_hal_tim_ex.c **** {
2033:stm/stm32l4xx/STM32L4xx_HAL_Driver/Src/stm32l4xx_hal_tim_ex.c ****   /* Keep this variable initialized to 0 as it is used to configure BDTR register */
2034:stm/stm32l4xx/STM32L4xx_HAL_Driver/Src/stm32l4xx_hal_tim_ex.c ****   uint32_t tmpbdtr = 0U;
2035:stm/stm32l4xx/STM32L4xx_HAL_Driver/Src/stm32l4xx_hal_tim_ex.c **** 
2036:stm/stm32l4xx/STM32L4xx_HAL_Driver/Src/stm32l4xx_hal_tim_ex.c ****   /* Check the parameters */
2037:stm/stm32l4xx/STM32L4xx_HAL_Driver/Src/stm32l4xx_hal_tim_ex.c ****   assert_param(IS_TIM_BREAK_INSTANCE(htim->Instance));
2038:stm/stm32l4xx/STM32L4xx_HAL_Driver/Src/stm32l4xx_hal_tim_ex.c ****   assert_param(IS_TIM_OSSR_STATE(sBreakDeadTimeConfig->OffStateRunMode));
2039:stm/stm32l4xx/STM32L4xx_HAL_Driver/Src/stm32l4xx_hal_tim_ex.c ****   assert_param(IS_TIM_OSSI_STATE(sBreakDeadTimeConfig->OffStateIDLEMode));
2040:stm/stm32l4xx/STM32L4xx_HAL_Driver/Src/stm32l4xx_hal_tim_ex.c ****   assert_param(IS_TIM_LOCK_LEVEL(sBreakDeadTimeConfig->LockLevel));
2041:stm/stm32l4xx/STM32L4xx_HAL_Driver/Src/stm32l4xx_hal_tim_ex.c ****   assert_param(IS_TIM_DEADTIME(sBreakDeadTimeConfig->DeadTime));
2042:stm/stm32l4xx/STM32L4xx_HAL_Driver/Src/stm32l4xx_hal_tim_ex.c ****   assert_param(IS_TIM_BREAK_STATE(sBreakDeadTimeConfig->BreakState));
2043:stm/stm32l4xx/STM32L4xx_HAL_Driver/Src/stm32l4xx_hal_tim_ex.c ****   assert_param(IS_TIM_BREAK_POLARITY(sBreakDeadTimeConfig->BreakPolarity));
2044:stm/stm32l4xx/STM32L4xx_HAL_Driver/Src/stm32l4xx_hal_tim_ex.c ****   assert_param(IS_TIM_BREAK_FILTER(sBreakDeadTimeConfig->BreakFilter));
2045:stm/stm32l4xx/STM32L4xx_HAL_Driver/Src/stm32l4xx_hal_tim_ex.c ****   assert_param(IS_TIM_AUTOMATIC_OUTPUT_STATE(sBreakDeadTimeConfig->AutomaticOutput));
2046:stm/stm32l4xx/STM32L4xx_HAL_Driver/Src/stm32l4xx_hal_tim_ex.c **** 
2047:stm/stm32l4xx/STM32L4xx_HAL_Driver/Src/stm32l4xx_hal_tim_ex.c ****   /* Check input state */
2048:stm/stm32l4xx/STM32L4xx_HAL_Driver/Src/stm32l4xx_hal_tim_ex.c ****   __HAL_LOCK(htim);
2049:stm/stm32l4xx/STM32L4xx_HAL_Driver/Src/stm32l4xx_hal_tim_ex.c **** 
2050:stm/stm32l4xx/STM32L4xx_HAL_Driver/Src/stm32l4xx_hal_tim_ex.c ****   /* Set the Lock level, the Break enable Bit and the Polarity, the OSSR State,
2051:stm/stm32l4xx/STM32L4xx_HAL_Driver/Src/stm32l4xx_hal_tim_ex.c ****      the OSSI State, the dead time value and the Automatic Output Enable Bit */
2052:stm/stm32l4xx/STM32L4xx_HAL_Driver/Src/stm32l4xx_hal_tim_ex.c **** 
2053:stm/stm32l4xx/STM32L4xx_HAL_Driver/Src/stm32l4xx_hal_tim_ex.c ****   /* Set the BDTR bits */
2054:stm/stm32l4xx/STM32L4xx_HAL_Driver/Src/stm32l4xx_hal_tim_ex.c ****   MODIFY_REG(tmpbdtr, TIM_BDTR_DTG, sBreakDeadTimeConfig->DeadTime);
2055:stm/stm32l4xx/STM32L4xx_HAL_Driver/Src/stm32l4xx_hal_tim_ex.c ****   MODIFY_REG(tmpbdtr, TIM_BDTR_LOCK, sBreakDeadTimeConfig->LockLevel);
2056:stm/stm32l4xx/STM32L4xx_HAL_Driver/Src/stm32l4xx_hal_tim_ex.c ****   MODIFY_REG(tmpbdtr, TIM_BDTR_OSSI, sBreakDeadTimeConfig->OffStateIDLEMode);
2057:stm/stm32l4xx/STM32L4xx_HAL_Driver/Src/stm32l4xx_hal_tim_ex.c ****   MODIFY_REG(tmpbdtr, TIM_BDTR_OSSR, sBreakDeadTimeConfig->OffStateRunMode);
2058:stm/stm32l4xx/STM32L4xx_HAL_Driver/Src/stm32l4xx_hal_tim_ex.c ****   MODIFY_REG(tmpbdtr, TIM_BDTR_BKE, sBreakDeadTimeConfig->BreakState);
2059:stm/stm32l4xx/STM32L4xx_HAL_Driver/Src/stm32l4xx_hal_tim_ex.c ****   MODIFY_REG(tmpbdtr, TIM_BDTR_BKP, sBreakDeadTimeConfig->BreakPolarity);
2060:stm/stm32l4xx/STM32L4xx_HAL_Driver/Src/stm32l4xx_hal_tim_ex.c ****   MODIFY_REG(tmpbdtr, TIM_BDTR_AOE, sBreakDeadTimeConfig->AutomaticOutput);
2061:stm/stm32l4xx/STM32L4xx_HAL_Driver/Src/stm32l4xx_hal_tim_ex.c ****   MODIFY_REG(tmpbdtr, TIM_BDTR_BKF, (sBreakDeadTimeConfig->BreakFilter << TIM_BDTR_BKF_Pos));
2062:stm/stm32l4xx/STM32L4xx_HAL_Driver/Src/stm32l4xx_hal_tim_ex.c **** 
2063:stm/stm32l4xx/STM32L4xx_HAL_Driver/Src/stm32l4xx_hal_tim_ex.c ****   if (IS_TIM_BKIN2_INSTANCE(htim->Instance))
2064:stm/stm32l4xx/STM32L4xx_HAL_Driver/Src/stm32l4xx_hal_tim_ex.c ****   {
2065:stm/stm32l4xx/STM32L4xx_HAL_Driver/Src/stm32l4xx_hal_tim_ex.c ****     /* Check the parameters */
2066:stm/stm32l4xx/STM32L4xx_HAL_Driver/Src/stm32l4xx_hal_tim_ex.c ****     assert_param(IS_TIM_BREAK2_STATE(sBreakDeadTimeConfig->Break2State));
2067:stm/stm32l4xx/STM32L4xx_HAL_Driver/Src/stm32l4xx_hal_tim_ex.c ****     assert_param(IS_TIM_BREAK2_POLARITY(sBreakDeadTimeConfig->Break2Polarity));
2068:stm/stm32l4xx/STM32L4xx_HAL_Driver/Src/stm32l4xx_hal_tim_ex.c ****     assert_param(IS_TIM_BREAK_FILTER(sBreakDeadTimeConfig->Break2Filter));
2069:stm/stm32l4xx/STM32L4xx_HAL_Driver/Src/stm32l4xx_hal_tim_ex.c **** 
2070:stm/stm32l4xx/STM32L4xx_HAL_Driver/Src/stm32l4xx_hal_tim_ex.c ****     /* Set the BREAK2 input related BDTR bits */
2071:stm/stm32l4xx/STM32L4xx_HAL_Driver/Src/stm32l4xx_hal_tim_ex.c ****     MODIFY_REG(tmpbdtr, TIM_BDTR_BK2F, (sBreakDeadTimeConfig->Break2Filter << TIM_BDTR_BK2F_Pos));
2072:stm/stm32l4xx/STM32L4xx_HAL_Driver/Src/stm32l4xx_hal_tim_ex.c ****     MODIFY_REG(tmpbdtr, TIM_BDTR_BK2E, sBreakDeadTimeConfig->Break2State);
2073:stm/stm32l4xx/STM32L4xx_HAL_Driver/Src/stm32l4xx_hal_tim_ex.c ****     MODIFY_REG(tmpbdtr, TIM_BDTR_BK2P, sBreakDeadTimeConfig->Break2Polarity);
2074:stm/stm32l4xx/STM32L4xx_HAL_Driver/Src/stm32l4xx_hal_tim_ex.c ****   }
2075:stm/stm32l4xx/STM32L4xx_HAL_Driver/Src/stm32l4xx_hal_tim_ex.c **** 
2076:stm/stm32l4xx/STM32L4xx_HAL_Driver/Src/stm32l4xx_hal_tim_ex.c ****   /* Set TIMx_BDTR */
2077:stm/stm32l4xx/STM32L4xx_HAL_Driver/Src/stm32l4xx_hal_tim_ex.c ****   htim->Instance->BDTR = tmpbdtr;
2078:stm/stm32l4xx/STM32L4xx_HAL_Driver/Src/stm32l4xx_hal_tim_ex.c **** 
2079:stm/stm32l4xx/STM32L4xx_HAL_Driver/Src/stm32l4xx_hal_tim_ex.c ****   __HAL_UNLOCK(htim);
2080:stm/stm32l4xx/STM32L4xx_HAL_Driver/Src/stm32l4xx_hal_tim_ex.c **** 
2081:stm/stm32l4xx/STM32L4xx_HAL_Driver/Src/stm32l4xx_hal_tim_ex.c ****   return HAL_OK;
2082:stm/stm32l4xx/STM32L4xx_HAL_Driver/Src/stm32l4xx_hal_tim_ex.c **** }
ARM GAS  /var/tmp//ccYgLLN5.s 			page 38


2083:stm/stm32l4xx/STM32L4xx_HAL_Driver/Src/stm32l4xx_hal_tim_ex.c **** 
2084:stm/stm32l4xx/STM32L4xx_HAL_Driver/Src/stm32l4xx_hal_tim_ex.c **** /**
2085:stm/stm32l4xx/STM32L4xx_HAL_Driver/Src/stm32l4xx_hal_tim_ex.c ****   * @brief  Configures the break input source.
2086:stm/stm32l4xx/STM32L4xx_HAL_Driver/Src/stm32l4xx_hal_tim_ex.c ****   * @param  htim TIM handle.
2087:stm/stm32l4xx/STM32L4xx_HAL_Driver/Src/stm32l4xx_hal_tim_ex.c ****   * @param  BreakInput Break input to configure
2088:stm/stm32l4xx/STM32L4xx_HAL_Driver/Src/stm32l4xx_hal_tim_ex.c ****   *          This parameter can be one of the following values:
2089:stm/stm32l4xx/STM32L4xx_HAL_Driver/Src/stm32l4xx_hal_tim_ex.c ****   *            @arg TIM_BREAKINPUT_BRK: Timer break input
2090:stm/stm32l4xx/STM32L4xx_HAL_Driver/Src/stm32l4xx_hal_tim_ex.c ****   *            @arg TIM_BREAKINPUT_BRK2: Timer break 2 input
2091:stm/stm32l4xx/STM32L4xx_HAL_Driver/Src/stm32l4xx_hal_tim_ex.c ****   * @param  sBreakInputConfig Break input source configuration
2092:stm/stm32l4xx/STM32L4xx_HAL_Driver/Src/stm32l4xx_hal_tim_ex.c ****   * @retval HAL status
2093:stm/stm32l4xx/STM32L4xx_HAL_Driver/Src/stm32l4xx_hal_tim_ex.c ****   */
2094:stm/stm32l4xx/STM32L4xx_HAL_Driver/Src/stm32l4xx_hal_tim_ex.c **** HAL_StatusTypeDef HAL_TIMEx_ConfigBreakInput(TIM_HandleTypeDef *htim,
2095:stm/stm32l4xx/STM32L4xx_HAL_Driver/Src/stm32l4xx_hal_tim_ex.c ****                                              uint32_t BreakInput,
2096:stm/stm32l4xx/STM32L4xx_HAL_Driver/Src/stm32l4xx_hal_tim_ex.c ****                                              const TIMEx_BreakInputConfigTypeDef *sBreakInputConfig
2097:stm/stm32l4xx/STM32L4xx_HAL_Driver/Src/stm32l4xx_hal_tim_ex.c **** {
2098:stm/stm32l4xx/STM32L4xx_HAL_Driver/Src/stm32l4xx_hal_tim_ex.c ****   HAL_StatusTypeDef status = HAL_OK;
2099:stm/stm32l4xx/STM32L4xx_HAL_Driver/Src/stm32l4xx_hal_tim_ex.c ****   uint32_t tmporx;
2100:stm/stm32l4xx/STM32L4xx_HAL_Driver/Src/stm32l4xx_hal_tim_ex.c ****   uint32_t bkin_enable_mask;
2101:stm/stm32l4xx/STM32L4xx_HAL_Driver/Src/stm32l4xx_hal_tim_ex.c ****   uint32_t bkin_polarity_mask;
2102:stm/stm32l4xx/STM32L4xx_HAL_Driver/Src/stm32l4xx_hal_tim_ex.c ****   uint32_t bkin_enable_bitpos;
2103:stm/stm32l4xx/STM32L4xx_HAL_Driver/Src/stm32l4xx_hal_tim_ex.c ****   uint32_t bkin_polarity_bitpos;
2104:stm/stm32l4xx/STM32L4xx_HAL_Driver/Src/stm32l4xx_hal_tim_ex.c **** 
2105:stm/stm32l4xx/STM32L4xx_HAL_Driver/Src/stm32l4xx_hal_tim_ex.c ****   /* Check the parameters */
2106:stm/stm32l4xx/STM32L4xx_HAL_Driver/Src/stm32l4xx_hal_tim_ex.c ****   assert_param(IS_TIM_BREAK_INSTANCE(htim->Instance));
2107:stm/stm32l4xx/STM32L4xx_HAL_Driver/Src/stm32l4xx_hal_tim_ex.c ****   assert_param(IS_TIM_BREAKINPUT(BreakInput));
2108:stm/stm32l4xx/STM32L4xx_HAL_Driver/Src/stm32l4xx_hal_tim_ex.c ****   assert_param(IS_TIM_BREAKINPUTSOURCE(sBreakInputConfig->Source));
2109:stm/stm32l4xx/STM32L4xx_HAL_Driver/Src/stm32l4xx_hal_tim_ex.c ****   assert_param(IS_TIM_BREAKINPUTSOURCE_STATE(sBreakInputConfig->Enable));
2110:stm/stm32l4xx/STM32L4xx_HAL_Driver/Src/stm32l4xx_hal_tim_ex.c **** #if defined(DFSDM1_Channel0)
2111:stm/stm32l4xx/STM32L4xx_HAL_Driver/Src/stm32l4xx_hal_tim_ex.c ****   if (sBreakInputConfig->Source != TIM_BREAKINPUTSOURCE_DFSDM1)
2112:stm/stm32l4xx/STM32L4xx_HAL_Driver/Src/stm32l4xx_hal_tim_ex.c ****   {
2113:stm/stm32l4xx/STM32L4xx_HAL_Driver/Src/stm32l4xx_hal_tim_ex.c ****     assert_param(IS_TIM_BREAKINPUTSOURCE_POLARITY(sBreakInputConfig->Polarity));
2114:stm/stm32l4xx/STM32L4xx_HAL_Driver/Src/stm32l4xx_hal_tim_ex.c ****   }
2115:stm/stm32l4xx/STM32L4xx_HAL_Driver/Src/stm32l4xx_hal_tim_ex.c **** #else
2116:stm/stm32l4xx/STM32L4xx_HAL_Driver/Src/stm32l4xx_hal_tim_ex.c ****   assert_param(IS_TIM_BREAKINPUTSOURCE_POLARITY(sBreakInputConfig->Polarity));
2117:stm/stm32l4xx/STM32L4xx_HAL_Driver/Src/stm32l4xx_hal_tim_ex.c **** #endif /* DFSDM1_Channel0 */
2118:stm/stm32l4xx/STM32L4xx_HAL_Driver/Src/stm32l4xx_hal_tim_ex.c **** 
2119:stm/stm32l4xx/STM32L4xx_HAL_Driver/Src/stm32l4xx_hal_tim_ex.c ****   /* Check input state */
2120:stm/stm32l4xx/STM32L4xx_HAL_Driver/Src/stm32l4xx_hal_tim_ex.c ****   __HAL_LOCK(htim);
2121:stm/stm32l4xx/STM32L4xx_HAL_Driver/Src/stm32l4xx_hal_tim_ex.c **** 
2122:stm/stm32l4xx/STM32L4xx_HAL_Driver/Src/stm32l4xx_hal_tim_ex.c ****   switch (sBreakInputConfig->Source)
2123:stm/stm32l4xx/STM32L4xx_HAL_Driver/Src/stm32l4xx_hal_tim_ex.c ****   {
2124:stm/stm32l4xx/STM32L4xx_HAL_Driver/Src/stm32l4xx_hal_tim_ex.c ****     case TIM_BREAKINPUTSOURCE_BKIN:
2125:stm/stm32l4xx/STM32L4xx_HAL_Driver/Src/stm32l4xx_hal_tim_ex.c ****     {
2126:stm/stm32l4xx/STM32L4xx_HAL_Driver/Src/stm32l4xx_hal_tim_ex.c ****       bkin_enable_mask = TIM1_OR2_BKINE;
2127:stm/stm32l4xx/STM32L4xx_HAL_Driver/Src/stm32l4xx_hal_tim_ex.c ****       bkin_enable_bitpos = TIM1_OR2_BKINE_Pos;
2128:stm/stm32l4xx/STM32L4xx_HAL_Driver/Src/stm32l4xx_hal_tim_ex.c ****       bkin_polarity_mask = TIM1_OR2_BKINP;
2129:stm/stm32l4xx/STM32L4xx_HAL_Driver/Src/stm32l4xx_hal_tim_ex.c ****       bkin_polarity_bitpos = TIM1_OR2_BKINP_Pos;
2130:stm/stm32l4xx/STM32L4xx_HAL_Driver/Src/stm32l4xx_hal_tim_ex.c ****       break;
2131:stm/stm32l4xx/STM32L4xx_HAL_Driver/Src/stm32l4xx_hal_tim_ex.c ****     }
2132:stm/stm32l4xx/STM32L4xx_HAL_Driver/Src/stm32l4xx_hal_tim_ex.c ****     case TIM_BREAKINPUTSOURCE_COMP1:
2133:stm/stm32l4xx/STM32L4xx_HAL_Driver/Src/stm32l4xx_hal_tim_ex.c ****     {
2134:stm/stm32l4xx/STM32L4xx_HAL_Driver/Src/stm32l4xx_hal_tim_ex.c ****       bkin_enable_mask = TIM1_OR2_BKCMP1E;
2135:stm/stm32l4xx/STM32L4xx_HAL_Driver/Src/stm32l4xx_hal_tim_ex.c ****       bkin_enable_bitpos = TIM1_OR2_BKCMP1E_Pos;
2136:stm/stm32l4xx/STM32L4xx_HAL_Driver/Src/stm32l4xx_hal_tim_ex.c ****       bkin_polarity_mask = TIM1_OR2_BKCMP1P;
2137:stm/stm32l4xx/STM32L4xx_HAL_Driver/Src/stm32l4xx_hal_tim_ex.c ****       bkin_polarity_bitpos = TIM1_OR2_BKCMP1P_Pos;
2138:stm/stm32l4xx/STM32L4xx_HAL_Driver/Src/stm32l4xx_hal_tim_ex.c ****       break;
2139:stm/stm32l4xx/STM32L4xx_HAL_Driver/Src/stm32l4xx_hal_tim_ex.c ****     }
ARM GAS  /var/tmp//ccYgLLN5.s 			page 39


2140:stm/stm32l4xx/STM32L4xx_HAL_Driver/Src/stm32l4xx_hal_tim_ex.c ****     case TIM_BREAKINPUTSOURCE_COMP2:
2141:stm/stm32l4xx/STM32L4xx_HAL_Driver/Src/stm32l4xx_hal_tim_ex.c ****     {
2142:stm/stm32l4xx/STM32L4xx_HAL_Driver/Src/stm32l4xx_hal_tim_ex.c ****       bkin_enable_mask = TIM1_OR2_BKCMP2E;
2143:stm/stm32l4xx/STM32L4xx_HAL_Driver/Src/stm32l4xx_hal_tim_ex.c ****       bkin_enable_bitpos = TIM1_OR2_BKCMP2E_Pos;
2144:stm/stm32l4xx/STM32L4xx_HAL_Driver/Src/stm32l4xx_hal_tim_ex.c ****       bkin_polarity_mask = TIM1_OR2_BKCMP2P;
2145:stm/stm32l4xx/STM32L4xx_HAL_Driver/Src/stm32l4xx_hal_tim_ex.c ****       bkin_polarity_bitpos = TIM1_OR2_BKCMP2P_Pos;
2146:stm/stm32l4xx/STM32L4xx_HAL_Driver/Src/stm32l4xx_hal_tim_ex.c ****       break;
2147:stm/stm32l4xx/STM32L4xx_HAL_Driver/Src/stm32l4xx_hal_tim_ex.c ****     }
2148:stm/stm32l4xx/STM32L4xx_HAL_Driver/Src/stm32l4xx_hal_tim_ex.c **** #if defined(DFSDM1_Channel0)
2149:stm/stm32l4xx/STM32L4xx_HAL_Driver/Src/stm32l4xx_hal_tim_ex.c ****     case TIM_BREAKINPUTSOURCE_DFSDM1:
2150:stm/stm32l4xx/STM32L4xx_HAL_Driver/Src/stm32l4xx_hal_tim_ex.c ****     {
2151:stm/stm32l4xx/STM32L4xx_HAL_Driver/Src/stm32l4xx_hal_tim_ex.c ****       bkin_enable_mask = TIM1_OR2_BKDF1BK0E;
2152:stm/stm32l4xx/STM32L4xx_HAL_Driver/Src/stm32l4xx_hal_tim_ex.c ****       bkin_enable_bitpos = TIM1_OR2_BKDF1BK0E_Pos;
2153:stm/stm32l4xx/STM32L4xx_HAL_Driver/Src/stm32l4xx_hal_tim_ex.c ****       bkin_polarity_mask = 0U;
2154:stm/stm32l4xx/STM32L4xx_HAL_Driver/Src/stm32l4xx_hal_tim_ex.c ****       bkin_polarity_bitpos = 0U;
2155:stm/stm32l4xx/STM32L4xx_HAL_Driver/Src/stm32l4xx_hal_tim_ex.c ****       break;
2156:stm/stm32l4xx/STM32L4xx_HAL_Driver/Src/stm32l4xx_hal_tim_ex.c ****     }
2157:stm/stm32l4xx/STM32L4xx_HAL_Driver/Src/stm32l4xx_hal_tim_ex.c **** #endif /* DFSDM1_Channel0 */
2158:stm/stm32l4xx/STM32L4xx_HAL_Driver/Src/stm32l4xx_hal_tim_ex.c **** 
2159:stm/stm32l4xx/STM32L4xx_HAL_Driver/Src/stm32l4xx_hal_tim_ex.c ****     default:
2160:stm/stm32l4xx/STM32L4xx_HAL_Driver/Src/stm32l4xx_hal_tim_ex.c ****     {
2161:stm/stm32l4xx/STM32L4xx_HAL_Driver/Src/stm32l4xx_hal_tim_ex.c ****       bkin_enable_mask = 0U;
2162:stm/stm32l4xx/STM32L4xx_HAL_Driver/Src/stm32l4xx_hal_tim_ex.c ****       bkin_polarity_mask = 0U;
2163:stm/stm32l4xx/STM32L4xx_HAL_Driver/Src/stm32l4xx_hal_tim_ex.c ****       bkin_enable_bitpos = 0U;
2164:stm/stm32l4xx/STM32L4xx_HAL_Driver/Src/stm32l4xx_hal_tim_ex.c ****       bkin_polarity_bitpos = 0U;
2165:stm/stm32l4xx/STM32L4xx_HAL_Driver/Src/stm32l4xx_hal_tim_ex.c ****       break;
2166:stm/stm32l4xx/STM32L4xx_HAL_Driver/Src/stm32l4xx_hal_tim_ex.c ****     }
2167:stm/stm32l4xx/STM32L4xx_HAL_Driver/Src/stm32l4xx_hal_tim_ex.c ****   }
2168:stm/stm32l4xx/STM32L4xx_HAL_Driver/Src/stm32l4xx_hal_tim_ex.c **** 
2169:stm/stm32l4xx/STM32L4xx_HAL_Driver/Src/stm32l4xx_hal_tim_ex.c ****   switch (BreakInput)
2170:stm/stm32l4xx/STM32L4xx_HAL_Driver/Src/stm32l4xx_hal_tim_ex.c ****   {
2171:stm/stm32l4xx/STM32L4xx_HAL_Driver/Src/stm32l4xx_hal_tim_ex.c ****     case TIM_BREAKINPUT_BRK:
2172:stm/stm32l4xx/STM32L4xx_HAL_Driver/Src/stm32l4xx_hal_tim_ex.c ****     {
2173:stm/stm32l4xx/STM32L4xx_HAL_Driver/Src/stm32l4xx_hal_tim_ex.c ****       /* Get the TIMx_OR2 register value */
2174:stm/stm32l4xx/STM32L4xx_HAL_Driver/Src/stm32l4xx_hal_tim_ex.c ****       tmporx = htim->Instance->OR2;
2175:stm/stm32l4xx/STM32L4xx_HAL_Driver/Src/stm32l4xx_hal_tim_ex.c **** 
2176:stm/stm32l4xx/STM32L4xx_HAL_Driver/Src/stm32l4xx_hal_tim_ex.c ****       /* Enable the break input */
2177:stm/stm32l4xx/STM32L4xx_HAL_Driver/Src/stm32l4xx_hal_tim_ex.c ****       tmporx &= ~bkin_enable_mask;
2178:stm/stm32l4xx/STM32L4xx_HAL_Driver/Src/stm32l4xx_hal_tim_ex.c ****       tmporx |= (sBreakInputConfig->Enable << bkin_enable_bitpos) & bkin_enable_mask;
2179:stm/stm32l4xx/STM32L4xx_HAL_Driver/Src/stm32l4xx_hal_tim_ex.c **** 
2180:stm/stm32l4xx/STM32L4xx_HAL_Driver/Src/stm32l4xx_hal_tim_ex.c ****       /* Set the break input polarity */
2181:stm/stm32l4xx/STM32L4xx_HAL_Driver/Src/stm32l4xx_hal_tim_ex.c **** #if defined(DFSDM1_Channel0)
2182:stm/stm32l4xx/STM32L4xx_HAL_Driver/Src/stm32l4xx_hal_tim_ex.c ****       if (sBreakInputConfig->Source != TIM_BREAKINPUTSOURCE_DFSDM1)
2183:stm/stm32l4xx/STM32L4xx_HAL_Driver/Src/stm32l4xx_hal_tim_ex.c **** #endif /* DFSDM1_Channel0 */
2184:stm/stm32l4xx/STM32L4xx_HAL_Driver/Src/stm32l4xx_hal_tim_ex.c ****       {
2185:stm/stm32l4xx/STM32L4xx_HAL_Driver/Src/stm32l4xx_hal_tim_ex.c ****         tmporx &= ~bkin_polarity_mask;
2186:stm/stm32l4xx/STM32L4xx_HAL_Driver/Src/stm32l4xx_hal_tim_ex.c ****         tmporx |= (sBreakInputConfig->Polarity << bkin_polarity_bitpos) & bkin_polarity_mask;
2187:stm/stm32l4xx/STM32L4xx_HAL_Driver/Src/stm32l4xx_hal_tim_ex.c ****       }
2188:stm/stm32l4xx/STM32L4xx_HAL_Driver/Src/stm32l4xx_hal_tim_ex.c **** 
2189:stm/stm32l4xx/STM32L4xx_HAL_Driver/Src/stm32l4xx_hal_tim_ex.c ****       /* Set TIMx_OR2 */
2190:stm/stm32l4xx/STM32L4xx_HAL_Driver/Src/stm32l4xx_hal_tim_ex.c ****       htim->Instance->OR2 = tmporx;
2191:stm/stm32l4xx/STM32L4xx_HAL_Driver/Src/stm32l4xx_hal_tim_ex.c ****       break;
2192:stm/stm32l4xx/STM32L4xx_HAL_Driver/Src/stm32l4xx_hal_tim_ex.c ****     }
2193:stm/stm32l4xx/STM32L4xx_HAL_Driver/Src/stm32l4xx_hal_tim_ex.c ****     case TIM_BREAKINPUT_BRK2:
2194:stm/stm32l4xx/STM32L4xx_HAL_Driver/Src/stm32l4xx_hal_tim_ex.c ****     {
2195:stm/stm32l4xx/STM32L4xx_HAL_Driver/Src/stm32l4xx_hal_tim_ex.c ****       /* Get the TIMx_OR3 register value */
2196:stm/stm32l4xx/STM32L4xx_HAL_Driver/Src/stm32l4xx_hal_tim_ex.c ****       tmporx = htim->Instance->OR3;
ARM GAS  /var/tmp//ccYgLLN5.s 			page 40


2197:stm/stm32l4xx/STM32L4xx_HAL_Driver/Src/stm32l4xx_hal_tim_ex.c **** 
2198:stm/stm32l4xx/STM32L4xx_HAL_Driver/Src/stm32l4xx_hal_tim_ex.c ****       /* Enable the break input */
2199:stm/stm32l4xx/STM32L4xx_HAL_Driver/Src/stm32l4xx_hal_tim_ex.c ****       tmporx &= ~bkin_enable_mask;
2200:stm/stm32l4xx/STM32L4xx_HAL_Driver/Src/stm32l4xx_hal_tim_ex.c ****       tmporx |= (sBreakInputConfig->Enable << bkin_enable_bitpos) & bkin_enable_mask;
2201:stm/stm32l4xx/STM32L4xx_HAL_Driver/Src/stm32l4xx_hal_tim_ex.c **** 
2202:stm/stm32l4xx/STM32L4xx_HAL_Driver/Src/stm32l4xx_hal_tim_ex.c ****       /* Set the break input polarity */
2203:stm/stm32l4xx/STM32L4xx_HAL_Driver/Src/stm32l4xx_hal_tim_ex.c **** #if defined(DFSDM1_Channel0)
2204:stm/stm32l4xx/STM32L4xx_HAL_Driver/Src/stm32l4xx_hal_tim_ex.c ****       if (sBreakInputConfig->Source != TIM_BREAKINPUTSOURCE_DFSDM1)
2205:stm/stm32l4xx/STM32L4xx_HAL_Driver/Src/stm32l4xx_hal_tim_ex.c **** #endif /* DFSDM1_Channel0 */
2206:stm/stm32l4xx/STM32L4xx_HAL_Driver/Src/stm32l4xx_hal_tim_ex.c ****       {
2207:stm/stm32l4xx/STM32L4xx_HAL_Driver/Src/stm32l4xx_hal_tim_ex.c ****         tmporx &= ~bkin_polarity_mask;
2208:stm/stm32l4xx/STM32L4xx_HAL_Driver/Src/stm32l4xx_hal_tim_ex.c ****         tmporx |= (sBreakInputConfig->Polarity << bkin_polarity_bitpos) & bkin_polarity_mask;
2209:stm/stm32l4xx/STM32L4xx_HAL_Driver/Src/stm32l4xx_hal_tim_ex.c ****       }
2210:stm/stm32l4xx/STM32L4xx_HAL_Driver/Src/stm32l4xx_hal_tim_ex.c **** 
2211:stm/stm32l4xx/STM32L4xx_HAL_Driver/Src/stm32l4xx_hal_tim_ex.c ****       /* Set TIMx_OR3 */
2212:stm/stm32l4xx/STM32L4xx_HAL_Driver/Src/stm32l4xx_hal_tim_ex.c ****       htim->Instance->OR3 = tmporx;
2213:stm/stm32l4xx/STM32L4xx_HAL_Driver/Src/stm32l4xx_hal_tim_ex.c ****       break;
2214:stm/stm32l4xx/STM32L4xx_HAL_Driver/Src/stm32l4xx_hal_tim_ex.c ****     }
2215:stm/stm32l4xx/STM32L4xx_HAL_Driver/Src/stm32l4xx_hal_tim_ex.c ****     default:
2216:stm/stm32l4xx/STM32L4xx_HAL_Driver/Src/stm32l4xx_hal_tim_ex.c ****       status = HAL_ERROR;
2217:stm/stm32l4xx/STM32L4xx_HAL_Driver/Src/stm32l4xx_hal_tim_ex.c ****       break;
2218:stm/stm32l4xx/STM32L4xx_HAL_Driver/Src/stm32l4xx_hal_tim_ex.c ****   }
2219:stm/stm32l4xx/STM32L4xx_HAL_Driver/Src/stm32l4xx_hal_tim_ex.c **** 
2220:stm/stm32l4xx/STM32L4xx_HAL_Driver/Src/stm32l4xx_hal_tim_ex.c ****   __HAL_UNLOCK(htim);
2221:stm/stm32l4xx/STM32L4xx_HAL_Driver/Src/stm32l4xx_hal_tim_ex.c **** 
2222:stm/stm32l4xx/STM32L4xx_HAL_Driver/Src/stm32l4xx_hal_tim_ex.c ****   return status;
2223:stm/stm32l4xx/STM32L4xx_HAL_Driver/Src/stm32l4xx_hal_tim_ex.c **** }
2224:stm/stm32l4xx/STM32L4xx_HAL_Driver/Src/stm32l4xx_hal_tim_ex.c **** 
2225:stm/stm32l4xx/STM32L4xx_HAL_Driver/Src/stm32l4xx_hal_tim_ex.c **** /**
2226:stm/stm32l4xx/STM32L4xx_HAL_Driver/Src/stm32l4xx_hal_tim_ex.c ****   * @brief  Configures the TIMx Remapping input capabilities.
2227:stm/stm32l4xx/STM32L4xx_HAL_Driver/Src/stm32l4xx_hal_tim_ex.c ****   * @param  htim TIM handle.
2228:stm/stm32l4xx/STM32L4xx_HAL_Driver/Src/stm32l4xx_hal_tim_ex.c ****   * @param  Remap specifies the TIM remapping source.
2229:stm/stm32l4xx/STM32L4xx_HAL_Driver/Src/stm32l4xx_hal_tim_ex.c ****     @if STM32L422xx
2230:stm/stm32l4xx/STM32L4xx_HAL_Driver/Src/stm32l4xx_hal_tim_ex.c ****   *         For TIM1, the parameter is a combination of 2 fields (field1 | field2):
2231:stm/stm32l4xx/STM32L4xx_HAL_Driver/Src/stm32l4xx_hal_tim_ex.c ****   *
2232:stm/stm32l4xx/STM32L4xx_HAL_Driver/Src/stm32l4xx_hal_tim_ex.c ****   *                   field1 can have the following values:
2233:stm/stm32l4xx/STM32L4xx_HAL_Driver/Src/stm32l4xx_hal_tim_ex.c ****   *            @arg TIM_TIM1_ETR_ADC1_NONE:           TIM1_ETR is not connected to any ADC1 AWD (an
2234:stm/stm32l4xx/STM32L4xx_HAL_Driver/Src/stm32l4xx_hal_tim_ex.c ****   *            @arg TIM_TIM1_ETR_ADC1_AWD1:           TIM1_ETR is connected to ADC1 AWD1
2235:stm/stm32l4xx/STM32L4xx_HAL_Driver/Src/stm32l4xx_hal_tim_ex.c ****   *            @arg TIM_TIM1_ETR_ADC1_AWD2:           TIM1_ETR is connected to ADC1 AWD2
2236:stm/stm32l4xx/STM32L4xx_HAL_Driver/Src/stm32l4xx_hal_tim_ex.c ****   *            @arg TIM_TIM1_ETR_ADC1_AWD3:           TIM1_ETR is connected to ADC1 AWD3
2237:stm/stm32l4xx/STM32L4xx_HAL_Driver/Src/stm32l4xx_hal_tim_ex.c ****   *
2238:stm/stm32l4xx/STM32L4xx_HAL_Driver/Src/stm32l4xx_hal_tim_ex.c ****   *                   field2 can have the following values:
2239:stm/stm32l4xx/STM32L4xx_HAL_Driver/Src/stm32l4xx_hal_tim_ex.c ****   *            @arg TIM_TIM1_TI1_GPIO:                TIM1 TI1 is connected to GPIO
2240:stm/stm32l4xx/STM32L4xx_HAL_Driver/Src/stm32l4xx_hal_tim_ex.c ****   *            @arg TIM_TIM1_TI1_COMP1:               TIM1 TI1 is connected to COMP1 output
2241:stm/stm32l4xx/STM32L4xx_HAL_Driver/Src/stm32l4xx_hal_tim_ex.c ****   *
2242:stm/stm32l4xx/STM32L4xx_HAL_Driver/Src/stm32l4xx_hal_tim_ex.c ****   @endif
2243:stm/stm32l4xx/STM32L4xx_HAL_Driver/Src/stm32l4xx_hal_tim_ex.c **** @if STM32L486xx
2244:stm/stm32l4xx/STM32L4xx_HAL_Driver/Src/stm32l4xx_hal_tim_ex.c ****   *         For TIM1, the parameter is a combination of 4 fields (field1 | field2 | field3 | field4
2245:stm/stm32l4xx/STM32L4xx_HAL_Driver/Src/stm32l4xx_hal_tim_ex.c ****   *
2246:stm/stm32l4xx/STM32L4xx_HAL_Driver/Src/stm32l4xx_hal_tim_ex.c ****   *                   field1 can have the following values:
2247:stm/stm32l4xx/STM32L4xx_HAL_Driver/Src/stm32l4xx_hal_tim_ex.c ****   *            @arg TIM_TIM1_ETR_ADC1_NONE:           TIM1_ETR is not connected to any ADC1 AWD (an
2248:stm/stm32l4xx/STM32L4xx_HAL_Driver/Src/stm32l4xx_hal_tim_ex.c ****   *            @arg TIM_TIM1_ETR_ADC1_AWD1:           TIM1_ETR is connected to ADC1 AWD1
2249:stm/stm32l4xx/STM32L4xx_HAL_Driver/Src/stm32l4xx_hal_tim_ex.c ****   *            @arg TIM_TIM1_ETR_ADC1_AWD2:           TIM1_ETR is connected to ADC1 AWD2
2250:stm/stm32l4xx/STM32L4xx_HAL_Driver/Src/stm32l4xx_hal_tim_ex.c ****   *            @arg TIM_TIM1_ETR_ADC1_AWD3:           TIM1_ETR is connected to ADC1 AWD3
2251:stm/stm32l4xx/STM32L4xx_HAL_Driver/Src/stm32l4xx_hal_tim_ex.c ****   *
2252:stm/stm32l4xx/STM32L4xx_HAL_Driver/Src/stm32l4xx_hal_tim_ex.c ****   *                   field2 can have the following values:
2253:stm/stm32l4xx/STM32L4xx_HAL_Driver/Src/stm32l4xx_hal_tim_ex.c ****   *            @arg TIM_TIM1_ETR_ADC3_NONE:           TIM1_ETR is not connected to any ADC3 AWD (an
ARM GAS  /var/tmp//ccYgLLN5.s 			page 41


2254:stm/stm32l4xx/STM32L4xx_HAL_Driver/Src/stm32l4xx_hal_tim_ex.c ****   *            @arg TIM_TIM1_ETR_ADC3_AWD1:           TIM1_ETR is connected to ADC3 AWD1
2255:stm/stm32l4xx/STM32L4xx_HAL_Driver/Src/stm32l4xx_hal_tim_ex.c ****   *            @arg TIM_TIM1_ETR_ADC3_AWD2:           TIM1_ETR is connected to ADC3 AWD2
2256:stm/stm32l4xx/STM32L4xx_HAL_Driver/Src/stm32l4xx_hal_tim_ex.c ****   *            @arg TIM_TIM1_ETR_ADC3_AWD3:           TIM1_ETR is connected to ADC3 AWD3
2257:stm/stm32l4xx/STM32L4xx_HAL_Driver/Src/stm32l4xx_hal_tim_ex.c ****   *
2258:stm/stm32l4xx/STM32L4xx_HAL_Driver/Src/stm32l4xx_hal_tim_ex.c ****   *                   field3 can have the following values:
2259:stm/stm32l4xx/STM32L4xx_HAL_Driver/Src/stm32l4xx_hal_tim_ex.c ****   *            @arg TIM_TIM1_TI1_GPIO:                TIM1 TI1 is connected to GPIO
2260:stm/stm32l4xx/STM32L4xx_HAL_Driver/Src/stm32l4xx_hal_tim_ex.c ****   *            @arg TIM_TIM1_TI1_COMP1:               TIM1 TI1 is connected to COMP1 output
2261:stm/stm32l4xx/STM32L4xx_HAL_Driver/Src/stm32l4xx_hal_tim_ex.c ****   *
2262:stm/stm32l4xx/STM32L4xx_HAL_Driver/Src/stm32l4xx_hal_tim_ex.c ****   *                   field4 can have the following values:
2263:stm/stm32l4xx/STM32L4xx_HAL_Driver/Src/stm32l4xx_hal_tim_ex.c ****   *            @arg TIM_TIM1_ETR_COMP1:               TIM1_ETR is connected to COMP1 output
2264:stm/stm32l4xx/STM32L4xx_HAL_Driver/Src/stm32l4xx_hal_tim_ex.c ****   *            @arg TIM_TIM1_ETR_COMP2:               TIM1_ETR is connected to COMP2 output
2265:stm/stm32l4xx/STM32L4xx_HAL_Driver/Src/stm32l4xx_hal_tim_ex.c ****   *            @note  When field4 is set to TIM_TIM1_ETR_COMP1 or TIM_TIM1_ETR_COMP2 field1 and fie
2266:stm/stm32l4xx/STM32L4xx_HAL_Driver/Src/stm32l4xx_hal_tim_ex.c ****   @endif
2267:stm/stm32l4xx/STM32L4xx_HAL_Driver/Src/stm32l4xx_hal_tim_ex.c ****   @if STM32L443xx
2268:stm/stm32l4xx/STM32L4xx_HAL_Driver/Src/stm32l4xx_hal_tim_ex.c ****   *         For TIM1, the parameter is a combination of 3 fields (field1 | field2 | field3):
2269:stm/stm32l4xx/STM32L4xx_HAL_Driver/Src/stm32l4xx_hal_tim_ex.c ****   *
2270:stm/stm32l4xx/STM32L4xx_HAL_Driver/Src/stm32l4xx_hal_tim_ex.c ****   *                   field1 can have the following values:
2271:stm/stm32l4xx/STM32L4xx_HAL_Driver/Src/stm32l4xx_hal_tim_ex.c ****   *            @arg TIM_TIM1_ETR_ADC1_NONE:           TIM1_ETR is not connected to any ADC1 AWD (an
2272:stm/stm32l4xx/STM32L4xx_HAL_Driver/Src/stm32l4xx_hal_tim_ex.c ****   *            @arg TIM_TIM1_ETR_ADC1_AWD1:           TIM1_ETR is connected to ADC1 AWD1
2273:stm/stm32l4xx/STM32L4xx_HAL_Driver/Src/stm32l4xx_hal_tim_ex.c ****   *            @arg TIM_TIM1_ETR_ADC1_AWD2:           TIM1_ETR is connected to ADC1 AWD2
2274:stm/stm32l4xx/STM32L4xx_HAL_Driver/Src/stm32l4xx_hal_tim_ex.c ****   *            @arg TIM_TIM1_ETR_ADC1_AWD3:           TIM1_ETR is connected to ADC1 AWD3
2275:stm/stm32l4xx/STM32L4xx_HAL_Driver/Src/stm32l4xx_hal_tim_ex.c ****   *
2276:stm/stm32l4xx/STM32L4xx_HAL_Driver/Src/stm32l4xx_hal_tim_ex.c ****   *                   field2 can have the following values:
2277:stm/stm32l4xx/STM32L4xx_HAL_Driver/Src/stm32l4xx_hal_tim_ex.c ****   *            @arg TIM_TIM1_TI1_GPIO:                TIM1 TI1 is connected to GPIO
2278:stm/stm32l4xx/STM32L4xx_HAL_Driver/Src/stm32l4xx_hal_tim_ex.c ****   *            @arg TIM_TIM1_TI1_COMP1:               TIM1 TI1 is connected to COMP1 output
2279:stm/stm32l4xx/STM32L4xx_HAL_Driver/Src/stm32l4xx_hal_tim_ex.c ****   *
2280:stm/stm32l4xx/STM32L4xx_HAL_Driver/Src/stm32l4xx_hal_tim_ex.c ****   *                   field3 can have the following values:
2281:stm/stm32l4xx/STM32L4xx_HAL_Driver/Src/stm32l4xx_hal_tim_ex.c ****   *            @arg TIM_TIM1_ETR_COMP1:               TIM1_ETR is connected to COMP1 output
2282:stm/stm32l4xx/STM32L4xx_HAL_Driver/Src/stm32l4xx_hal_tim_ex.c ****   *            @arg TIM_TIM1_ETR_COMP2:               TIM1_ETR is connected to COMP2 output
2283:stm/stm32l4xx/STM32L4xx_HAL_Driver/Src/stm32l4xx_hal_tim_ex.c ****   *
2284:stm/stm32l4xx/STM32L4xx_HAL_Driver/Src/stm32l4xx_hal_tim_ex.c ****   *            @note  When field3 is set to TIM_TIM1_ETR_COMP1 or TIM_TIM1_ETR_COMP2 field1 values 
2285:stm/stm32l4xx/STM32L4xx_HAL_Driver/Src/stm32l4xx_hal_tim_ex.c ****   *
2286:stm/stm32l4xx/STM32L4xx_HAL_Driver/Src/stm32l4xx_hal_tim_ex.c ****   @endif
2287:stm/stm32l4xx/STM32L4xx_HAL_Driver/Src/stm32l4xx_hal_tim_ex.c ****   @if STM32L486xx
2288:stm/stm32l4xx/STM32L4xx_HAL_Driver/Src/stm32l4xx_hal_tim_ex.c ****   *         For TIM2, the parameter is a combination of 3 fields (field1 | field2 | field3):
2289:stm/stm32l4xx/STM32L4xx_HAL_Driver/Src/stm32l4xx_hal_tim_ex.c ****   *
2290:stm/stm32l4xx/STM32L4xx_HAL_Driver/Src/stm32l4xx_hal_tim_ex.c ****   *                   field1 can have the following values:
2291:stm/stm32l4xx/STM32L4xx_HAL_Driver/Src/stm32l4xx_hal_tim_ex.c ****   *            @arg TIM_TIM2_ITR1_TIM8_TRGO:          TIM2_ITR1 is connected to TIM8_TRGO
2292:stm/stm32l4xx/STM32L4xx_HAL_Driver/Src/stm32l4xx_hal_tim_ex.c ****   *            @arg TIM_TIM2_ITR1_OTG_FS_SOF:         TIM2_ITR1 is connected to OTG_FS SOF
2293:stm/stm32l4xx/STM32L4xx_HAL_Driver/Src/stm32l4xx_hal_tim_ex.c ****   *
2294:stm/stm32l4xx/STM32L4xx_HAL_Driver/Src/stm32l4xx_hal_tim_ex.c ****   *                   field2 can have the following values:
2295:stm/stm32l4xx/STM32L4xx_HAL_Driver/Src/stm32l4xx_hal_tim_ex.c ****   *            @arg TIM_TIM2_ETR_GPIO:                TIM2_ETR is connected to GPIO
2296:stm/stm32l4xx/STM32L4xx_HAL_Driver/Src/stm32l4xx_hal_tim_ex.c ****   *            @arg TIM_TIM2_ETR_LSE:                 TIM2_ETR is connected to LSE
2297:stm/stm32l4xx/STM32L4xx_HAL_Driver/Src/stm32l4xx_hal_tim_ex.c ****   *            @arg TIM_TIM2_ETR_COMP1:               TIM2_ETR is connected to COMP1 output
2298:stm/stm32l4xx/STM32L4xx_HAL_Driver/Src/stm32l4xx_hal_tim_ex.c ****   *            @arg TIM_TIM2_ETR_COMP2:               TIM2_ETR is connected to COMP2 output
2299:stm/stm32l4xx/STM32L4xx_HAL_Driver/Src/stm32l4xx_hal_tim_ex.c ****   *
2300:stm/stm32l4xx/STM32L4xx_HAL_Driver/Src/stm32l4xx_hal_tim_ex.c ****   *                   field3 can have the following values:
2301:stm/stm32l4xx/STM32L4xx_HAL_Driver/Src/stm32l4xx_hal_tim_ex.c ****   *            @arg TIM_TIM2_TI4_GPIO:                TIM2 TI4 is connected to GPIO
2302:stm/stm32l4xx/STM32L4xx_HAL_Driver/Src/stm32l4xx_hal_tim_ex.c ****   *            @arg TIM_TIM2_TI4_COMP1:               TIM2 TI4 is connected to COMP1 output
2303:stm/stm32l4xx/STM32L4xx_HAL_Driver/Src/stm32l4xx_hal_tim_ex.c ****   *            @arg TIM_TIM2_TI4_COMP2:               TIM2 TI4 is connected to COMP2 output
2304:stm/stm32l4xx/STM32L4xx_HAL_Driver/Src/stm32l4xx_hal_tim_ex.c ****   *            @arg TIM_TIM2_TI4_COMP1_COMP2:         TIM2 TI4 is connected to logical OR between C
2305:stm/stm32l4xx/STM32L4xx_HAL_Driver/Src/stm32l4xx_hal_tim_ex.c ****   @endif
2306:stm/stm32l4xx/STM32L4xx_HAL_Driver/Src/stm32l4xx_hal_tim_ex.c ****   @if STM32L422xx
2307:stm/stm32l4xx/STM32L4xx_HAL_Driver/Src/stm32l4xx_hal_tim_ex.c ****   *         For TIM2, the parameter is a combination of 3 fields (field1 | field2 | field3):
2308:stm/stm32l4xx/STM32L4xx_HAL_Driver/Src/stm32l4xx_hal_tim_ex.c ****   *
2309:stm/stm32l4xx/STM32L4xx_HAL_Driver/Src/stm32l4xx_hal_tim_ex.c ****   *                   field1 can have the following values:
2310:stm/stm32l4xx/STM32L4xx_HAL_Driver/Src/stm32l4xx_hal_tim_ex.c ****   *            @arg TIM_TIM2_ITR1_NONE:               No internal trigger on TIM2_ITR1
ARM GAS  /var/tmp//ccYgLLN5.s 			page 42


2311:stm/stm32l4xx/STM32L4xx_HAL_Driver/Src/stm32l4xx_hal_tim_ex.c ****   *            @arg TIM_TIM2_ITR1_USB_SOF:            TIM2_ITR1 is connected to USB SOF
2312:stm/stm32l4xx/STM32L4xx_HAL_Driver/Src/stm32l4xx_hal_tim_ex.c ****   *
2313:stm/stm32l4xx/STM32L4xx_HAL_Driver/Src/stm32l4xx_hal_tim_ex.c ****   *                   field2 can have the following values:
2314:stm/stm32l4xx/STM32L4xx_HAL_Driver/Src/stm32l4xx_hal_tim_ex.c ****   *            @arg TIM_TIM2_ETR_GPIO:                TIM2_ETR is connected to GPIO
2315:stm/stm32l4xx/STM32L4xx_HAL_Driver/Src/stm32l4xx_hal_tim_ex.c ****   *            @arg TIM_TIM2_ETR_LSE:                 TIM2_ETR is connected to LSE
2316:stm/stm32l4xx/STM32L4xx_HAL_Driver/Src/stm32l4xx_hal_tim_ex.c ****   *            @arg TIM_TIM2_ETR_COMP1:               TIM2_ETR is connected to COMP1 output
2317:stm/stm32l4xx/STM32L4xx_HAL_Driver/Src/stm32l4xx_hal_tim_ex.c ****   *
2318:stm/stm32l4xx/STM32L4xx_HAL_Driver/Src/stm32l4xx_hal_tim_ex.c ****   *                   field3 can have the following values:
2319:stm/stm32l4xx/STM32L4xx_HAL_Driver/Src/stm32l4xx_hal_tim_ex.c ****   *            @arg TIM_TIM2_TI4_GPIO:                TIM2 TI4 is connected to GPIO
2320:stm/stm32l4xx/STM32L4xx_HAL_Driver/Src/stm32l4xx_hal_tim_ex.c ****   *            @arg TIM_TIM2_TI4_COMP1:               TIM2 TI4 is connected to COMP1 output
2321:stm/stm32l4xx/STM32L4xx_HAL_Driver/Src/stm32l4xx_hal_tim_ex.c ****   *
2322:stm/stm32l4xx/STM32L4xx_HAL_Driver/Src/stm32l4xx_hal_tim_ex.c ****   @endif
2323:stm/stm32l4xx/STM32L4xx_HAL_Driver/Src/stm32l4xx_hal_tim_ex.c ****   @if STM32L443xx
2324:stm/stm32l4xx/STM32L4xx_HAL_Driver/Src/stm32l4xx_hal_tim_ex.c ****   *         For TIM2, the parameter is a combination of 3 fields (field1 | field2 | field3):
2325:stm/stm32l4xx/STM32L4xx_HAL_Driver/Src/stm32l4xx_hal_tim_ex.c ****   *
2326:stm/stm32l4xx/STM32L4xx_HAL_Driver/Src/stm32l4xx_hal_tim_ex.c ****   *                   field1 can have the following values:
2327:stm/stm32l4xx/STM32L4xx_HAL_Driver/Src/stm32l4xx_hal_tim_ex.c ****   *            @arg TIM_TIM2_ITR1_NONE:               No internal trigger on TIM2_ITR1
2328:stm/stm32l4xx/STM32L4xx_HAL_Driver/Src/stm32l4xx_hal_tim_ex.c ****   *            @arg TIM_TIM2_ITR1_USB_SOF:            TIM2_ITR1 is connected to USB SOF
2329:stm/stm32l4xx/STM32L4xx_HAL_Driver/Src/stm32l4xx_hal_tim_ex.c ****   *
2330:stm/stm32l4xx/STM32L4xx_HAL_Driver/Src/stm32l4xx_hal_tim_ex.c ****   *                   field2 can have the following values:
2331:stm/stm32l4xx/STM32L4xx_HAL_Driver/Src/stm32l4xx_hal_tim_ex.c ****   *            @arg TIM_TIM2_ETR_GPIO:                TIM2_ETR is connected to GPIO
2332:stm/stm32l4xx/STM32L4xx_HAL_Driver/Src/stm32l4xx_hal_tim_ex.c ****   *            @arg TIM_TIM2_ETR_LSE:                 TIM2_ETR is connected to LSE
2333:stm/stm32l4xx/STM32L4xx_HAL_Driver/Src/stm32l4xx_hal_tim_ex.c ****   *            @arg TIM_TIM2_ETR_COMP1:               TIM2_ETR is connected to COMP1 output
2334:stm/stm32l4xx/STM32L4xx_HAL_Driver/Src/stm32l4xx_hal_tim_ex.c ****   *            @arg TIM_TIM2_ETR_COMP2:               TIM2_ETR is connected to COMP2 output
2335:stm/stm32l4xx/STM32L4xx_HAL_Driver/Src/stm32l4xx_hal_tim_ex.c ****   *
2336:stm/stm32l4xx/STM32L4xx_HAL_Driver/Src/stm32l4xx_hal_tim_ex.c ****   *                   field3 can have the following values:
2337:stm/stm32l4xx/STM32L4xx_HAL_Driver/Src/stm32l4xx_hal_tim_ex.c ****   *            @arg TIM_TIM2_TI4_GPIO:                TIM2 TI4 is connected to GPIO
2338:stm/stm32l4xx/STM32L4xx_HAL_Driver/Src/stm32l4xx_hal_tim_ex.c ****   *            @arg TIM_TIM2_TI4_COMP1:               TIM2 TI4 is connected to COMP1 output
2339:stm/stm32l4xx/STM32L4xx_HAL_Driver/Src/stm32l4xx_hal_tim_ex.c ****   *            @arg TIM_TIM2_TI4_COMP2:               TIM2 TI4 is connected to COMP2 output
2340:stm/stm32l4xx/STM32L4xx_HAL_Driver/Src/stm32l4xx_hal_tim_ex.c ****   *            @arg TIM_TIM2_TI4_COMP1_COMP2:         TIM2 TI4 is connected to logical OR between C
2341:stm/stm32l4xx/STM32L4xx_HAL_Driver/Src/stm32l4xx_hal_tim_ex.c ****   *
2342:stm/stm32l4xx/STM32L4xx_HAL_Driver/Src/stm32l4xx_hal_tim_ex.c ****   @endif
2343:stm/stm32l4xx/STM32L4xx_HAL_Driver/Src/stm32l4xx_hal_tim_ex.c ****   @if STM32L486xx
2344:stm/stm32l4xx/STM32L4xx_HAL_Driver/Src/stm32l4xx_hal_tim_ex.c ****   *         For TIM3, the parameter is a combination 2 fields(field1 | field2):
2345:stm/stm32l4xx/STM32L4xx_HAL_Driver/Src/stm32l4xx_hal_tim_ex.c ****   *
2346:stm/stm32l4xx/STM32L4xx_HAL_Driver/Src/stm32l4xx_hal_tim_ex.c ****   *                   field1 can have the following values:
2347:stm/stm32l4xx/STM32L4xx_HAL_Driver/Src/stm32l4xx_hal_tim_ex.c ****   *            @arg TIM_TIM3_TI1_GPIO:                TIM3 TI1 is connected to GPIO
2348:stm/stm32l4xx/STM32L4xx_HAL_Driver/Src/stm32l4xx_hal_tim_ex.c ****   *            @arg TIM_TIM3_TI1_COMP1:               TIM3 TI1 is connected to COMP1 output
2349:stm/stm32l4xx/STM32L4xx_HAL_Driver/Src/stm32l4xx_hal_tim_ex.c ****   *            @arg TIM_TIM3_TI1_COMP2:               TIM3 TI1 is connected to COMP2 output
2350:stm/stm32l4xx/STM32L4xx_HAL_Driver/Src/stm32l4xx_hal_tim_ex.c ****   *            @arg TIM_TIM3_TI1_COMP1_COMP2:         TIM3 TI1 is connected to logical OR between C
2351:stm/stm32l4xx/STM32L4xx_HAL_Driver/Src/stm32l4xx_hal_tim_ex.c ****   *
2352:stm/stm32l4xx/STM32L4xx_HAL_Driver/Src/stm32l4xx_hal_tim_ex.c ****   *                   field2 can have the following values:
2353:stm/stm32l4xx/STM32L4xx_HAL_Driver/Src/stm32l4xx_hal_tim_ex.c ****   *            @arg TIM_TIM3_ETR_GPIO:                TIM3_ETR is connected to GPIO
2354:stm/stm32l4xx/STM32L4xx_HAL_Driver/Src/stm32l4xx_hal_tim_ex.c ****   *            @arg TIM_TIM3_ETR_COMP1:               TIM3_ETR is connected to COMP1 output
2355:stm/stm32l4xx/STM32L4xx_HAL_Driver/Src/stm32l4xx_hal_tim_ex.c ****   *
2356:stm/stm32l4xx/STM32L4xx_HAL_Driver/Src/stm32l4xx_hal_tim_ex.c ****   @endif
2357:stm/stm32l4xx/STM32L4xx_HAL_Driver/Src/stm32l4xx_hal_tim_ex.c ****   @if STM32L486xx
2358:stm/stm32l4xx/STM32L4xx_HAL_Driver/Src/stm32l4xx_hal_tim_ex.c ****   *         For TIM8, the parameter is a combination of 3 fields (field1 | field2 | field3):
2359:stm/stm32l4xx/STM32L4xx_HAL_Driver/Src/stm32l4xx_hal_tim_ex.c ****   *
2360:stm/stm32l4xx/STM32L4xx_HAL_Driver/Src/stm32l4xx_hal_tim_ex.c ****   *                   field1 can have the following values:
2361:stm/stm32l4xx/STM32L4xx_HAL_Driver/Src/stm32l4xx_hal_tim_ex.c ****   *            @arg TIM_TIM8_ETR_ADC2_NONE:          TIM8_ETR is not connected to any ADC2 AWD (ana
2362:stm/stm32l4xx/STM32L4xx_HAL_Driver/Src/stm32l4xx_hal_tim_ex.c ****   *            @arg TIM_TIM8_ETR_ADC2_AWD1:          TIM8_ETR is connected to ADC2 AWD1
2363:stm/stm32l4xx/STM32L4xx_HAL_Driver/Src/stm32l4xx_hal_tim_ex.c ****   *            @arg TIM_TIM8_ETR_ADC2_AWD2:          TIM8_ETR is connected to ADC2 AWD2
2364:stm/stm32l4xx/STM32L4xx_HAL_Driver/Src/stm32l4xx_hal_tim_ex.c ****   *            @arg TIM_TIM8_ETR_ADC2_AWD3:          TIM8_ETR is connected to ADC2 AWD3
2365:stm/stm32l4xx/STM32L4xx_HAL_Driver/Src/stm32l4xx_hal_tim_ex.c ****   *
2366:stm/stm32l4xx/STM32L4xx_HAL_Driver/Src/stm32l4xx_hal_tim_ex.c ****   *                   field2 can have the following values:
2367:stm/stm32l4xx/STM32L4xx_HAL_Driver/Src/stm32l4xx_hal_tim_ex.c ****   *            @arg TIM_TIM8_ETR_ADC3_NONE:          TIM8_ETR is not connected to any ADC3 AWD (ana
ARM GAS  /var/tmp//ccYgLLN5.s 			page 43


2368:stm/stm32l4xx/STM32L4xx_HAL_Driver/Src/stm32l4xx_hal_tim_ex.c ****   *            @arg TIM_TIM8_ETR_ADC3_AWD1:          TIM8_ETR is connected to ADC3 AWD1
2369:stm/stm32l4xx/STM32L4xx_HAL_Driver/Src/stm32l4xx_hal_tim_ex.c ****   *            @arg TIM_TIM8_ETR_ADC3_AWD2:          TIM8_ETR is connected to ADC3 AWD2
2370:stm/stm32l4xx/STM32L4xx_HAL_Driver/Src/stm32l4xx_hal_tim_ex.c ****   *            @arg TIM_TIM8_ETR_ADC3_AWD3:          TIM8_ETR is connected to ADC3 AWD3
2371:stm/stm32l4xx/STM32L4xx_HAL_Driver/Src/stm32l4xx_hal_tim_ex.c ****   *
2372:stm/stm32l4xx/STM32L4xx_HAL_Driver/Src/stm32l4xx_hal_tim_ex.c ****   *                   field3 can have the following values:
2373:stm/stm32l4xx/STM32L4xx_HAL_Driver/Src/stm32l4xx_hal_tim_ex.c ****   *            @arg TIM_TIM8_TI1_GPIO:               TIM8 TI1 is connected to GPIO
2374:stm/stm32l4xx/STM32L4xx_HAL_Driver/Src/stm32l4xx_hal_tim_ex.c ****   *            @arg TIM_TIM8_TI1_COMP2:              TIM8 TI1 is connected to COMP2 output
2375:stm/stm32l4xx/STM32L4xx_HAL_Driver/Src/stm32l4xx_hal_tim_ex.c ****   *
2376:stm/stm32l4xx/STM32L4xx_HAL_Driver/Src/stm32l4xx_hal_tim_ex.c ****   *                   field4 can have the following values:
2377:stm/stm32l4xx/STM32L4xx_HAL_Driver/Src/stm32l4xx_hal_tim_ex.c ****   *            @arg TIM_TIM8_ETR_COMP1:               TIM8_ETR is connected to COMP1 output
2378:stm/stm32l4xx/STM32L4xx_HAL_Driver/Src/stm32l4xx_hal_tim_ex.c ****   *            @arg TIM_TIM8_ETR_COMP2:               TIM8_ETR is connected to COMP2 output
2379:stm/stm32l4xx/STM32L4xx_HAL_Driver/Src/stm32l4xx_hal_tim_ex.c ****   *            @note  When field4 is set to TIM_TIM8_ETR_COMP1 or TIM_TIM8_ETR_COMP2 field1 and fie
2380:stm/stm32l4xx/STM32L4xx_HAL_Driver/Src/stm32l4xx_hal_tim_ex.c ****   *
2381:stm/stm32l4xx/STM32L4xx_HAL_Driver/Src/stm32l4xx_hal_tim_ex.c ****   @endif
2382:stm/stm32l4xx/STM32L4xx_HAL_Driver/Src/stm32l4xx_hal_tim_ex.c ****   @if STM32L422xx
2383:stm/stm32l4xx/STM32L4xx_HAL_Driver/Src/stm32l4xx_hal_tim_ex.c ****   *         For TIM15, the parameter is a combination of 2 fields (field1 | field2):
2384:stm/stm32l4xx/STM32L4xx_HAL_Driver/Src/stm32l4xx_hal_tim_ex.c ****   *
2385:stm/stm32l4xx/STM32L4xx_HAL_Driver/Src/stm32l4xx_hal_tim_ex.c ****   *                   field1 can have the following values:
2386:stm/stm32l4xx/STM32L4xx_HAL_Driver/Src/stm32l4xx_hal_tim_ex.c ****   *            @arg TIM_TIM15_TI1_GPIO:              TIM15 TI1 is connected to GPIO
2387:stm/stm32l4xx/STM32L4xx_HAL_Driver/Src/stm32l4xx_hal_tim_ex.c ****   *            @arg TIM_TIM15_TI1_LSE:               TIM15 TI1 is connected to LSE
2388:stm/stm32l4xx/STM32L4xx_HAL_Driver/Src/stm32l4xx_hal_tim_ex.c ****   *
2389:stm/stm32l4xx/STM32L4xx_HAL_Driver/Src/stm32l4xx_hal_tim_ex.c ****   *                   field2 can have the following values:
2390:stm/stm32l4xx/STM32L4xx_HAL_Driver/Src/stm32l4xx_hal_tim_ex.c ****   *            @arg TIM_TIM15_ENCODERMODE_NONE:      No redirection
2391:stm/stm32l4xx/STM32L4xx_HAL_Driver/Src/stm32l4xx_hal_tim_ex.c ****   *            @arg TIM_TIM15_ENCODERMODE_TIM2:      TIM2 IC1 and TIM2 IC2 are connected to TIM15 I
2392:stm/stm32l4xx/STM32L4xx_HAL_Driver/Src/stm32l4xx_hal_tim_ex.c ****   *
2393:stm/stm32l4xx/STM32L4xx_HAL_Driver/Src/stm32l4xx_hal_tim_ex.c ****   @endif
2394:stm/stm32l4xx/STM32L4xx_HAL_Driver/Src/stm32l4xx_hal_tim_ex.c ****   @if STM32L443xx
2395:stm/stm32l4xx/STM32L4xx_HAL_Driver/Src/stm32l4xx_hal_tim_ex.c ****   *         For TIM15, the parameter is a combination of 2 fields (field1 | field2):
2396:stm/stm32l4xx/STM32L4xx_HAL_Driver/Src/stm32l4xx_hal_tim_ex.c ****   *
2397:stm/stm32l4xx/STM32L4xx_HAL_Driver/Src/stm32l4xx_hal_tim_ex.c ****   *                   field1 can have the following values:
2398:stm/stm32l4xx/STM32L4xx_HAL_Driver/Src/stm32l4xx_hal_tim_ex.c ****   *            @arg TIM_TIM15_TI1_GPIO:              TIM15 TI1 is connected to GPIO
2399:stm/stm32l4xx/STM32L4xx_HAL_Driver/Src/stm32l4xx_hal_tim_ex.c ****   *            @arg TIM_TIM15_TI1_LSE:               TIM15 TI1 is connected to LSE
2400:stm/stm32l4xx/STM32L4xx_HAL_Driver/Src/stm32l4xx_hal_tim_ex.c ****   *
2401:stm/stm32l4xx/STM32L4xx_HAL_Driver/Src/stm32l4xx_hal_tim_ex.c ****   *                   field2 can have the following values:
2402:stm/stm32l4xx/STM32L4xx_HAL_Driver/Src/stm32l4xx_hal_tim_ex.c ****   *            @arg TIM_TIM15_ENCODERMODE_NONE:      No redirection
2403:stm/stm32l4xx/STM32L4xx_HAL_Driver/Src/stm32l4xx_hal_tim_ex.c ****   *            @arg TIM_TIM15_ENCODERMODE_TIM2:      TIM2 IC1 and TIM2 IC2 are connected to TIM15 I
2404:stm/stm32l4xx/STM32L4xx_HAL_Driver/Src/stm32l4xx_hal_tim_ex.c ****   *            @arg TIM_TIM15_ENCODERMODE_TIM3:      TIM3 IC1 and TIM3 IC2 are connected to TIM15 I
2405:stm/stm32l4xx/STM32L4xx_HAL_Driver/Src/stm32l4xx_hal_tim_ex.c ****   *            @arg TIM_TIM15_ENCODERMODE_TIM4:      TIM4 IC1 and TIM4 IC2 are connected to TIM15 I
2406:stm/stm32l4xx/STM32L4xx_HAL_Driver/Src/stm32l4xx_hal_tim_ex.c ****   *
2407:stm/stm32l4xx/STM32L4xx_HAL_Driver/Src/stm32l4xx_hal_tim_ex.c ****   @endif
2408:stm/stm32l4xx/STM32L4xx_HAL_Driver/Src/stm32l4xx_hal_tim_ex.c ****   @if STM32L486xx
2409:stm/stm32l4xx/STM32L4xx_HAL_Driver/Src/stm32l4xx_hal_tim_ex.c ****   *            @arg TIM_TIM16_TI1_GPIO:              TIM16 TI1 is connected to GPIO
2410:stm/stm32l4xx/STM32L4xx_HAL_Driver/Src/stm32l4xx_hal_tim_ex.c ****   *            @arg TIM_TIM16_TI1_LSI:               TIM16 TI1 is connected to LSI
2411:stm/stm32l4xx/STM32L4xx_HAL_Driver/Src/stm32l4xx_hal_tim_ex.c ****   *            @arg TIM_TIM16_TI1_LSE:               TIM16 TI1 is connected to LSE
2412:stm/stm32l4xx/STM32L4xx_HAL_Driver/Src/stm32l4xx_hal_tim_ex.c ****   *            @arg TIM_TIM16_TI1_RTC:               TIM16 TI1 is connected to RTC wakeup interrupt
2413:stm/stm32l4xx/STM32L4xx_HAL_Driver/Src/stm32l4xx_hal_tim_ex.c ****   *
2414:stm/stm32l4xx/STM32L4xx_HAL_Driver/Src/stm32l4xx_hal_tim_ex.c ****   @endif
2415:stm/stm32l4xx/STM32L4xx_HAL_Driver/Src/stm32l4xx_hal_tim_ex.c ****   @if STM32L422xx
2416:stm/stm32l4xx/STM32L4xx_HAL_Driver/Src/stm32l4xx_hal_tim_ex.c ****   *         For TIM16, the parameter can have the following values:
2417:stm/stm32l4xx/STM32L4xx_HAL_Driver/Src/stm32l4xx_hal_tim_ex.c ****   *            @arg TIM_TIM16_TI1_GPIO:              TIM16 TI1 is connected to GPIO
2418:stm/stm32l4xx/STM32L4xx_HAL_Driver/Src/stm32l4xx_hal_tim_ex.c ****   *            @arg TIM_TIM16_TI1_LSI:               TIM16 TI1 is connected to LSI
2419:stm/stm32l4xx/STM32L4xx_HAL_Driver/Src/stm32l4xx_hal_tim_ex.c ****   *            @arg TIM_TIM16_TI1_LSE:               TIM16 TI1 is connected to LSE
2420:stm/stm32l4xx/STM32L4xx_HAL_Driver/Src/stm32l4xx_hal_tim_ex.c ****   *            @arg TIM_TIM16_TI1_RTC:               TIM16 TI1 is connected to RTC wakeup interrupt
2421:stm/stm32l4xx/STM32L4xx_HAL_Driver/Src/stm32l4xx_hal_tim_ex.c ****   *            @arg TIM_TIM16_TI1_MSI:               TIM16 TI1 is connected to MSI  (constraints: M
2422:stm/stm32l4xx/STM32L4xx_HAL_Driver/Src/stm32l4xx_hal_tim_ex.c ****   *            @arg TIM_TIM16_TI1_HSE_32:            TIM16 TI1 is connected to HSE div 32  (note th
2423:stm/stm32l4xx/STM32L4xx_HAL_Driver/Src/stm32l4xx_hal_tim_ex.c ****   *            @arg TIM_TIM16_TI1_MCO:               TIM16 TI1 is connected to MCO
2424:stm/stm32l4xx/STM32L4xx_HAL_Driver/Src/stm32l4xx_hal_tim_ex.c ****   *
ARM GAS  /var/tmp//ccYgLLN5.s 			page 44


2425:stm/stm32l4xx/STM32L4xx_HAL_Driver/Src/stm32l4xx_hal_tim_ex.c ****   @endif
2426:stm/stm32l4xx/STM32L4xx_HAL_Driver/Src/stm32l4xx_hal_tim_ex.c ****   @if STM32L443xx
2427:stm/stm32l4xx/STM32L4xx_HAL_Driver/Src/stm32l4xx_hal_tim_ex.c ****   *         For TIM16, the parameter can have the following values:
2428:stm/stm32l4xx/STM32L4xx_HAL_Driver/Src/stm32l4xx_hal_tim_ex.c ****   *            @arg TIM_TIM16_TI1_GPIO:              TIM16 TI1 is connected to GPIO
2429:stm/stm32l4xx/STM32L4xx_HAL_Driver/Src/stm32l4xx_hal_tim_ex.c ****   *            @arg TIM_TIM16_TI1_LSI:               TIM16 TI1 is connected to LSI
2430:stm/stm32l4xx/STM32L4xx_HAL_Driver/Src/stm32l4xx_hal_tim_ex.c ****   *            @arg TIM_TIM16_TI1_LSE:               TIM16 TI1 is connected to LSE
2431:stm/stm32l4xx/STM32L4xx_HAL_Driver/Src/stm32l4xx_hal_tim_ex.c ****   *            @arg TIM_TIM16_TI1_RTC:               TIM16 TI1 is connected to RTC wakeup interrupt
2432:stm/stm32l4xx/STM32L4xx_HAL_Driver/Src/stm32l4xx_hal_tim_ex.c ****   *            @arg TIM_TIM16_TI1_MSI:               TIM16 TI1 is connected to MSI  (constraints: M
2433:stm/stm32l4xx/STM32L4xx_HAL_Driver/Src/stm32l4xx_hal_tim_ex.c ****   *            @arg TIM_TIM16_TI1_HSE_32:            TIM16 TI1 is connected to HSE div 32  (note th
2434:stm/stm32l4xx/STM32L4xx_HAL_Driver/Src/stm32l4xx_hal_tim_ex.c ****   *            @arg TIM_TIM16_TI1_MCO:               TIM16 TI1 is connected to MCO
2435:stm/stm32l4xx/STM32L4xx_HAL_Driver/Src/stm32l4xx_hal_tim_ex.c ****   *
2436:stm/stm32l4xx/STM32L4xx_HAL_Driver/Src/stm32l4xx_hal_tim_ex.c ****   @endif
2437:stm/stm32l4xx/STM32L4xx_HAL_Driver/Src/stm32l4xx_hal_tim_ex.c ****   @if STM32L486xx
2438:stm/stm32l4xx/STM32L4xx_HAL_Driver/Src/stm32l4xx_hal_tim_ex.c ****   *         For TIM17, the parameter can have the following values:
2439:stm/stm32l4xx/STM32L4xx_HAL_Driver/Src/stm32l4xx_hal_tim_ex.c ****   *            @arg TIM_TIM17_TI1_GPIO:              TIM17 TI1 is connected to GPIO
2440:stm/stm32l4xx/STM32L4xx_HAL_Driver/Src/stm32l4xx_hal_tim_ex.c ****   *            @arg TIM_TIM17_TI1_MSI:               TIM17 TI1 is connected to MSI  (constraints: M
2441:stm/stm32l4xx/STM32L4xx_HAL_Driver/Src/stm32l4xx_hal_tim_ex.c ****   *            @arg TIM_TIM17_TI1_HSE_32:            TIM17 TI1 is connected to HSE div 32
2442:stm/stm32l4xx/STM32L4xx_HAL_Driver/Src/stm32l4xx_hal_tim_ex.c ****   *            @arg TIM_TIM17_TI1_MCO:               TIM17 TI1 is connected to MCO
2443:stm/stm32l4xx/STM32L4xx_HAL_Driver/Src/stm32l4xx_hal_tim_ex.c ****   @endif
2444:stm/stm32l4xx/STM32L4xx_HAL_Driver/Src/stm32l4xx_hal_tim_ex.c ****   *
2445:stm/stm32l4xx/STM32L4xx_HAL_Driver/Src/stm32l4xx_hal_tim_ex.c ****   * @retval HAL status
2446:stm/stm32l4xx/STM32L4xx_HAL_Driver/Src/stm32l4xx_hal_tim_ex.c ****   */
2447:stm/stm32l4xx/STM32L4xx_HAL_Driver/Src/stm32l4xx_hal_tim_ex.c **** HAL_StatusTypeDef HAL_TIMEx_RemapConfig(TIM_HandleTypeDef *htim, uint32_t Remap)
2448:stm/stm32l4xx/STM32L4xx_HAL_Driver/Src/stm32l4xx_hal_tim_ex.c **** {
2449:stm/stm32l4xx/STM32L4xx_HAL_Driver/Src/stm32l4xx_hal_tim_ex.c ****   uint32_t tmpor1;
2450:stm/stm32l4xx/STM32L4xx_HAL_Driver/Src/stm32l4xx_hal_tim_ex.c ****   uint32_t tmpor2;
2451:stm/stm32l4xx/STM32L4xx_HAL_Driver/Src/stm32l4xx_hal_tim_ex.c **** 
2452:stm/stm32l4xx/STM32L4xx_HAL_Driver/Src/stm32l4xx_hal_tim_ex.c ****   /* Check parameters */
2453:stm/stm32l4xx/STM32L4xx_HAL_Driver/Src/stm32l4xx_hal_tim_ex.c ****   assert_param(IS_TIM_REMAP_INSTANCE(htim->Instance));
2454:stm/stm32l4xx/STM32L4xx_HAL_Driver/Src/stm32l4xx_hal_tim_ex.c ****   assert_param(IS_TIM_REMAP(Remap));
2455:stm/stm32l4xx/STM32L4xx_HAL_Driver/Src/stm32l4xx_hal_tim_ex.c **** 
2456:stm/stm32l4xx/STM32L4xx_HAL_Driver/Src/stm32l4xx_hal_tim_ex.c ****   __HAL_LOCK(htim);
2457:stm/stm32l4xx/STM32L4xx_HAL_Driver/Src/stm32l4xx_hal_tim_ex.c **** 
2458:stm/stm32l4xx/STM32L4xx_HAL_Driver/Src/stm32l4xx_hal_tim_ex.c ****   /* Set ETR_SEL bit field (if required) */
2459:stm/stm32l4xx/STM32L4xx_HAL_Driver/Src/stm32l4xx_hal_tim_ex.c ****   if (IS_TIM_ETRSEL_INSTANCE(htim->Instance))
2460:stm/stm32l4xx/STM32L4xx_HAL_Driver/Src/stm32l4xx_hal_tim_ex.c ****   {
2461:stm/stm32l4xx/STM32L4xx_HAL_Driver/Src/stm32l4xx_hal_tim_ex.c ****     tmpor2 = htim->Instance->OR2;
2462:stm/stm32l4xx/STM32L4xx_HAL_Driver/Src/stm32l4xx_hal_tim_ex.c ****     tmpor2 &= ~TIM1_OR2_ETRSEL_Msk;
2463:stm/stm32l4xx/STM32L4xx_HAL_Driver/Src/stm32l4xx_hal_tim_ex.c ****     tmpor2 |= (Remap & TIM1_OR2_ETRSEL_Msk);
2464:stm/stm32l4xx/STM32L4xx_HAL_Driver/Src/stm32l4xx_hal_tim_ex.c **** 
2465:stm/stm32l4xx/STM32L4xx_HAL_Driver/Src/stm32l4xx_hal_tim_ex.c ****     /* Set TIMx_OR2 */
2466:stm/stm32l4xx/STM32L4xx_HAL_Driver/Src/stm32l4xx_hal_tim_ex.c ****     htim->Instance->OR2 = tmpor2;
2467:stm/stm32l4xx/STM32L4xx_HAL_Driver/Src/stm32l4xx_hal_tim_ex.c ****   }
2468:stm/stm32l4xx/STM32L4xx_HAL_Driver/Src/stm32l4xx_hal_tim_ex.c **** 
2469:stm/stm32l4xx/STM32L4xx_HAL_Driver/Src/stm32l4xx_hal_tim_ex.c ****   /* Set other remapping capabilities */
2470:stm/stm32l4xx/STM32L4xx_HAL_Driver/Src/stm32l4xx_hal_tim_ex.c ****   tmpor1 = Remap;
2471:stm/stm32l4xx/STM32L4xx_HAL_Driver/Src/stm32l4xx_hal_tim_ex.c ****   tmpor1 &= ~TIM1_OR2_ETRSEL_Msk;
2472:stm/stm32l4xx/STM32L4xx_HAL_Driver/Src/stm32l4xx_hal_tim_ex.c **** 
2473:stm/stm32l4xx/STM32L4xx_HAL_Driver/Src/stm32l4xx_hal_tim_ex.c ****   /* Set TIMx_OR1 */
2474:stm/stm32l4xx/STM32L4xx_HAL_Driver/Src/stm32l4xx_hal_tim_ex.c ****   htim->Instance->OR1 = tmpor1;
2475:stm/stm32l4xx/STM32L4xx_HAL_Driver/Src/stm32l4xx_hal_tim_ex.c **** 
2476:stm/stm32l4xx/STM32L4xx_HAL_Driver/Src/stm32l4xx_hal_tim_ex.c ****   __HAL_UNLOCK(htim);
2477:stm/stm32l4xx/STM32L4xx_HAL_Driver/Src/stm32l4xx_hal_tim_ex.c **** 
2478:stm/stm32l4xx/STM32L4xx_HAL_Driver/Src/stm32l4xx_hal_tim_ex.c ****   return HAL_OK;
2479:stm/stm32l4xx/STM32L4xx_HAL_Driver/Src/stm32l4xx_hal_tim_ex.c **** }
2480:stm/stm32l4xx/STM32L4xx_HAL_Driver/Src/stm32l4xx_hal_tim_ex.c **** 
2481:stm/stm32l4xx/STM32L4xx_HAL_Driver/Src/stm32l4xx_hal_tim_ex.c **** /**
ARM GAS  /var/tmp//ccYgLLN5.s 			page 45


2482:stm/stm32l4xx/STM32L4xx_HAL_Driver/Src/stm32l4xx_hal_tim_ex.c ****   * @brief  Group channel 5 and channel 1, 2 or 3
2483:stm/stm32l4xx/STM32L4xx_HAL_Driver/Src/stm32l4xx_hal_tim_ex.c ****   * @param  htim TIM handle.
2484:stm/stm32l4xx/STM32L4xx_HAL_Driver/Src/stm32l4xx_hal_tim_ex.c ****   * @param  Channels specifies the reference signal(s) the OC5REF is combined with.
2485:stm/stm32l4xx/STM32L4xx_HAL_Driver/Src/stm32l4xx_hal_tim_ex.c ****   *         This parameter can be any combination of the following values:
2486:stm/stm32l4xx/STM32L4xx_HAL_Driver/Src/stm32l4xx_hal_tim_ex.c ****   *         TIM_GROUPCH5_NONE: No effect of OC5REF on OC1REFC, OC2REFC and OC3REFC
2487:stm/stm32l4xx/STM32L4xx_HAL_Driver/Src/stm32l4xx_hal_tim_ex.c ****   *         TIM_GROUPCH5_OC1REFC: OC1REFC is the logical AND of OC1REFC and OC5REF
2488:stm/stm32l4xx/STM32L4xx_HAL_Driver/Src/stm32l4xx_hal_tim_ex.c ****   *         TIM_GROUPCH5_OC2REFC: OC2REFC is the logical AND of OC2REFC and OC5REF
2489:stm/stm32l4xx/STM32L4xx_HAL_Driver/Src/stm32l4xx_hal_tim_ex.c ****   *         TIM_GROUPCH5_OC3REFC: OC3REFC is the logical AND of OC3REFC and OC5REF
2490:stm/stm32l4xx/STM32L4xx_HAL_Driver/Src/stm32l4xx_hal_tim_ex.c ****   * @retval HAL status
2491:stm/stm32l4xx/STM32L4xx_HAL_Driver/Src/stm32l4xx_hal_tim_ex.c ****   */
2492:stm/stm32l4xx/STM32L4xx_HAL_Driver/Src/stm32l4xx_hal_tim_ex.c **** HAL_StatusTypeDef HAL_TIMEx_GroupChannel5(TIM_HandleTypeDef *htim, uint32_t Channels)
2493:stm/stm32l4xx/STM32L4xx_HAL_Driver/Src/stm32l4xx_hal_tim_ex.c **** {
2494:stm/stm32l4xx/STM32L4xx_HAL_Driver/Src/stm32l4xx_hal_tim_ex.c ****   /* Check parameters */
2495:stm/stm32l4xx/STM32L4xx_HAL_Driver/Src/stm32l4xx_hal_tim_ex.c ****   assert_param(IS_TIM_COMBINED3PHASEPWM_INSTANCE(htim->Instance));
2496:stm/stm32l4xx/STM32L4xx_HAL_Driver/Src/stm32l4xx_hal_tim_ex.c ****   assert_param(IS_TIM_GROUPCH5(Channels));
2497:stm/stm32l4xx/STM32L4xx_HAL_Driver/Src/stm32l4xx_hal_tim_ex.c **** 
2498:stm/stm32l4xx/STM32L4xx_HAL_Driver/Src/stm32l4xx_hal_tim_ex.c ****   /* Process Locked */
2499:stm/stm32l4xx/STM32L4xx_HAL_Driver/Src/stm32l4xx_hal_tim_ex.c ****   __HAL_LOCK(htim);
2500:stm/stm32l4xx/STM32L4xx_HAL_Driver/Src/stm32l4xx_hal_tim_ex.c **** 
2501:stm/stm32l4xx/STM32L4xx_HAL_Driver/Src/stm32l4xx_hal_tim_ex.c ****   htim->State = HAL_TIM_STATE_BUSY;
2502:stm/stm32l4xx/STM32L4xx_HAL_Driver/Src/stm32l4xx_hal_tim_ex.c **** 
2503:stm/stm32l4xx/STM32L4xx_HAL_Driver/Src/stm32l4xx_hal_tim_ex.c ****   /* Clear GC5Cx bit fields */
2504:stm/stm32l4xx/STM32L4xx_HAL_Driver/Src/stm32l4xx_hal_tim_ex.c ****   htim->Instance->CCR5 &= ~(TIM_CCR5_GC5C3 | TIM_CCR5_GC5C2 | TIM_CCR5_GC5C1);
2505:stm/stm32l4xx/STM32L4xx_HAL_Driver/Src/stm32l4xx_hal_tim_ex.c **** 
2506:stm/stm32l4xx/STM32L4xx_HAL_Driver/Src/stm32l4xx_hal_tim_ex.c ****   /* Set GC5Cx bit fields */
2507:stm/stm32l4xx/STM32L4xx_HAL_Driver/Src/stm32l4xx_hal_tim_ex.c ****   htim->Instance->CCR5 |= Channels;
2508:stm/stm32l4xx/STM32L4xx_HAL_Driver/Src/stm32l4xx_hal_tim_ex.c **** 
2509:stm/stm32l4xx/STM32L4xx_HAL_Driver/Src/stm32l4xx_hal_tim_ex.c ****   /* Change the htim state */
2510:stm/stm32l4xx/STM32L4xx_HAL_Driver/Src/stm32l4xx_hal_tim_ex.c ****   htim->State = HAL_TIM_STATE_READY;
2511:stm/stm32l4xx/STM32L4xx_HAL_Driver/Src/stm32l4xx_hal_tim_ex.c **** 
2512:stm/stm32l4xx/STM32L4xx_HAL_Driver/Src/stm32l4xx_hal_tim_ex.c ****   __HAL_UNLOCK(htim);
2513:stm/stm32l4xx/STM32L4xx_HAL_Driver/Src/stm32l4xx_hal_tim_ex.c **** 
2514:stm/stm32l4xx/STM32L4xx_HAL_Driver/Src/stm32l4xx_hal_tim_ex.c ****   return HAL_OK;
2515:stm/stm32l4xx/STM32L4xx_HAL_Driver/Src/stm32l4xx_hal_tim_ex.c **** }
2516:stm/stm32l4xx/STM32L4xx_HAL_Driver/Src/stm32l4xx_hal_tim_ex.c **** 
2517:stm/stm32l4xx/STM32L4xx_HAL_Driver/Src/stm32l4xx_hal_tim_ex.c **** /**
2518:stm/stm32l4xx/STM32L4xx_HAL_Driver/Src/stm32l4xx_hal_tim_ex.c ****   * @}
2519:stm/stm32l4xx/STM32L4xx_HAL_Driver/Src/stm32l4xx_hal_tim_ex.c ****   */
2520:stm/stm32l4xx/STM32L4xx_HAL_Driver/Src/stm32l4xx_hal_tim_ex.c **** 
2521:stm/stm32l4xx/STM32L4xx_HAL_Driver/Src/stm32l4xx_hal_tim_ex.c **** /** @defgroup TIMEx_Exported_Functions_Group6 Extended Callbacks functions
2522:stm/stm32l4xx/STM32L4xx_HAL_Driver/Src/stm32l4xx_hal_tim_ex.c ****   * @brief    Extended Callbacks functions
2523:stm/stm32l4xx/STM32L4xx_HAL_Driver/Src/stm32l4xx_hal_tim_ex.c ****   *
2524:stm/stm32l4xx/STM32L4xx_HAL_Driver/Src/stm32l4xx_hal_tim_ex.c **** @verbatim
2525:stm/stm32l4xx/STM32L4xx_HAL_Driver/Src/stm32l4xx_hal_tim_ex.c ****   ==============================================================================
2526:stm/stm32l4xx/STM32L4xx_HAL_Driver/Src/stm32l4xx_hal_tim_ex.c ****                     ##### Extended Callbacks functions #####
2527:stm/stm32l4xx/STM32L4xx_HAL_Driver/Src/stm32l4xx_hal_tim_ex.c ****   ==============================================================================
2528:stm/stm32l4xx/STM32L4xx_HAL_Driver/Src/stm32l4xx_hal_tim_ex.c ****   [..]
2529:stm/stm32l4xx/STM32L4xx_HAL_Driver/Src/stm32l4xx_hal_tim_ex.c ****     This section provides Extended TIM callback functions:
2530:stm/stm32l4xx/STM32L4xx_HAL_Driver/Src/stm32l4xx_hal_tim_ex.c ****     (+) Timer Commutation callback
2531:stm/stm32l4xx/STM32L4xx_HAL_Driver/Src/stm32l4xx_hal_tim_ex.c ****     (+) Timer Break callback
2532:stm/stm32l4xx/STM32L4xx_HAL_Driver/Src/stm32l4xx_hal_tim_ex.c **** 
2533:stm/stm32l4xx/STM32L4xx_HAL_Driver/Src/stm32l4xx_hal_tim_ex.c **** @endverbatim
2534:stm/stm32l4xx/STM32L4xx_HAL_Driver/Src/stm32l4xx_hal_tim_ex.c ****   * @{
2535:stm/stm32l4xx/STM32L4xx_HAL_Driver/Src/stm32l4xx_hal_tim_ex.c ****   */
2536:stm/stm32l4xx/STM32L4xx_HAL_Driver/Src/stm32l4xx_hal_tim_ex.c **** 
2537:stm/stm32l4xx/STM32L4xx_HAL_Driver/Src/stm32l4xx_hal_tim_ex.c **** /**
2538:stm/stm32l4xx/STM32L4xx_HAL_Driver/Src/stm32l4xx_hal_tim_ex.c ****   * @brief  Commutation callback in non-blocking mode
ARM GAS  /var/tmp//ccYgLLN5.s 			page 46


2539:stm/stm32l4xx/STM32L4xx_HAL_Driver/Src/stm32l4xx_hal_tim_ex.c ****   * @param  htim TIM handle
2540:stm/stm32l4xx/STM32L4xx_HAL_Driver/Src/stm32l4xx_hal_tim_ex.c ****   * @retval None
2541:stm/stm32l4xx/STM32L4xx_HAL_Driver/Src/stm32l4xx_hal_tim_ex.c ****   */
2542:stm/stm32l4xx/STM32L4xx_HAL_Driver/Src/stm32l4xx_hal_tim_ex.c **** __weak void HAL_TIMEx_CommutCallback(TIM_HandleTypeDef *htim)
2543:stm/stm32l4xx/STM32L4xx_HAL_Driver/Src/stm32l4xx_hal_tim_ex.c **** {
2544:stm/stm32l4xx/STM32L4xx_HAL_Driver/Src/stm32l4xx_hal_tim_ex.c ****   /* Prevent unused argument(s) compilation warning */
2545:stm/stm32l4xx/STM32L4xx_HAL_Driver/Src/stm32l4xx_hal_tim_ex.c ****   UNUSED(htim);
2546:stm/stm32l4xx/STM32L4xx_HAL_Driver/Src/stm32l4xx_hal_tim_ex.c **** 
2547:stm/stm32l4xx/STM32L4xx_HAL_Driver/Src/stm32l4xx_hal_tim_ex.c ****   /* NOTE : This function should not be modified, when the callback is needed,
2548:stm/stm32l4xx/STM32L4xx_HAL_Driver/Src/stm32l4xx_hal_tim_ex.c ****             the HAL_TIMEx_CommutCallback could be implemented in the user file
2549:stm/stm32l4xx/STM32L4xx_HAL_Driver/Src/stm32l4xx_hal_tim_ex.c ****    */
2550:stm/stm32l4xx/STM32L4xx_HAL_Driver/Src/stm32l4xx_hal_tim_ex.c **** }
2551:stm/stm32l4xx/STM32L4xx_HAL_Driver/Src/stm32l4xx_hal_tim_ex.c **** /**
2552:stm/stm32l4xx/STM32L4xx_HAL_Driver/Src/stm32l4xx_hal_tim_ex.c ****   * @brief  Commutation half complete callback in non-blocking mode
2553:stm/stm32l4xx/STM32L4xx_HAL_Driver/Src/stm32l4xx_hal_tim_ex.c ****   * @param  htim TIM handle
2554:stm/stm32l4xx/STM32L4xx_HAL_Driver/Src/stm32l4xx_hal_tim_ex.c ****   * @retval None
2555:stm/stm32l4xx/STM32L4xx_HAL_Driver/Src/stm32l4xx_hal_tim_ex.c ****   */
2556:stm/stm32l4xx/STM32L4xx_HAL_Driver/Src/stm32l4xx_hal_tim_ex.c **** __weak void HAL_TIMEx_CommutHalfCpltCallback(TIM_HandleTypeDef *htim)
2557:stm/stm32l4xx/STM32L4xx_HAL_Driver/Src/stm32l4xx_hal_tim_ex.c **** {
2558:stm/stm32l4xx/STM32L4xx_HAL_Driver/Src/stm32l4xx_hal_tim_ex.c ****   /* Prevent unused argument(s) compilation warning */
2559:stm/stm32l4xx/STM32L4xx_HAL_Driver/Src/stm32l4xx_hal_tim_ex.c ****   UNUSED(htim);
2560:stm/stm32l4xx/STM32L4xx_HAL_Driver/Src/stm32l4xx_hal_tim_ex.c **** 
2561:stm/stm32l4xx/STM32L4xx_HAL_Driver/Src/stm32l4xx_hal_tim_ex.c ****   /* NOTE : This function should not be modified, when the callback is needed,
2562:stm/stm32l4xx/STM32L4xx_HAL_Driver/Src/stm32l4xx_hal_tim_ex.c ****             the HAL_TIMEx_CommutHalfCpltCallback could be implemented in the user file
2563:stm/stm32l4xx/STM32L4xx_HAL_Driver/Src/stm32l4xx_hal_tim_ex.c ****    */
2564:stm/stm32l4xx/STM32L4xx_HAL_Driver/Src/stm32l4xx_hal_tim_ex.c **** }
2565:stm/stm32l4xx/STM32L4xx_HAL_Driver/Src/stm32l4xx_hal_tim_ex.c **** 
2566:stm/stm32l4xx/STM32L4xx_HAL_Driver/Src/stm32l4xx_hal_tim_ex.c **** /**
2567:stm/stm32l4xx/STM32L4xx_HAL_Driver/Src/stm32l4xx_hal_tim_ex.c ****   * @brief  Break detection callback in non-blocking mode
2568:stm/stm32l4xx/STM32L4xx_HAL_Driver/Src/stm32l4xx_hal_tim_ex.c ****   * @param  htim TIM handle
2569:stm/stm32l4xx/STM32L4xx_HAL_Driver/Src/stm32l4xx_hal_tim_ex.c ****   * @retval None
2570:stm/stm32l4xx/STM32L4xx_HAL_Driver/Src/stm32l4xx_hal_tim_ex.c ****   */
2571:stm/stm32l4xx/STM32L4xx_HAL_Driver/Src/stm32l4xx_hal_tim_ex.c **** __weak void HAL_TIMEx_BreakCallback(TIM_HandleTypeDef *htim)
2572:stm/stm32l4xx/STM32L4xx_HAL_Driver/Src/stm32l4xx_hal_tim_ex.c **** {
2573:stm/stm32l4xx/STM32L4xx_HAL_Driver/Src/stm32l4xx_hal_tim_ex.c ****   /* Prevent unused argument(s) compilation warning */
2574:stm/stm32l4xx/STM32L4xx_HAL_Driver/Src/stm32l4xx_hal_tim_ex.c ****   UNUSED(htim);
2575:stm/stm32l4xx/STM32L4xx_HAL_Driver/Src/stm32l4xx_hal_tim_ex.c **** 
2576:stm/stm32l4xx/STM32L4xx_HAL_Driver/Src/stm32l4xx_hal_tim_ex.c ****   /* NOTE : This function should not be modified, when the callback is needed,
2577:stm/stm32l4xx/STM32L4xx_HAL_Driver/Src/stm32l4xx_hal_tim_ex.c ****             the HAL_TIMEx_BreakCallback could be implemented in the user file
2578:stm/stm32l4xx/STM32L4xx_HAL_Driver/Src/stm32l4xx_hal_tim_ex.c ****    */
2579:stm/stm32l4xx/STM32L4xx_HAL_Driver/Src/stm32l4xx_hal_tim_ex.c **** }
2580:stm/stm32l4xx/STM32L4xx_HAL_Driver/Src/stm32l4xx_hal_tim_ex.c **** 
2581:stm/stm32l4xx/STM32L4xx_HAL_Driver/Src/stm32l4xx_hal_tim_ex.c **** /**
2582:stm/stm32l4xx/STM32L4xx_HAL_Driver/Src/stm32l4xx_hal_tim_ex.c ****   * @brief  Break2 detection callback in non blocking mode
2583:stm/stm32l4xx/STM32L4xx_HAL_Driver/Src/stm32l4xx_hal_tim_ex.c ****   * @param  htim: TIM handle
2584:stm/stm32l4xx/STM32L4xx_HAL_Driver/Src/stm32l4xx_hal_tim_ex.c ****   * @retval None
2585:stm/stm32l4xx/STM32L4xx_HAL_Driver/Src/stm32l4xx_hal_tim_ex.c ****   */
2586:stm/stm32l4xx/STM32L4xx_HAL_Driver/Src/stm32l4xx_hal_tim_ex.c **** __weak void HAL_TIMEx_Break2Callback(TIM_HandleTypeDef *htim)
2587:stm/stm32l4xx/STM32L4xx_HAL_Driver/Src/stm32l4xx_hal_tim_ex.c **** {
2588:stm/stm32l4xx/STM32L4xx_HAL_Driver/Src/stm32l4xx_hal_tim_ex.c ****   /* Prevent unused argument(s) compilation warning */
2589:stm/stm32l4xx/STM32L4xx_HAL_Driver/Src/stm32l4xx_hal_tim_ex.c ****   UNUSED(htim);
2590:stm/stm32l4xx/STM32L4xx_HAL_Driver/Src/stm32l4xx_hal_tim_ex.c **** 
2591:stm/stm32l4xx/STM32L4xx_HAL_Driver/Src/stm32l4xx_hal_tim_ex.c ****   /* NOTE : This function Should not be modified, when the callback is needed,
2592:stm/stm32l4xx/STM32L4xx_HAL_Driver/Src/stm32l4xx_hal_tim_ex.c ****             the HAL_TIMEx_Break2Callback could be implemented in the user file
2593:stm/stm32l4xx/STM32L4xx_HAL_Driver/Src/stm32l4xx_hal_tim_ex.c ****    */
2594:stm/stm32l4xx/STM32L4xx_HAL_Driver/Src/stm32l4xx_hal_tim_ex.c **** }
2595:stm/stm32l4xx/STM32L4xx_HAL_Driver/Src/stm32l4xx_hal_tim_ex.c **** /**
ARM GAS  /var/tmp//ccYgLLN5.s 			page 47


2596:stm/stm32l4xx/STM32L4xx_HAL_Driver/Src/stm32l4xx_hal_tim_ex.c ****   * @}
2597:stm/stm32l4xx/STM32L4xx_HAL_Driver/Src/stm32l4xx_hal_tim_ex.c ****   */
2598:stm/stm32l4xx/STM32L4xx_HAL_Driver/Src/stm32l4xx_hal_tim_ex.c **** 
2599:stm/stm32l4xx/STM32L4xx_HAL_Driver/Src/stm32l4xx_hal_tim_ex.c **** /** @defgroup TIMEx_Exported_Functions_Group7 Extended Peripheral State functions
2600:stm/stm32l4xx/STM32L4xx_HAL_Driver/Src/stm32l4xx_hal_tim_ex.c ****   * @brief    Extended Peripheral State functions
2601:stm/stm32l4xx/STM32L4xx_HAL_Driver/Src/stm32l4xx_hal_tim_ex.c ****   *
2602:stm/stm32l4xx/STM32L4xx_HAL_Driver/Src/stm32l4xx_hal_tim_ex.c **** @verbatim
2603:stm/stm32l4xx/STM32L4xx_HAL_Driver/Src/stm32l4xx_hal_tim_ex.c ****   ==============================================================================
2604:stm/stm32l4xx/STM32L4xx_HAL_Driver/Src/stm32l4xx_hal_tim_ex.c ****                 ##### Extended Peripheral State functions #####
2605:stm/stm32l4xx/STM32L4xx_HAL_Driver/Src/stm32l4xx_hal_tim_ex.c ****   ==============================================================================
2606:stm/stm32l4xx/STM32L4xx_HAL_Driver/Src/stm32l4xx_hal_tim_ex.c ****   [..]
2607:stm/stm32l4xx/STM32L4xx_HAL_Driver/Src/stm32l4xx_hal_tim_ex.c ****     This subsection permits to get in run-time the status of the peripheral
2608:stm/stm32l4xx/STM32L4xx_HAL_Driver/Src/stm32l4xx_hal_tim_ex.c ****     and the data flow.
2609:stm/stm32l4xx/STM32L4xx_HAL_Driver/Src/stm32l4xx_hal_tim_ex.c **** 
2610:stm/stm32l4xx/STM32L4xx_HAL_Driver/Src/stm32l4xx_hal_tim_ex.c **** @endverbatim
2611:stm/stm32l4xx/STM32L4xx_HAL_Driver/Src/stm32l4xx_hal_tim_ex.c ****   * @{
2612:stm/stm32l4xx/STM32L4xx_HAL_Driver/Src/stm32l4xx_hal_tim_ex.c ****   */
2613:stm/stm32l4xx/STM32L4xx_HAL_Driver/Src/stm32l4xx_hal_tim_ex.c **** 
2614:stm/stm32l4xx/STM32L4xx_HAL_Driver/Src/stm32l4xx_hal_tim_ex.c **** /**
2615:stm/stm32l4xx/STM32L4xx_HAL_Driver/Src/stm32l4xx_hal_tim_ex.c ****   * @brief  Return the TIM Hall Sensor interface handle state.
2616:stm/stm32l4xx/STM32L4xx_HAL_Driver/Src/stm32l4xx_hal_tim_ex.c ****   * @param  htim TIM Hall Sensor handle
2617:stm/stm32l4xx/STM32L4xx_HAL_Driver/Src/stm32l4xx_hal_tim_ex.c ****   * @retval HAL state
2618:stm/stm32l4xx/STM32L4xx_HAL_Driver/Src/stm32l4xx_hal_tim_ex.c ****   */
2619:stm/stm32l4xx/STM32L4xx_HAL_Driver/Src/stm32l4xx_hal_tim_ex.c **** HAL_TIM_StateTypeDef HAL_TIMEx_HallSensor_GetState(const TIM_HandleTypeDef *htim)
2620:stm/stm32l4xx/STM32L4xx_HAL_Driver/Src/stm32l4xx_hal_tim_ex.c **** {
2621:stm/stm32l4xx/STM32L4xx_HAL_Driver/Src/stm32l4xx_hal_tim_ex.c ****   return htim->State;
2622:stm/stm32l4xx/STM32L4xx_HAL_Driver/Src/stm32l4xx_hal_tim_ex.c **** }
2623:stm/stm32l4xx/STM32L4xx_HAL_Driver/Src/stm32l4xx_hal_tim_ex.c **** 
2624:stm/stm32l4xx/STM32L4xx_HAL_Driver/Src/stm32l4xx_hal_tim_ex.c **** /**
2625:stm/stm32l4xx/STM32L4xx_HAL_Driver/Src/stm32l4xx_hal_tim_ex.c ****   * @brief  Return actual state of the TIM complementary channel.
2626:stm/stm32l4xx/STM32L4xx_HAL_Driver/Src/stm32l4xx_hal_tim_ex.c ****   * @param  htim TIM handle
2627:stm/stm32l4xx/STM32L4xx_HAL_Driver/Src/stm32l4xx_hal_tim_ex.c ****   * @param  ChannelN TIM Complementary channel
2628:stm/stm32l4xx/STM32L4xx_HAL_Driver/Src/stm32l4xx_hal_tim_ex.c ****   *          This parameter can be one of the following values:
2629:stm/stm32l4xx/STM32L4xx_HAL_Driver/Src/stm32l4xx_hal_tim_ex.c ****   *            @arg TIM_CHANNEL_1: TIM Channel 1
2630:stm/stm32l4xx/STM32L4xx_HAL_Driver/Src/stm32l4xx_hal_tim_ex.c ****   *            @arg TIM_CHANNEL_2: TIM Channel 2
2631:stm/stm32l4xx/STM32L4xx_HAL_Driver/Src/stm32l4xx_hal_tim_ex.c ****   *            @arg TIM_CHANNEL_3: TIM Channel 3
2632:stm/stm32l4xx/STM32L4xx_HAL_Driver/Src/stm32l4xx_hal_tim_ex.c ****   * @retval TIM Complementary channel state
2633:stm/stm32l4xx/STM32L4xx_HAL_Driver/Src/stm32l4xx_hal_tim_ex.c ****   */
2634:stm/stm32l4xx/STM32L4xx_HAL_Driver/Src/stm32l4xx_hal_tim_ex.c **** HAL_TIM_ChannelStateTypeDef HAL_TIMEx_GetChannelNState(const TIM_HandleTypeDef *htim,  uint32_t Cha
2635:stm/stm32l4xx/STM32L4xx_HAL_Driver/Src/stm32l4xx_hal_tim_ex.c **** {
2636:stm/stm32l4xx/STM32L4xx_HAL_Driver/Src/stm32l4xx_hal_tim_ex.c ****   HAL_TIM_ChannelStateTypeDef channel_state;
2637:stm/stm32l4xx/STM32L4xx_HAL_Driver/Src/stm32l4xx_hal_tim_ex.c **** 
2638:stm/stm32l4xx/STM32L4xx_HAL_Driver/Src/stm32l4xx_hal_tim_ex.c ****   /* Check the parameters */
2639:stm/stm32l4xx/STM32L4xx_HAL_Driver/Src/stm32l4xx_hal_tim_ex.c ****   assert_param(IS_TIM_CCXN_INSTANCE(htim->Instance, ChannelN));
2640:stm/stm32l4xx/STM32L4xx_HAL_Driver/Src/stm32l4xx_hal_tim_ex.c **** 
2641:stm/stm32l4xx/STM32L4xx_HAL_Driver/Src/stm32l4xx_hal_tim_ex.c ****   channel_state = TIM_CHANNEL_N_STATE_GET(htim, ChannelN);
2642:stm/stm32l4xx/STM32L4xx_HAL_Driver/Src/stm32l4xx_hal_tim_ex.c **** 
2643:stm/stm32l4xx/STM32L4xx_HAL_Driver/Src/stm32l4xx_hal_tim_ex.c ****   return channel_state;
2644:stm/stm32l4xx/STM32L4xx_HAL_Driver/Src/stm32l4xx_hal_tim_ex.c **** }
2645:stm/stm32l4xx/STM32L4xx_HAL_Driver/Src/stm32l4xx_hal_tim_ex.c **** /**
2646:stm/stm32l4xx/STM32L4xx_HAL_Driver/Src/stm32l4xx_hal_tim_ex.c ****   * @}
2647:stm/stm32l4xx/STM32L4xx_HAL_Driver/Src/stm32l4xx_hal_tim_ex.c ****   */
2648:stm/stm32l4xx/STM32L4xx_HAL_Driver/Src/stm32l4xx_hal_tim_ex.c **** 
2649:stm/stm32l4xx/STM32L4xx_HAL_Driver/Src/stm32l4xx_hal_tim_ex.c **** /**
2650:stm/stm32l4xx/STM32L4xx_HAL_Driver/Src/stm32l4xx_hal_tim_ex.c ****   * @}
2651:stm/stm32l4xx/STM32L4xx_HAL_Driver/Src/stm32l4xx_hal_tim_ex.c ****   */
2652:stm/stm32l4xx/STM32L4xx_HAL_Driver/Src/stm32l4xx_hal_tim_ex.c **** 
ARM GAS  /var/tmp//ccYgLLN5.s 			page 48


2653:stm/stm32l4xx/STM32L4xx_HAL_Driver/Src/stm32l4xx_hal_tim_ex.c **** /* Private functions ---------------------------------------------------------*/
2654:stm/stm32l4xx/STM32L4xx_HAL_Driver/Src/stm32l4xx_hal_tim_ex.c **** /** @defgroup TIMEx_Private_Functions TIM Extended Private Functions
2655:stm/stm32l4xx/STM32L4xx_HAL_Driver/Src/stm32l4xx_hal_tim_ex.c ****   * @{
2656:stm/stm32l4xx/STM32L4xx_HAL_Driver/Src/stm32l4xx_hal_tim_ex.c ****   */
2657:stm/stm32l4xx/STM32L4xx_HAL_Driver/Src/stm32l4xx_hal_tim_ex.c **** 
2658:stm/stm32l4xx/STM32L4xx_HAL_Driver/Src/stm32l4xx_hal_tim_ex.c **** /**
2659:stm/stm32l4xx/STM32L4xx_HAL_Driver/Src/stm32l4xx_hal_tim_ex.c ****   * @brief  TIM DMA Commutation callback.
2660:stm/stm32l4xx/STM32L4xx_HAL_Driver/Src/stm32l4xx_hal_tim_ex.c ****   * @param  hdma pointer to DMA handle.
2661:stm/stm32l4xx/STM32L4xx_HAL_Driver/Src/stm32l4xx_hal_tim_ex.c ****   * @retval None
2662:stm/stm32l4xx/STM32L4xx_HAL_Driver/Src/stm32l4xx_hal_tim_ex.c ****   */
2663:stm/stm32l4xx/STM32L4xx_HAL_Driver/Src/stm32l4xx_hal_tim_ex.c **** void TIMEx_DMACommutationCplt(DMA_HandleTypeDef *hdma)
2664:stm/stm32l4xx/STM32L4xx_HAL_Driver/Src/stm32l4xx_hal_tim_ex.c **** {
2665:stm/stm32l4xx/STM32L4xx_HAL_Driver/Src/stm32l4xx_hal_tim_ex.c ****   TIM_HandleTypeDef *htim = (TIM_HandleTypeDef *)((DMA_HandleTypeDef *)hdma)->Parent;
2666:stm/stm32l4xx/STM32L4xx_HAL_Driver/Src/stm32l4xx_hal_tim_ex.c **** 
2667:stm/stm32l4xx/STM32L4xx_HAL_Driver/Src/stm32l4xx_hal_tim_ex.c ****   /* Change the htim state */
2668:stm/stm32l4xx/STM32L4xx_HAL_Driver/Src/stm32l4xx_hal_tim_ex.c ****   htim->State = HAL_TIM_STATE_READY;
2669:stm/stm32l4xx/STM32L4xx_HAL_Driver/Src/stm32l4xx_hal_tim_ex.c **** 
2670:stm/stm32l4xx/STM32L4xx_HAL_Driver/Src/stm32l4xx_hal_tim_ex.c **** #if (USE_HAL_TIM_REGISTER_CALLBACKS == 1)
2671:stm/stm32l4xx/STM32L4xx_HAL_Driver/Src/stm32l4xx_hal_tim_ex.c ****   htim->CommutationCallback(htim);
2672:stm/stm32l4xx/STM32L4xx_HAL_Driver/Src/stm32l4xx_hal_tim_ex.c **** #else
2673:stm/stm32l4xx/STM32L4xx_HAL_Driver/Src/stm32l4xx_hal_tim_ex.c ****   HAL_TIMEx_CommutCallback(htim);
2674:stm/stm32l4xx/STM32L4xx_HAL_Driver/Src/stm32l4xx_hal_tim_ex.c **** #endif /* USE_HAL_TIM_REGISTER_CALLBACKS */
2675:stm/stm32l4xx/STM32L4xx_HAL_Driver/Src/stm32l4xx_hal_tim_ex.c **** }
2676:stm/stm32l4xx/STM32L4xx_HAL_Driver/Src/stm32l4xx_hal_tim_ex.c **** 
2677:stm/stm32l4xx/STM32L4xx_HAL_Driver/Src/stm32l4xx_hal_tim_ex.c **** /**
2678:stm/stm32l4xx/STM32L4xx_HAL_Driver/Src/stm32l4xx_hal_tim_ex.c ****   * @brief  TIM DMA Commutation half complete callback.
2679:stm/stm32l4xx/STM32L4xx_HAL_Driver/Src/stm32l4xx_hal_tim_ex.c ****   * @param  hdma pointer to DMA handle.
2680:stm/stm32l4xx/STM32L4xx_HAL_Driver/Src/stm32l4xx_hal_tim_ex.c ****   * @retval None
2681:stm/stm32l4xx/STM32L4xx_HAL_Driver/Src/stm32l4xx_hal_tim_ex.c ****   */
2682:stm/stm32l4xx/STM32L4xx_HAL_Driver/Src/stm32l4xx_hal_tim_ex.c **** void TIMEx_DMACommutationHalfCplt(DMA_HandleTypeDef *hdma)
2683:stm/stm32l4xx/STM32L4xx_HAL_Driver/Src/stm32l4xx_hal_tim_ex.c **** {
2684:stm/stm32l4xx/STM32L4xx_HAL_Driver/Src/stm32l4xx_hal_tim_ex.c ****   TIM_HandleTypeDef *htim = (TIM_HandleTypeDef *)((DMA_HandleTypeDef *)hdma)->Parent;
2685:stm/stm32l4xx/STM32L4xx_HAL_Driver/Src/stm32l4xx_hal_tim_ex.c **** 
2686:stm/stm32l4xx/STM32L4xx_HAL_Driver/Src/stm32l4xx_hal_tim_ex.c ****   /* Change the htim state */
2687:stm/stm32l4xx/STM32L4xx_HAL_Driver/Src/stm32l4xx_hal_tim_ex.c ****   htim->State = HAL_TIM_STATE_READY;
2688:stm/stm32l4xx/STM32L4xx_HAL_Driver/Src/stm32l4xx_hal_tim_ex.c **** 
2689:stm/stm32l4xx/STM32L4xx_HAL_Driver/Src/stm32l4xx_hal_tim_ex.c **** #if (USE_HAL_TIM_REGISTER_CALLBACKS == 1)
2690:stm/stm32l4xx/STM32L4xx_HAL_Driver/Src/stm32l4xx_hal_tim_ex.c ****   htim->CommutationHalfCpltCallback(htim);
2691:stm/stm32l4xx/STM32L4xx_HAL_Driver/Src/stm32l4xx_hal_tim_ex.c **** #else
2692:stm/stm32l4xx/STM32L4xx_HAL_Driver/Src/stm32l4xx_hal_tim_ex.c ****   HAL_TIMEx_CommutHalfCpltCallback(htim);
2693:stm/stm32l4xx/STM32L4xx_HAL_Driver/Src/stm32l4xx_hal_tim_ex.c **** #endif /* USE_HAL_TIM_REGISTER_CALLBACKS */
2694:stm/stm32l4xx/STM32L4xx_HAL_Driver/Src/stm32l4xx_hal_tim_ex.c **** }
2695:stm/stm32l4xx/STM32L4xx_HAL_Driver/Src/stm32l4xx_hal_tim_ex.c **** 
2696:stm/stm32l4xx/STM32L4xx_HAL_Driver/Src/stm32l4xx_hal_tim_ex.c **** 
2697:stm/stm32l4xx/STM32L4xx_HAL_Driver/Src/stm32l4xx_hal_tim_ex.c **** /**
2698:stm/stm32l4xx/STM32L4xx_HAL_Driver/Src/stm32l4xx_hal_tim_ex.c ****   * @brief  TIM DMA Delay Pulse complete callback (complementary channel).
2699:stm/stm32l4xx/STM32L4xx_HAL_Driver/Src/stm32l4xx_hal_tim_ex.c ****   * @param  hdma pointer to DMA handle.
2700:stm/stm32l4xx/STM32L4xx_HAL_Driver/Src/stm32l4xx_hal_tim_ex.c ****   * @retval None
2701:stm/stm32l4xx/STM32L4xx_HAL_Driver/Src/stm32l4xx_hal_tim_ex.c ****   */
2702:stm/stm32l4xx/STM32L4xx_HAL_Driver/Src/stm32l4xx_hal_tim_ex.c **** static void TIM_DMADelayPulseNCplt(DMA_HandleTypeDef *hdma)
2703:stm/stm32l4xx/STM32L4xx_HAL_Driver/Src/stm32l4xx_hal_tim_ex.c **** {
2704:stm/stm32l4xx/STM32L4xx_HAL_Driver/Src/stm32l4xx_hal_tim_ex.c ****   TIM_HandleTypeDef *htim = (TIM_HandleTypeDef *)((DMA_HandleTypeDef *)hdma)->Parent;
2705:stm/stm32l4xx/STM32L4xx_HAL_Driver/Src/stm32l4xx_hal_tim_ex.c **** 
2706:stm/stm32l4xx/STM32L4xx_HAL_Driver/Src/stm32l4xx_hal_tim_ex.c ****   if (hdma == htim->hdma[TIM_DMA_ID_CC1])
2707:stm/stm32l4xx/STM32L4xx_HAL_Driver/Src/stm32l4xx_hal_tim_ex.c ****   {
2708:stm/stm32l4xx/STM32L4xx_HAL_Driver/Src/stm32l4xx_hal_tim_ex.c ****     htim->Channel = HAL_TIM_ACTIVE_CHANNEL_1;
2709:stm/stm32l4xx/STM32L4xx_HAL_Driver/Src/stm32l4xx_hal_tim_ex.c **** 
ARM GAS  /var/tmp//ccYgLLN5.s 			page 49


2710:stm/stm32l4xx/STM32L4xx_HAL_Driver/Src/stm32l4xx_hal_tim_ex.c ****     if (hdma->Init.Mode == DMA_NORMAL)
2711:stm/stm32l4xx/STM32L4xx_HAL_Driver/Src/stm32l4xx_hal_tim_ex.c ****     {
2712:stm/stm32l4xx/STM32L4xx_HAL_Driver/Src/stm32l4xx_hal_tim_ex.c ****       TIM_CHANNEL_N_STATE_SET(htim, TIM_CHANNEL_1, HAL_TIM_CHANNEL_STATE_READY);
2713:stm/stm32l4xx/STM32L4xx_HAL_Driver/Src/stm32l4xx_hal_tim_ex.c ****     }
2714:stm/stm32l4xx/STM32L4xx_HAL_Driver/Src/stm32l4xx_hal_tim_ex.c ****   }
2715:stm/stm32l4xx/STM32L4xx_HAL_Driver/Src/stm32l4xx_hal_tim_ex.c ****   else if (hdma == htim->hdma[TIM_DMA_ID_CC2])
2716:stm/stm32l4xx/STM32L4xx_HAL_Driver/Src/stm32l4xx_hal_tim_ex.c ****   {
2717:stm/stm32l4xx/STM32L4xx_HAL_Driver/Src/stm32l4xx_hal_tim_ex.c ****     htim->Channel = HAL_TIM_ACTIVE_CHANNEL_2;
2718:stm/stm32l4xx/STM32L4xx_HAL_Driver/Src/stm32l4xx_hal_tim_ex.c **** 
2719:stm/stm32l4xx/STM32L4xx_HAL_Driver/Src/stm32l4xx_hal_tim_ex.c ****     if (hdma->Init.Mode == DMA_NORMAL)
2720:stm/stm32l4xx/STM32L4xx_HAL_Driver/Src/stm32l4xx_hal_tim_ex.c ****     {
2721:stm/stm32l4xx/STM32L4xx_HAL_Driver/Src/stm32l4xx_hal_tim_ex.c ****       TIM_CHANNEL_N_STATE_SET(htim, TIM_CHANNEL_2, HAL_TIM_CHANNEL_STATE_READY);
2722:stm/stm32l4xx/STM32L4xx_HAL_Driver/Src/stm32l4xx_hal_tim_ex.c ****     }
2723:stm/stm32l4xx/STM32L4xx_HAL_Driver/Src/stm32l4xx_hal_tim_ex.c ****   }
2724:stm/stm32l4xx/STM32L4xx_HAL_Driver/Src/stm32l4xx_hal_tim_ex.c ****   else if (hdma == htim->hdma[TIM_DMA_ID_CC3])
2725:stm/stm32l4xx/STM32L4xx_HAL_Driver/Src/stm32l4xx_hal_tim_ex.c ****   {
2726:stm/stm32l4xx/STM32L4xx_HAL_Driver/Src/stm32l4xx_hal_tim_ex.c ****     htim->Channel = HAL_TIM_ACTIVE_CHANNEL_3;
2727:stm/stm32l4xx/STM32L4xx_HAL_Driver/Src/stm32l4xx_hal_tim_ex.c **** 
2728:stm/stm32l4xx/STM32L4xx_HAL_Driver/Src/stm32l4xx_hal_tim_ex.c ****     if (hdma->Init.Mode == DMA_NORMAL)
2729:stm/stm32l4xx/STM32L4xx_HAL_Driver/Src/stm32l4xx_hal_tim_ex.c ****     {
2730:stm/stm32l4xx/STM32L4xx_HAL_Driver/Src/stm32l4xx_hal_tim_ex.c ****       TIM_CHANNEL_N_STATE_SET(htim, TIM_CHANNEL_3, HAL_TIM_CHANNEL_STATE_READY);
2731:stm/stm32l4xx/STM32L4xx_HAL_Driver/Src/stm32l4xx_hal_tim_ex.c ****     }
2732:stm/stm32l4xx/STM32L4xx_HAL_Driver/Src/stm32l4xx_hal_tim_ex.c ****   }
2733:stm/stm32l4xx/STM32L4xx_HAL_Driver/Src/stm32l4xx_hal_tim_ex.c ****   else
2734:stm/stm32l4xx/STM32L4xx_HAL_Driver/Src/stm32l4xx_hal_tim_ex.c ****   {
2735:stm/stm32l4xx/STM32L4xx_HAL_Driver/Src/stm32l4xx_hal_tim_ex.c ****     /* nothing to do */
2736:stm/stm32l4xx/STM32L4xx_HAL_Driver/Src/stm32l4xx_hal_tim_ex.c ****   }
2737:stm/stm32l4xx/STM32L4xx_HAL_Driver/Src/stm32l4xx_hal_tim_ex.c **** 
2738:stm/stm32l4xx/STM32L4xx_HAL_Driver/Src/stm32l4xx_hal_tim_ex.c **** #if (USE_HAL_TIM_REGISTER_CALLBACKS == 1)
2739:stm/stm32l4xx/STM32L4xx_HAL_Driver/Src/stm32l4xx_hal_tim_ex.c ****   htim->PWM_PulseFinishedCallback(htim);
2740:stm/stm32l4xx/STM32L4xx_HAL_Driver/Src/stm32l4xx_hal_tim_ex.c **** #else
2741:stm/stm32l4xx/STM32L4xx_HAL_Driver/Src/stm32l4xx_hal_tim_ex.c ****   HAL_TIM_PWM_PulseFinishedCallback(htim);
2742:stm/stm32l4xx/STM32L4xx_HAL_Driver/Src/stm32l4xx_hal_tim_ex.c **** #endif /* USE_HAL_TIM_REGISTER_CALLBACKS */
2743:stm/stm32l4xx/STM32L4xx_HAL_Driver/Src/stm32l4xx_hal_tim_ex.c **** 
2744:stm/stm32l4xx/STM32L4xx_HAL_Driver/Src/stm32l4xx_hal_tim_ex.c ****   htim->Channel = HAL_TIM_ACTIVE_CHANNEL_CLEARED;
2745:stm/stm32l4xx/STM32L4xx_HAL_Driver/Src/stm32l4xx_hal_tim_ex.c **** }
2746:stm/stm32l4xx/STM32L4xx_HAL_Driver/Src/stm32l4xx_hal_tim_ex.c **** 
2747:stm/stm32l4xx/STM32L4xx_HAL_Driver/Src/stm32l4xx_hal_tim_ex.c **** /**
2748:stm/stm32l4xx/STM32L4xx_HAL_Driver/Src/stm32l4xx_hal_tim_ex.c ****   * @brief  TIM DMA error callback (complementary channel)
2749:stm/stm32l4xx/STM32L4xx_HAL_Driver/Src/stm32l4xx_hal_tim_ex.c ****   * @param  hdma pointer to DMA handle.
2750:stm/stm32l4xx/STM32L4xx_HAL_Driver/Src/stm32l4xx_hal_tim_ex.c ****   * @retval None
2751:stm/stm32l4xx/STM32L4xx_HAL_Driver/Src/stm32l4xx_hal_tim_ex.c ****   */
2752:stm/stm32l4xx/STM32L4xx_HAL_Driver/Src/stm32l4xx_hal_tim_ex.c **** static void TIM_DMAErrorCCxN(DMA_HandleTypeDef *hdma)
2753:stm/stm32l4xx/STM32L4xx_HAL_Driver/Src/stm32l4xx_hal_tim_ex.c **** {
2754:stm/stm32l4xx/STM32L4xx_HAL_Driver/Src/stm32l4xx_hal_tim_ex.c ****   TIM_HandleTypeDef *htim = (TIM_HandleTypeDef *)((DMA_HandleTypeDef *)hdma)->Parent;
2755:stm/stm32l4xx/STM32L4xx_HAL_Driver/Src/stm32l4xx_hal_tim_ex.c **** 
2756:stm/stm32l4xx/STM32L4xx_HAL_Driver/Src/stm32l4xx_hal_tim_ex.c ****   if (hdma == htim->hdma[TIM_DMA_ID_CC1])
2757:stm/stm32l4xx/STM32L4xx_HAL_Driver/Src/stm32l4xx_hal_tim_ex.c ****   {
2758:stm/stm32l4xx/STM32L4xx_HAL_Driver/Src/stm32l4xx_hal_tim_ex.c ****     htim->Channel = HAL_TIM_ACTIVE_CHANNEL_1;
2759:stm/stm32l4xx/STM32L4xx_HAL_Driver/Src/stm32l4xx_hal_tim_ex.c ****     TIM_CHANNEL_N_STATE_SET(htim, TIM_CHANNEL_1, HAL_TIM_CHANNEL_STATE_READY);
2760:stm/stm32l4xx/STM32L4xx_HAL_Driver/Src/stm32l4xx_hal_tim_ex.c ****   }
2761:stm/stm32l4xx/STM32L4xx_HAL_Driver/Src/stm32l4xx_hal_tim_ex.c ****   else if (hdma == htim->hdma[TIM_DMA_ID_CC2])
2762:stm/stm32l4xx/STM32L4xx_HAL_Driver/Src/stm32l4xx_hal_tim_ex.c ****   {
2763:stm/stm32l4xx/STM32L4xx_HAL_Driver/Src/stm32l4xx_hal_tim_ex.c ****     htim->Channel = HAL_TIM_ACTIVE_CHANNEL_2;
2764:stm/stm32l4xx/STM32L4xx_HAL_Driver/Src/stm32l4xx_hal_tim_ex.c ****     TIM_CHANNEL_N_STATE_SET(htim, TIM_CHANNEL_2, HAL_TIM_CHANNEL_STATE_READY);
2765:stm/stm32l4xx/STM32L4xx_HAL_Driver/Src/stm32l4xx_hal_tim_ex.c ****   }
2766:stm/stm32l4xx/STM32L4xx_HAL_Driver/Src/stm32l4xx_hal_tim_ex.c ****   else if (hdma == htim->hdma[TIM_DMA_ID_CC3])
ARM GAS  /var/tmp//ccYgLLN5.s 			page 50


2767:stm/stm32l4xx/STM32L4xx_HAL_Driver/Src/stm32l4xx_hal_tim_ex.c ****   {
2768:stm/stm32l4xx/STM32L4xx_HAL_Driver/Src/stm32l4xx_hal_tim_ex.c ****     htim->Channel = HAL_TIM_ACTIVE_CHANNEL_3;
2769:stm/stm32l4xx/STM32L4xx_HAL_Driver/Src/stm32l4xx_hal_tim_ex.c ****     TIM_CHANNEL_N_STATE_SET(htim, TIM_CHANNEL_3, HAL_TIM_CHANNEL_STATE_READY);
2770:stm/stm32l4xx/STM32L4xx_HAL_Driver/Src/stm32l4xx_hal_tim_ex.c ****   }
2771:stm/stm32l4xx/STM32L4xx_HAL_Driver/Src/stm32l4xx_hal_tim_ex.c ****   else
2772:stm/stm32l4xx/STM32L4xx_HAL_Driver/Src/stm32l4xx_hal_tim_ex.c ****   {
2773:stm/stm32l4xx/STM32L4xx_HAL_Driver/Src/stm32l4xx_hal_tim_ex.c ****     /* nothing to do */
2774:stm/stm32l4xx/STM32L4xx_HAL_Driver/Src/stm32l4xx_hal_tim_ex.c ****   }
2775:stm/stm32l4xx/STM32L4xx_HAL_Driver/Src/stm32l4xx_hal_tim_ex.c **** 
2776:stm/stm32l4xx/STM32L4xx_HAL_Driver/Src/stm32l4xx_hal_tim_ex.c **** #if (USE_HAL_TIM_REGISTER_CALLBACKS == 1)
2777:stm/stm32l4xx/STM32L4xx_HAL_Driver/Src/stm32l4xx_hal_tim_ex.c ****   htim->ErrorCallback(htim);
2778:stm/stm32l4xx/STM32L4xx_HAL_Driver/Src/stm32l4xx_hal_tim_ex.c **** #else
2779:stm/stm32l4xx/STM32L4xx_HAL_Driver/Src/stm32l4xx_hal_tim_ex.c ****   HAL_TIM_ErrorCallback(htim);
2780:stm/stm32l4xx/STM32L4xx_HAL_Driver/Src/stm32l4xx_hal_tim_ex.c **** #endif /* USE_HAL_TIM_REGISTER_CALLBACKS */
2781:stm/stm32l4xx/STM32L4xx_HAL_Driver/Src/stm32l4xx_hal_tim_ex.c **** 
2782:stm/stm32l4xx/STM32L4xx_HAL_Driver/Src/stm32l4xx_hal_tim_ex.c ****   htim->Channel = HAL_TIM_ACTIVE_CHANNEL_CLEARED;
2783:stm/stm32l4xx/STM32L4xx_HAL_Driver/Src/stm32l4xx_hal_tim_ex.c **** }
2784:stm/stm32l4xx/STM32L4xx_HAL_Driver/Src/stm32l4xx_hal_tim_ex.c **** 
2785:stm/stm32l4xx/STM32L4xx_HAL_Driver/Src/stm32l4xx_hal_tim_ex.c **** /**
2786:stm/stm32l4xx/STM32L4xx_HAL_Driver/Src/stm32l4xx_hal_tim_ex.c ****   * @brief  Enables or disables the TIM Capture Compare Channel xN.
2787:stm/stm32l4xx/STM32L4xx_HAL_Driver/Src/stm32l4xx_hal_tim_ex.c ****   * @param  TIMx to select the TIM peripheral
2788:stm/stm32l4xx/STM32L4xx_HAL_Driver/Src/stm32l4xx_hal_tim_ex.c ****   * @param  Channel specifies the TIM Channel
2789:stm/stm32l4xx/STM32L4xx_HAL_Driver/Src/stm32l4xx_hal_tim_ex.c ****   *          This parameter can be one of the following values:
2790:stm/stm32l4xx/STM32L4xx_HAL_Driver/Src/stm32l4xx_hal_tim_ex.c ****   *            @arg TIM_CHANNEL_1: TIM Channel 1
2791:stm/stm32l4xx/STM32L4xx_HAL_Driver/Src/stm32l4xx_hal_tim_ex.c ****   *            @arg TIM_CHANNEL_2: TIM Channel 2
2792:stm/stm32l4xx/STM32L4xx_HAL_Driver/Src/stm32l4xx_hal_tim_ex.c ****   *            @arg TIM_CHANNEL_3: TIM Channel 3
2793:stm/stm32l4xx/STM32L4xx_HAL_Driver/Src/stm32l4xx_hal_tim_ex.c ****   * @param  ChannelNState specifies the TIM Channel CCxNE bit new state.
2794:stm/stm32l4xx/STM32L4xx_HAL_Driver/Src/stm32l4xx_hal_tim_ex.c ****   *          This parameter can be: TIM_CCxN_ENABLE or TIM_CCxN_Disable.
2795:stm/stm32l4xx/STM32L4xx_HAL_Driver/Src/stm32l4xx_hal_tim_ex.c ****   * @retval None
2796:stm/stm32l4xx/STM32L4xx_HAL_Driver/Src/stm32l4xx_hal_tim_ex.c ****   */
2797:stm/stm32l4xx/STM32L4xx_HAL_Driver/Src/stm32l4xx_hal_tim_ex.c **** static void TIM_CCxNChannelCmd(TIM_TypeDef *TIMx, uint32_t Channel, uint32_t ChannelNState)
2798:stm/stm32l4xx/STM32L4xx_HAL_Driver/Src/stm32l4xx_hal_tim_ex.c **** {
  29              		.loc 1 2798 1 view -0
  30              		.cfi_startproc
  31              		@ args = 0, pretend = 0, frame = 0
  32              		@ frame_needed = 0, uses_anonymous_args = 0
  33              		@ link register save eliminated.
2799:stm/stm32l4xx/STM32L4xx_HAL_Driver/Src/stm32l4xx_hal_tim_ex.c ****   uint32_t tmp;
  34              		.loc 1 2799 3 view .LVU1
2800:stm/stm32l4xx/STM32L4xx_HAL_Driver/Src/stm32l4xx_hal_tim_ex.c **** 
2801:stm/stm32l4xx/STM32L4xx_HAL_Driver/Src/stm32l4xx_hal_tim_ex.c ****   tmp = TIM_CCER_CC1NE << (Channel & 0xFU); /* 0xFU = 15 bits max shift */
  35              		.loc 1 2801 3 view .LVU2
  36              		.loc 1 2801 36 is_stmt 0 view .LVU3
  37 0000 01F00F01 		and	r1, r1, #15
  38              	.LVL1:
  39              		.loc 1 2801 7 view .LVU4
  40 0004 4FF0040C 		mov	ip, #4
  41 0008 0CFA01FC 		lsl	ip, ip, r1
  42              	.LVL2:
2802:stm/stm32l4xx/STM32L4xx_HAL_Driver/Src/stm32l4xx_hal_tim_ex.c **** 
2803:stm/stm32l4xx/STM32L4xx_HAL_Driver/Src/stm32l4xx_hal_tim_ex.c ****   /* Reset the CCxNE Bit */
2804:stm/stm32l4xx/STM32L4xx_HAL_Driver/Src/stm32l4xx_hal_tim_ex.c ****   TIMx->CCER &=  ~tmp;
  43              		.loc 1 2804 3 is_stmt 1 view .LVU5
  44              		.loc 1 2804 7 is_stmt 0 view .LVU6
  45 000c 036A     		ldr	r3, [r0, #32]
  46              		.loc 1 2804 14 view .LVU7
  47 000e 23EA0C03 		bic	r3, r3, ip
ARM GAS  /var/tmp//ccYgLLN5.s 			page 51


  48 0012 0362     		str	r3, [r0, #32]
2805:stm/stm32l4xx/STM32L4xx_HAL_Driver/Src/stm32l4xx_hal_tim_ex.c **** 
2806:stm/stm32l4xx/STM32L4xx_HAL_Driver/Src/stm32l4xx_hal_tim_ex.c ****   /* Set or reset the CCxNE Bit */
2807:stm/stm32l4xx/STM32L4xx_HAL_Driver/Src/stm32l4xx_hal_tim_ex.c ****   TIMx->CCER |= (uint32_t)(ChannelNState << (Channel & 0xFU)); /* 0xFU = 15 bits max shift */
  49              		.loc 1 2807 3 is_stmt 1 view .LVU8
  50              		.loc 1 2807 7 is_stmt 0 view .LVU9
  51 0014 036A     		ldr	r3, [r0, #32]
  52              		.loc 1 2807 42 view .LVU10
  53 0016 8A40     		lsls	r2, r2, r1
  54              	.LVL3:
  55              		.loc 1 2807 14 view .LVU11
  56 0018 1343     		orrs	r3, r3, r2
  57 001a 0362     		str	r3, [r0, #32]
2808:stm/stm32l4xx/STM32L4xx_HAL_Driver/Src/stm32l4xx_hal_tim_ex.c **** }
  58              		.loc 1 2808 1 view .LVU12
  59 001c 7047     		bx	lr
  60              		.cfi_endproc
  61              	.LFE332:
  63              		.section	.text.TIM_DMAErrorCCxN,"ax",%progbits
  64              		.align	1
  65              		.syntax unified
  66              		.thumb
  67              		.thumb_func
  69              	TIM_DMAErrorCCxN:
  70              	.LVL4:
  71              	.LFB331:
2753:stm/stm32l4xx/STM32L4xx_HAL_Driver/Src/stm32l4xx_hal_tim_ex.c ****   TIM_HandleTypeDef *htim = (TIM_HandleTypeDef *)((DMA_HandleTypeDef *)hdma)->Parent;
  72              		.loc 1 2753 1 is_stmt 1 view -0
  73              		.cfi_startproc
  74              		@ args = 0, pretend = 0, frame = 0
  75              		@ frame_needed = 0, uses_anonymous_args = 0
2753:stm/stm32l4xx/STM32L4xx_HAL_Driver/Src/stm32l4xx_hal_tim_ex.c ****   TIM_HandleTypeDef *htim = (TIM_HandleTypeDef *)((DMA_HandleTypeDef *)hdma)->Parent;
  76              		.loc 1 2753 1 is_stmt 0 view .LVU14
  77 0000 10B5     		push	{r4, lr}
  78              	.LCFI0:
  79              		.cfi_def_cfa_offset 8
  80              		.cfi_offset 4, -8
  81              		.cfi_offset 14, -4
2754:stm/stm32l4xx/STM32L4xx_HAL_Driver/Src/stm32l4xx_hal_tim_ex.c **** 
  82              		.loc 1 2754 3 is_stmt 1 view .LVU15
2754:stm/stm32l4xx/STM32L4xx_HAL_Driver/Src/stm32l4xx_hal_tim_ex.c **** 
  83              		.loc 1 2754 22 is_stmt 0 view .LVU16
  84 0002 846A     		ldr	r4, [r0, #40]
  85              	.LVL5:
2756:stm/stm32l4xx/STM32L4xx_HAL_Driver/Src/stm32l4xx_hal_tim_ex.c ****   {
  86              		.loc 1 2756 3 is_stmt 1 view .LVU17
2756:stm/stm32l4xx/STM32L4xx_HAL_Driver/Src/stm32l4xx_hal_tim_ex.c ****   {
  87              		.loc 1 2756 25 is_stmt 0 view .LVU18
  88 0004 636A     		ldr	r3, [r4, #36]
2756:stm/stm32l4xx/STM32L4xx_HAL_Driver/Src/stm32l4xx_hal_tim_ex.c ****   {
  89              		.loc 1 2756 6 view .LVU19
  90 0006 8342     		cmp	r3, r0
  91 0008 0BD0     		beq	.L7
2761:stm/stm32l4xx/STM32L4xx_HAL_Driver/Src/stm32l4xx_hal_tim_ex.c ****   {
  92              		.loc 1 2761 8 is_stmt 1 view .LVU20
2761:stm/stm32l4xx/STM32L4xx_HAL_Driver/Src/stm32l4xx_hal_tim_ex.c ****   {
  93              		.loc 1 2761 30 is_stmt 0 view .LVU21
ARM GAS  /var/tmp//ccYgLLN5.s 			page 52


  94 000a A36A     		ldr	r3, [r4, #40]
2761:stm/stm32l4xx/STM32L4xx_HAL_Driver/Src/stm32l4xx_hal_tim_ex.c ****   {
  95              		.loc 1 2761 11 view .LVU22
  96 000c 8342     		cmp	r3, r0
  97 000e 0DD0     		beq	.L8
2766:stm/stm32l4xx/STM32L4xx_HAL_Driver/Src/stm32l4xx_hal_tim_ex.c ****   {
  98              		.loc 1 2766 8 is_stmt 1 view .LVU23
2766:stm/stm32l4xx/STM32L4xx_HAL_Driver/Src/stm32l4xx_hal_tim_ex.c ****   {
  99              		.loc 1 2766 30 is_stmt 0 view .LVU24
 100 0010 E36A     		ldr	r3, [r4, #44]
2766:stm/stm32l4xx/STM32L4xx_HAL_Driver/Src/stm32l4xx_hal_tim_ex.c ****   {
 101              		.loc 1 2766 11 view .LVU25
 102 0012 8342     		cmp	r3, r0
 103 0014 10D0     		beq	.L9
 104              	.L4:
2774:stm/stm32l4xx/STM32L4xx_HAL_Driver/Src/stm32l4xx_hal_tim_ex.c **** 
 105              		.loc 1 2774 3 is_stmt 1 view .LVU26
2779:stm/stm32l4xx/STM32L4xx_HAL_Driver/Src/stm32l4xx_hal_tim_ex.c **** #endif /* USE_HAL_TIM_REGISTER_CALLBACKS */
 106              		.loc 1 2779 3 view .LVU27
 107 0016 2046     		mov	r0, r4
 108              	.LVL6:
2779:stm/stm32l4xx/STM32L4xx_HAL_Driver/Src/stm32l4xx_hal_tim_ex.c **** #endif /* USE_HAL_TIM_REGISTER_CALLBACKS */
 109              		.loc 1 2779 3 is_stmt 0 view .LVU28
 110 0018 FFF7FEFF 		bl	HAL_TIM_ErrorCallback
 111              	.LVL7:
2782:stm/stm32l4xx/STM32L4xx_HAL_Driver/Src/stm32l4xx_hal_tim_ex.c **** }
 112              		.loc 1 2782 3 is_stmt 1 view .LVU29
2782:stm/stm32l4xx/STM32L4xx_HAL_Driver/Src/stm32l4xx_hal_tim_ex.c **** }
 113              		.loc 1 2782 17 is_stmt 0 view .LVU30
 114 001c 0023     		movs	r3, #0
 115 001e 2377     		strb	r3, [r4, #28]
2783:stm/stm32l4xx/STM32L4xx_HAL_Driver/Src/stm32l4xx_hal_tim_ex.c **** 
 116              		.loc 1 2783 1 view .LVU31
 117 0020 10BD     		pop	{r4, pc}
 118              	.LVL8:
 119              	.L7:
2758:stm/stm32l4xx/STM32L4xx_HAL_Driver/Src/stm32l4xx_hal_tim_ex.c ****     TIM_CHANNEL_N_STATE_SET(htim, TIM_CHANNEL_1, HAL_TIM_CHANNEL_STATE_READY);
 120              		.loc 1 2758 5 is_stmt 1 view .LVU32
2758:stm/stm32l4xx/STM32L4xx_HAL_Driver/Src/stm32l4xx_hal_tim_ex.c ****     TIM_CHANNEL_N_STATE_SET(htim, TIM_CHANNEL_1, HAL_TIM_CHANNEL_STATE_READY);
 121              		.loc 1 2758 19 is_stmt 0 view .LVU33
 122 0022 0123     		movs	r3, #1
 123 0024 2377     		strb	r3, [r4, #28]
2759:stm/stm32l4xx/STM32L4xx_HAL_Driver/Src/stm32l4xx_hal_tim_ex.c ****   }
 124              		.loc 1 2759 5 is_stmt 1 view .LVU34
 125 0026 84F84430 		strb	r3, [r4, #68]
 126 002a F4E7     		b	.L4
 127              	.L8:
2763:stm/stm32l4xx/STM32L4xx_HAL_Driver/Src/stm32l4xx_hal_tim_ex.c ****     TIM_CHANNEL_N_STATE_SET(htim, TIM_CHANNEL_2, HAL_TIM_CHANNEL_STATE_READY);
 128              		.loc 1 2763 5 view .LVU35
2763:stm/stm32l4xx/STM32L4xx_HAL_Driver/Src/stm32l4xx_hal_tim_ex.c ****     TIM_CHANNEL_N_STATE_SET(htim, TIM_CHANNEL_2, HAL_TIM_CHANNEL_STATE_READY);
 129              		.loc 1 2763 19 is_stmt 0 view .LVU36
 130 002c 0223     		movs	r3, #2
 131 002e 2377     		strb	r3, [r4, #28]
2764:stm/stm32l4xx/STM32L4xx_HAL_Driver/Src/stm32l4xx_hal_tim_ex.c ****   }
 132              		.loc 1 2764 5 is_stmt 1 view .LVU37
 133 0030 0123     		movs	r3, #1
 134 0032 84F84530 		strb	r3, [r4, #69]
ARM GAS  /var/tmp//ccYgLLN5.s 			page 53


 135 0036 EEE7     		b	.L4
 136              	.L9:
2768:stm/stm32l4xx/STM32L4xx_HAL_Driver/Src/stm32l4xx_hal_tim_ex.c ****     TIM_CHANNEL_N_STATE_SET(htim, TIM_CHANNEL_3, HAL_TIM_CHANNEL_STATE_READY);
 137              		.loc 1 2768 5 view .LVU38
2768:stm/stm32l4xx/STM32L4xx_HAL_Driver/Src/stm32l4xx_hal_tim_ex.c ****     TIM_CHANNEL_N_STATE_SET(htim, TIM_CHANNEL_3, HAL_TIM_CHANNEL_STATE_READY);
 138              		.loc 1 2768 19 is_stmt 0 view .LVU39
 139 0038 0423     		movs	r3, #4
 140 003a 2377     		strb	r3, [r4, #28]
2769:stm/stm32l4xx/STM32L4xx_HAL_Driver/Src/stm32l4xx_hal_tim_ex.c ****   }
 141              		.loc 1 2769 5 is_stmt 1 view .LVU40
 142 003c 0123     		movs	r3, #1
 143 003e 84F84630 		strb	r3, [r4, #70]
 144 0042 E8E7     		b	.L4
 145              		.cfi_endproc
 146              	.LFE331:
 148              		.section	.text.TIM_DMADelayPulseNCplt,"ax",%progbits
 149              		.align	1
 150              		.syntax unified
 151              		.thumb
 152              		.thumb_func
 154              	TIM_DMADelayPulseNCplt:
 155              	.LVL9:
 156              	.LFB330:
2703:stm/stm32l4xx/STM32L4xx_HAL_Driver/Src/stm32l4xx_hal_tim_ex.c ****   TIM_HandleTypeDef *htim = (TIM_HandleTypeDef *)((DMA_HandleTypeDef *)hdma)->Parent;
 157              		.loc 1 2703 1 view -0
 158              		.cfi_startproc
 159              		@ args = 0, pretend = 0, frame = 0
 160              		@ frame_needed = 0, uses_anonymous_args = 0
2703:stm/stm32l4xx/STM32L4xx_HAL_Driver/Src/stm32l4xx_hal_tim_ex.c ****   TIM_HandleTypeDef *htim = (TIM_HandleTypeDef *)((DMA_HandleTypeDef *)hdma)->Parent;
 161              		.loc 1 2703 1 is_stmt 0 view .LVU42
 162 0000 10B5     		push	{r4, lr}
 163              	.LCFI1:
 164              		.cfi_def_cfa_offset 8
 165              		.cfi_offset 4, -8
 166              		.cfi_offset 14, -4
2704:stm/stm32l4xx/STM32L4xx_HAL_Driver/Src/stm32l4xx_hal_tim_ex.c **** 
 167              		.loc 1 2704 3 is_stmt 1 view .LVU43
2704:stm/stm32l4xx/STM32L4xx_HAL_Driver/Src/stm32l4xx_hal_tim_ex.c **** 
 168              		.loc 1 2704 22 is_stmt 0 view .LVU44
 169 0002 846A     		ldr	r4, [r0, #40]
 170              	.LVL10:
2706:stm/stm32l4xx/STM32L4xx_HAL_Driver/Src/stm32l4xx_hal_tim_ex.c ****   {
 171              		.loc 1 2706 3 is_stmt 1 view .LVU45
2706:stm/stm32l4xx/STM32L4xx_HAL_Driver/Src/stm32l4xx_hal_tim_ex.c ****   {
 172              		.loc 1 2706 25 is_stmt 0 view .LVU46
 173 0004 636A     		ldr	r3, [r4, #36]
2706:stm/stm32l4xx/STM32L4xx_HAL_Driver/Src/stm32l4xx_hal_tim_ex.c ****   {
 174              		.loc 1 2706 6 view .LVU47
 175 0006 8342     		cmp	r3, r0
 176 0008 0BD0     		beq	.L15
2715:stm/stm32l4xx/STM32L4xx_HAL_Driver/Src/stm32l4xx_hal_tim_ex.c ****   {
 177              		.loc 1 2715 8 is_stmt 1 view .LVU48
2715:stm/stm32l4xx/STM32L4xx_HAL_Driver/Src/stm32l4xx_hal_tim_ex.c ****   {
 178              		.loc 1 2715 30 is_stmt 0 view .LVU49
 179 000a A36A     		ldr	r3, [r4, #40]
2715:stm/stm32l4xx/STM32L4xx_HAL_Driver/Src/stm32l4xx_hal_tim_ex.c ****   {
 180              		.loc 1 2715 11 view .LVU50
ARM GAS  /var/tmp//ccYgLLN5.s 			page 54


 181 000c 8342     		cmp	r3, r0
 182 000e 11D0     		beq	.L16
2724:stm/stm32l4xx/STM32L4xx_HAL_Driver/Src/stm32l4xx_hal_tim_ex.c ****   {
 183              		.loc 1 2724 8 is_stmt 1 view .LVU51
2724:stm/stm32l4xx/STM32L4xx_HAL_Driver/Src/stm32l4xx_hal_tim_ex.c ****   {
 184              		.loc 1 2724 30 is_stmt 0 view .LVU52
 185 0010 E36A     		ldr	r3, [r4, #44]
2724:stm/stm32l4xx/STM32L4xx_HAL_Driver/Src/stm32l4xx_hal_tim_ex.c ****   {
 186              		.loc 1 2724 11 view .LVU53
 187 0012 8342     		cmp	r3, r0
 188 0014 17D0     		beq	.L17
 189              	.L12:
2736:stm/stm32l4xx/STM32L4xx_HAL_Driver/Src/stm32l4xx_hal_tim_ex.c **** 
 190              		.loc 1 2736 3 is_stmt 1 view .LVU54
2741:stm/stm32l4xx/STM32L4xx_HAL_Driver/Src/stm32l4xx_hal_tim_ex.c **** #endif /* USE_HAL_TIM_REGISTER_CALLBACKS */
 191              		.loc 1 2741 3 view .LVU55
 192 0016 2046     		mov	r0, r4
 193              	.LVL11:
2741:stm/stm32l4xx/STM32L4xx_HAL_Driver/Src/stm32l4xx_hal_tim_ex.c **** #endif /* USE_HAL_TIM_REGISTER_CALLBACKS */
 194              		.loc 1 2741 3 is_stmt 0 view .LVU56
 195 0018 FFF7FEFF 		bl	HAL_TIM_PWM_PulseFinishedCallback
 196              	.LVL12:
2744:stm/stm32l4xx/STM32L4xx_HAL_Driver/Src/stm32l4xx_hal_tim_ex.c **** }
 197              		.loc 1 2744 3 is_stmt 1 view .LVU57
2744:stm/stm32l4xx/STM32L4xx_HAL_Driver/Src/stm32l4xx_hal_tim_ex.c **** }
 198              		.loc 1 2744 17 is_stmt 0 view .LVU58
 199 001c 0023     		movs	r3, #0
 200 001e 2377     		strb	r3, [r4, #28]
2745:stm/stm32l4xx/STM32L4xx_HAL_Driver/Src/stm32l4xx_hal_tim_ex.c **** 
 201              		.loc 1 2745 1 view .LVU59
 202 0020 10BD     		pop	{r4, pc}
 203              	.LVL13:
 204              	.L15:
2708:stm/stm32l4xx/STM32L4xx_HAL_Driver/Src/stm32l4xx_hal_tim_ex.c **** 
 205              		.loc 1 2708 5 is_stmt 1 view .LVU60
2708:stm/stm32l4xx/STM32L4xx_HAL_Driver/Src/stm32l4xx_hal_tim_ex.c **** 
 206              		.loc 1 2708 19 is_stmt 0 view .LVU61
 207 0022 0123     		movs	r3, #1
 208 0024 2377     		strb	r3, [r4, #28]
2710:stm/stm32l4xx/STM32L4xx_HAL_Driver/Src/stm32l4xx_hal_tim_ex.c ****     {
 209              		.loc 1 2710 5 is_stmt 1 view .LVU62
2710:stm/stm32l4xx/STM32L4xx_HAL_Driver/Src/stm32l4xx_hal_tim_ex.c ****     {
 210              		.loc 1 2710 19 is_stmt 0 view .LVU63
 211 0026 C369     		ldr	r3, [r0, #28]
2710:stm/stm32l4xx/STM32L4xx_HAL_Driver/Src/stm32l4xx_hal_tim_ex.c ****     {
 212              		.loc 1 2710 8 view .LVU64
 213 0028 002B     		cmp	r3, #0
 214 002a F4D1     		bne	.L12
2712:stm/stm32l4xx/STM32L4xx_HAL_Driver/Src/stm32l4xx_hal_tim_ex.c ****     }
 215              		.loc 1 2712 7 is_stmt 1 view .LVU65
 216 002c 0123     		movs	r3, #1
 217 002e 84F84430 		strb	r3, [r4, #68]
 218 0032 F0E7     		b	.L12
 219              	.L16:
2717:stm/stm32l4xx/STM32L4xx_HAL_Driver/Src/stm32l4xx_hal_tim_ex.c **** 
 220              		.loc 1 2717 5 view .LVU66
2717:stm/stm32l4xx/STM32L4xx_HAL_Driver/Src/stm32l4xx_hal_tim_ex.c **** 
ARM GAS  /var/tmp//ccYgLLN5.s 			page 55


 221              		.loc 1 2717 19 is_stmt 0 view .LVU67
 222 0034 0223     		movs	r3, #2
 223 0036 2377     		strb	r3, [r4, #28]
2719:stm/stm32l4xx/STM32L4xx_HAL_Driver/Src/stm32l4xx_hal_tim_ex.c ****     {
 224              		.loc 1 2719 5 is_stmt 1 view .LVU68
2719:stm/stm32l4xx/STM32L4xx_HAL_Driver/Src/stm32l4xx_hal_tim_ex.c ****     {
 225              		.loc 1 2719 19 is_stmt 0 view .LVU69
 226 0038 C369     		ldr	r3, [r0, #28]
2719:stm/stm32l4xx/STM32L4xx_HAL_Driver/Src/stm32l4xx_hal_tim_ex.c ****     {
 227              		.loc 1 2719 8 view .LVU70
 228 003a 002B     		cmp	r3, #0
 229 003c EBD1     		bne	.L12
2721:stm/stm32l4xx/STM32L4xx_HAL_Driver/Src/stm32l4xx_hal_tim_ex.c ****     }
 230              		.loc 1 2721 7 is_stmt 1 view .LVU71
 231 003e 0123     		movs	r3, #1
 232 0040 84F84530 		strb	r3, [r4, #69]
 233 0044 E7E7     		b	.L12
 234              	.L17:
2726:stm/stm32l4xx/STM32L4xx_HAL_Driver/Src/stm32l4xx_hal_tim_ex.c **** 
 235              		.loc 1 2726 5 view .LVU72
2726:stm/stm32l4xx/STM32L4xx_HAL_Driver/Src/stm32l4xx_hal_tim_ex.c **** 
 236              		.loc 1 2726 19 is_stmt 0 view .LVU73
 237 0046 0423     		movs	r3, #4
 238 0048 2377     		strb	r3, [r4, #28]
2728:stm/stm32l4xx/STM32L4xx_HAL_Driver/Src/stm32l4xx_hal_tim_ex.c ****     {
 239              		.loc 1 2728 5 is_stmt 1 view .LVU74
2728:stm/stm32l4xx/STM32L4xx_HAL_Driver/Src/stm32l4xx_hal_tim_ex.c ****     {
 240              		.loc 1 2728 19 is_stmt 0 view .LVU75
 241 004a C369     		ldr	r3, [r0, #28]
2728:stm/stm32l4xx/STM32L4xx_HAL_Driver/Src/stm32l4xx_hal_tim_ex.c ****     {
 242              		.loc 1 2728 8 view .LVU76
 243 004c 002B     		cmp	r3, #0
 244 004e E2D1     		bne	.L12
2730:stm/stm32l4xx/STM32L4xx_HAL_Driver/Src/stm32l4xx_hal_tim_ex.c ****     }
 245              		.loc 1 2730 7 is_stmt 1 view .LVU77
 246 0050 0123     		movs	r3, #1
 247 0052 84F84630 		strb	r3, [r4, #70]
 248 0056 DEE7     		b	.L12
 249              		.cfi_endproc
 250              	.LFE330:
 252              		.section	.text.HAL_TIMEx_HallSensor_MspInit,"ax",%progbits
 253              		.align	1
 254              		.weak	HAL_TIMEx_HallSensor_MspInit
 255              		.syntax unified
 256              		.thumb
 257              		.thumb_func
 259              	HAL_TIMEx_HallSensor_MspInit:
 260              	.LVL14:
 261              	.LFB290:
 288:stm/stm32l4xx/STM32L4xx_HAL_Driver/Src/stm32l4xx_hal_tim_ex.c ****   /* Prevent unused argument(s) compilation warning */
 262              		.loc 1 288 1 view -0
 263              		.cfi_startproc
 264              		@ args = 0, pretend = 0, frame = 0
 265              		@ frame_needed = 0, uses_anonymous_args = 0
 266              		@ link register save eliminated.
 290:stm/stm32l4xx/STM32L4xx_HAL_Driver/Src/stm32l4xx_hal_tim_ex.c **** 
 267              		.loc 1 290 3 view .LVU79
ARM GAS  /var/tmp//ccYgLLN5.s 			page 56


 295:stm/stm32l4xx/STM32L4xx_HAL_Driver/Src/stm32l4xx_hal_tim_ex.c **** 
 268              		.loc 1 295 1 is_stmt 0 view .LVU80
 269 0000 7047     		bx	lr
 270              		.cfi_endproc
 271              	.LFE290:
 273              		.section	.text.HAL_TIMEx_HallSensor_Init,"ax",%progbits
 274              		.align	1
 275              		.global	HAL_TIMEx_HallSensor_Init
 276              		.syntax unified
 277              		.thumb
 278              		.thumb_func
 280              	HAL_TIMEx_HallSensor_Init:
 281              	.LVL15:
 282              	.LFB288:
 141:stm/stm32l4xx/STM32L4xx_HAL_Driver/Src/stm32l4xx_hal_tim_ex.c ****   TIM_OC_InitTypeDef OC_Config;
 283              		.loc 1 141 1 is_stmt 1 view -0
 284              		.cfi_startproc
 285              		@ args = 0, pretend = 0, frame = 32
 286              		@ frame_needed = 0, uses_anonymous_args = 0
 142:stm/stm32l4xx/STM32L4xx_HAL_Driver/Src/stm32l4xx_hal_tim_ex.c **** 
 287              		.loc 1 142 3 view .LVU82
 145:stm/stm32l4xx/STM32L4xx_HAL_Driver/Src/stm32l4xx_hal_tim_ex.c ****   {
 288              		.loc 1 145 3 view .LVU83
 145:stm/stm32l4xx/STM32L4xx_HAL_Driver/Src/stm32l4xx_hal_tim_ex.c ****   {
 289              		.loc 1 145 6 is_stmt 0 view .LVU84
 290 0000 0028     		cmp	r0, #0
 291 0002 67D0     		beq	.L22
 141:stm/stm32l4xx/STM32L4xx_HAL_Driver/Src/stm32l4xx_hal_tim_ex.c ****   TIM_OC_InitTypeDef OC_Config;
 292              		.loc 1 141 1 view .LVU85
 293 0004 70B5     		push	{r4, r5, r6, lr}
 294              	.LCFI2:
 295              		.cfi_def_cfa_offset 16
 296              		.cfi_offset 4, -16
 297              		.cfi_offset 5, -12
 298              		.cfi_offset 6, -8
 299              		.cfi_offset 14, -4
 300 0006 88B0     		sub	sp, sp, #32
 301              	.LCFI3:
 302              		.cfi_def_cfa_offset 48
 303 0008 0E46     		mov	r6, r1
 304 000a 0446     		mov	r4, r0
 151:stm/stm32l4xx/STM32L4xx_HAL_Driver/Src/stm32l4xx_hal_tim_ex.c ****   assert_param(IS_TIM_COUNTER_MODE(htim->Init.CounterMode));
 305              		.loc 1 151 3 is_stmt 1 view .LVU86
 152:stm/stm32l4xx/STM32L4xx_HAL_Driver/Src/stm32l4xx_hal_tim_ex.c ****   assert_param(IS_TIM_CLOCKDIVISION_DIV(htim->Init.ClockDivision));
 306              		.loc 1 152 3 view .LVU87
 153:stm/stm32l4xx/STM32L4xx_HAL_Driver/Src/stm32l4xx_hal_tim_ex.c ****   assert_param(IS_TIM_AUTORELOAD_PRELOAD(htim->Init.AutoReloadPreload));
 307              		.loc 1 153 3 view .LVU88
 154:stm/stm32l4xx/STM32L4xx_HAL_Driver/Src/stm32l4xx_hal_tim_ex.c ****   assert_param(IS_TIM_IC_POLARITY(sConfig->IC1Polarity));
 308              		.loc 1 154 3 view .LVU89
 155:stm/stm32l4xx/STM32L4xx_HAL_Driver/Src/stm32l4xx_hal_tim_ex.c ****   assert_param(IS_TIM_PERIOD(htim, htim->Init.Period));
 309              		.loc 1 155 3 view .LVU90
 156:stm/stm32l4xx/STM32L4xx_HAL_Driver/Src/stm32l4xx_hal_tim_ex.c ****   assert_param(IS_TIM_IC_PRESCALER(sConfig->IC1Prescaler));
 310              		.loc 1 156 3 view .LVU91
 157:stm/stm32l4xx/STM32L4xx_HAL_Driver/Src/stm32l4xx_hal_tim_ex.c ****   assert_param(IS_TIM_IC_FILTER(sConfig->IC1Filter));
 311              		.loc 1 157 3 view .LVU92
 158:stm/stm32l4xx/STM32L4xx_HAL_Driver/Src/stm32l4xx_hal_tim_ex.c **** 
 312              		.loc 1 158 3 view .LVU93
ARM GAS  /var/tmp//ccYgLLN5.s 			page 57


 160:stm/stm32l4xx/STM32L4xx_HAL_Driver/Src/stm32l4xx_hal_tim_ex.c ****   {
 313              		.loc 1 160 3 view .LVU94
 160:stm/stm32l4xx/STM32L4xx_HAL_Driver/Src/stm32l4xx_hal_tim_ex.c ****   {
 314              		.loc 1 160 11 is_stmt 0 view .LVU95
 315 000c 90F83D30 		ldrb	r3, [r0, #61]	@ zero_extendqisi2
 160:stm/stm32l4xx/STM32L4xx_HAL_Driver/Src/stm32l4xx_hal_tim_ex.c ****   {
 316              		.loc 1 160 6 view .LVU96
 317 0010 002B     		cmp	r3, #0
 318 0012 5AD0     		beq	.L27
 319              	.LVL16:
 320              	.L21:
 182:stm/stm32l4xx/STM32L4xx_HAL_Driver/Src/stm32l4xx_hal_tim_ex.c **** 
 321              		.loc 1 182 3 is_stmt 1 view .LVU97
 182:stm/stm32l4xx/STM32L4xx_HAL_Driver/Src/stm32l4xx_hal_tim_ex.c **** 
 322              		.loc 1 182 15 is_stmt 0 view .LVU98
 323 0014 0223     		movs	r3, #2
 324 0016 84F83D30 		strb	r3, [r4, #61]
 185:stm/stm32l4xx/STM32L4xx_HAL_Driver/Src/stm32l4xx_hal_tim_ex.c **** 
 325              		.loc 1 185 3 is_stmt 1 view .LVU99
 185:stm/stm32l4xx/STM32L4xx_HAL_Driver/Src/stm32l4xx_hal_tim_ex.c **** 
 326              		.loc 1 185 38 is_stmt 0 view .LVU100
 327 001a 2146     		mov	r1, r4
 185:stm/stm32l4xx/STM32L4xx_HAL_Driver/Src/stm32l4xx_hal_tim_ex.c **** 
 328              		.loc 1 185 3 view .LVU101
 329 001c 51F8040B 		ldr	r0, [r1], #4
 330 0020 FFF7FEFF 		bl	TIM_Base_SetConfig
 331              	.LVL17:
 188:stm/stm32l4xx/STM32L4xx_HAL_Driver/Src/stm32l4xx_hal_tim_ex.c **** 
 332              		.loc 1 188 3 is_stmt 1 view .LVU102
 333 0024 B368     		ldr	r3, [r6, #8]
 334 0026 0322     		movs	r2, #3
 335 0028 3168     		ldr	r1, [r6]
 336 002a 2068     		ldr	r0, [r4]
 337 002c FFF7FEFF 		bl	TIM_TI1_SetConfig
 338              	.LVL18:
 191:stm/stm32l4xx/STM32L4xx_HAL_Driver/Src/stm32l4xx_hal_tim_ex.c ****   /* Set the IC1PSC value */
 339              		.loc 1 191 3 view .LVU103
 191:stm/stm32l4xx/STM32L4xx_HAL_Driver/Src/stm32l4xx_hal_tim_ex.c ****   /* Set the IC1PSC value */
 340              		.loc 1 191 7 is_stmt 0 view .LVU104
 341 0030 2268     		ldr	r2, [r4]
 191:stm/stm32l4xx/STM32L4xx_HAL_Driver/Src/stm32l4xx_hal_tim_ex.c ****   /* Set the IC1PSC value */
 342              		.loc 1 191 17 view .LVU105
 343 0032 9369     		ldr	r3, [r2, #24]
 191:stm/stm32l4xx/STM32L4xx_HAL_Driver/Src/stm32l4xx_hal_tim_ex.c ****   /* Set the IC1PSC value */
 344              		.loc 1 191 25 view .LVU106
 345 0034 23F00C03 		bic	r3, r3, #12
 346 0038 9361     		str	r3, [r2, #24]
 193:stm/stm32l4xx/STM32L4xx_HAL_Driver/Src/stm32l4xx_hal_tim_ex.c **** 
 347              		.loc 1 193 3 is_stmt 1 view .LVU107
 193:stm/stm32l4xx/STM32L4xx_HAL_Driver/Src/stm32l4xx_hal_tim_ex.c **** 
 348              		.loc 1 193 7 is_stmt 0 view .LVU108
 349 003a 2268     		ldr	r2, [r4]
 193:stm/stm32l4xx/STM32L4xx_HAL_Driver/Src/stm32l4xx_hal_tim_ex.c **** 
 350              		.loc 1 193 17 view .LVU109
 351 003c 9369     		ldr	r3, [r2, #24]
 193:stm/stm32l4xx/STM32L4xx_HAL_Driver/Src/stm32l4xx_hal_tim_ex.c **** 
 352              		.loc 1 193 35 view .LVU110
ARM GAS  /var/tmp//ccYgLLN5.s 			page 58


 353 003e 7168     		ldr	r1, [r6, #4]
 193:stm/stm32l4xx/STM32L4xx_HAL_Driver/Src/stm32l4xx_hal_tim_ex.c **** 
 354              		.loc 1 193 25 view .LVU111
 355 0040 0B43     		orrs	r3, r3, r1
 356 0042 9361     		str	r3, [r2, #24]
 196:stm/stm32l4xx/STM32L4xx_HAL_Driver/Src/stm32l4xx_hal_tim_ex.c **** 
 357              		.loc 1 196 3 is_stmt 1 view .LVU112
 196:stm/stm32l4xx/STM32L4xx_HAL_Driver/Src/stm32l4xx_hal_tim_ex.c **** 
 358              		.loc 1 196 7 is_stmt 0 view .LVU113
 359 0044 2268     		ldr	r2, [r4]
 196:stm/stm32l4xx/STM32L4xx_HAL_Driver/Src/stm32l4xx_hal_tim_ex.c **** 
 360              		.loc 1 196 17 view .LVU114
 361 0046 5368     		ldr	r3, [r2, #4]
 196:stm/stm32l4xx/STM32L4xx_HAL_Driver/Src/stm32l4xx_hal_tim_ex.c **** 
 362              		.loc 1 196 23 view .LVU115
 363 0048 43F08003 		orr	r3, r3, #128
 364 004c 5360     		str	r3, [r2, #4]
 199:stm/stm32l4xx/STM32L4xx_HAL_Driver/Src/stm32l4xx_hal_tim_ex.c ****   htim->Instance->SMCR |= TIM_TS_TI1F_ED;
 365              		.loc 1 199 3 is_stmt 1 view .LVU116
 199:stm/stm32l4xx/STM32L4xx_HAL_Driver/Src/stm32l4xx_hal_tim_ex.c ****   htim->Instance->SMCR |= TIM_TS_TI1F_ED;
 366              		.loc 1 199 7 is_stmt 0 view .LVU117
 367 004e 2268     		ldr	r2, [r4]
 199:stm/stm32l4xx/STM32L4xx_HAL_Driver/Src/stm32l4xx_hal_tim_ex.c ****   htim->Instance->SMCR |= TIM_TS_TI1F_ED;
 368              		.loc 1 199 17 view .LVU118
 369 0050 9368     		ldr	r3, [r2, #8]
 199:stm/stm32l4xx/STM32L4xx_HAL_Driver/Src/stm32l4xx_hal_tim_ex.c ****   htim->Instance->SMCR |= TIM_TS_TI1F_ED;
 370              		.loc 1 199 24 view .LVU119
 371 0052 23F07003 		bic	r3, r3, #112
 372 0056 9360     		str	r3, [r2, #8]
 200:stm/stm32l4xx/STM32L4xx_HAL_Driver/Src/stm32l4xx_hal_tim_ex.c **** 
 373              		.loc 1 200 3 is_stmt 1 view .LVU120
 200:stm/stm32l4xx/STM32L4xx_HAL_Driver/Src/stm32l4xx_hal_tim_ex.c **** 
 374              		.loc 1 200 7 is_stmt 0 view .LVU121
 375 0058 2268     		ldr	r2, [r4]
 200:stm/stm32l4xx/STM32L4xx_HAL_Driver/Src/stm32l4xx_hal_tim_ex.c **** 
 376              		.loc 1 200 17 view .LVU122
 377 005a 9368     		ldr	r3, [r2, #8]
 200:stm/stm32l4xx/STM32L4xx_HAL_Driver/Src/stm32l4xx_hal_tim_ex.c **** 
 378              		.loc 1 200 24 view .LVU123
 379 005c 43F04003 		orr	r3, r3, #64
 380 0060 9360     		str	r3, [r2, #8]
 203:stm/stm32l4xx/STM32L4xx_HAL_Driver/Src/stm32l4xx_hal_tim_ex.c ****   htim->Instance->SMCR |= TIM_SLAVEMODE_RESET;
 381              		.loc 1 203 3 is_stmt 1 view .LVU124
 203:stm/stm32l4xx/STM32L4xx_HAL_Driver/Src/stm32l4xx_hal_tim_ex.c ****   htim->Instance->SMCR |= TIM_SLAVEMODE_RESET;
 382              		.loc 1 203 7 is_stmt 0 view .LVU125
 383 0062 2268     		ldr	r2, [r4]
 203:stm/stm32l4xx/STM32L4xx_HAL_Driver/Src/stm32l4xx_hal_tim_ex.c ****   htim->Instance->SMCR |= TIM_SLAVEMODE_RESET;
 384              		.loc 1 203 17 view .LVU126
 385 0064 9368     		ldr	r3, [r2, #8]
 203:stm/stm32l4xx/STM32L4xx_HAL_Driver/Src/stm32l4xx_hal_tim_ex.c ****   htim->Instance->SMCR |= TIM_SLAVEMODE_RESET;
 386              		.loc 1 203 24 view .LVU127
 387 0066 23F48033 		bic	r3, r3, #65536
 388 006a 23F00703 		bic	r3, r3, #7
 389 006e 9360     		str	r3, [r2, #8]
 204:stm/stm32l4xx/STM32L4xx_HAL_Driver/Src/stm32l4xx_hal_tim_ex.c **** 
 390              		.loc 1 204 3 is_stmt 1 view .LVU128
 204:stm/stm32l4xx/STM32L4xx_HAL_Driver/Src/stm32l4xx_hal_tim_ex.c **** 
ARM GAS  /var/tmp//ccYgLLN5.s 			page 59


 391              		.loc 1 204 7 is_stmt 0 view .LVU129
 392 0070 2268     		ldr	r2, [r4]
 204:stm/stm32l4xx/STM32L4xx_HAL_Driver/Src/stm32l4xx_hal_tim_ex.c **** 
 393              		.loc 1 204 17 view .LVU130
 394 0072 9368     		ldr	r3, [r2, #8]
 204:stm/stm32l4xx/STM32L4xx_HAL_Driver/Src/stm32l4xx_hal_tim_ex.c **** 
 395              		.loc 1 204 24 view .LVU131
 396 0074 43F00403 		orr	r3, r3, #4
 397 0078 9360     		str	r3, [r2, #8]
 207:stm/stm32l4xx/STM32L4xx_HAL_Driver/Src/stm32l4xx_hal_tim_ex.c ****   OC_Config.OCIdleState = TIM_OCIDLESTATE_RESET;
 398              		.loc 1 207 3 is_stmt 1 view .LVU132
 207:stm/stm32l4xx/STM32L4xx_HAL_Driver/Src/stm32l4xx_hal_tim_ex.c ****   OC_Config.OCIdleState = TIM_OCIDLESTATE_RESET;
 399              		.loc 1 207 24 is_stmt 0 view .LVU133
 400 007a 0025     		movs	r5, #0
 401 007c 0595     		str	r5, [sp, #20]
 208:stm/stm32l4xx/STM32L4xx_HAL_Driver/Src/stm32l4xx_hal_tim_ex.c ****   OC_Config.OCMode = TIM_OCMODE_PWM2;
 402              		.loc 1 208 3 is_stmt 1 view .LVU134
 208:stm/stm32l4xx/STM32L4xx_HAL_Driver/Src/stm32l4xx_hal_tim_ex.c ****   OC_Config.OCMode = TIM_OCMODE_PWM2;
 403              		.loc 1 208 25 is_stmt 0 view .LVU135
 404 007e 0695     		str	r5, [sp, #24]
 209:stm/stm32l4xx/STM32L4xx_HAL_Driver/Src/stm32l4xx_hal_tim_ex.c ****   OC_Config.OCNIdleState = TIM_OCNIDLESTATE_RESET;
 405              		.loc 1 209 3 is_stmt 1 view .LVU136
 209:stm/stm32l4xx/STM32L4xx_HAL_Driver/Src/stm32l4xx_hal_tim_ex.c ****   OC_Config.OCNIdleState = TIM_OCNIDLESTATE_RESET;
 406              		.loc 1 209 20 is_stmt 0 view .LVU137
 407 0080 7023     		movs	r3, #112
 408 0082 0193     		str	r3, [sp, #4]
 210:stm/stm32l4xx/STM32L4xx_HAL_Driver/Src/stm32l4xx_hal_tim_ex.c ****   OC_Config.OCNPolarity = TIM_OCNPOLARITY_HIGH;
 409              		.loc 1 210 3 is_stmt 1 view .LVU138
 210:stm/stm32l4xx/STM32L4xx_HAL_Driver/Src/stm32l4xx_hal_tim_ex.c ****   OC_Config.OCNPolarity = TIM_OCNPOLARITY_HIGH;
 410              		.loc 1 210 26 is_stmt 0 view .LVU139
 411 0084 0795     		str	r5, [sp, #28]
 211:stm/stm32l4xx/STM32L4xx_HAL_Driver/Src/stm32l4xx_hal_tim_ex.c ****   OC_Config.OCPolarity = TIM_OCPOLARITY_HIGH;
 412              		.loc 1 211 3 is_stmt 1 view .LVU140
 211:stm/stm32l4xx/STM32L4xx_HAL_Driver/Src/stm32l4xx_hal_tim_ex.c ****   OC_Config.OCPolarity = TIM_OCPOLARITY_HIGH;
 413              		.loc 1 211 25 is_stmt 0 view .LVU141
 414 0086 0495     		str	r5, [sp, #16]
 212:stm/stm32l4xx/STM32L4xx_HAL_Driver/Src/stm32l4xx_hal_tim_ex.c ****   OC_Config.Pulse = sConfig->Commutation_Delay;
 415              		.loc 1 212 3 is_stmt 1 view .LVU142
 212:stm/stm32l4xx/STM32L4xx_HAL_Driver/Src/stm32l4xx_hal_tim_ex.c ****   OC_Config.Pulse = sConfig->Commutation_Delay;
 416              		.loc 1 212 24 is_stmt 0 view .LVU143
 417 0088 0395     		str	r5, [sp, #12]
 213:stm/stm32l4xx/STM32L4xx_HAL_Driver/Src/stm32l4xx_hal_tim_ex.c **** 
 418              		.loc 1 213 3 is_stmt 1 view .LVU144
 213:stm/stm32l4xx/STM32L4xx_HAL_Driver/Src/stm32l4xx_hal_tim_ex.c **** 
 419              		.loc 1 213 28 is_stmt 0 view .LVU145
 420 008a F368     		ldr	r3, [r6, #12]
 213:stm/stm32l4xx/STM32L4xx_HAL_Driver/Src/stm32l4xx_hal_tim_ex.c **** 
 421              		.loc 1 213 19 view .LVU146
 422 008c 0293     		str	r3, [sp, #8]
 215:stm/stm32l4xx/STM32L4xx_HAL_Driver/Src/stm32l4xx_hal_tim_ex.c **** 
 423              		.loc 1 215 3 is_stmt 1 view .LVU147
 424 008e 01A9     		add	r1, sp, #4
 425 0090 2068     		ldr	r0, [r4]
 426 0092 FFF7FEFF 		bl	TIM_OC2_SetConfig
 427              	.LVL19:
 219:stm/stm32l4xx/STM32L4xx_HAL_Driver/Src/stm32l4xx_hal_tim_ex.c ****   htim->Instance->CR2 |= TIM_TRGO_OC2REF;
 428              		.loc 1 219 3 view .LVU148
ARM GAS  /var/tmp//ccYgLLN5.s 			page 60


 219:stm/stm32l4xx/STM32L4xx_HAL_Driver/Src/stm32l4xx_hal_tim_ex.c ****   htim->Instance->CR2 |= TIM_TRGO_OC2REF;
 429              		.loc 1 219 7 is_stmt 0 view .LVU149
 430 0096 2268     		ldr	r2, [r4]
 219:stm/stm32l4xx/STM32L4xx_HAL_Driver/Src/stm32l4xx_hal_tim_ex.c ****   htim->Instance->CR2 |= TIM_TRGO_OC2REF;
 431              		.loc 1 219 17 view .LVU150
 432 0098 5368     		ldr	r3, [r2, #4]
 219:stm/stm32l4xx/STM32L4xx_HAL_Driver/Src/stm32l4xx_hal_tim_ex.c ****   htim->Instance->CR2 |= TIM_TRGO_OC2REF;
 433              		.loc 1 219 23 view .LVU151
 434 009a 23F07003 		bic	r3, r3, #112
 435 009e 5360     		str	r3, [r2, #4]
 220:stm/stm32l4xx/STM32L4xx_HAL_Driver/Src/stm32l4xx_hal_tim_ex.c **** 
 436              		.loc 1 220 3 is_stmt 1 view .LVU152
 220:stm/stm32l4xx/STM32L4xx_HAL_Driver/Src/stm32l4xx_hal_tim_ex.c **** 
 437              		.loc 1 220 7 is_stmt 0 view .LVU153
 438 00a0 2268     		ldr	r2, [r4]
 220:stm/stm32l4xx/STM32L4xx_HAL_Driver/Src/stm32l4xx_hal_tim_ex.c **** 
 439              		.loc 1 220 17 view .LVU154
 440 00a2 5368     		ldr	r3, [r2, #4]
 220:stm/stm32l4xx/STM32L4xx_HAL_Driver/Src/stm32l4xx_hal_tim_ex.c **** 
 441              		.loc 1 220 23 view .LVU155
 442 00a4 43F05003 		orr	r3, r3, #80
 443 00a8 5360     		str	r3, [r2, #4]
 223:stm/stm32l4xx/STM32L4xx_HAL_Driver/Src/stm32l4xx_hal_tim_ex.c **** 
 444              		.loc 1 223 3 is_stmt 1 view .LVU156
 223:stm/stm32l4xx/STM32L4xx_HAL_Driver/Src/stm32l4xx_hal_tim_ex.c **** 
 445              		.loc 1 223 23 is_stmt 0 view .LVU157
 446 00aa 0123     		movs	r3, #1
 447 00ac 84F84830 		strb	r3, [r4, #72]
 226:stm/stm32l4xx/STM32L4xx_HAL_Driver/Src/stm32l4xx_hal_tim_ex.c ****   TIM_CHANNEL_STATE_SET(htim, TIM_CHANNEL_2, HAL_TIM_CHANNEL_STATE_READY);
 448              		.loc 1 226 3 is_stmt 1 view .LVU158
 449 00b0 84F83E30 		strb	r3, [r4, #62]
 227:stm/stm32l4xx/STM32L4xx_HAL_Driver/Src/stm32l4xx_hal_tim_ex.c ****   TIM_CHANNEL_N_STATE_SET(htim, TIM_CHANNEL_1, HAL_TIM_CHANNEL_STATE_READY);
 450              		.loc 1 227 3 view .LVU159
 451 00b4 84F83F30 		strb	r3, [r4, #63]
 228:stm/stm32l4xx/STM32L4xx_HAL_Driver/Src/stm32l4xx_hal_tim_ex.c ****   TIM_CHANNEL_N_STATE_SET(htim, TIM_CHANNEL_2, HAL_TIM_CHANNEL_STATE_READY);
 452              		.loc 1 228 3 view .LVU160
 453 00b8 84F84430 		strb	r3, [r4, #68]
 229:stm/stm32l4xx/STM32L4xx_HAL_Driver/Src/stm32l4xx_hal_tim_ex.c **** 
 454              		.loc 1 229 3 view .LVU161
 455 00bc 84F84530 		strb	r3, [r4, #69]
 232:stm/stm32l4xx/STM32L4xx_HAL_Driver/Src/stm32l4xx_hal_tim_ex.c **** 
 456              		.loc 1 232 3 view .LVU162
 232:stm/stm32l4xx/STM32L4xx_HAL_Driver/Src/stm32l4xx_hal_tim_ex.c **** 
 457              		.loc 1 232 15 is_stmt 0 view .LVU163
 458 00c0 84F83D30 		strb	r3, [r4, #61]
 234:stm/stm32l4xx/STM32L4xx_HAL_Driver/Src/stm32l4xx_hal_tim_ex.c **** }
 459              		.loc 1 234 3 is_stmt 1 view .LVU164
 234:stm/stm32l4xx/STM32L4xx_HAL_Driver/Src/stm32l4xx_hal_tim_ex.c **** }
 460              		.loc 1 234 10 is_stmt 0 view .LVU165
 461 00c4 2846     		mov	r0, r5
 235:stm/stm32l4xx/STM32L4xx_HAL_Driver/Src/stm32l4xx_hal_tim_ex.c **** 
 462              		.loc 1 235 1 view .LVU166
 463 00c6 08B0     		add	sp, sp, #32
 464              	.LCFI4:
 465              		.cfi_remember_state
 466              		.cfi_def_cfa_offset 16
 467              		@ sp needed
ARM GAS  /var/tmp//ccYgLLN5.s 			page 61


 468 00c8 70BD     		pop	{r4, r5, r6, pc}
 469              	.LVL20:
 470              	.L27:
 471              	.LCFI5:
 472              		.cfi_restore_state
 163:stm/stm32l4xx/STM32L4xx_HAL_Driver/Src/stm32l4xx_hal_tim_ex.c **** 
 473              		.loc 1 163 5 is_stmt 1 view .LVU167
 163:stm/stm32l4xx/STM32L4xx_HAL_Driver/Src/stm32l4xx_hal_tim_ex.c **** 
 474              		.loc 1 163 16 is_stmt 0 view .LVU168
 475 00ca 80F83C30 		strb	r3, [r0, #60]
 177:stm/stm32l4xx/STM32L4xx_HAL_Driver/Src/stm32l4xx_hal_tim_ex.c **** #endif /* USE_HAL_TIM_REGISTER_CALLBACKS */
 476              		.loc 1 177 5 is_stmt 1 view .LVU169
 477 00ce FFF7FEFF 		bl	HAL_TIMEx_HallSensor_MspInit
 478              	.LVL21:
 177:stm/stm32l4xx/STM32L4xx_HAL_Driver/Src/stm32l4xx_hal_tim_ex.c **** #endif /* USE_HAL_TIM_REGISTER_CALLBACKS */
 479              		.loc 1 177 5 is_stmt 0 view .LVU170
 480 00d2 9FE7     		b	.L21
 481              	.LVL22:
 482              	.L22:
 483              	.LCFI6:
 484              		.cfi_def_cfa_offset 0
 485              		.cfi_restore 4
 486              		.cfi_restore 5
 487              		.cfi_restore 6
 488              		.cfi_restore 14
 147:stm/stm32l4xx/STM32L4xx_HAL_Driver/Src/stm32l4xx_hal_tim_ex.c ****   }
 489              		.loc 1 147 12 view .LVU171
 490 00d4 0120     		movs	r0, #1
 491              	.LVL23:
 235:stm/stm32l4xx/STM32L4xx_HAL_Driver/Src/stm32l4xx_hal_tim_ex.c **** 
 492              		.loc 1 235 1 view .LVU172
 493 00d6 7047     		bx	lr
 494              		.cfi_endproc
 495              	.LFE288:
 497              		.section	.text.HAL_TIMEx_HallSensor_MspDeInit,"ax",%progbits
 498              		.align	1
 499              		.weak	HAL_TIMEx_HallSensor_MspDeInit
 500              		.syntax unified
 501              		.thumb
 502              		.thumb_func
 504              	HAL_TIMEx_HallSensor_MspDeInit:
 505              	.LVL24:
 506              	.LFB291:
 303:stm/stm32l4xx/STM32L4xx_HAL_Driver/Src/stm32l4xx_hal_tim_ex.c ****   /* Prevent unused argument(s) compilation warning */
 507              		.loc 1 303 1 is_stmt 1 view -0
 508              		.cfi_startproc
 509              		@ args = 0, pretend = 0, frame = 0
 510              		@ frame_needed = 0, uses_anonymous_args = 0
 511              		@ link register save eliminated.
 305:stm/stm32l4xx/STM32L4xx_HAL_Driver/Src/stm32l4xx_hal_tim_ex.c **** 
 512              		.loc 1 305 3 view .LVU174
 310:stm/stm32l4xx/STM32L4xx_HAL_Driver/Src/stm32l4xx_hal_tim_ex.c **** 
 513              		.loc 1 310 1 is_stmt 0 view .LVU175
 514 0000 7047     		bx	lr
 515              		.cfi_endproc
 516              	.LFE291:
 518              		.section	.text.HAL_TIMEx_HallSensor_DeInit,"ax",%progbits
ARM GAS  /var/tmp//ccYgLLN5.s 			page 62


 519              		.align	1
 520              		.global	HAL_TIMEx_HallSensor_DeInit
 521              		.syntax unified
 522              		.thumb
 523              		.thumb_func
 525              	HAL_TIMEx_HallSensor_DeInit:
 526              	.LVL25:
 527              	.LFB289:
 243:stm/stm32l4xx/STM32L4xx_HAL_Driver/Src/stm32l4xx_hal_tim_ex.c ****   /* Check the parameters */
 528              		.loc 1 243 1 is_stmt 1 view -0
 529              		.cfi_startproc
 530              		@ args = 0, pretend = 0, frame = 0
 531              		@ frame_needed = 0, uses_anonymous_args = 0
 243:stm/stm32l4xx/STM32L4xx_HAL_Driver/Src/stm32l4xx_hal_tim_ex.c ****   /* Check the parameters */
 532              		.loc 1 243 1 is_stmt 0 view .LVU177
 533 0000 10B5     		push	{r4, lr}
 534              	.LCFI7:
 535              		.cfi_def_cfa_offset 8
 536              		.cfi_offset 4, -8
 537              		.cfi_offset 14, -4
 538 0002 0446     		mov	r4, r0
 245:stm/stm32l4xx/STM32L4xx_HAL_Driver/Src/stm32l4xx_hal_tim_ex.c **** 
 539              		.loc 1 245 3 is_stmt 1 view .LVU178
 247:stm/stm32l4xx/STM32L4xx_HAL_Driver/Src/stm32l4xx_hal_tim_ex.c **** 
 540              		.loc 1 247 3 view .LVU179
 247:stm/stm32l4xx/STM32L4xx_HAL_Driver/Src/stm32l4xx_hal_tim_ex.c **** 
 541              		.loc 1 247 15 is_stmt 0 view .LVU180
 542 0004 0223     		movs	r3, #2
 543 0006 80F83D30 		strb	r3, [r0, #61]
 250:stm/stm32l4xx/STM32L4xx_HAL_Driver/Src/stm32l4xx_hal_tim_ex.c **** 
 544              		.loc 1 250 3 is_stmt 1 view .LVU181
 250:stm/stm32l4xx/STM32L4xx_HAL_Driver/Src/stm32l4xx_hal_tim_ex.c **** 
 545              		.loc 1 250 3 view .LVU182
 546 000a 0368     		ldr	r3, [r0]
 547 000c 196A     		ldr	r1, [r3, #32]
 548 000e 41F21112 		movw	r2, #4369
 549 0012 1142     		tst	r1, r2
 550 0014 08D1     		bne	.L30
 250:stm/stm32l4xx/STM32L4xx_HAL_Driver/Src/stm32l4xx_hal_tim_ex.c **** 
 551              		.loc 1 250 3 discriminator 1 view .LVU183
 552 0016 196A     		ldr	r1, [r3, #32]
 553 0018 40F24442 		movw	r2, #1092
 554 001c 1142     		tst	r1, r2
 555 001e 03D1     		bne	.L30
 250:stm/stm32l4xx/STM32L4xx_HAL_Driver/Src/stm32l4xx_hal_tim_ex.c **** 
 556              		.loc 1 250 3 discriminator 3 view .LVU184
 557 0020 1A68     		ldr	r2, [r3]
 558 0022 22F00102 		bic	r2, r2, #1
 559 0026 1A60     		str	r2, [r3]
 560              	.L30:
 250:stm/stm32l4xx/STM32L4xx_HAL_Driver/Src/stm32l4xx_hal_tim_ex.c **** 
 561              		.loc 1 250 3 discriminator 5 view .LVU185
 261:stm/stm32l4xx/STM32L4xx_HAL_Driver/Src/stm32l4xx_hal_tim_ex.c **** #endif /* USE_HAL_TIM_REGISTER_CALLBACKS */
 562              		.loc 1 261 3 discriminator 5 view .LVU186
 563 0028 2046     		mov	r0, r4
 564              	.LVL26:
 261:stm/stm32l4xx/STM32L4xx_HAL_Driver/Src/stm32l4xx_hal_tim_ex.c **** #endif /* USE_HAL_TIM_REGISTER_CALLBACKS */
ARM GAS  /var/tmp//ccYgLLN5.s 			page 63


 565              		.loc 1 261 3 is_stmt 0 discriminator 5 view .LVU187
 566 002a FFF7FEFF 		bl	HAL_TIMEx_HallSensor_MspDeInit
 567              	.LVL27:
 265:stm/stm32l4xx/STM32L4xx_HAL_Driver/Src/stm32l4xx_hal_tim_ex.c **** 
 568              		.loc 1 265 3 is_stmt 1 discriminator 5 view .LVU188
 265:stm/stm32l4xx/STM32L4xx_HAL_Driver/Src/stm32l4xx_hal_tim_ex.c **** 
 569              		.loc 1 265 23 is_stmt 0 discriminator 5 view .LVU189
 570 002e 0020     		movs	r0, #0
 571 0030 84F84800 		strb	r0, [r4, #72]
 268:stm/stm32l4xx/STM32L4xx_HAL_Driver/Src/stm32l4xx_hal_tim_ex.c ****   TIM_CHANNEL_STATE_SET(htim, TIM_CHANNEL_2, HAL_TIM_CHANNEL_STATE_RESET);
 572              		.loc 1 268 3 is_stmt 1 discriminator 5 view .LVU190
 573 0034 84F83E00 		strb	r0, [r4, #62]
 269:stm/stm32l4xx/STM32L4xx_HAL_Driver/Src/stm32l4xx_hal_tim_ex.c ****   TIM_CHANNEL_N_STATE_SET(htim, TIM_CHANNEL_1, HAL_TIM_CHANNEL_STATE_RESET);
 574              		.loc 1 269 3 discriminator 5 view .LVU191
 575 0038 84F83F00 		strb	r0, [r4, #63]
 270:stm/stm32l4xx/STM32L4xx_HAL_Driver/Src/stm32l4xx_hal_tim_ex.c ****   TIM_CHANNEL_N_STATE_SET(htim, TIM_CHANNEL_2, HAL_TIM_CHANNEL_STATE_RESET);
 576              		.loc 1 270 3 discriminator 5 view .LVU192
 577 003c 84F84400 		strb	r0, [r4, #68]
 271:stm/stm32l4xx/STM32L4xx_HAL_Driver/Src/stm32l4xx_hal_tim_ex.c **** 
 578              		.loc 1 271 3 discriminator 5 view .LVU193
 579 0040 84F84500 		strb	r0, [r4, #69]
 274:stm/stm32l4xx/STM32L4xx_HAL_Driver/Src/stm32l4xx_hal_tim_ex.c **** 
 580              		.loc 1 274 3 discriminator 5 view .LVU194
 274:stm/stm32l4xx/STM32L4xx_HAL_Driver/Src/stm32l4xx_hal_tim_ex.c **** 
 581              		.loc 1 274 15 is_stmt 0 discriminator 5 view .LVU195
 582 0044 84F83D00 		strb	r0, [r4, #61]
 277:stm/stm32l4xx/STM32L4xx_HAL_Driver/Src/stm32l4xx_hal_tim_ex.c **** 
 583              		.loc 1 277 3 is_stmt 1 discriminator 5 view .LVU196
 277:stm/stm32l4xx/STM32L4xx_HAL_Driver/Src/stm32l4xx_hal_tim_ex.c **** 
 584              		.loc 1 277 3 discriminator 5 view .LVU197
 585 0048 84F83C00 		strb	r0, [r4, #60]
 277:stm/stm32l4xx/STM32L4xx_HAL_Driver/Src/stm32l4xx_hal_tim_ex.c **** 
 586              		.loc 1 277 3 discriminator 5 view .LVU198
 279:stm/stm32l4xx/STM32L4xx_HAL_Driver/Src/stm32l4xx_hal_tim_ex.c **** }
 587              		.loc 1 279 3 discriminator 5 view .LVU199
 280:stm/stm32l4xx/STM32L4xx_HAL_Driver/Src/stm32l4xx_hal_tim_ex.c **** 
 588              		.loc 1 280 1 is_stmt 0 discriminator 5 view .LVU200
 589 004c 10BD     		pop	{r4, pc}
 280:stm/stm32l4xx/STM32L4xx_HAL_Driver/Src/stm32l4xx_hal_tim_ex.c **** 
 590              		.loc 1 280 1 discriminator 5 view .LVU201
 591              		.cfi_endproc
 592              	.LFE289:
 594              		.section	.text.HAL_TIMEx_HallSensor_Start,"ax",%progbits
 595              		.align	1
 596              		.global	HAL_TIMEx_HallSensor_Start
 597              		.syntax unified
 598              		.thumb
 599              		.thumb_func
 601              	HAL_TIMEx_HallSensor_Start:
 602              	.LVL28:
 603              	.LFB292:
 318:stm/stm32l4xx/STM32L4xx_HAL_Driver/Src/stm32l4xx_hal_tim_ex.c ****   uint32_t tmpsmcr;
 604              		.loc 1 318 1 is_stmt 1 view -0
 605              		.cfi_startproc
 606              		@ args = 0, pretend = 0, frame = 0
 607              		@ frame_needed = 0, uses_anonymous_args = 0
 318:stm/stm32l4xx/STM32L4xx_HAL_Driver/Src/stm32l4xx_hal_tim_ex.c ****   uint32_t tmpsmcr;
ARM GAS  /var/tmp//ccYgLLN5.s 			page 64


 608              		.loc 1 318 1 is_stmt 0 view .LVU203
 609 0000 10B5     		push	{r4, lr}
 610              	.LCFI8:
 611              		.cfi_def_cfa_offset 8
 612              		.cfi_offset 4, -8
 613              		.cfi_offset 14, -4
 614 0002 0446     		mov	r4, r0
 319:stm/stm32l4xx/STM32L4xx_HAL_Driver/Src/stm32l4xx_hal_tim_ex.c ****   HAL_TIM_ChannelStateTypeDef channel_1_state = TIM_CHANNEL_STATE_GET(htim, TIM_CHANNEL_1);
 615              		.loc 1 319 3 is_stmt 1 view .LVU204
 320:stm/stm32l4xx/STM32L4xx_HAL_Driver/Src/stm32l4xx_hal_tim_ex.c ****   HAL_TIM_ChannelStateTypeDef channel_2_state = TIM_CHANNEL_STATE_GET(htim, TIM_CHANNEL_2);
 616              		.loc 1 320 3 view .LVU205
 320:stm/stm32l4xx/STM32L4xx_HAL_Driver/Src/stm32l4xx_hal_tim_ex.c ****   HAL_TIM_ChannelStateTypeDef channel_2_state = TIM_CHANNEL_STATE_GET(htim, TIM_CHANNEL_2);
 617              		.loc 1 320 31 is_stmt 0 view .LVU206
 618 0004 90F83E00 		ldrb	r0, [r0, #62]	@ zero_extendqisi2
 619              	.LVL29:
 320:stm/stm32l4xx/STM32L4xx_HAL_Driver/Src/stm32l4xx_hal_tim_ex.c ****   HAL_TIM_ChannelStateTypeDef channel_2_state = TIM_CHANNEL_STATE_GET(htim, TIM_CHANNEL_2);
 620              		.loc 1 320 31 view .LVU207
 621 0008 C0B2     		uxtb	r0, r0
 622              	.LVL30:
 321:stm/stm32l4xx/STM32L4xx_HAL_Driver/Src/stm32l4xx_hal_tim_ex.c ****   HAL_TIM_ChannelStateTypeDef complementary_channel_1_state = TIM_CHANNEL_N_STATE_GET(htim, TIM_CHA
 623              		.loc 1 321 3 is_stmt 1 view .LVU208
 321:stm/stm32l4xx/STM32L4xx_HAL_Driver/Src/stm32l4xx_hal_tim_ex.c ****   HAL_TIM_ChannelStateTypeDef complementary_channel_1_state = TIM_CHANNEL_N_STATE_GET(htim, TIM_CHA
 624              		.loc 1 321 31 is_stmt 0 view .LVU209
 625 000a 94F83F30 		ldrb	r3, [r4, #63]	@ zero_extendqisi2
 626              	.LVL31:
 322:stm/stm32l4xx/STM32L4xx_HAL_Driver/Src/stm32l4xx_hal_tim_ex.c ****   HAL_TIM_ChannelStateTypeDef complementary_channel_2_state = TIM_CHANNEL_N_STATE_GET(htim, TIM_CHA
 627              		.loc 1 322 3 is_stmt 1 view .LVU210
 322:stm/stm32l4xx/STM32L4xx_HAL_Driver/Src/stm32l4xx_hal_tim_ex.c ****   HAL_TIM_ChannelStateTypeDef complementary_channel_2_state = TIM_CHANNEL_N_STATE_GET(htim, TIM_CHA
 628              		.loc 1 322 31 is_stmt 0 view .LVU211
 629 000e 94F84420 		ldrb	r2, [r4, #68]	@ zero_extendqisi2
 630              	.LVL32:
 323:stm/stm32l4xx/STM32L4xx_HAL_Driver/Src/stm32l4xx_hal_tim_ex.c **** 
 631              		.loc 1 323 3 is_stmt 1 view .LVU212
 323:stm/stm32l4xx/STM32L4xx_HAL_Driver/Src/stm32l4xx_hal_tim_ex.c **** 
 632              		.loc 1 323 31 is_stmt 0 view .LVU213
 633 0012 94F84510 		ldrb	r1, [r4, #69]	@ zero_extendqisi2
 634              	.LVL33:
 326:stm/stm32l4xx/STM32L4xx_HAL_Driver/Src/stm32l4xx_hal_tim_ex.c **** 
 635              		.loc 1 326 3 is_stmt 1 view .LVU214
 329:stm/stm32l4xx/STM32L4xx_HAL_Driver/Src/stm32l4xx_hal_tim_ex.c ****       || (channel_2_state != HAL_TIM_CHANNEL_STATE_READY)
 636              		.loc 1 329 3 view .LVU215
 329:stm/stm32l4xx/STM32L4xx_HAL_Driver/Src/stm32l4xx_hal_tim_ex.c ****       || (channel_2_state != HAL_TIM_CHANNEL_STATE_READY)
 637              		.loc 1 329 6 is_stmt 0 view .LVU216
 638 0016 0128     		cmp	r0, #1
 639 0018 36D1     		bne	.L36
 640 001a DBB2     		uxtb	r3, r3
 329:stm/stm32l4xx/STM32L4xx_HAL_Driver/Src/stm32l4xx_hal_tim_ex.c ****       || (channel_2_state != HAL_TIM_CHANNEL_STATE_READY)
 641              		.loc 1 329 6 view .LVU217
 642 001c D2B2     		uxtb	r2, r2
 329:stm/stm32l4xx/STM32L4xx_HAL_Driver/Src/stm32l4xx_hal_tim_ex.c ****       || (channel_2_state != HAL_TIM_CHANNEL_STATE_READY)
 643              		.loc 1 329 6 view .LVU218
 644 001e C9B2     		uxtb	r1, r1
 330:stm/stm32l4xx/STM32L4xx_HAL_Driver/Src/stm32l4xx_hal_tim_ex.c ****       || (complementary_channel_1_state != HAL_TIM_CHANNEL_STATE_READY)
 645              		.loc 1 330 7 view .LVU219
 646 0020 012B     		cmp	r3, #1
 647 0022 32D1     		bne	.L33
 331:stm/stm32l4xx/STM32L4xx_HAL_Driver/Src/stm32l4xx_hal_tim_ex.c ****       || (complementary_channel_2_state != HAL_TIM_CHANNEL_STATE_READY))
ARM GAS  /var/tmp//ccYgLLN5.s 			page 65


 648              		.loc 1 331 7 view .LVU220
 649 0024 012A     		cmp	r2, #1
 650 0026 31D1     		bne	.L37
 332:stm/stm32l4xx/STM32L4xx_HAL_Driver/Src/stm32l4xx_hal_tim_ex.c ****   {
 651              		.loc 1 332 7 view .LVU221
 652 0028 0129     		cmp	r1, #1
 653 002a 01D0     		beq	.L42
 334:stm/stm32l4xx/STM32L4xx_HAL_Driver/Src/stm32l4xx_hal_tim_ex.c ****   }
 654              		.loc 1 334 12 view .LVU222
 655 002c 1046     		mov	r0, r2
 656              	.LVL34:
 334:stm/stm32l4xx/STM32L4xx_HAL_Driver/Src/stm32l4xx_hal_tim_ex.c ****   }
 657              		.loc 1 334 12 view .LVU223
 658 002e 2CE0     		b	.L33
 659              	.LVL35:
 660              	.L42:
 338:stm/stm32l4xx/STM32L4xx_HAL_Driver/Src/stm32l4xx_hal_tim_ex.c ****   TIM_CHANNEL_STATE_SET(htim, TIM_CHANNEL_2, HAL_TIM_CHANNEL_STATE_BUSY);
 661              		.loc 1 338 3 is_stmt 1 view .LVU224
 662 0030 0223     		movs	r3, #2
 663              	.LVL36:
 338:stm/stm32l4xx/STM32L4xx_HAL_Driver/Src/stm32l4xx_hal_tim_ex.c ****   TIM_CHANNEL_STATE_SET(htim, TIM_CHANNEL_2, HAL_TIM_CHANNEL_STATE_BUSY);
 664              		.loc 1 338 3 is_stmt 0 view .LVU225
 665 0032 84F83E30 		strb	r3, [r4, #62]
 339:stm/stm32l4xx/STM32L4xx_HAL_Driver/Src/stm32l4xx_hal_tim_ex.c ****   TIM_CHANNEL_N_STATE_SET(htim, TIM_CHANNEL_1, HAL_TIM_CHANNEL_STATE_BUSY);
 666              		.loc 1 339 3 is_stmt 1 view .LVU226
 667 0036 84F83F30 		strb	r3, [r4, #63]
 340:stm/stm32l4xx/STM32L4xx_HAL_Driver/Src/stm32l4xx_hal_tim_ex.c ****   TIM_CHANNEL_N_STATE_SET(htim, TIM_CHANNEL_2, HAL_TIM_CHANNEL_STATE_BUSY);
 668              		.loc 1 340 3 view .LVU227
 669 003a 84F84430 		strb	r3, [r4, #68]
 341:stm/stm32l4xx/STM32L4xx_HAL_Driver/Src/stm32l4xx_hal_tim_ex.c **** 
 670              		.loc 1 341 3 view .LVU228
 671 003e 84F84530 		strb	r3, [r4, #69]
 346:stm/stm32l4xx/STM32L4xx_HAL_Driver/Src/stm32l4xx_hal_tim_ex.c **** 
 672              		.loc 1 346 3 view .LVU229
 673 0042 0021     		movs	r1, #0
 674              	.LVL37:
 346:stm/stm32l4xx/STM32L4xx_HAL_Driver/Src/stm32l4xx_hal_tim_ex.c **** 
 675              		.loc 1 346 3 is_stmt 0 view .LVU230
 676 0044 2068     		ldr	r0, [r4]
 677              	.LVL38:
 346:stm/stm32l4xx/STM32L4xx_HAL_Driver/Src/stm32l4xx_hal_tim_ex.c **** 
 678              		.loc 1 346 3 view .LVU231
 679 0046 FFF7FEFF 		bl	TIM_CCxChannelCmd
 680              	.LVL39:
 349:stm/stm32l4xx/STM32L4xx_HAL_Driver/Src/stm32l4xx_hal_tim_ex.c ****   {
 681              		.loc 1 349 3 is_stmt 1 view .LVU232
 349:stm/stm32l4xx/STM32L4xx_HAL_Driver/Src/stm32l4xx_hal_tim_ex.c ****   {
 682              		.loc 1 349 7 is_stmt 0 view .LVU233
 683 004a 2368     		ldr	r3, [r4]
 349:stm/stm32l4xx/STM32L4xx_HAL_Driver/Src/stm32l4xx_hal_tim_ex.c ****   {
 684              		.loc 1 349 6 view .LVU234
 685 004c 124A     		ldr	r2, .L43
 686 004e 9342     		cmp	r3, r2
 687 0050 0CD0     		beq	.L34
 349:stm/stm32l4xx/STM32L4xx_HAL_Driver/Src/stm32l4xx_hal_tim_ex.c ****   {
 688              		.loc 1 349 7 discriminator 1 view .LVU235
 689 0052 B3F1804F 		cmp	r3, #1073741824
ARM GAS  /var/tmp//ccYgLLN5.s 			page 66


 690 0056 09D0     		beq	.L34
 349:stm/stm32l4xx/STM32L4xx_HAL_Driver/Src/stm32l4xx_hal_tim_ex.c ****   {
 691              		.loc 1 349 7 discriminator 2 view .LVU236
 692 0058 02F5A052 		add	r2, r2, #5120
 693 005c 9342     		cmp	r3, r2
 694 005e 05D0     		beq	.L34
 359:stm/stm32l4xx/STM32L4xx_HAL_Driver/Src/stm32l4xx_hal_tim_ex.c ****   }
 695              		.loc 1 359 5 is_stmt 1 view .LVU237
 696 0060 1A68     		ldr	r2, [r3]
 697 0062 42F00102 		orr	r2, r2, #1
 698 0066 1A60     		str	r2, [r3]
 363:stm/stm32l4xx/STM32L4xx_HAL_Driver/Src/stm32l4xx_hal_tim_ex.c **** }
 699              		.loc 1 363 10 is_stmt 0 view .LVU238
 700 0068 0020     		movs	r0, #0
 701 006a 0EE0     		b	.L33
 702              	.L34:
 351:stm/stm32l4xx/STM32L4xx_HAL_Driver/Src/stm32l4xx_hal_tim_ex.c ****     if (!IS_TIM_SLAVEMODE_TRIGGER_ENABLED(tmpsmcr))
 703              		.loc 1 351 5 is_stmt 1 view .LVU239
 351:stm/stm32l4xx/STM32L4xx_HAL_Driver/Src/stm32l4xx_hal_tim_ex.c ****     if (!IS_TIM_SLAVEMODE_TRIGGER_ENABLED(tmpsmcr))
 704              		.loc 1 351 29 is_stmt 0 view .LVU240
 705 006c 9968     		ldr	r1, [r3, #8]
 351:stm/stm32l4xx/STM32L4xx_HAL_Driver/Src/stm32l4xx_hal_tim_ex.c ****     if (!IS_TIM_SLAVEMODE_TRIGGER_ENABLED(tmpsmcr))
 706              		.loc 1 351 13 view .LVU241
 707 006e 0B4A     		ldr	r2, .L43+4
 708 0070 0A40     		ands	r2, r2, r1
 709              	.LVL40:
 352:stm/stm32l4xx/STM32L4xx_HAL_Driver/Src/stm32l4xx_hal_tim_ex.c ****     {
 710              		.loc 1 352 5 is_stmt 1 view .LVU242
 352:stm/stm32l4xx/STM32L4xx_HAL_Driver/Src/stm32l4xx_hal_tim_ex.c ****     {
 711              		.loc 1 352 8 is_stmt 0 view .LVU243
 712 0072 062A     		cmp	r2, #6
 713 0074 0CD0     		beq	.L39
 352:stm/stm32l4xx/STM32L4xx_HAL_Driver/Src/stm32l4xx_hal_tim_ex.c ****     {
 714              		.loc 1 352 9 discriminator 1 view .LVU244
 715 0076 B2F5803F 		cmp	r2, #65536
 716 007a 0BD0     		beq	.L40
 354:stm/stm32l4xx/STM32L4xx_HAL_Driver/Src/stm32l4xx_hal_tim_ex.c ****     }
 717              		.loc 1 354 7 is_stmt 1 view .LVU245
 718 007c 1A68     		ldr	r2, [r3]
 719              	.LVL41:
 354:stm/stm32l4xx/STM32L4xx_HAL_Driver/Src/stm32l4xx_hal_tim_ex.c ****     }
 720              		.loc 1 354 7 is_stmt 0 view .LVU246
 721 007e 42F00102 		orr	r2, r2, #1
 722 0082 1A60     		str	r2, [r3]
 363:stm/stm32l4xx/STM32L4xx_HAL_Driver/Src/stm32l4xx_hal_tim_ex.c **** }
 723              		.loc 1 363 10 view .LVU247
 724 0084 0020     		movs	r0, #0
 725 0086 00E0     		b	.L33
 726              	.LVL42:
 727              	.L36:
 334:stm/stm32l4xx/STM32L4xx_HAL_Driver/Src/stm32l4xx_hal_tim_ex.c ****   }
 728              		.loc 1 334 12 view .LVU248
 729 0088 0120     		movs	r0, #1
 730              	.LVL43:
 731              	.L33:
 364:stm/stm32l4xx/STM32L4xx_HAL_Driver/Src/stm32l4xx_hal_tim_ex.c **** 
 732              		.loc 1 364 1 view .LVU249
ARM GAS  /var/tmp//ccYgLLN5.s 			page 67


 733 008a 10BD     		pop	{r4, pc}
 734              	.LVL44:
 735              	.L37:
 334:stm/stm32l4xx/STM32L4xx_HAL_Driver/Src/stm32l4xx_hal_tim_ex.c ****   }
 736              		.loc 1 334 12 view .LVU250
 737 008c 1846     		mov	r0, r3
 738              	.LVL45:
 334:stm/stm32l4xx/STM32L4xx_HAL_Driver/Src/stm32l4xx_hal_tim_ex.c ****   }
 739              		.loc 1 334 12 view .LVU251
 740 008e FCE7     		b	.L33
 741              	.LVL46:
 742              	.L39:
 363:stm/stm32l4xx/STM32L4xx_HAL_Driver/Src/stm32l4xx_hal_tim_ex.c **** }
 743              		.loc 1 363 10 view .LVU252
 744 0090 0020     		movs	r0, #0
 745 0092 FAE7     		b	.L33
 746              	.L40:
 747 0094 0020     		movs	r0, #0
 748 0096 F8E7     		b	.L33
 749              	.L44:
 750              		.align	2
 751              	.L43:
 752 0098 002C0140 		.word	1073818624
 753 009c 07000100 		.word	65543
 754              		.cfi_endproc
 755              	.LFE292:
 757              		.section	.text.HAL_TIMEx_HallSensor_Stop,"ax",%progbits
 758              		.align	1
 759              		.global	HAL_TIMEx_HallSensor_Stop
 760              		.syntax unified
 761              		.thumb
 762              		.thumb_func
 764              	HAL_TIMEx_HallSensor_Stop:
 765              	.LVL47:
 766              	.LFB293:
 372:stm/stm32l4xx/STM32L4xx_HAL_Driver/Src/stm32l4xx_hal_tim_ex.c ****   /* Check the parameters */
 767              		.loc 1 372 1 is_stmt 1 view -0
 768              		.cfi_startproc
 769              		@ args = 0, pretend = 0, frame = 0
 770              		@ frame_needed = 0, uses_anonymous_args = 0
 372:stm/stm32l4xx/STM32L4xx_HAL_Driver/Src/stm32l4xx_hal_tim_ex.c ****   /* Check the parameters */
 771              		.loc 1 372 1 is_stmt 0 view .LVU254
 772 0000 10B5     		push	{r4, lr}
 773              	.LCFI9:
 774              		.cfi_def_cfa_offset 8
 775              		.cfi_offset 4, -8
 776              		.cfi_offset 14, -4
 777 0002 0446     		mov	r4, r0
 374:stm/stm32l4xx/STM32L4xx_HAL_Driver/Src/stm32l4xx_hal_tim_ex.c **** 
 778              		.loc 1 374 3 is_stmt 1 view .LVU255
 379:stm/stm32l4xx/STM32L4xx_HAL_Driver/Src/stm32l4xx_hal_tim_ex.c **** 
 779              		.loc 1 379 3 view .LVU256
 780 0004 0022     		movs	r2, #0
 781 0006 1146     		mov	r1, r2
 782 0008 0068     		ldr	r0, [r0]
 783              	.LVL48:
 379:stm/stm32l4xx/STM32L4xx_HAL_Driver/Src/stm32l4xx_hal_tim_ex.c **** 
ARM GAS  /var/tmp//ccYgLLN5.s 			page 68


 784              		.loc 1 379 3 is_stmt 0 view .LVU257
 785 000a FFF7FEFF 		bl	TIM_CCxChannelCmd
 786              	.LVL49:
 382:stm/stm32l4xx/STM32L4xx_HAL_Driver/Src/stm32l4xx_hal_tim_ex.c **** 
 787              		.loc 1 382 3 is_stmt 1 view .LVU258
 382:stm/stm32l4xx/STM32L4xx_HAL_Driver/Src/stm32l4xx_hal_tim_ex.c **** 
 788              		.loc 1 382 3 view .LVU259
 789 000e 2368     		ldr	r3, [r4]
 790 0010 196A     		ldr	r1, [r3, #32]
 791 0012 41F21112 		movw	r2, #4369
 792 0016 1142     		tst	r1, r2
 793 0018 08D1     		bne	.L46
 382:stm/stm32l4xx/STM32L4xx_HAL_Driver/Src/stm32l4xx_hal_tim_ex.c **** 
 794              		.loc 1 382 3 discriminator 1 view .LVU260
 795 001a 196A     		ldr	r1, [r3, #32]
 796 001c 40F24442 		movw	r2, #1092
 797 0020 1142     		tst	r1, r2
 798 0022 03D1     		bne	.L46
 382:stm/stm32l4xx/STM32L4xx_HAL_Driver/Src/stm32l4xx_hal_tim_ex.c **** 
 799              		.loc 1 382 3 discriminator 3 view .LVU261
 800 0024 1A68     		ldr	r2, [r3]
 801 0026 22F00102 		bic	r2, r2, #1
 802 002a 1A60     		str	r2, [r3]
 803              	.L46:
 382:stm/stm32l4xx/STM32L4xx_HAL_Driver/Src/stm32l4xx_hal_tim_ex.c **** 
 804              		.loc 1 382 3 discriminator 5 view .LVU262
 385:stm/stm32l4xx/STM32L4xx_HAL_Driver/Src/stm32l4xx_hal_tim_ex.c ****   TIM_CHANNEL_STATE_SET(htim, TIM_CHANNEL_2, HAL_TIM_CHANNEL_STATE_READY);
 805              		.loc 1 385 3 discriminator 5 view .LVU263
 806 002c 0123     		movs	r3, #1
 807 002e 84F83E30 		strb	r3, [r4, #62]
 386:stm/stm32l4xx/STM32L4xx_HAL_Driver/Src/stm32l4xx_hal_tim_ex.c ****   TIM_CHANNEL_N_STATE_SET(htim, TIM_CHANNEL_1, HAL_TIM_CHANNEL_STATE_READY);
 808              		.loc 1 386 3 discriminator 5 view .LVU264
 809 0032 84F83F30 		strb	r3, [r4, #63]
 387:stm/stm32l4xx/STM32L4xx_HAL_Driver/Src/stm32l4xx_hal_tim_ex.c ****   TIM_CHANNEL_N_STATE_SET(htim, TIM_CHANNEL_2, HAL_TIM_CHANNEL_STATE_READY);
 810              		.loc 1 387 3 discriminator 5 view .LVU265
 811 0036 84F84430 		strb	r3, [r4, #68]
 388:stm/stm32l4xx/STM32L4xx_HAL_Driver/Src/stm32l4xx_hal_tim_ex.c **** 
 812              		.loc 1 388 3 discriminator 5 view .LVU266
 813 003a 84F84530 		strb	r3, [r4, #69]
 391:stm/stm32l4xx/STM32L4xx_HAL_Driver/Src/stm32l4xx_hal_tim_ex.c **** }
 814              		.loc 1 391 3 discriminator 5 view .LVU267
 392:stm/stm32l4xx/STM32L4xx_HAL_Driver/Src/stm32l4xx_hal_tim_ex.c **** 
 815              		.loc 1 392 1 is_stmt 0 discriminator 5 view .LVU268
 816 003e 0020     		movs	r0, #0
 817 0040 10BD     		pop	{r4, pc}
 392:stm/stm32l4xx/STM32L4xx_HAL_Driver/Src/stm32l4xx_hal_tim_ex.c **** 
 818              		.loc 1 392 1 discriminator 5 view .LVU269
 819              		.cfi_endproc
 820              	.LFE293:
 822              		.section	.text.HAL_TIMEx_HallSensor_Start_IT,"ax",%progbits
 823              		.align	1
 824              		.global	HAL_TIMEx_HallSensor_Start_IT
 825              		.syntax unified
 826              		.thumb
 827              		.thumb_func
 829              	HAL_TIMEx_HallSensor_Start_IT:
 830              	.LVL50:
ARM GAS  /var/tmp//ccYgLLN5.s 			page 69


 831              	.LFB294:
 400:stm/stm32l4xx/STM32L4xx_HAL_Driver/Src/stm32l4xx_hal_tim_ex.c ****   uint32_t tmpsmcr;
 832              		.loc 1 400 1 is_stmt 1 view -0
 833              		.cfi_startproc
 834              		@ args = 0, pretend = 0, frame = 0
 835              		@ frame_needed = 0, uses_anonymous_args = 0
 400:stm/stm32l4xx/STM32L4xx_HAL_Driver/Src/stm32l4xx_hal_tim_ex.c ****   uint32_t tmpsmcr;
 836              		.loc 1 400 1 is_stmt 0 view .LVU271
 837 0000 10B5     		push	{r4, lr}
 838              	.LCFI10:
 839              		.cfi_def_cfa_offset 8
 840              		.cfi_offset 4, -8
 841              		.cfi_offset 14, -4
 842 0002 0446     		mov	r4, r0
 401:stm/stm32l4xx/STM32L4xx_HAL_Driver/Src/stm32l4xx_hal_tim_ex.c ****   HAL_TIM_ChannelStateTypeDef channel_1_state = TIM_CHANNEL_STATE_GET(htim, TIM_CHANNEL_1);
 843              		.loc 1 401 3 is_stmt 1 view .LVU272
 402:stm/stm32l4xx/STM32L4xx_HAL_Driver/Src/stm32l4xx_hal_tim_ex.c ****   HAL_TIM_ChannelStateTypeDef channel_2_state = TIM_CHANNEL_STATE_GET(htim, TIM_CHANNEL_2);
 844              		.loc 1 402 3 view .LVU273
 402:stm/stm32l4xx/STM32L4xx_HAL_Driver/Src/stm32l4xx_hal_tim_ex.c ****   HAL_TIM_ChannelStateTypeDef channel_2_state = TIM_CHANNEL_STATE_GET(htim, TIM_CHANNEL_2);
 845              		.loc 1 402 31 is_stmt 0 view .LVU274
 846 0004 90F83E00 		ldrb	r0, [r0, #62]	@ zero_extendqisi2
 847              	.LVL51:
 402:stm/stm32l4xx/STM32L4xx_HAL_Driver/Src/stm32l4xx_hal_tim_ex.c ****   HAL_TIM_ChannelStateTypeDef channel_2_state = TIM_CHANNEL_STATE_GET(htim, TIM_CHANNEL_2);
 848              		.loc 1 402 31 view .LVU275
 849 0008 C0B2     		uxtb	r0, r0
 850              	.LVL52:
 403:stm/stm32l4xx/STM32L4xx_HAL_Driver/Src/stm32l4xx_hal_tim_ex.c ****   HAL_TIM_ChannelStateTypeDef complementary_channel_1_state = TIM_CHANNEL_N_STATE_GET(htim, TIM_CHA
 851              		.loc 1 403 3 is_stmt 1 view .LVU276
 403:stm/stm32l4xx/STM32L4xx_HAL_Driver/Src/stm32l4xx_hal_tim_ex.c ****   HAL_TIM_ChannelStateTypeDef complementary_channel_1_state = TIM_CHANNEL_N_STATE_GET(htim, TIM_CHA
 852              		.loc 1 403 31 is_stmt 0 view .LVU277
 853 000a 94F83F30 		ldrb	r3, [r4, #63]	@ zero_extendqisi2
 854              	.LVL53:
 404:stm/stm32l4xx/STM32L4xx_HAL_Driver/Src/stm32l4xx_hal_tim_ex.c ****   HAL_TIM_ChannelStateTypeDef complementary_channel_2_state = TIM_CHANNEL_N_STATE_GET(htim, TIM_CHA
 855              		.loc 1 404 3 is_stmt 1 view .LVU278
 404:stm/stm32l4xx/STM32L4xx_HAL_Driver/Src/stm32l4xx_hal_tim_ex.c ****   HAL_TIM_ChannelStateTypeDef complementary_channel_2_state = TIM_CHANNEL_N_STATE_GET(htim, TIM_CHA
 856              		.loc 1 404 31 is_stmt 0 view .LVU279
 857 000e 94F84420 		ldrb	r2, [r4, #68]	@ zero_extendqisi2
 858              	.LVL54:
 405:stm/stm32l4xx/STM32L4xx_HAL_Driver/Src/stm32l4xx_hal_tim_ex.c **** 
 859              		.loc 1 405 3 is_stmt 1 view .LVU280
 405:stm/stm32l4xx/STM32L4xx_HAL_Driver/Src/stm32l4xx_hal_tim_ex.c **** 
 860              		.loc 1 405 31 is_stmt 0 view .LVU281
 861 0012 94F84510 		ldrb	r1, [r4, #69]	@ zero_extendqisi2
 862              	.LVL55:
 408:stm/stm32l4xx/STM32L4xx_HAL_Driver/Src/stm32l4xx_hal_tim_ex.c **** 
 863              		.loc 1 408 3 is_stmt 1 view .LVU282
 411:stm/stm32l4xx/STM32L4xx_HAL_Driver/Src/stm32l4xx_hal_tim_ex.c ****       || (channel_2_state != HAL_TIM_CHANNEL_STATE_READY)
 864              		.loc 1 411 3 view .LVU283
 411:stm/stm32l4xx/STM32L4xx_HAL_Driver/Src/stm32l4xx_hal_tim_ex.c ****       || (channel_2_state != HAL_TIM_CHANNEL_STATE_READY)
 865              		.loc 1 411 6 is_stmt 0 view .LVU284
 866 0016 0128     		cmp	r0, #1
 867 0018 3CD1     		bne	.L52
 868 001a DBB2     		uxtb	r3, r3
 411:stm/stm32l4xx/STM32L4xx_HAL_Driver/Src/stm32l4xx_hal_tim_ex.c ****       || (channel_2_state != HAL_TIM_CHANNEL_STATE_READY)
 869              		.loc 1 411 6 view .LVU285
 870 001c D2B2     		uxtb	r2, r2
 411:stm/stm32l4xx/STM32L4xx_HAL_Driver/Src/stm32l4xx_hal_tim_ex.c ****       || (channel_2_state != HAL_TIM_CHANNEL_STATE_READY)
ARM GAS  /var/tmp//ccYgLLN5.s 			page 70


 871              		.loc 1 411 6 view .LVU286
 872 001e C9B2     		uxtb	r1, r1
 412:stm/stm32l4xx/STM32L4xx_HAL_Driver/Src/stm32l4xx_hal_tim_ex.c ****       || (complementary_channel_1_state != HAL_TIM_CHANNEL_STATE_READY)
 873              		.loc 1 412 7 view .LVU287
 874 0020 012B     		cmp	r3, #1
 875 0022 38D1     		bne	.L49
 413:stm/stm32l4xx/STM32L4xx_HAL_Driver/Src/stm32l4xx_hal_tim_ex.c ****       || (complementary_channel_2_state != HAL_TIM_CHANNEL_STATE_READY))
 876              		.loc 1 413 7 view .LVU288
 877 0024 012A     		cmp	r2, #1
 878 0026 37D1     		bne	.L53
 414:stm/stm32l4xx/STM32L4xx_HAL_Driver/Src/stm32l4xx_hal_tim_ex.c ****   {
 879              		.loc 1 414 7 view .LVU289
 880 0028 0129     		cmp	r1, #1
 881 002a 01D0     		beq	.L58
 416:stm/stm32l4xx/STM32L4xx_HAL_Driver/Src/stm32l4xx_hal_tim_ex.c ****   }
 882              		.loc 1 416 12 view .LVU290
 883 002c 1046     		mov	r0, r2
 884              	.LVL56:
 416:stm/stm32l4xx/STM32L4xx_HAL_Driver/Src/stm32l4xx_hal_tim_ex.c ****   }
 885              		.loc 1 416 12 view .LVU291
 886 002e 32E0     		b	.L49
 887              	.LVL57:
 888              	.L58:
 420:stm/stm32l4xx/STM32L4xx_HAL_Driver/Src/stm32l4xx_hal_tim_ex.c ****   TIM_CHANNEL_STATE_SET(htim, TIM_CHANNEL_2, HAL_TIM_CHANNEL_STATE_BUSY);
 889              		.loc 1 420 3 is_stmt 1 view .LVU292
 890 0030 0223     		movs	r3, #2
 891              	.LVL58:
 420:stm/stm32l4xx/STM32L4xx_HAL_Driver/Src/stm32l4xx_hal_tim_ex.c ****   TIM_CHANNEL_STATE_SET(htim, TIM_CHANNEL_2, HAL_TIM_CHANNEL_STATE_BUSY);
 892              		.loc 1 420 3 is_stmt 0 view .LVU293
 893 0032 84F83E30 		strb	r3, [r4, #62]
 421:stm/stm32l4xx/STM32L4xx_HAL_Driver/Src/stm32l4xx_hal_tim_ex.c ****   TIM_CHANNEL_N_STATE_SET(htim, TIM_CHANNEL_1, HAL_TIM_CHANNEL_STATE_BUSY);
 894              		.loc 1 421 3 is_stmt 1 view .LVU294
 895 0036 84F83F30 		strb	r3, [r4, #63]
 422:stm/stm32l4xx/STM32L4xx_HAL_Driver/Src/stm32l4xx_hal_tim_ex.c ****   TIM_CHANNEL_N_STATE_SET(htim, TIM_CHANNEL_2, HAL_TIM_CHANNEL_STATE_BUSY);
 896              		.loc 1 422 3 view .LVU295
 897 003a 84F84430 		strb	r3, [r4, #68]
 423:stm/stm32l4xx/STM32L4xx_HAL_Driver/Src/stm32l4xx_hal_tim_ex.c **** 
 898              		.loc 1 423 3 view .LVU296
 899 003e 84F84530 		strb	r3, [r4, #69]
 426:stm/stm32l4xx/STM32L4xx_HAL_Driver/Src/stm32l4xx_hal_tim_ex.c **** 
 900              		.loc 1 426 3 view .LVU297
 901 0042 2268     		ldr	r2, [r4]
 902              	.LVL59:
 426:stm/stm32l4xx/STM32L4xx_HAL_Driver/Src/stm32l4xx_hal_tim_ex.c **** 
 903              		.loc 1 426 3 is_stmt 0 view .LVU298
 904 0044 D368     		ldr	r3, [r2, #12]
 905 0046 43F00203 		orr	r3, r3, #2
 906 004a D360     		str	r3, [r2, #12]
 431:stm/stm32l4xx/STM32L4xx_HAL_Driver/Src/stm32l4xx_hal_tim_ex.c **** 
 907              		.loc 1 431 3 is_stmt 1 view .LVU299
 908 004c 0122     		movs	r2, #1
 909 004e 0021     		movs	r1, #0
 910              	.LVL60:
 431:stm/stm32l4xx/STM32L4xx_HAL_Driver/Src/stm32l4xx_hal_tim_ex.c **** 
 911              		.loc 1 431 3 is_stmt 0 view .LVU300
 912 0050 2068     		ldr	r0, [r4]
 913              	.LVL61:
ARM GAS  /var/tmp//ccYgLLN5.s 			page 71


 431:stm/stm32l4xx/STM32L4xx_HAL_Driver/Src/stm32l4xx_hal_tim_ex.c **** 
 914              		.loc 1 431 3 view .LVU301
 915 0052 FFF7FEFF 		bl	TIM_CCxChannelCmd
 916              	.LVL62:
 434:stm/stm32l4xx/STM32L4xx_HAL_Driver/Src/stm32l4xx_hal_tim_ex.c ****   {
 917              		.loc 1 434 3 is_stmt 1 view .LVU302
 434:stm/stm32l4xx/STM32L4xx_HAL_Driver/Src/stm32l4xx_hal_tim_ex.c ****   {
 918              		.loc 1 434 7 is_stmt 0 view .LVU303
 919 0056 2368     		ldr	r3, [r4]
 434:stm/stm32l4xx/STM32L4xx_HAL_Driver/Src/stm32l4xx_hal_tim_ex.c ****   {
 920              		.loc 1 434 6 view .LVU304
 921 0058 124A     		ldr	r2, .L59
 922 005a 9342     		cmp	r3, r2
 923 005c 0CD0     		beq	.L50
 434:stm/stm32l4xx/STM32L4xx_HAL_Driver/Src/stm32l4xx_hal_tim_ex.c ****   {
 924              		.loc 1 434 7 discriminator 1 view .LVU305
 925 005e B3F1804F 		cmp	r3, #1073741824
 926 0062 09D0     		beq	.L50
 434:stm/stm32l4xx/STM32L4xx_HAL_Driver/Src/stm32l4xx_hal_tim_ex.c ****   {
 927              		.loc 1 434 7 discriminator 2 view .LVU306
 928 0064 02F5A052 		add	r2, r2, #5120
 929 0068 9342     		cmp	r3, r2
 930 006a 05D0     		beq	.L50
 444:stm/stm32l4xx/STM32L4xx_HAL_Driver/Src/stm32l4xx_hal_tim_ex.c ****   }
 931              		.loc 1 444 5 is_stmt 1 view .LVU307
 932 006c 1A68     		ldr	r2, [r3]
 933 006e 42F00102 		orr	r2, r2, #1
 934 0072 1A60     		str	r2, [r3]
 448:stm/stm32l4xx/STM32L4xx_HAL_Driver/Src/stm32l4xx_hal_tim_ex.c **** }
 935              		.loc 1 448 10 is_stmt 0 view .LVU308
 936 0074 0020     		movs	r0, #0
 937 0076 0EE0     		b	.L49
 938              	.L50:
 436:stm/stm32l4xx/STM32L4xx_HAL_Driver/Src/stm32l4xx_hal_tim_ex.c ****     if (!IS_TIM_SLAVEMODE_TRIGGER_ENABLED(tmpsmcr))
 939              		.loc 1 436 5 is_stmt 1 view .LVU309
 436:stm/stm32l4xx/STM32L4xx_HAL_Driver/Src/stm32l4xx_hal_tim_ex.c ****     if (!IS_TIM_SLAVEMODE_TRIGGER_ENABLED(tmpsmcr))
 940              		.loc 1 436 29 is_stmt 0 view .LVU310
 941 0078 9968     		ldr	r1, [r3, #8]
 436:stm/stm32l4xx/STM32L4xx_HAL_Driver/Src/stm32l4xx_hal_tim_ex.c ****     if (!IS_TIM_SLAVEMODE_TRIGGER_ENABLED(tmpsmcr))
 942              		.loc 1 436 13 view .LVU311
 943 007a 0B4A     		ldr	r2, .L59+4
 944 007c 0A40     		ands	r2, r2, r1
 945              	.LVL63:
 437:stm/stm32l4xx/STM32L4xx_HAL_Driver/Src/stm32l4xx_hal_tim_ex.c ****     {
 946              		.loc 1 437 5 is_stmt 1 view .LVU312
 437:stm/stm32l4xx/STM32L4xx_HAL_Driver/Src/stm32l4xx_hal_tim_ex.c ****     {
 947              		.loc 1 437 8 is_stmt 0 view .LVU313
 948 007e 062A     		cmp	r2, #6
 949 0080 0CD0     		beq	.L55
 437:stm/stm32l4xx/STM32L4xx_HAL_Driver/Src/stm32l4xx_hal_tim_ex.c ****     {
 950              		.loc 1 437 9 discriminator 1 view .LVU314
 951 0082 B2F5803F 		cmp	r2, #65536
 952 0086 0BD0     		beq	.L56
 439:stm/stm32l4xx/STM32L4xx_HAL_Driver/Src/stm32l4xx_hal_tim_ex.c ****     }
 953              		.loc 1 439 7 is_stmt 1 view .LVU315
 954 0088 1A68     		ldr	r2, [r3]
 955              	.LVL64:
ARM GAS  /var/tmp//ccYgLLN5.s 			page 72


 439:stm/stm32l4xx/STM32L4xx_HAL_Driver/Src/stm32l4xx_hal_tim_ex.c ****     }
 956              		.loc 1 439 7 is_stmt 0 view .LVU316
 957 008a 42F00102 		orr	r2, r2, #1
 958 008e 1A60     		str	r2, [r3]
 448:stm/stm32l4xx/STM32L4xx_HAL_Driver/Src/stm32l4xx_hal_tim_ex.c **** }
 959              		.loc 1 448 10 view .LVU317
 960 0090 0020     		movs	r0, #0
 961 0092 00E0     		b	.L49
 962              	.LVL65:
 963              	.L52:
 416:stm/stm32l4xx/STM32L4xx_HAL_Driver/Src/stm32l4xx_hal_tim_ex.c ****   }
 964              		.loc 1 416 12 view .LVU318
 965 0094 0120     		movs	r0, #1
 966              	.LVL66:
 967              	.L49:
 449:stm/stm32l4xx/STM32L4xx_HAL_Driver/Src/stm32l4xx_hal_tim_ex.c **** 
 968              		.loc 1 449 1 view .LVU319
 969 0096 10BD     		pop	{r4, pc}
 970              	.LVL67:
 971              	.L53:
 416:stm/stm32l4xx/STM32L4xx_HAL_Driver/Src/stm32l4xx_hal_tim_ex.c ****   }
 972              		.loc 1 416 12 view .LVU320
 973 0098 1846     		mov	r0, r3
 974              	.LVL68:
 416:stm/stm32l4xx/STM32L4xx_HAL_Driver/Src/stm32l4xx_hal_tim_ex.c ****   }
 975              		.loc 1 416 12 view .LVU321
 976 009a FCE7     		b	.L49
 977              	.LVL69:
 978              	.L55:
 448:stm/stm32l4xx/STM32L4xx_HAL_Driver/Src/stm32l4xx_hal_tim_ex.c **** }
 979              		.loc 1 448 10 view .LVU322
 980 009c 0020     		movs	r0, #0
 981 009e FAE7     		b	.L49
 982              	.L56:
 983 00a0 0020     		movs	r0, #0
 984 00a2 F8E7     		b	.L49
 985              	.L60:
 986              		.align	2
 987              	.L59:
 988 00a4 002C0140 		.word	1073818624
 989 00a8 07000100 		.word	65543
 990              		.cfi_endproc
 991              	.LFE294:
 993              		.section	.text.HAL_TIMEx_HallSensor_Stop_IT,"ax",%progbits
 994              		.align	1
 995              		.global	HAL_TIMEx_HallSensor_Stop_IT
 996              		.syntax unified
 997              		.thumb
 998              		.thumb_func
 1000              	HAL_TIMEx_HallSensor_Stop_IT:
 1001              	.LVL70:
 1002              	.LFB295:
 457:stm/stm32l4xx/STM32L4xx_HAL_Driver/Src/stm32l4xx_hal_tim_ex.c ****   /* Check the parameters */
 1003              		.loc 1 457 1 is_stmt 1 view -0
 1004              		.cfi_startproc
 1005              		@ args = 0, pretend = 0, frame = 0
 1006              		@ frame_needed = 0, uses_anonymous_args = 0
ARM GAS  /var/tmp//ccYgLLN5.s 			page 73


 457:stm/stm32l4xx/STM32L4xx_HAL_Driver/Src/stm32l4xx_hal_tim_ex.c ****   /* Check the parameters */
 1007              		.loc 1 457 1 is_stmt 0 view .LVU324
 1008 0000 10B5     		push	{r4, lr}
 1009              	.LCFI11:
 1010              		.cfi_def_cfa_offset 8
 1011              		.cfi_offset 4, -8
 1012              		.cfi_offset 14, -4
 1013 0002 0446     		mov	r4, r0
 459:stm/stm32l4xx/STM32L4xx_HAL_Driver/Src/stm32l4xx_hal_tim_ex.c **** 
 1014              		.loc 1 459 3 is_stmt 1 view .LVU325
 464:stm/stm32l4xx/STM32L4xx_HAL_Driver/Src/stm32l4xx_hal_tim_ex.c **** 
 1015              		.loc 1 464 3 view .LVU326
 1016 0004 0022     		movs	r2, #0
 1017 0006 1146     		mov	r1, r2
 1018 0008 0068     		ldr	r0, [r0]
 1019              	.LVL71:
 464:stm/stm32l4xx/STM32L4xx_HAL_Driver/Src/stm32l4xx_hal_tim_ex.c **** 
 1020              		.loc 1 464 3 is_stmt 0 view .LVU327
 1021 000a FFF7FEFF 		bl	TIM_CCxChannelCmd
 1022              	.LVL72:
 467:stm/stm32l4xx/STM32L4xx_HAL_Driver/Src/stm32l4xx_hal_tim_ex.c **** 
 1023              		.loc 1 467 3 is_stmt 1 view .LVU328
 1024 000e 2268     		ldr	r2, [r4]
 1025 0010 D368     		ldr	r3, [r2, #12]
 1026 0012 23F00203 		bic	r3, r3, #2
 1027 0016 D360     		str	r3, [r2, #12]
 470:stm/stm32l4xx/STM32L4xx_HAL_Driver/Src/stm32l4xx_hal_tim_ex.c **** 
 1028              		.loc 1 470 3 view .LVU329
 470:stm/stm32l4xx/STM32L4xx_HAL_Driver/Src/stm32l4xx_hal_tim_ex.c **** 
 1029              		.loc 1 470 3 view .LVU330
 1030 0018 2368     		ldr	r3, [r4]
 1031 001a 196A     		ldr	r1, [r3, #32]
 1032 001c 41F21112 		movw	r2, #4369
 1033 0020 1142     		tst	r1, r2
 1034 0022 08D1     		bne	.L62
 470:stm/stm32l4xx/STM32L4xx_HAL_Driver/Src/stm32l4xx_hal_tim_ex.c **** 
 1035              		.loc 1 470 3 discriminator 1 view .LVU331
 1036 0024 196A     		ldr	r1, [r3, #32]
 1037 0026 40F24442 		movw	r2, #1092
 1038 002a 1142     		tst	r1, r2
 1039 002c 03D1     		bne	.L62
 470:stm/stm32l4xx/STM32L4xx_HAL_Driver/Src/stm32l4xx_hal_tim_ex.c **** 
 1040              		.loc 1 470 3 discriminator 3 view .LVU332
 1041 002e 1A68     		ldr	r2, [r3]
 1042 0030 22F00102 		bic	r2, r2, #1
 1043 0034 1A60     		str	r2, [r3]
 1044              	.L62:
 470:stm/stm32l4xx/STM32L4xx_HAL_Driver/Src/stm32l4xx_hal_tim_ex.c **** 
 1045              		.loc 1 470 3 discriminator 5 view .LVU333
 473:stm/stm32l4xx/STM32L4xx_HAL_Driver/Src/stm32l4xx_hal_tim_ex.c ****   TIM_CHANNEL_STATE_SET(htim, TIM_CHANNEL_2, HAL_TIM_CHANNEL_STATE_READY);
 1046              		.loc 1 473 3 discriminator 5 view .LVU334
 1047 0036 0123     		movs	r3, #1
 1048 0038 84F83E30 		strb	r3, [r4, #62]
 474:stm/stm32l4xx/STM32L4xx_HAL_Driver/Src/stm32l4xx_hal_tim_ex.c ****   TIM_CHANNEL_N_STATE_SET(htim, TIM_CHANNEL_1, HAL_TIM_CHANNEL_STATE_READY);
 1049              		.loc 1 474 3 discriminator 5 view .LVU335
 1050 003c 84F83F30 		strb	r3, [r4, #63]
 475:stm/stm32l4xx/STM32L4xx_HAL_Driver/Src/stm32l4xx_hal_tim_ex.c ****   TIM_CHANNEL_N_STATE_SET(htim, TIM_CHANNEL_2, HAL_TIM_CHANNEL_STATE_READY);
ARM GAS  /var/tmp//ccYgLLN5.s 			page 74


 1051              		.loc 1 475 3 discriminator 5 view .LVU336
 1052 0040 84F84430 		strb	r3, [r4, #68]
 476:stm/stm32l4xx/STM32L4xx_HAL_Driver/Src/stm32l4xx_hal_tim_ex.c **** 
 1053              		.loc 1 476 3 discriminator 5 view .LVU337
 1054 0044 84F84530 		strb	r3, [r4, #69]
 479:stm/stm32l4xx/STM32L4xx_HAL_Driver/Src/stm32l4xx_hal_tim_ex.c **** }
 1055              		.loc 1 479 3 discriminator 5 view .LVU338
 480:stm/stm32l4xx/STM32L4xx_HAL_Driver/Src/stm32l4xx_hal_tim_ex.c **** 
 1056              		.loc 1 480 1 is_stmt 0 discriminator 5 view .LVU339
 1057 0048 0020     		movs	r0, #0
 1058 004a 10BD     		pop	{r4, pc}
 480:stm/stm32l4xx/STM32L4xx_HAL_Driver/Src/stm32l4xx_hal_tim_ex.c **** 
 1059              		.loc 1 480 1 discriminator 5 view .LVU340
 1060              		.cfi_endproc
 1061              	.LFE295:
 1063              		.section	.text.HAL_TIMEx_HallSensor_Start_DMA,"ax",%progbits
 1064              		.align	1
 1065              		.global	HAL_TIMEx_HallSensor_Start_DMA
 1066              		.syntax unified
 1067              		.thumb
 1068              		.thumb_func
 1070              	HAL_TIMEx_HallSensor_Start_DMA:
 1071              	.LVL73:
 1072              	.LFB296:
 490:stm/stm32l4xx/STM32L4xx_HAL_Driver/Src/stm32l4xx_hal_tim_ex.c ****   uint32_t tmpsmcr;
 1073              		.loc 1 490 1 is_stmt 1 view -0
 1074              		.cfi_startproc
 1075              		@ args = 0, pretend = 0, frame = 0
 1076              		@ frame_needed = 0, uses_anonymous_args = 0
 490:stm/stm32l4xx/STM32L4xx_HAL_Driver/Src/stm32l4xx_hal_tim_ex.c ****   uint32_t tmpsmcr;
 1077              		.loc 1 490 1 is_stmt 0 view .LVU342
 1078 0000 F8B5     		push	{r3, r4, r5, r6, r7, lr}
 1079              	.LCFI12:
 1080              		.cfi_def_cfa_offset 24
 1081              		.cfi_offset 3, -24
 1082              		.cfi_offset 4, -20
 1083              		.cfi_offset 5, -16
 1084              		.cfi_offset 6, -12
 1085              		.cfi_offset 7, -8
 1086              		.cfi_offset 14, -4
 1087 0002 0446     		mov	r4, r0
 491:stm/stm32l4xx/STM32L4xx_HAL_Driver/Src/stm32l4xx_hal_tim_ex.c ****   HAL_TIM_ChannelStateTypeDef channel_1_state = TIM_CHANNEL_STATE_GET(htim, TIM_CHANNEL_1);
 1088              		.loc 1 491 3 is_stmt 1 view .LVU343
 492:stm/stm32l4xx/STM32L4xx_HAL_Driver/Src/stm32l4xx_hal_tim_ex.c ****   HAL_TIM_ChannelStateTypeDef complementary_channel_1_state = TIM_CHANNEL_N_STATE_GET(htim, TIM_CHA
 1089              		.loc 1 492 3 view .LVU344
 492:stm/stm32l4xx/STM32L4xx_HAL_Driver/Src/stm32l4xx_hal_tim_ex.c ****   HAL_TIM_ChannelStateTypeDef complementary_channel_1_state = TIM_CHANNEL_N_STATE_GET(htim, TIM_CHA
 1090              		.loc 1 492 31 is_stmt 0 view .LVU345
 1091 0004 90F83EC0 		ldrb	ip, [r0, #62]	@ zero_extendqisi2
 1092 0008 5FFA8CF0 		uxtb	r0, ip
 1093              	.LVL74:
 493:stm/stm32l4xx/STM32L4xx_HAL_Driver/Src/stm32l4xx_hal_tim_ex.c **** 
 1094              		.loc 1 493 3 is_stmt 1 view .LVU346
 493:stm/stm32l4xx/STM32L4xx_HAL_Driver/Src/stm32l4xx_hal_tim_ex.c **** 
 1095              		.loc 1 493 31 is_stmt 0 view .LVU347
 1096 000c 94F844C0 		ldrb	ip, [r4, #68]	@ zero_extendqisi2
 1097              	.LVL75:
 496:stm/stm32l4xx/STM32L4xx_HAL_Driver/Src/stm32l4xx_hal_tim_ex.c **** 
ARM GAS  /var/tmp//ccYgLLN5.s 			page 75


 1098              		.loc 1 496 3 is_stmt 1 view .LVU348
 499:stm/stm32l4xx/STM32L4xx_HAL_Driver/Src/stm32l4xx_hal_tim_ex.c ****       || (complementary_channel_1_state == HAL_TIM_CHANNEL_STATE_BUSY))
 1099              		.loc 1 499 3 view .LVU349
 499:stm/stm32l4xx/STM32L4xx_HAL_Driver/Src/stm32l4xx_hal_tim_ex.c ****       || (complementary_channel_1_state == HAL_TIM_CHANNEL_STATE_BUSY))
 1100              		.loc 1 499 6 is_stmt 0 view .LVU350
 1101 0010 0228     		cmp	r0, #2
 1102 0012 4ED0     		beq	.L65
 1103 0014 0F46     		mov	r7, r1
 1104 0016 1646     		mov	r6, r2
 1105 0018 5FFA8CF5 		uxtb	r5, ip
 500:stm/stm32l4xx/STM32L4xx_HAL_Driver/Src/stm32l4xx_hal_tim_ex.c ****   {
 1106              		.loc 1 500 7 view .LVU351
 1107 001c 022D     		cmp	r5, #2
 1108 001e 45D0     		beq	.L68
 504:stm/stm32l4xx/STM32L4xx_HAL_Driver/Src/stm32l4xx_hal_tim_ex.c ****            && (complementary_channel_1_state == HAL_TIM_CHANNEL_STATE_READY))
 1109              		.loc 1 504 8 is_stmt 1 view .LVU352
 504:stm/stm32l4xx/STM32L4xx_HAL_Driver/Src/stm32l4xx_hal_tim_ex.c ****            && (complementary_channel_1_state == HAL_TIM_CHANNEL_STATE_READY))
 1110              		.loc 1 504 11 is_stmt 0 view .LVU353
 1111 0020 0128     		cmp	r0, #1
 1112 0022 45D1     		bne	.L69
 505:stm/stm32l4xx/STM32L4xx_HAL_Driver/Src/stm32l4xx_hal_tim_ex.c ****   {
 1113              		.loc 1 505 12 view .LVU354
 1114 0024 012D     		cmp	r5, #1
 1115 0026 44D1     		bne	.L65
 507:stm/stm32l4xx/STM32L4xx_HAL_Driver/Src/stm32l4xx_hal_tim_ex.c ****     {
 1116              		.loc 1 507 5 is_stmt 1 view .LVU355
 507:stm/stm32l4xx/STM32L4xx_HAL_Driver/Src/stm32l4xx_hal_tim_ex.c ****     {
 1117              		.loc 1 507 8 is_stmt 0 view .LVU356
 1118 0028 0029     		cmp	r1, #0
 1119 002a 43D0     		beq	.L70
 507:stm/stm32l4xx/STM32L4xx_HAL_Driver/Src/stm32l4xx_hal_tim_ex.c ****     {
 1120              		.loc 1 507 25 discriminator 1 view .LVU357
 1121 002c 0AB9     		cbnz	r2, .L74
 509:stm/stm32l4xx/STM32L4xx_HAL_Driver/Src/stm32l4xx_hal_tim_ex.c ****     }
 1122              		.loc 1 509 14 view .LVU358
 1123 002e 2846     		mov	r0, r5
 1124              	.LVL76:
 509:stm/stm32l4xx/STM32L4xx_HAL_Driver/Src/stm32l4xx_hal_tim_ex.c ****     }
 1125              		.loc 1 509 14 view .LVU359
 1126 0030 3FE0     		b	.L65
 1127              	.LVL77:
 1128              	.L74:
 513:stm/stm32l4xx/STM32L4xx_HAL_Driver/Src/stm32l4xx_hal_tim_ex.c ****       TIM_CHANNEL_N_STATE_SET(htim, TIM_CHANNEL_1, HAL_TIM_CHANNEL_STATE_BUSY);
 1129              		.loc 1 513 7 is_stmt 1 view .LVU360
 1130 0032 0223     		movs	r3, #2
 1131 0034 84F83E30 		strb	r3, [r4, #62]
 514:stm/stm32l4xx/STM32L4xx_HAL_Driver/Src/stm32l4xx_hal_tim_ex.c ****     }
 1132              		.loc 1 514 7 view .LVU361
 1133 0038 84F84430 		strb	r3, [r4, #68]
 525:stm/stm32l4xx/STM32L4xx_HAL_Driver/Src/stm32l4xx_hal_tim_ex.c **** 
 1134              		.loc 1 525 3 view .LVU362
 1135 003c 0122     		movs	r2, #1
 1136              	.LVL78:
 525:stm/stm32l4xx/STM32L4xx_HAL_Driver/Src/stm32l4xx_hal_tim_ex.c **** 
 1137              		.loc 1 525 3 is_stmt 0 view .LVU363
 1138 003e 0021     		movs	r1, #0
 1139              	.LVL79:
ARM GAS  /var/tmp//ccYgLLN5.s 			page 76


 525:stm/stm32l4xx/STM32L4xx_HAL_Driver/Src/stm32l4xx_hal_tim_ex.c **** 
 1140              		.loc 1 525 3 view .LVU364
 1141 0040 2068     		ldr	r0, [r4]
 1142              	.LVL80:
 525:stm/stm32l4xx/STM32L4xx_HAL_Driver/Src/stm32l4xx_hal_tim_ex.c **** 
 1143              		.loc 1 525 3 view .LVU365
 1144 0042 FFF7FEFF 		bl	TIM_CCxChannelCmd
 1145              	.LVL81:
 528:stm/stm32l4xx/STM32L4xx_HAL_Driver/Src/stm32l4xx_hal_tim_ex.c ****   htim->hdma[TIM_DMA_ID_CC1]->XferHalfCpltCallback = TIM_DMACaptureHalfCplt;
 1146              		.loc 1 528 3 is_stmt 1 view .LVU366
 528:stm/stm32l4xx/STM32L4xx_HAL_Driver/Src/stm32l4xx_hal_tim_ex.c ****   htim->hdma[TIM_DMA_ID_CC1]->XferHalfCpltCallback = TIM_DMACaptureHalfCplt;
 1147              		.loc 1 528 13 is_stmt 0 view .LVU367
 1148 0046 636A     		ldr	r3, [r4, #36]
 528:stm/stm32l4xx/STM32L4xx_HAL_Driver/Src/stm32l4xx_hal_tim_ex.c ****   htim->hdma[TIM_DMA_ID_CC1]->XferHalfCpltCallback = TIM_DMACaptureHalfCplt;
 1149              		.loc 1 528 48 view .LVU368
 1150 0048 1C4A     		ldr	r2, .L75
 1151 004a DA62     		str	r2, [r3, #44]
 529:stm/stm32l4xx/STM32L4xx_HAL_Driver/Src/stm32l4xx_hal_tim_ex.c ****   /* Set the DMA error callback */
 1152              		.loc 1 529 3 is_stmt 1 view .LVU369
 529:stm/stm32l4xx/STM32L4xx_HAL_Driver/Src/stm32l4xx_hal_tim_ex.c ****   /* Set the DMA error callback */
 1153              		.loc 1 529 13 is_stmt 0 view .LVU370
 1154 004c 636A     		ldr	r3, [r4, #36]
 529:stm/stm32l4xx/STM32L4xx_HAL_Driver/Src/stm32l4xx_hal_tim_ex.c ****   /* Set the DMA error callback */
 1155              		.loc 1 529 52 view .LVU371
 1156 004e 1C4A     		ldr	r2, .L75+4
 1157 0050 1A63     		str	r2, [r3, #48]
 531:stm/stm32l4xx/STM32L4xx_HAL_Driver/Src/stm32l4xx_hal_tim_ex.c **** 
 1158              		.loc 1 531 3 is_stmt 1 view .LVU372
 531:stm/stm32l4xx/STM32L4xx_HAL_Driver/Src/stm32l4xx_hal_tim_ex.c **** 
 1159              		.loc 1 531 13 is_stmt 0 view .LVU373
 1160 0052 636A     		ldr	r3, [r4, #36]
 531:stm/stm32l4xx/STM32L4xx_HAL_Driver/Src/stm32l4xx_hal_tim_ex.c **** 
 1161              		.loc 1 531 49 view .LVU374
 1162 0054 1B4A     		ldr	r2, .L75+8
 1163 0056 5A63     		str	r2, [r3, #52]
 534:stm/stm32l4xx/STM32L4xx_HAL_Driver/Src/stm32l4xx_hal_tim_ex.c ****   {
 1164              		.loc 1 534 3 is_stmt 1 view .LVU375
 534:stm/stm32l4xx/STM32L4xx_HAL_Driver/Src/stm32l4xx_hal_tim_ex.c ****   {
 1165              		.loc 1 534 67 is_stmt 0 view .LVU376
 1166 0058 2168     		ldr	r1, [r4]
 534:stm/stm32l4xx/STM32L4xx_HAL_Driver/Src/stm32l4xx_hal_tim_ex.c ****   {
 1167              		.loc 1 534 7 view .LVU377
 1168 005a 3346     		mov	r3, r6
 1169 005c 3A46     		mov	r2, r7
 1170 005e 3431     		adds	r1, r1, #52
 1171 0060 606A     		ldr	r0, [r4, #36]
 1172 0062 FFF7FEFF 		bl	HAL_DMA_Start_IT
 1173              	.LVL82:
 534:stm/stm32l4xx/STM32L4xx_HAL_Driver/Src/stm32l4xx_hal_tim_ex.c ****   {
 1174              		.loc 1 534 6 view .LVU378
 1175 0066 38BB     		cbnz	r0, .L72
 540:stm/stm32l4xx/STM32L4xx_HAL_Driver/Src/stm32l4xx_hal_tim_ex.c **** 
 1176              		.loc 1 540 3 is_stmt 1 view .LVU379
 1177 0068 2268     		ldr	r2, [r4]
 1178 006a D368     		ldr	r3, [r2, #12]
 1179 006c 43F40073 		orr	r3, r3, #512
 1180 0070 D360     		str	r3, [r2, #12]
ARM GAS  /var/tmp//ccYgLLN5.s 			page 77


 543:stm/stm32l4xx/STM32L4xx_HAL_Driver/Src/stm32l4xx_hal_tim_ex.c ****   {
 1181              		.loc 1 543 3 view .LVU380
 543:stm/stm32l4xx/STM32L4xx_HAL_Driver/Src/stm32l4xx_hal_tim_ex.c ****   {
 1182              		.loc 1 543 7 is_stmt 0 view .LVU381
 1183 0072 2368     		ldr	r3, [r4]
 543:stm/stm32l4xx/STM32L4xx_HAL_Driver/Src/stm32l4xx_hal_tim_ex.c ****   {
 1184              		.loc 1 543 6 view .LVU382
 1185 0074 144A     		ldr	r2, .L75+12
 1186 0076 9342     		cmp	r3, r2
 1187 0078 0BD0     		beq	.L66
 543:stm/stm32l4xx/STM32L4xx_HAL_Driver/Src/stm32l4xx_hal_tim_ex.c ****   {
 1188              		.loc 1 543 7 discriminator 1 view .LVU383
 1189 007a B3F1804F 		cmp	r3, #1073741824
 1190 007e 08D0     		beq	.L66
 543:stm/stm32l4xx/STM32L4xx_HAL_Driver/Src/stm32l4xx_hal_tim_ex.c ****   {
 1191              		.loc 1 543 7 discriminator 2 view .LVU384
 1192 0080 02F5A052 		add	r2, r2, #5120
 1193 0084 9342     		cmp	r3, r2
 1194 0086 04D0     		beq	.L66
 553:stm/stm32l4xx/STM32L4xx_HAL_Driver/Src/stm32l4xx_hal_tim_ex.c ****   }
 1195              		.loc 1 553 5 is_stmt 1 view .LVU385
 1196 0088 1A68     		ldr	r2, [r3]
 1197 008a 42F00102 		orr	r2, r2, #1
 1198 008e 1A60     		str	r2, [r3]
 1199 0090 0FE0     		b	.L65
 1200              	.L66:
 545:stm/stm32l4xx/STM32L4xx_HAL_Driver/Src/stm32l4xx_hal_tim_ex.c ****     if (!IS_TIM_SLAVEMODE_TRIGGER_ENABLED(tmpsmcr))
 1201              		.loc 1 545 5 view .LVU386
 545:stm/stm32l4xx/STM32L4xx_HAL_Driver/Src/stm32l4xx_hal_tim_ex.c ****     if (!IS_TIM_SLAVEMODE_TRIGGER_ENABLED(tmpsmcr))
 1202              		.loc 1 545 29 is_stmt 0 view .LVU387
 1203 0092 9968     		ldr	r1, [r3, #8]
 545:stm/stm32l4xx/STM32L4xx_HAL_Driver/Src/stm32l4xx_hal_tim_ex.c ****     if (!IS_TIM_SLAVEMODE_TRIGGER_ENABLED(tmpsmcr))
 1204              		.loc 1 545 13 view .LVU388
 1205 0094 0D4A     		ldr	r2, .L75+16
 1206 0096 0A40     		ands	r2, r2, r1
 1207              	.LVL83:
 546:stm/stm32l4xx/STM32L4xx_HAL_Driver/Src/stm32l4xx_hal_tim_ex.c ****     {
 1208              		.loc 1 546 5 is_stmt 1 view .LVU389
 546:stm/stm32l4xx/STM32L4xx_HAL_Driver/Src/stm32l4xx_hal_tim_ex.c ****     {
 1209              		.loc 1 546 8 is_stmt 0 view .LVU390
 1210 0098 062A     		cmp	r2, #6
 1211 009a 0AD0     		beq	.L65
 546:stm/stm32l4xx/STM32L4xx_HAL_Driver/Src/stm32l4xx_hal_tim_ex.c ****     {
 1212              		.loc 1 546 9 discriminator 1 view .LVU391
 1213 009c B2F5803F 		cmp	r2, #65536
 1214 00a0 07D0     		beq	.L65
 548:stm/stm32l4xx/STM32L4xx_HAL_Driver/Src/stm32l4xx_hal_tim_ex.c ****     }
 1215              		.loc 1 548 7 is_stmt 1 view .LVU392
 1216 00a2 1A68     		ldr	r2, [r3]
 1217              	.LVL84:
 548:stm/stm32l4xx/STM32L4xx_HAL_Driver/Src/stm32l4xx_hal_tim_ex.c ****     }
 1218              		.loc 1 548 7 is_stmt 0 view .LVU393
 1219 00a4 42F00102 		orr	r2, r2, #1
 1220 00a8 1A60     		str	r2, [r3]
 1221 00aa 02E0     		b	.L65
 1222              	.LVL85:
 1223              	.L68:
ARM GAS  /var/tmp//ccYgLLN5.s 			page 78


 502:stm/stm32l4xx/STM32L4xx_HAL_Driver/Src/stm32l4xx_hal_tim_ex.c ****   }
 1224              		.loc 1 502 12 view .LVU394
 1225 00ac 2846     		mov	r0, r5
 1226              	.LVL86:
 502:stm/stm32l4xx/STM32L4xx_HAL_Driver/Src/stm32l4xx_hal_tim_ex.c ****   }
 1227              		.loc 1 502 12 view .LVU395
 1228 00ae 00E0     		b	.L65
 1229              	.LVL87:
 1230              	.L69:
 519:stm/stm32l4xx/STM32L4xx_HAL_Driver/Src/stm32l4xx_hal_tim_ex.c ****   }
 1231              		.loc 1 519 12 view .LVU396
 1232 00b0 0120     		movs	r0, #1
 1233              	.LVL88:
 1234              	.L65:
 558:stm/stm32l4xx/STM32L4xx_HAL_Driver/Src/stm32l4xx_hal_tim_ex.c **** 
 1235              		.loc 1 558 1 view .LVU397
 1236 00b2 F8BD     		pop	{r3, r4, r5, r6, r7, pc}
 1237              	.LVL89:
 1238              	.L70:
 509:stm/stm32l4xx/STM32L4xx_HAL_Driver/Src/stm32l4xx_hal_tim_ex.c ****     }
 1239              		.loc 1 509 14 view .LVU398
 1240 00b4 2846     		mov	r0, r5
 1241              	.LVL90:
 509:stm/stm32l4xx/STM32L4xx_HAL_Driver/Src/stm32l4xx_hal_tim_ex.c ****     }
 1242              		.loc 1 509 14 view .LVU399
 1243 00b6 FCE7     		b	.L65
 1244              	.LVL91:
 1245              	.L72:
 537:stm/stm32l4xx/STM32L4xx_HAL_Driver/Src/stm32l4xx_hal_tim_ex.c ****   }
 1246              		.loc 1 537 12 view .LVU400
 1247 00b8 2846     		mov	r0, r5
 1248 00ba FAE7     		b	.L65
 1249              	.L76:
 1250              		.align	2
 1251              	.L75:
 1252 00bc 00000000 		.word	TIM_DMACaptureCplt
 1253 00c0 00000000 		.word	TIM_DMACaptureHalfCplt
 1254 00c4 00000000 		.word	TIM_DMAError
 1255 00c8 002C0140 		.word	1073818624
 1256 00cc 07000100 		.word	65543
 1257              		.cfi_endproc
 1258              	.LFE296:
 1260              		.section	.text.HAL_TIMEx_HallSensor_Stop_DMA,"ax",%progbits
 1261              		.align	1
 1262              		.global	HAL_TIMEx_HallSensor_Stop_DMA
 1263              		.syntax unified
 1264              		.thumb
 1265              		.thumb_func
 1267              	HAL_TIMEx_HallSensor_Stop_DMA:
 1268              	.LVL92:
 1269              	.LFB297:
 566:stm/stm32l4xx/STM32L4xx_HAL_Driver/Src/stm32l4xx_hal_tim_ex.c ****   /* Check the parameters */
 1270              		.loc 1 566 1 is_stmt 1 view -0
 1271              		.cfi_startproc
 1272              		@ args = 0, pretend = 0, frame = 0
 1273              		@ frame_needed = 0, uses_anonymous_args = 0
 566:stm/stm32l4xx/STM32L4xx_HAL_Driver/Src/stm32l4xx_hal_tim_ex.c ****   /* Check the parameters */
ARM GAS  /var/tmp//ccYgLLN5.s 			page 79


 1274              		.loc 1 566 1 is_stmt 0 view .LVU402
 1275 0000 10B5     		push	{r4, lr}
 1276              	.LCFI13:
 1277              		.cfi_def_cfa_offset 8
 1278              		.cfi_offset 4, -8
 1279              		.cfi_offset 14, -4
 1280 0002 0446     		mov	r4, r0
 568:stm/stm32l4xx/STM32L4xx_HAL_Driver/Src/stm32l4xx_hal_tim_ex.c **** 
 1281              		.loc 1 568 3 is_stmt 1 view .LVU403
 573:stm/stm32l4xx/STM32L4xx_HAL_Driver/Src/stm32l4xx_hal_tim_ex.c **** 
 1282              		.loc 1 573 3 view .LVU404
 1283 0004 0022     		movs	r2, #0
 1284 0006 1146     		mov	r1, r2
 1285 0008 0068     		ldr	r0, [r0]
 1286              	.LVL93:
 573:stm/stm32l4xx/STM32L4xx_HAL_Driver/Src/stm32l4xx_hal_tim_ex.c **** 
 1287              		.loc 1 573 3 is_stmt 0 view .LVU405
 1288 000a FFF7FEFF 		bl	TIM_CCxChannelCmd
 1289              	.LVL94:
 577:stm/stm32l4xx/STM32L4xx_HAL_Driver/Src/stm32l4xx_hal_tim_ex.c **** 
 1290              		.loc 1 577 3 is_stmt 1 view .LVU406
 1291 000e 2268     		ldr	r2, [r4]
 1292 0010 D368     		ldr	r3, [r2, #12]
 1293 0012 23F40073 		bic	r3, r3, #512
 1294 0016 D360     		str	r3, [r2, #12]
 579:stm/stm32l4xx/STM32L4xx_HAL_Driver/Src/stm32l4xx_hal_tim_ex.c **** 
 1295              		.loc 1 579 3 view .LVU407
 579:stm/stm32l4xx/STM32L4xx_HAL_Driver/Src/stm32l4xx_hal_tim_ex.c **** 
 1296              		.loc 1 579 9 is_stmt 0 view .LVU408
 1297 0018 606A     		ldr	r0, [r4, #36]
 1298 001a FFF7FEFF 		bl	HAL_DMA_Abort_IT
 1299              	.LVL95:
 582:stm/stm32l4xx/STM32L4xx_HAL_Driver/Src/stm32l4xx_hal_tim_ex.c **** 
 1300              		.loc 1 582 3 is_stmt 1 view .LVU409
 582:stm/stm32l4xx/STM32L4xx_HAL_Driver/Src/stm32l4xx_hal_tim_ex.c **** 
 1301              		.loc 1 582 3 view .LVU410
 1302 001e 2368     		ldr	r3, [r4]
 1303 0020 196A     		ldr	r1, [r3, #32]
 1304 0022 41F21112 		movw	r2, #4369
 1305 0026 1142     		tst	r1, r2
 1306 0028 08D1     		bne	.L78
 582:stm/stm32l4xx/STM32L4xx_HAL_Driver/Src/stm32l4xx_hal_tim_ex.c **** 
 1307              		.loc 1 582 3 discriminator 1 view .LVU411
 1308 002a 196A     		ldr	r1, [r3, #32]
 1309 002c 40F24442 		movw	r2, #1092
 1310 0030 1142     		tst	r1, r2
 1311 0032 03D1     		bne	.L78
 582:stm/stm32l4xx/STM32L4xx_HAL_Driver/Src/stm32l4xx_hal_tim_ex.c **** 
 1312              		.loc 1 582 3 discriminator 3 view .LVU412
 1313 0034 1A68     		ldr	r2, [r3]
 1314 0036 22F00102 		bic	r2, r2, #1
 1315 003a 1A60     		str	r2, [r3]
 1316              	.L78:
 582:stm/stm32l4xx/STM32L4xx_HAL_Driver/Src/stm32l4xx_hal_tim_ex.c **** 
 1317              		.loc 1 582 3 discriminator 5 view .LVU413
 585:stm/stm32l4xx/STM32L4xx_HAL_Driver/Src/stm32l4xx_hal_tim_ex.c ****   TIM_CHANNEL_N_STATE_SET(htim, TIM_CHANNEL_1, HAL_TIM_CHANNEL_STATE_READY);
 1318              		.loc 1 585 3 discriminator 5 view .LVU414
ARM GAS  /var/tmp//ccYgLLN5.s 			page 80


 1319 003c 0123     		movs	r3, #1
 1320 003e 84F83E30 		strb	r3, [r4, #62]
 586:stm/stm32l4xx/STM32L4xx_HAL_Driver/Src/stm32l4xx_hal_tim_ex.c **** 
 1321              		.loc 1 586 3 discriminator 5 view .LVU415
 1322 0042 84F84430 		strb	r3, [r4, #68]
 589:stm/stm32l4xx/STM32L4xx_HAL_Driver/Src/stm32l4xx_hal_tim_ex.c **** }
 1323              		.loc 1 589 3 discriminator 5 view .LVU416
 590:stm/stm32l4xx/STM32L4xx_HAL_Driver/Src/stm32l4xx_hal_tim_ex.c **** 
 1324              		.loc 1 590 1 is_stmt 0 discriminator 5 view .LVU417
 1325 0046 0020     		movs	r0, #0
 1326 0048 10BD     		pop	{r4, pc}
 590:stm/stm32l4xx/STM32L4xx_HAL_Driver/Src/stm32l4xx_hal_tim_ex.c **** 
 1327              		.loc 1 590 1 discriminator 5 view .LVU418
 1328              		.cfi_endproc
 1329              	.LFE297:
 1331              		.section	.text.HAL_TIMEx_OCN_Start,"ax",%progbits
 1332              		.align	1
 1333              		.global	HAL_TIMEx_OCN_Start
 1334              		.syntax unified
 1335              		.thumb
 1336              		.thumb_func
 1338              	HAL_TIMEx_OCN_Start:
 1339              	.LVL96:
 1340              	.LFB298:
 628:stm/stm32l4xx/STM32L4xx_HAL_Driver/Src/stm32l4xx_hal_tim_ex.c ****   uint32_t tmpsmcr;
 1341              		.loc 1 628 1 is_stmt 1 view -0
 1342              		.cfi_startproc
 1343              		@ args = 0, pretend = 0, frame = 0
 1344              		@ frame_needed = 0, uses_anonymous_args = 0
 628:stm/stm32l4xx/STM32L4xx_HAL_Driver/Src/stm32l4xx_hal_tim_ex.c ****   uint32_t tmpsmcr;
 1345              		.loc 1 628 1 is_stmt 0 view .LVU420
 1346 0000 10B5     		push	{r4, lr}
 1347              	.LCFI14:
 1348              		.cfi_def_cfa_offset 8
 1349              		.cfi_offset 4, -8
 1350              		.cfi_offset 14, -4
 1351 0002 0446     		mov	r4, r0
 629:stm/stm32l4xx/STM32L4xx_HAL_Driver/Src/stm32l4xx_hal_tim_ex.c **** 
 1352              		.loc 1 629 3 is_stmt 1 view .LVU421
 632:stm/stm32l4xx/STM32L4xx_HAL_Driver/Src/stm32l4xx_hal_tim_ex.c **** 
 1353              		.loc 1 632 3 view .LVU422
 635:stm/stm32l4xx/STM32L4xx_HAL_Driver/Src/stm32l4xx_hal_tim_ex.c ****   {
 1354              		.loc 1 635 3 view .LVU423
 635:stm/stm32l4xx/STM32L4xx_HAL_Driver/Src/stm32l4xx_hal_tim_ex.c ****   {
 1355              		.loc 1 635 46 is_stmt 0 view .LVU424
 1356 0004 0846     		mov	r0, r1
 1357              	.LVL97:
 635:stm/stm32l4xx/STM32L4xx_HAL_Driver/Src/stm32l4xx_hal_tim_ex.c ****   {
 1358              		.loc 1 635 46 view .LVU425
 1359 0006 39BB     		cbnz	r1, .L81
 635:stm/stm32l4xx/STM32L4xx_HAL_Driver/Src/stm32l4xx_hal_tim_ex.c ****   {
 1360              		.loc 1 635 7 discriminator 1 view .LVU426
 1361 0008 94F84430 		ldrb	r3, [r4, #68]	@ zero_extendqisi2
 1362 000c DBB2     		uxtb	r3, r3
 635:stm/stm32l4xx/STM32L4xx_HAL_Driver/Src/stm32l4xx_hal_tim_ex.c ****   {
 1363              		.loc 1 635 46 discriminator 1 view .LVU427
 1364 000e 013B     		subs	r3, r3, #1
ARM GAS  /var/tmp//ccYgLLN5.s 			page 81


 1365 0010 18BF     		it	ne
 1366 0012 0123     		movne	r3, #1
 1367              	.L82:
 635:stm/stm32l4xx/STM32L4xx_HAL_Driver/Src/stm32l4xx_hal_tim_ex.c ****   {
 1368              		.loc 1 635 6 discriminator 12 view .LVU428
 1369 0014 002B     		cmp	r3, #0
 1370 0016 56D1     		bne	.L92
 641:stm/stm32l4xx/STM32L4xx_HAL_Driver/Src/stm32l4xx_hal_tim_ex.c **** 
 1371              		.loc 1 641 3 is_stmt 1 view .LVU429
 1372 0018 0028     		cmp	r0, #0
 1373 001a 36D1     		bne	.L86
 641:stm/stm32l4xx/STM32L4xx_HAL_Driver/Src/stm32l4xx_hal_tim_ex.c **** 
 1374              		.loc 1 641 3 is_stmt 0 discriminator 1 view .LVU430
 1375 001c 0223     		movs	r3, #2
 1376 001e 84F84430 		strb	r3, [r4, #68]
 1377              	.L87:
 644:stm/stm32l4xx/STM32L4xx_HAL_Driver/Src/stm32l4xx_hal_tim_ex.c **** 
 1378              		.loc 1 644 3 is_stmt 1 view .LVU431
 1379 0022 0422     		movs	r2, #4
 1380 0024 0146     		mov	r1, r0
 1381              	.LVL98:
 644:stm/stm32l4xx/STM32L4xx_HAL_Driver/Src/stm32l4xx_hal_tim_ex.c **** 
 1382              		.loc 1 644 3 is_stmt 0 view .LVU432
 1383 0026 2068     		ldr	r0, [r4]
 1384              	.LVL99:
 644:stm/stm32l4xx/STM32L4xx_HAL_Driver/Src/stm32l4xx_hal_tim_ex.c **** 
 1385              		.loc 1 644 3 view .LVU433
 1386 0028 FFF7FEFF 		bl	TIM_CCxNChannelCmd
 1387              	.LVL100:
 647:stm/stm32l4xx/STM32L4xx_HAL_Driver/Src/stm32l4xx_hal_tim_ex.c **** 
 1388              		.loc 1 647 3 is_stmt 1 view .LVU434
 1389 002c 2268     		ldr	r2, [r4]
 1390 002e 536C     		ldr	r3, [r2, #68]
 1391 0030 43F40043 		orr	r3, r3, #32768
 1392 0034 5364     		str	r3, [r2, #68]
 650:stm/stm32l4xx/STM32L4xx_HAL_Driver/Src/stm32l4xx_hal_tim_ex.c ****   {
 1393              		.loc 1 650 3 view .LVU435
 650:stm/stm32l4xx/STM32L4xx_HAL_Driver/Src/stm32l4xx_hal_tim_ex.c ****   {
 1394              		.loc 1 650 7 is_stmt 0 view .LVU436
 1395 0036 2368     		ldr	r3, [r4]
 650:stm/stm32l4xx/STM32L4xx_HAL_Driver/Src/stm32l4xx_hal_tim_ex.c ****   {
 1396              		.loc 1 650 6 view .LVU437
 1397 0038 264A     		ldr	r2, .L100
 1398 003a 9342     		cmp	r3, r2
 1399 003c 35D0     		beq	.L90
 650:stm/stm32l4xx/STM32L4xx_HAL_Driver/Src/stm32l4xx_hal_tim_ex.c ****   {
 1400              		.loc 1 650 7 discriminator 1 view .LVU438
 1401 003e B3F1804F 		cmp	r3, #1073741824
 1402 0042 32D0     		beq	.L90
 650:stm/stm32l4xx/STM32L4xx_HAL_Driver/Src/stm32l4xx_hal_tim_ex.c ****   {
 1403              		.loc 1 650 7 discriminator 2 view .LVU439
 1404 0044 02F5A052 		add	r2, r2, #5120
 1405 0048 9342     		cmp	r3, r2
 1406 004a 2ED0     		beq	.L90
 660:stm/stm32l4xx/STM32L4xx_HAL_Driver/Src/stm32l4xx_hal_tim_ex.c ****   }
 1407              		.loc 1 660 5 is_stmt 1 view .LVU440
 1408 004c 1A68     		ldr	r2, [r3]
ARM GAS  /var/tmp//ccYgLLN5.s 			page 82


 1409 004e 42F00102 		orr	r2, r2, #1
 1410 0052 1A60     		str	r2, [r3]
 664:stm/stm32l4xx/STM32L4xx_HAL_Driver/Src/stm32l4xx_hal_tim_ex.c **** }
 1411              		.loc 1 664 10 is_stmt 0 view .LVU441
 1412 0054 0020     		movs	r0, #0
 1413 0056 37E0     		b	.L85
 1414              	.LVL101:
 1415              	.L81:
 635:stm/stm32l4xx/STM32L4xx_HAL_Driver/Src/stm32l4xx_hal_tim_ex.c ****   {
 1416              		.loc 1 635 46 discriminator 2 view .LVU442
 1417 0058 0429     		cmp	r1, #4
 1418 005a 08D0     		beq	.L96
 635:stm/stm32l4xx/STM32L4xx_HAL_Driver/Src/stm32l4xx_hal_tim_ex.c ****   {
 1419              		.loc 1 635 46 discriminator 5 view .LVU443
 1420 005c 0829     		cmp	r1, #8
 1421 005e 0DD0     		beq	.L97
 635:stm/stm32l4xx/STM32L4xx_HAL_Driver/Src/stm32l4xx_hal_tim_ex.c ****   {
 1422              		.loc 1 635 7 discriminator 8 view .LVU444
 1423 0060 94F84730 		ldrb	r3, [r4, #71]	@ zero_extendqisi2
 1424 0064 DBB2     		uxtb	r3, r3
 635:stm/stm32l4xx/STM32L4xx_HAL_Driver/Src/stm32l4xx_hal_tim_ex.c ****   {
 1425              		.loc 1 635 46 discriminator 8 view .LVU445
 1426 0066 013B     		subs	r3, r3, #1
 1427 0068 18BF     		it	ne
 1428 006a 0123     		movne	r3, #1
 1429 006c D2E7     		b	.L82
 1430              	.L96:
 635:stm/stm32l4xx/STM32L4xx_HAL_Driver/Src/stm32l4xx_hal_tim_ex.c ****   {
 1431              		.loc 1 635 7 discriminator 4 view .LVU446
 1432 006e 94F84530 		ldrb	r3, [r4, #69]	@ zero_extendqisi2
 1433 0072 DBB2     		uxtb	r3, r3
 635:stm/stm32l4xx/STM32L4xx_HAL_Driver/Src/stm32l4xx_hal_tim_ex.c ****   {
 1434              		.loc 1 635 46 discriminator 4 view .LVU447
 1435 0074 013B     		subs	r3, r3, #1
 1436 0076 18BF     		it	ne
 1437 0078 0123     		movne	r3, #1
 1438 007a CBE7     		b	.L82
 1439              	.L97:
 635:stm/stm32l4xx/STM32L4xx_HAL_Driver/Src/stm32l4xx_hal_tim_ex.c ****   {
 1440              		.loc 1 635 7 discriminator 7 view .LVU448
 1441 007c 94F84630 		ldrb	r3, [r4, #70]	@ zero_extendqisi2
 1442 0080 DBB2     		uxtb	r3, r3
 635:stm/stm32l4xx/STM32L4xx_HAL_Driver/Src/stm32l4xx_hal_tim_ex.c ****   {
 1443              		.loc 1 635 46 discriminator 7 view .LVU449
 1444 0082 013B     		subs	r3, r3, #1
 1445 0084 18BF     		it	ne
 1446 0086 0123     		movne	r3, #1
 1447 0088 C4E7     		b	.L82
 1448              	.L86:
 641:stm/stm32l4xx/STM32L4xx_HAL_Driver/Src/stm32l4xx_hal_tim_ex.c **** 
 1449              		.loc 1 641 3 discriminator 2 view .LVU450
 1450 008a 0428     		cmp	r0, #4
 1451 008c 05D0     		beq	.L98
 641:stm/stm32l4xx/STM32L4xx_HAL_Driver/Src/stm32l4xx_hal_tim_ex.c **** 
 1452              		.loc 1 641 3 discriminator 4 view .LVU451
 1453 008e 0828     		cmp	r0, #8
 1454 0090 07D0     		beq	.L99
ARM GAS  /var/tmp//ccYgLLN5.s 			page 83


 641:stm/stm32l4xx/STM32L4xx_HAL_Driver/Src/stm32l4xx_hal_tim_ex.c **** 
 1455              		.loc 1 641 3 discriminator 7 view .LVU452
 1456 0092 0223     		movs	r3, #2
 1457 0094 84F84730 		strb	r3, [r4, #71]
 1458 0098 C3E7     		b	.L87
 1459              	.L98:
 641:stm/stm32l4xx/STM32L4xx_HAL_Driver/Src/stm32l4xx_hal_tim_ex.c **** 
 1460              		.loc 1 641 3 discriminator 3 view .LVU453
 1461 009a 0223     		movs	r3, #2
 1462 009c 84F84530 		strb	r3, [r4, #69]
 1463 00a0 BFE7     		b	.L87
 1464              	.L99:
 641:stm/stm32l4xx/STM32L4xx_HAL_Driver/Src/stm32l4xx_hal_tim_ex.c **** 
 1465              		.loc 1 641 3 discriminator 6 view .LVU454
 1466 00a2 0223     		movs	r3, #2
 1467 00a4 84F84630 		strb	r3, [r4, #70]
 1468 00a8 BBE7     		b	.L87
 1469              	.LVL102:
 1470              	.L90:
 652:stm/stm32l4xx/STM32L4xx_HAL_Driver/Src/stm32l4xx_hal_tim_ex.c ****     if (!IS_TIM_SLAVEMODE_TRIGGER_ENABLED(tmpsmcr))
 1471              		.loc 1 652 5 is_stmt 1 view .LVU455
 652:stm/stm32l4xx/STM32L4xx_HAL_Driver/Src/stm32l4xx_hal_tim_ex.c ****     if (!IS_TIM_SLAVEMODE_TRIGGER_ENABLED(tmpsmcr))
 1472              		.loc 1 652 29 is_stmt 0 view .LVU456
 1473 00aa 9968     		ldr	r1, [r3, #8]
 652:stm/stm32l4xx/STM32L4xx_HAL_Driver/Src/stm32l4xx_hal_tim_ex.c ****     if (!IS_TIM_SLAVEMODE_TRIGGER_ENABLED(tmpsmcr))
 1474              		.loc 1 652 13 view .LVU457
 1475 00ac 0A4A     		ldr	r2, .L100+4
 1476 00ae 0A40     		ands	r2, r2, r1
 1477              	.LVL103:
 653:stm/stm32l4xx/STM32L4xx_HAL_Driver/Src/stm32l4xx_hal_tim_ex.c ****     {
 1478              		.loc 1 653 5 is_stmt 1 view .LVU458
 653:stm/stm32l4xx/STM32L4xx_HAL_Driver/Src/stm32l4xx_hal_tim_ex.c ****     {
 1479              		.loc 1 653 8 is_stmt 0 view .LVU459
 1480 00b0 062A     		cmp	r2, #6
 1481 00b2 0AD0     		beq	.L93
 653:stm/stm32l4xx/STM32L4xx_HAL_Driver/Src/stm32l4xx_hal_tim_ex.c ****     {
 1482              		.loc 1 653 9 discriminator 1 view .LVU460
 1483 00b4 B2F5803F 		cmp	r2, #65536
 1484 00b8 09D0     		beq	.L94
 655:stm/stm32l4xx/STM32L4xx_HAL_Driver/Src/stm32l4xx_hal_tim_ex.c ****     }
 1485              		.loc 1 655 7 is_stmt 1 view .LVU461
 1486 00ba 1A68     		ldr	r2, [r3]
 1487              	.LVL104:
 655:stm/stm32l4xx/STM32L4xx_HAL_Driver/Src/stm32l4xx_hal_tim_ex.c ****     }
 1488              		.loc 1 655 7 is_stmt 0 view .LVU462
 1489 00bc 42F00102 		orr	r2, r2, #1
 1490 00c0 1A60     		str	r2, [r3]
 664:stm/stm32l4xx/STM32L4xx_HAL_Driver/Src/stm32l4xx_hal_tim_ex.c **** }
 1491              		.loc 1 664 10 view .LVU463
 1492 00c2 0020     		movs	r0, #0
 1493 00c4 00E0     		b	.L85
 1494              	.LVL105:
 1495              	.L92:
 637:stm/stm32l4xx/STM32L4xx_HAL_Driver/Src/stm32l4xx_hal_tim_ex.c ****   }
 1496              		.loc 1 637 12 view .LVU464
 1497 00c6 0120     		movs	r0, #1
 1498              	.LVL106:
ARM GAS  /var/tmp//ccYgLLN5.s 			page 84


 1499              	.L85:
 665:stm/stm32l4xx/STM32L4xx_HAL_Driver/Src/stm32l4xx_hal_tim_ex.c **** 
 1500              		.loc 1 665 1 view .LVU465
 1501 00c8 10BD     		pop	{r4, pc}
 1502              	.LVL107:
 1503              	.L93:
 664:stm/stm32l4xx/STM32L4xx_HAL_Driver/Src/stm32l4xx_hal_tim_ex.c **** }
 1504              		.loc 1 664 10 view .LVU466
 1505 00ca 0020     		movs	r0, #0
 1506 00cc FCE7     		b	.L85
 1507              	.L94:
 1508 00ce 0020     		movs	r0, #0
 1509 00d0 FAE7     		b	.L85
 1510              	.L101:
 1511 00d2 00BF     		.align	2
 1512              	.L100:
 1513 00d4 002C0140 		.word	1073818624
 1514 00d8 07000100 		.word	65543
 1515              		.cfi_endproc
 1516              	.LFE298:
 1518              		.section	.text.HAL_TIMEx_OCN_Stop,"ax",%progbits
 1519              		.align	1
 1520              		.global	HAL_TIMEx_OCN_Stop
 1521              		.syntax unified
 1522              		.thumb
 1523              		.thumb_func
 1525              	HAL_TIMEx_OCN_Stop:
 1526              	.LVL108:
 1527              	.LFB299:
 679:stm/stm32l4xx/STM32L4xx_HAL_Driver/Src/stm32l4xx_hal_tim_ex.c ****   /* Check the parameters */
 1528              		.loc 1 679 1 is_stmt 1 view -0
 1529              		.cfi_startproc
 1530              		@ args = 0, pretend = 0, frame = 0
 1531              		@ frame_needed = 0, uses_anonymous_args = 0
 679:stm/stm32l4xx/STM32L4xx_HAL_Driver/Src/stm32l4xx_hal_tim_ex.c ****   /* Check the parameters */
 1532              		.loc 1 679 1 is_stmt 0 view .LVU468
 1533 0000 38B5     		push	{r3, r4, r5, lr}
 1534              	.LCFI15:
 1535              		.cfi_def_cfa_offset 16
 1536              		.cfi_offset 3, -16
 1537              		.cfi_offset 4, -12
 1538              		.cfi_offset 5, -8
 1539              		.cfi_offset 14, -4
 1540 0002 0446     		mov	r4, r0
 1541 0004 0D46     		mov	r5, r1
 681:stm/stm32l4xx/STM32L4xx_HAL_Driver/Src/stm32l4xx_hal_tim_ex.c **** 
 1542              		.loc 1 681 3 is_stmt 1 view .LVU469
 684:stm/stm32l4xx/STM32L4xx_HAL_Driver/Src/stm32l4xx_hal_tim_ex.c **** 
 1543              		.loc 1 684 3 view .LVU470
 1544 0006 0022     		movs	r2, #0
 1545 0008 0068     		ldr	r0, [r0]
 1546              	.LVL109:
 684:stm/stm32l4xx/STM32L4xx_HAL_Driver/Src/stm32l4xx_hal_tim_ex.c **** 
 1547              		.loc 1 684 3 is_stmt 0 view .LVU471
 1548 000a FFF7FEFF 		bl	TIM_CCxNChannelCmd
 1549              	.LVL110:
 687:stm/stm32l4xx/STM32L4xx_HAL_Driver/Src/stm32l4xx_hal_tim_ex.c **** 
ARM GAS  /var/tmp//ccYgLLN5.s 			page 85


 1550              		.loc 1 687 3 is_stmt 1 view .LVU472
 687:stm/stm32l4xx/STM32L4xx_HAL_Driver/Src/stm32l4xx_hal_tim_ex.c **** 
 1551              		.loc 1 687 3 view .LVU473
 1552 000e 2368     		ldr	r3, [r4]
 1553 0010 196A     		ldr	r1, [r3, #32]
 1554 0012 41F21112 		movw	r2, #4369
 1555 0016 1142     		tst	r1, r2
 1556 0018 08D1     		bne	.L103
 687:stm/stm32l4xx/STM32L4xx_HAL_Driver/Src/stm32l4xx_hal_tim_ex.c **** 
 1557              		.loc 1 687 3 discriminator 1 view .LVU474
 1558 001a 196A     		ldr	r1, [r3, #32]
 1559 001c 40F24442 		movw	r2, #1092
 1560 0020 1142     		tst	r1, r2
 1561 0022 03D1     		bne	.L103
 687:stm/stm32l4xx/STM32L4xx_HAL_Driver/Src/stm32l4xx_hal_tim_ex.c **** 
 1562              		.loc 1 687 3 discriminator 3 view .LVU475
 1563 0024 5A6C     		ldr	r2, [r3, #68]
 1564 0026 22F40042 		bic	r2, r2, #32768
 1565 002a 5A64     		str	r2, [r3, #68]
 1566              	.L103:
 687:stm/stm32l4xx/STM32L4xx_HAL_Driver/Src/stm32l4xx_hal_tim_ex.c **** 
 1567              		.loc 1 687 3 discriminator 5 view .LVU476
 690:stm/stm32l4xx/STM32L4xx_HAL_Driver/Src/stm32l4xx_hal_tim_ex.c **** 
 1568              		.loc 1 690 3 discriminator 5 view .LVU477
 690:stm/stm32l4xx/STM32L4xx_HAL_Driver/Src/stm32l4xx_hal_tim_ex.c **** 
 1569              		.loc 1 690 3 discriminator 5 view .LVU478
 1570 002c 2368     		ldr	r3, [r4]
 1571 002e 196A     		ldr	r1, [r3, #32]
 1572 0030 41F21112 		movw	r2, #4369
 1573 0034 1142     		tst	r1, r2
 1574 0036 08D1     		bne	.L104
 690:stm/stm32l4xx/STM32L4xx_HAL_Driver/Src/stm32l4xx_hal_tim_ex.c **** 
 1575              		.loc 1 690 3 discriminator 1 view .LVU479
 1576 0038 196A     		ldr	r1, [r3, #32]
 1577 003a 40F24442 		movw	r2, #1092
 1578 003e 1142     		tst	r1, r2
 1579 0040 03D1     		bne	.L104
 690:stm/stm32l4xx/STM32L4xx_HAL_Driver/Src/stm32l4xx_hal_tim_ex.c **** 
 1580              		.loc 1 690 3 discriminator 3 view .LVU480
 1581 0042 1A68     		ldr	r2, [r3]
 1582 0044 22F00102 		bic	r2, r2, #1
 1583 0048 1A60     		str	r2, [r3]
 1584              	.L104:
 690:stm/stm32l4xx/STM32L4xx_HAL_Driver/Src/stm32l4xx_hal_tim_ex.c **** 
 1585              		.loc 1 690 3 discriminator 5 view .LVU481
 693:stm/stm32l4xx/STM32L4xx_HAL_Driver/Src/stm32l4xx_hal_tim_ex.c **** 
 1586              		.loc 1 693 3 discriminator 5 view .LVU482
 1587 004a 25B9     		cbnz	r5, .L105
 693:stm/stm32l4xx/STM32L4xx_HAL_Driver/Src/stm32l4xx_hal_tim_ex.c **** 
 1588              		.loc 1 693 3 is_stmt 0 discriminator 1 view .LVU483
 1589 004c 0123     		movs	r3, #1
 1590 004e 84F84430 		strb	r3, [r4, #68]
 1591              	.L106:
 696:stm/stm32l4xx/STM32L4xx_HAL_Driver/Src/stm32l4xx_hal_tim_ex.c **** }
 1592              		.loc 1 696 3 is_stmt 1 view .LVU484
 697:stm/stm32l4xx/STM32L4xx_HAL_Driver/Src/stm32l4xx_hal_tim_ex.c **** 
 1593              		.loc 1 697 1 is_stmt 0 view .LVU485
ARM GAS  /var/tmp//ccYgLLN5.s 			page 86


 1594 0052 0020     		movs	r0, #0
 1595 0054 38BD     		pop	{r3, r4, r5, pc}
 1596              	.LVL111:
 1597              	.L105:
 693:stm/stm32l4xx/STM32L4xx_HAL_Driver/Src/stm32l4xx_hal_tim_ex.c **** 
 1598              		.loc 1 693 3 discriminator 2 view .LVU486
 1599 0056 042D     		cmp	r5, #4
 1600 0058 05D0     		beq	.L110
 693:stm/stm32l4xx/STM32L4xx_HAL_Driver/Src/stm32l4xx_hal_tim_ex.c **** 
 1601              		.loc 1 693 3 discriminator 4 view .LVU487
 1602 005a 082D     		cmp	r5, #8
 1603 005c 07D0     		beq	.L111
 693:stm/stm32l4xx/STM32L4xx_HAL_Driver/Src/stm32l4xx_hal_tim_ex.c **** 
 1604              		.loc 1 693 3 discriminator 7 view .LVU488
 1605 005e 0123     		movs	r3, #1
 1606 0060 84F84730 		strb	r3, [r4, #71]
 1607 0064 F5E7     		b	.L106
 1608              	.L110:
 693:stm/stm32l4xx/STM32L4xx_HAL_Driver/Src/stm32l4xx_hal_tim_ex.c **** 
 1609              		.loc 1 693 3 discriminator 3 view .LVU489
 1610 0066 0123     		movs	r3, #1
 1611 0068 84F84530 		strb	r3, [r4, #69]
 1612 006c F1E7     		b	.L106
 1613              	.L111:
 693:stm/stm32l4xx/STM32L4xx_HAL_Driver/Src/stm32l4xx_hal_tim_ex.c **** 
 1614              		.loc 1 693 3 discriminator 6 view .LVU490
 1615 006e 0123     		movs	r3, #1
 1616 0070 84F84630 		strb	r3, [r4, #70]
 1617 0074 EDE7     		b	.L106
 1618              		.cfi_endproc
 1619              	.LFE299:
 1621              		.section	.text.HAL_TIMEx_OCN_Start_IT,"ax",%progbits
 1622              		.align	1
 1623              		.global	HAL_TIMEx_OCN_Start_IT
 1624              		.syntax unified
 1625              		.thumb
 1626              		.thumb_func
 1628              	HAL_TIMEx_OCN_Start_IT:
 1629              	.LVL112:
 1630              	.LFB300:
 711:stm/stm32l4xx/STM32L4xx_HAL_Driver/Src/stm32l4xx_hal_tim_ex.c ****   HAL_StatusTypeDef status = HAL_OK;
 1631              		.loc 1 711 1 is_stmt 1 view -0
 1632              		.cfi_startproc
 1633              		@ args = 0, pretend = 0, frame = 0
 1634              		@ frame_needed = 0, uses_anonymous_args = 0
 711:stm/stm32l4xx/STM32L4xx_HAL_Driver/Src/stm32l4xx_hal_tim_ex.c ****   HAL_StatusTypeDef status = HAL_OK;
 1635              		.loc 1 711 1 is_stmt 0 view .LVU492
 1636 0000 10B5     		push	{r4, lr}
 1637              	.LCFI16:
 1638              		.cfi_def_cfa_offset 8
 1639              		.cfi_offset 4, -8
 1640              		.cfi_offset 14, -4
 1641 0002 0446     		mov	r4, r0
 712:stm/stm32l4xx/STM32L4xx_HAL_Driver/Src/stm32l4xx_hal_tim_ex.c ****   uint32_t tmpsmcr;
 1642              		.loc 1 712 3 is_stmt 1 view .LVU493
 1643              	.LVL113:
 713:stm/stm32l4xx/STM32L4xx_HAL_Driver/Src/stm32l4xx_hal_tim_ex.c **** 
ARM GAS  /var/tmp//ccYgLLN5.s 			page 87


 1644              		.loc 1 713 3 view .LVU494
 716:stm/stm32l4xx/STM32L4xx_HAL_Driver/Src/stm32l4xx_hal_tim_ex.c **** 
 1645              		.loc 1 716 3 view .LVU495
 719:stm/stm32l4xx/STM32L4xx_HAL_Driver/Src/stm32l4xx_hal_tim_ex.c ****   {
 1646              		.loc 1 719 3 view .LVU496
 719:stm/stm32l4xx/STM32L4xx_HAL_Driver/Src/stm32l4xx_hal_tim_ex.c ****   {
 1647              		.loc 1 719 46 is_stmt 0 view .LVU497
 1648 0004 0846     		mov	r0, r1
 1649              	.LVL114:
 719:stm/stm32l4xx/STM32L4xx_HAL_Driver/Src/stm32l4xx_hal_tim_ex.c ****   {
 1650              		.loc 1 719 46 view .LVU498
 1651 0006 0029     		cmp	r1, #0
 1652 0008 31D1     		bne	.L113
 719:stm/stm32l4xx/STM32L4xx_HAL_Driver/Src/stm32l4xx_hal_tim_ex.c ****   {
 1653              		.loc 1 719 7 discriminator 1 view .LVU499
 1654 000a 94F84430 		ldrb	r3, [r4, #68]	@ zero_extendqisi2
 1655 000e DBB2     		uxtb	r3, r3
 719:stm/stm32l4xx/STM32L4xx_HAL_Driver/Src/stm32l4xx_hal_tim_ex.c ****   {
 1656              		.loc 1 719 46 discriminator 1 view .LVU500
 1657 0010 013B     		subs	r3, r3, #1
 1658 0012 18BF     		it	ne
 1659 0014 0123     		movne	r3, #1
 1660              	.L114:
 719:stm/stm32l4xx/STM32L4xx_HAL_Driver/Src/stm32l4xx_hal_tim_ex.c ****   {
 1661              		.loc 1 719 6 discriminator 12 view .LVU501
 1662 0016 002B     		cmp	r3, #0
 1663 0018 71D1     		bne	.L127
 725:stm/stm32l4xx/STM32L4xx_HAL_Driver/Src/stm32l4xx_hal_tim_ex.c **** 
 1664              		.loc 1 725 3 is_stmt 1 view .LVU502
 1665 001a 0028     		cmp	r0, #0
 1666 001c 40D1     		bne	.L118
 1667 001e 0223     		movs	r3, #2
 1668 0020 84F84430 		strb	r3, [r4, #68]
 727:stm/stm32l4xx/STM32L4xx_HAL_Driver/Src/stm32l4xx_hal_tim_ex.c ****   {
 1669              		.loc 1 727 3 view .LVU503
 1670              	.L119:
 732:stm/stm32l4xx/STM32L4xx_HAL_Driver/Src/stm32l4xx_hal_tim_ex.c ****       break;
 1671              		.loc 1 732 7 view .LVU504
 1672 0024 2268     		ldr	r2, [r4]
 1673 0026 D368     		ldr	r3, [r2, #12]
 1674 0028 43F00203 		orr	r3, r3, #2
 1675 002c D360     		str	r3, [r2, #12]
 733:stm/stm32l4xx/STM32L4xx_HAL_Driver/Src/stm32l4xx_hal_tim_ex.c ****     }
 1676              		.loc 1 733 7 view .LVU505
 756:stm/stm32l4xx/STM32L4xx_HAL_Driver/Src/stm32l4xx_hal_tim_ex.c ****   {
 1677              		.loc 1 756 3 view .LVU506
 1678              	.L124:
 759:stm/stm32l4xx/STM32L4xx_HAL_Driver/Src/stm32l4xx_hal_tim_ex.c **** 
 1679              		.loc 1 759 5 view .LVU507
 1680 002e 2268     		ldr	r2, [r4]
 1681 0030 D368     		ldr	r3, [r2, #12]
 1682 0032 43F08003 		orr	r3, r3, #128
 1683 0036 D360     		str	r3, [r2, #12]
 762:stm/stm32l4xx/STM32L4xx_HAL_Driver/Src/stm32l4xx_hal_tim_ex.c **** 
 1684              		.loc 1 762 5 view .LVU508
 1685 0038 0422     		movs	r2, #4
 1686 003a 0146     		mov	r1, r0
ARM GAS  /var/tmp//ccYgLLN5.s 			page 88


 1687              	.LVL115:
 762:stm/stm32l4xx/STM32L4xx_HAL_Driver/Src/stm32l4xx_hal_tim_ex.c **** 
 1688              		.loc 1 762 5 is_stmt 0 view .LVU509
 1689 003c 2068     		ldr	r0, [r4]
 1690              	.LVL116:
 762:stm/stm32l4xx/STM32L4xx_HAL_Driver/Src/stm32l4xx_hal_tim_ex.c **** 
 1691              		.loc 1 762 5 view .LVU510
 1692 003e FFF7FEFF 		bl	TIM_CCxNChannelCmd
 1693              	.LVL117:
 765:stm/stm32l4xx/STM32L4xx_HAL_Driver/Src/stm32l4xx_hal_tim_ex.c **** 
 1694              		.loc 1 765 5 is_stmt 1 view .LVU511
 1695 0042 2268     		ldr	r2, [r4]
 1696 0044 536C     		ldr	r3, [r2, #68]
 1697 0046 43F40043 		orr	r3, r3, #32768
 1698 004a 5364     		str	r3, [r2, #68]
 768:stm/stm32l4xx/STM32L4xx_HAL_Driver/Src/stm32l4xx_hal_tim_ex.c ****     {
 1699              		.loc 1 768 5 view .LVU512
 768:stm/stm32l4xx/STM32L4xx_HAL_Driver/Src/stm32l4xx_hal_tim_ex.c ****     {
 1700              		.loc 1 768 9 is_stmt 0 view .LVU513
 1701 004c 2368     		ldr	r3, [r4]
 768:stm/stm32l4xx/STM32L4xx_HAL_Driver/Src/stm32l4xx_hal_tim_ex.c ****     {
 1702              		.loc 1 768 8 view .LVU514
 1703 004e 2F4A     		ldr	r2, .L136
 1704 0050 9342     		cmp	r3, r2
 1705 0052 46D0     		beq	.L125
 768:stm/stm32l4xx/STM32L4xx_HAL_Driver/Src/stm32l4xx_hal_tim_ex.c ****     {
 1706              		.loc 1 768 9 discriminator 1 view .LVU515
 1707 0054 B3F1804F 		cmp	r3, #1073741824
 1708 0058 43D0     		beq	.L125
 768:stm/stm32l4xx/STM32L4xx_HAL_Driver/Src/stm32l4xx_hal_tim_ex.c ****     {
 1709              		.loc 1 768 9 discriminator 2 view .LVU516
 1710 005a 02F5A052 		add	r2, r2, #5120
 1711 005e 9342     		cmp	r3, r2
 1712 0060 3FD0     		beq	.L125
 778:stm/stm32l4xx/STM32L4xx_HAL_Driver/Src/stm32l4xx_hal_tim_ex.c ****     }
 1713              		.loc 1 778 7 is_stmt 1 view .LVU517
 1714 0062 1A68     		ldr	r2, [r3]
 1715 0064 42F00102 		orr	r2, r2, #1
 1716 0068 1A60     		str	r2, [r3]
 1717 006a 0020     		movs	r0, #0
 1718 006c 48E0     		b	.L117
 1719              	.LVL118:
 1720              	.L113:
 719:stm/stm32l4xx/STM32L4xx_HAL_Driver/Src/stm32l4xx_hal_tim_ex.c ****   {
 1721              		.loc 1 719 46 is_stmt 0 discriminator 2 view .LVU518
 1722 006e 0429     		cmp	r1, #4
 1723 0070 08D0     		beq	.L132
 719:stm/stm32l4xx/STM32L4xx_HAL_Driver/Src/stm32l4xx_hal_tim_ex.c ****   {
 1724              		.loc 1 719 46 discriminator 5 view .LVU519
 1725 0072 0829     		cmp	r1, #8
 1726 0074 0DD0     		beq	.L133
 719:stm/stm32l4xx/STM32L4xx_HAL_Driver/Src/stm32l4xx_hal_tim_ex.c ****   {
 1727              		.loc 1 719 7 discriminator 8 view .LVU520
 1728 0076 94F84730 		ldrb	r3, [r4, #71]	@ zero_extendqisi2
 1729 007a DBB2     		uxtb	r3, r3
 719:stm/stm32l4xx/STM32L4xx_HAL_Driver/Src/stm32l4xx_hal_tim_ex.c ****   {
 1730              		.loc 1 719 46 discriminator 8 view .LVU521
ARM GAS  /var/tmp//ccYgLLN5.s 			page 89


 1731 007c 013B     		subs	r3, r3, #1
 1732 007e 18BF     		it	ne
 1733 0080 0123     		movne	r3, #1
 1734 0082 C8E7     		b	.L114
 1735              	.L132:
 719:stm/stm32l4xx/STM32L4xx_HAL_Driver/Src/stm32l4xx_hal_tim_ex.c ****   {
 1736              		.loc 1 719 7 discriminator 4 view .LVU522
 1737 0084 94F84530 		ldrb	r3, [r4, #69]	@ zero_extendqisi2
 1738 0088 DBB2     		uxtb	r3, r3
 719:stm/stm32l4xx/STM32L4xx_HAL_Driver/Src/stm32l4xx_hal_tim_ex.c ****   {
 1739              		.loc 1 719 46 discriminator 4 view .LVU523
 1740 008a 013B     		subs	r3, r3, #1
 1741 008c 18BF     		it	ne
 1742 008e 0123     		movne	r3, #1
 1743 0090 C1E7     		b	.L114
 1744              	.L133:
 719:stm/stm32l4xx/STM32L4xx_HAL_Driver/Src/stm32l4xx_hal_tim_ex.c ****   {
 1745              		.loc 1 719 7 discriminator 7 view .LVU524
 1746 0092 94F84630 		ldrb	r3, [r4, #70]	@ zero_extendqisi2
 1747 0096 DBB2     		uxtb	r3, r3
 719:stm/stm32l4xx/STM32L4xx_HAL_Driver/Src/stm32l4xx_hal_tim_ex.c ****   {
 1748              		.loc 1 719 46 discriminator 7 view .LVU525
 1749 0098 013B     		subs	r3, r3, #1
 1750 009a 18BF     		it	ne
 1751 009c 0123     		movne	r3, #1
 1752 009e BAE7     		b	.L114
 1753              	.L118:
 725:stm/stm32l4xx/STM32L4xx_HAL_Driver/Src/stm32l4xx_hal_tim_ex.c **** 
 1754              		.loc 1 725 3 discriminator 2 view .LVU526
 1755 00a0 0428     		cmp	r0, #4
 1756 00a2 0CD0     		beq	.L134
 725:stm/stm32l4xx/STM32L4xx_HAL_Driver/Src/stm32l4xx_hal_tim_ex.c **** 
 1757              		.loc 1 725 3 discriminator 4 view .LVU527
 1758 00a4 0828     		cmp	r0, #8
 1759 00a6 13D0     		beq	.L135
 725:stm/stm32l4xx/STM32L4xx_HAL_Driver/Src/stm32l4xx_hal_tim_ex.c **** 
 1760              		.loc 1 725 3 discriminator 7 view .LVU528
 1761 00a8 0223     		movs	r3, #2
 1762 00aa 84F84730 		strb	r3, [r4, #71]
 727:stm/stm32l4xx/STM32L4xx_HAL_Driver/Src/stm32l4xx_hal_tim_ex.c ****   {
 1763              		.loc 1 727 3 is_stmt 1 discriminator 7 view .LVU529
 1764 00ae 0428     		cmp	r0, #4
 1765 00b0 08D0     		beq	.L121
 727:stm/stm32l4xx/STM32L4xx_HAL_Driver/Src/stm32l4xx_hal_tim_ex.c ****   {
 1766              		.loc 1 727 3 is_stmt 0 view .LVU530
 1767 00b2 0828     		cmp	r0, #8
 1768 00b4 0FD0     		beq	.L123
 1769 00b6 0028     		cmp	r0, #0
 1770 00b8 B4D0     		beq	.L119
 1771 00ba 0120     		movs	r0, #1
 1772              	.LVL119:
 727:stm/stm32l4xx/STM32L4xx_HAL_Driver/Src/stm32l4xx_hal_tim_ex.c ****   {
 1773              		.loc 1 727 3 view .LVU531
 1774 00bc 20E0     		b	.L117
 1775              	.LVL120:
 1776              	.L134:
 725:stm/stm32l4xx/STM32L4xx_HAL_Driver/Src/stm32l4xx_hal_tim_ex.c **** 
ARM GAS  /var/tmp//ccYgLLN5.s 			page 90


 1777              		.loc 1 725 3 view .LVU532
 1778 00be 0223     		movs	r3, #2
 1779 00c0 84F84530 		strb	r3, [r4, #69]
 727:stm/stm32l4xx/STM32L4xx_HAL_Driver/Src/stm32l4xx_hal_tim_ex.c ****   {
 1780              		.loc 1 727 3 is_stmt 1 view .LVU533
 1781              	.L121:
 739:stm/stm32l4xx/STM32L4xx_HAL_Driver/Src/stm32l4xx_hal_tim_ex.c ****       break;
 1782              		.loc 1 739 7 view .LVU534
 1783 00c4 2268     		ldr	r2, [r4]
 1784 00c6 D368     		ldr	r3, [r2, #12]
 1785 00c8 43F00403 		orr	r3, r3, #4
 1786 00cc D360     		str	r3, [r2, #12]
 740:stm/stm32l4xx/STM32L4xx_HAL_Driver/Src/stm32l4xx_hal_tim_ex.c ****     }
 1787              		.loc 1 740 7 view .LVU535
 756:stm/stm32l4xx/STM32L4xx_HAL_Driver/Src/stm32l4xx_hal_tim_ex.c ****   {
 1788              		.loc 1 756 3 view .LVU536
 1789 00ce AEE7     		b	.L124
 1790              	.L135:
 725:stm/stm32l4xx/STM32L4xx_HAL_Driver/Src/stm32l4xx_hal_tim_ex.c **** 
 1791              		.loc 1 725 3 is_stmt 0 view .LVU537
 1792 00d0 0223     		movs	r3, #2
 1793 00d2 84F84630 		strb	r3, [r4, #70]
 727:stm/stm32l4xx/STM32L4xx_HAL_Driver/Src/stm32l4xx_hal_tim_ex.c ****   {
 1794              		.loc 1 727 3 is_stmt 1 view .LVU538
 1795              	.L123:
 746:stm/stm32l4xx/STM32L4xx_HAL_Driver/Src/stm32l4xx_hal_tim_ex.c ****       break;
 1796              		.loc 1 746 7 view .LVU539
 1797 00d6 2268     		ldr	r2, [r4]
 1798 00d8 D368     		ldr	r3, [r2, #12]
 1799 00da 43F00803 		orr	r3, r3, #8
 1800 00de D360     		str	r3, [r2, #12]
 747:stm/stm32l4xx/STM32L4xx_HAL_Driver/Src/stm32l4xx_hal_tim_ex.c ****     }
 1801              		.loc 1 747 7 view .LVU540
 756:stm/stm32l4xx/STM32L4xx_HAL_Driver/Src/stm32l4xx_hal_tim_ex.c ****   {
 1802              		.loc 1 756 3 view .LVU541
 1803 00e0 A5E7     		b	.L124
 1804              	.LVL121:
 1805              	.L125:
 770:stm/stm32l4xx/STM32L4xx_HAL_Driver/Src/stm32l4xx_hal_tim_ex.c ****       if (!IS_TIM_SLAVEMODE_TRIGGER_ENABLED(tmpsmcr))
 1806              		.loc 1 770 7 view .LVU542
 770:stm/stm32l4xx/STM32L4xx_HAL_Driver/Src/stm32l4xx_hal_tim_ex.c ****       if (!IS_TIM_SLAVEMODE_TRIGGER_ENABLED(tmpsmcr))
 1807              		.loc 1 770 31 is_stmt 0 view .LVU543
 1808 00e2 9968     		ldr	r1, [r3, #8]
 770:stm/stm32l4xx/STM32L4xx_HAL_Driver/Src/stm32l4xx_hal_tim_ex.c ****       if (!IS_TIM_SLAVEMODE_TRIGGER_ENABLED(tmpsmcr))
 1809              		.loc 1 770 15 view .LVU544
 1810 00e4 0A4A     		ldr	r2, .L136+4
 1811 00e6 0A40     		ands	r2, r2, r1
 1812              	.LVL122:
 771:stm/stm32l4xx/STM32L4xx_HAL_Driver/Src/stm32l4xx_hal_tim_ex.c ****       {
 1813              		.loc 1 771 7 is_stmt 1 view .LVU545
 771:stm/stm32l4xx/STM32L4xx_HAL_Driver/Src/stm32l4xx_hal_tim_ex.c ****       {
 1814              		.loc 1 771 10 is_stmt 0 view .LVU546
 1815 00e8 062A     		cmp	r2, #6
 1816 00ea 0AD0     		beq	.L129
 771:stm/stm32l4xx/STM32L4xx_HAL_Driver/Src/stm32l4xx_hal_tim_ex.c ****       {
 1817              		.loc 1 771 11 discriminator 1 view .LVU547
 1818 00ec B2F5803F 		cmp	r2, #65536
ARM GAS  /var/tmp//ccYgLLN5.s 			page 91


 1819 00f0 09D0     		beq	.L130
 773:stm/stm32l4xx/STM32L4xx_HAL_Driver/Src/stm32l4xx_hal_tim_ex.c ****       }
 1820              		.loc 1 773 9 is_stmt 1 view .LVU548
 1821 00f2 1A68     		ldr	r2, [r3]
 1822              	.LVL123:
 773:stm/stm32l4xx/STM32L4xx_HAL_Driver/Src/stm32l4xx_hal_tim_ex.c ****       }
 1823              		.loc 1 773 9 is_stmt 0 view .LVU549
 1824 00f4 42F00102 		orr	r2, r2, #1
 1825 00f8 1A60     		str	r2, [r3]
 1826 00fa 0020     		movs	r0, #0
 1827 00fc 00E0     		b	.L117
 1828              	.LVL124:
 1829              	.L127:
 721:stm/stm32l4xx/STM32L4xx_HAL_Driver/Src/stm32l4xx_hal_tim_ex.c ****   }
 1830              		.loc 1 721 12 view .LVU550
 1831 00fe 0120     		movs	r0, #1
 1832              	.LVL125:
 1833              	.L117:
 784:stm/stm32l4xx/STM32L4xx_HAL_Driver/Src/stm32l4xx_hal_tim_ex.c **** 
 1834              		.loc 1 784 1 view .LVU551
 1835 0100 10BD     		pop	{r4, pc}
 1836              	.LVL126:
 1837              	.L129:
 784:stm/stm32l4xx/STM32L4xx_HAL_Driver/Src/stm32l4xx_hal_tim_ex.c **** 
 1838              		.loc 1 784 1 view .LVU552
 1839 0102 0020     		movs	r0, #0
 1840 0104 FCE7     		b	.L117
 1841              	.L130:
 1842 0106 0020     		movs	r0, #0
 1843 0108 FAE7     		b	.L117
 1844              	.L137:
 1845 010a 00BF     		.align	2
 1846              	.L136:
 1847 010c 002C0140 		.word	1073818624
 1848 0110 07000100 		.word	65543
 1849              		.cfi_endproc
 1850              	.LFE300:
 1852              		.section	.text.HAL_TIMEx_OCN_Stop_IT,"ax",%progbits
 1853              		.align	1
 1854              		.global	HAL_TIMEx_OCN_Stop_IT
 1855              		.syntax unified
 1856              		.thumb
 1857              		.thumb_func
 1859              	HAL_TIMEx_OCN_Stop_IT:
 1860              	.LVL127:
 1861              	.LFB301:
 798:stm/stm32l4xx/STM32L4xx_HAL_Driver/Src/stm32l4xx_hal_tim_ex.c ****   HAL_StatusTypeDef status = HAL_OK;
 1862              		.loc 1 798 1 is_stmt 1 view -0
 1863              		.cfi_startproc
 1864              		@ args = 0, pretend = 0, frame = 0
 1865              		@ frame_needed = 0, uses_anonymous_args = 0
 798:stm/stm32l4xx/STM32L4xx_HAL_Driver/Src/stm32l4xx_hal_tim_ex.c ****   HAL_StatusTypeDef status = HAL_OK;
 1866              		.loc 1 798 1 is_stmt 0 view .LVU554
 1867 0000 38B5     		push	{r3, r4, r5, lr}
 1868              	.LCFI17:
 1869              		.cfi_def_cfa_offset 16
 1870              		.cfi_offset 3, -16
ARM GAS  /var/tmp//ccYgLLN5.s 			page 92


 1871              		.cfi_offset 4, -12
 1872              		.cfi_offset 5, -8
 1873              		.cfi_offset 14, -4
 1874 0002 0546     		mov	r5, r0
 1875 0004 0C46     		mov	r4, r1
 799:stm/stm32l4xx/STM32L4xx_HAL_Driver/Src/stm32l4xx_hal_tim_ex.c ****   uint32_t tmpccer;
 1876              		.loc 1 799 3 is_stmt 1 view .LVU555
 1877              	.LVL128:
 800:stm/stm32l4xx/STM32L4xx_HAL_Driver/Src/stm32l4xx_hal_tim_ex.c **** 
 1878              		.loc 1 800 3 view .LVU556
 803:stm/stm32l4xx/STM32L4xx_HAL_Driver/Src/stm32l4xx_hal_tim_ex.c **** 
 1879              		.loc 1 803 3 view .LVU557
 805:stm/stm32l4xx/STM32L4xx_HAL_Driver/Src/stm32l4xx_hal_tim_ex.c ****   {
 1880              		.loc 1 805 3 view .LVU558
 1881 0006 0429     		cmp	r1, #4
 1882 0008 3CD0     		beq	.L139
 1883 000a 0829     		cmp	r1, #8
 1884 000c 40D0     		beq	.L140
 1885 000e 09B1     		cbz	r1, .L151
 1886 0010 0120     		movs	r0, #1
 1887              	.LVL129:
 1888              	.L141:
 856:stm/stm32l4xx/STM32L4xx_HAL_Driver/Src/stm32l4xx_hal_tim_ex.c **** }
 1889              		.loc 1 856 3 view .LVU559
 857:stm/stm32l4xx/STM32L4xx_HAL_Driver/Src/stm32l4xx_hal_tim_ex.c **** 
 1890              		.loc 1 857 1 is_stmt 0 view .LVU560
 1891 0012 38BD     		pop	{r3, r4, r5, pc}
 1892              	.LVL130:
 1893              	.L151:
 810:stm/stm32l4xx/STM32L4xx_HAL_Driver/Src/stm32l4xx_hal_tim_ex.c ****       break;
 1894              		.loc 1 810 7 is_stmt 1 view .LVU561
 1895 0014 0268     		ldr	r2, [r0]
 1896 0016 D368     		ldr	r3, [r2, #12]
 1897 0018 23F00203 		bic	r3, r3, #2
 1898 001c D360     		str	r3, [r2, #12]
 811:stm/stm32l4xx/STM32L4xx_HAL_Driver/Src/stm32l4xx_hal_tim_ex.c ****     }
 1899              		.loc 1 811 7 view .LVU562
 833:stm/stm32l4xx/STM32L4xx_HAL_Driver/Src/stm32l4xx_hal_tim_ex.c ****   {
 1900              		.loc 1 833 3 view .LVU563
 1901              	.L142:
 836:stm/stm32l4xx/STM32L4xx_HAL_Driver/Src/stm32l4xx_hal_tim_ex.c **** 
 1902              		.loc 1 836 5 view .LVU564
 1903 001e 0022     		movs	r2, #0
 1904 0020 2146     		mov	r1, r4
 1905              	.LVL131:
 836:stm/stm32l4xx/STM32L4xx_HAL_Driver/Src/stm32l4xx_hal_tim_ex.c **** 
 1906              		.loc 1 836 5 is_stmt 0 view .LVU565
 1907 0022 2868     		ldr	r0, [r5]
 1908              	.LVL132:
 836:stm/stm32l4xx/STM32L4xx_HAL_Driver/Src/stm32l4xx_hal_tim_ex.c **** 
 1909              		.loc 1 836 5 view .LVU566
 1910 0024 FFF7FEFF 		bl	TIM_CCxNChannelCmd
 1911              	.LVL133:
 839:stm/stm32l4xx/STM32L4xx_HAL_Driver/Src/stm32l4xx_hal_tim_ex.c ****     if ((tmpccer & TIM_CCER_CCxNE_MASK) == (uint32_t)RESET)
 1912              		.loc 1 839 5 is_stmt 1 view .LVU567
 839:stm/stm32l4xx/STM32L4xx_HAL_Driver/Src/stm32l4xx_hal_tim_ex.c ****     if ((tmpccer & TIM_CCER_CCxNE_MASK) == (uint32_t)RESET)
 1913              		.loc 1 839 19 is_stmt 0 view .LVU568
ARM GAS  /var/tmp//ccYgLLN5.s 			page 93


 1914 0028 2B68     		ldr	r3, [r5]
 839:stm/stm32l4xx/STM32L4xx_HAL_Driver/Src/stm32l4xx_hal_tim_ex.c ****     if ((tmpccer & TIM_CCER_CCxNE_MASK) == (uint32_t)RESET)
 1915              		.loc 1 839 13 view .LVU569
 1916 002a 196A     		ldr	r1, [r3, #32]
 1917              	.LVL134:
 840:stm/stm32l4xx/STM32L4xx_HAL_Driver/Src/stm32l4xx_hal_tim_ex.c ****     {
 1918              		.loc 1 840 5 is_stmt 1 view .LVU570
 840:stm/stm32l4xx/STM32L4xx_HAL_Driver/Src/stm32l4xx_hal_tim_ex.c ****     {
 1919              		.loc 1 840 8 is_stmt 0 view .LVU571
 1920 002c 40F24442 		movw	r2, #1092
 1921 0030 1142     		tst	r1, r2
 1922 0032 03D1     		bne	.L143
 842:stm/stm32l4xx/STM32L4xx_HAL_Driver/Src/stm32l4xx_hal_tim_ex.c ****     }
 1923              		.loc 1 842 7 is_stmt 1 view .LVU572
 1924 0034 DA68     		ldr	r2, [r3, #12]
 1925 0036 22F08002 		bic	r2, r2, #128
 1926 003a DA60     		str	r2, [r3, #12]
 1927              	.L143:
 846:stm/stm32l4xx/STM32L4xx_HAL_Driver/Src/stm32l4xx_hal_tim_ex.c **** 
 1928              		.loc 1 846 5 view .LVU573
 846:stm/stm32l4xx/STM32L4xx_HAL_Driver/Src/stm32l4xx_hal_tim_ex.c **** 
 1929              		.loc 1 846 5 view .LVU574
 1930 003c 2B68     		ldr	r3, [r5]
 1931 003e 196A     		ldr	r1, [r3, #32]
 1932              	.LVL135:
 846:stm/stm32l4xx/STM32L4xx_HAL_Driver/Src/stm32l4xx_hal_tim_ex.c **** 
 1933              		.loc 1 846 5 is_stmt 0 view .LVU575
 1934 0040 41F21112 		movw	r2, #4369
 1935 0044 1142     		tst	r1, r2
 1936 0046 08D1     		bne	.L144
 846:stm/stm32l4xx/STM32L4xx_HAL_Driver/Src/stm32l4xx_hal_tim_ex.c **** 
 1937              		.loc 1 846 5 is_stmt 1 discriminator 1 view .LVU576
 1938 0048 196A     		ldr	r1, [r3, #32]
 1939 004a 40F24442 		movw	r2, #1092
 1940 004e 1142     		tst	r1, r2
 1941 0050 03D1     		bne	.L144
 846:stm/stm32l4xx/STM32L4xx_HAL_Driver/Src/stm32l4xx_hal_tim_ex.c **** 
 1942              		.loc 1 846 5 discriminator 3 view .LVU577
 1943 0052 5A6C     		ldr	r2, [r3, #68]
 1944 0054 22F40042 		bic	r2, r2, #32768
 1945 0058 5A64     		str	r2, [r3, #68]
 1946              	.L144:
 846:stm/stm32l4xx/STM32L4xx_HAL_Driver/Src/stm32l4xx_hal_tim_ex.c **** 
 1947              		.loc 1 846 5 discriminator 5 view .LVU578
 849:stm/stm32l4xx/STM32L4xx_HAL_Driver/Src/stm32l4xx_hal_tim_ex.c **** 
 1948              		.loc 1 849 5 discriminator 5 view .LVU579
 849:stm/stm32l4xx/STM32L4xx_HAL_Driver/Src/stm32l4xx_hal_tim_ex.c **** 
 1949              		.loc 1 849 5 discriminator 5 view .LVU580
 1950 005a 2B68     		ldr	r3, [r5]
 1951 005c 196A     		ldr	r1, [r3, #32]
 1952 005e 41F21112 		movw	r2, #4369
 1953 0062 1142     		tst	r1, r2
 1954 0064 08D1     		bne	.L145
 849:stm/stm32l4xx/STM32L4xx_HAL_Driver/Src/stm32l4xx_hal_tim_ex.c **** 
 1955              		.loc 1 849 5 discriminator 1 view .LVU581
 1956 0066 196A     		ldr	r1, [r3, #32]
 1957 0068 40F24442 		movw	r2, #1092
ARM GAS  /var/tmp//ccYgLLN5.s 			page 94


 1958 006c 1142     		tst	r1, r2
 1959 006e 03D1     		bne	.L145
 849:stm/stm32l4xx/STM32L4xx_HAL_Driver/Src/stm32l4xx_hal_tim_ex.c **** 
 1960              		.loc 1 849 5 discriminator 3 view .LVU582
 1961 0070 1A68     		ldr	r2, [r3]
 1962 0072 22F00102 		bic	r2, r2, #1
 1963 0076 1A60     		str	r2, [r3]
 1964              	.L145:
 849:stm/stm32l4xx/STM32L4xx_HAL_Driver/Src/stm32l4xx_hal_tim_ex.c **** 
 1965              		.loc 1 849 5 discriminator 5 view .LVU583
 852:stm/stm32l4xx/STM32L4xx_HAL_Driver/Src/stm32l4xx_hal_tim_ex.c ****   }
 1966              		.loc 1 852 5 discriminator 5 view .LVU584
 1967 0078 84B9     		cbnz	r4, .L146
 852:stm/stm32l4xx/STM32L4xx_HAL_Driver/Src/stm32l4xx_hal_tim_ex.c ****   }
 1968              		.loc 1 852 5 is_stmt 0 discriminator 1 view .LVU585
 1969 007a 0123     		movs	r3, #1
 1970 007c 85F84430 		strb	r3, [r5, #68]
 1971 0080 0020     		movs	r0, #0
 1972 0082 C6E7     		b	.L141
 1973              	.LVL136:
 1974              	.L139:
 817:stm/stm32l4xx/STM32L4xx_HAL_Driver/Src/stm32l4xx_hal_tim_ex.c ****       break;
 1975              		.loc 1 817 7 is_stmt 1 view .LVU586
 1976 0084 0268     		ldr	r2, [r0]
 1977 0086 D368     		ldr	r3, [r2, #12]
 1978 0088 23F00403 		bic	r3, r3, #4
 1979 008c D360     		str	r3, [r2, #12]
 818:stm/stm32l4xx/STM32L4xx_HAL_Driver/Src/stm32l4xx_hal_tim_ex.c ****     }
 1980              		.loc 1 818 7 view .LVU587
 833:stm/stm32l4xx/STM32L4xx_HAL_Driver/Src/stm32l4xx_hal_tim_ex.c ****   {
 1981              		.loc 1 833 3 view .LVU588
 1982 008e C6E7     		b	.L142
 1983              	.L140:
 824:stm/stm32l4xx/STM32L4xx_HAL_Driver/Src/stm32l4xx_hal_tim_ex.c ****       break;
 1984              		.loc 1 824 7 view .LVU589
 1985 0090 0268     		ldr	r2, [r0]
 1986 0092 D368     		ldr	r3, [r2, #12]
 1987 0094 23F00803 		bic	r3, r3, #8
 1988 0098 D360     		str	r3, [r2, #12]
 825:stm/stm32l4xx/STM32L4xx_HAL_Driver/Src/stm32l4xx_hal_tim_ex.c ****     }
 1989              		.loc 1 825 7 view .LVU590
 833:stm/stm32l4xx/STM32L4xx_HAL_Driver/Src/stm32l4xx_hal_tim_ex.c ****   {
 1990              		.loc 1 833 3 view .LVU591
 1991 009a C0E7     		b	.L142
 1992              	.LVL137:
 1993              	.L146:
 852:stm/stm32l4xx/STM32L4xx_HAL_Driver/Src/stm32l4xx_hal_tim_ex.c ****   }
 1994              		.loc 1 852 5 is_stmt 0 discriminator 2 view .LVU592
 1995 009c 042C     		cmp	r4, #4
 1996 009e 06D0     		beq	.L152
 852:stm/stm32l4xx/STM32L4xx_HAL_Driver/Src/stm32l4xx_hal_tim_ex.c ****   }
 1997              		.loc 1 852 5 discriminator 4 view .LVU593
 1998 00a0 082C     		cmp	r4, #8
 1999 00a2 09D0     		beq	.L153
 852:stm/stm32l4xx/STM32L4xx_HAL_Driver/Src/stm32l4xx_hal_tim_ex.c ****   }
 2000              		.loc 1 852 5 discriminator 7 view .LVU594
 2001 00a4 0123     		movs	r3, #1
ARM GAS  /var/tmp//ccYgLLN5.s 			page 95


 2002 00a6 85F84730 		strb	r3, [r5, #71]
 2003 00aa 0020     		movs	r0, #0
 2004 00ac B1E7     		b	.L141
 2005              	.L152:
 852:stm/stm32l4xx/STM32L4xx_HAL_Driver/Src/stm32l4xx_hal_tim_ex.c ****   }
 2006              		.loc 1 852 5 discriminator 3 view .LVU595
 2007 00ae 0123     		movs	r3, #1
 2008 00b0 85F84530 		strb	r3, [r5, #69]
 2009 00b4 0020     		movs	r0, #0
 2010 00b6 ACE7     		b	.L141
 2011              	.L153:
 852:stm/stm32l4xx/STM32L4xx_HAL_Driver/Src/stm32l4xx_hal_tim_ex.c ****   }
 2012              		.loc 1 852 5 discriminator 6 view .LVU596
 2013 00b8 0123     		movs	r3, #1
 2014 00ba 85F84630 		strb	r3, [r5, #70]
 2015 00be 0020     		movs	r0, #0
 2016 00c0 A7E7     		b	.L141
 2017              		.cfi_endproc
 2018              	.LFE301:
 2020              		.section	.text.HAL_TIMEx_OCN_Start_DMA,"ax",%progbits
 2021              		.align	1
 2022              		.global	HAL_TIMEx_OCN_Start_DMA
 2023              		.syntax unified
 2024              		.thumb
 2025              		.thumb_func
 2027              	HAL_TIMEx_OCN_Start_DMA:
 2028              	.LVL138:
 2029              	.LFB302:
 874:stm/stm32l4xx/STM32L4xx_HAL_Driver/Src/stm32l4xx_hal_tim_ex.c ****   HAL_StatusTypeDef status = HAL_OK;
 2030              		.loc 1 874 1 is_stmt 1 view -0
 2031              		.cfi_startproc
 2032              		@ args = 0, pretend = 0, frame = 0
 2033              		@ frame_needed = 0, uses_anonymous_args = 0
 874:stm/stm32l4xx/STM32L4xx_HAL_Driver/Src/stm32l4xx_hal_tim_ex.c ****   HAL_StatusTypeDef status = HAL_OK;
 2034              		.loc 1 874 1 is_stmt 0 view .LVU598
 2035 0000 70B5     		push	{r4, r5, r6, lr}
 2036              	.LCFI18:
 2037              		.cfi_def_cfa_offset 16
 2038              		.cfi_offset 4, -16
 2039              		.cfi_offset 5, -12
 2040              		.cfi_offset 6, -8
 2041              		.cfi_offset 14, -4
 2042 0002 0446     		mov	r4, r0
 2043 0004 1646     		mov	r6, r2
 875:stm/stm32l4xx/STM32L4xx_HAL_Driver/Src/stm32l4xx_hal_tim_ex.c ****   uint32_t tmpsmcr;
 2044              		.loc 1 875 3 is_stmt 1 view .LVU599
 2045              	.LVL139:
 876:stm/stm32l4xx/STM32L4xx_HAL_Driver/Src/stm32l4xx_hal_tim_ex.c **** 
 2046              		.loc 1 876 3 view .LVU600
 879:stm/stm32l4xx/STM32L4xx_HAL_Driver/Src/stm32l4xx_hal_tim_ex.c **** 
 2047              		.loc 1 879 3 view .LVU601
 882:stm/stm32l4xx/STM32L4xx_HAL_Driver/Src/stm32l4xx_hal_tim_ex.c ****   {
 2048              		.loc 1 882 3 view .LVU602
 882:stm/stm32l4xx/STM32L4xx_HAL_Driver/Src/stm32l4xx_hal_tim_ex.c ****   {
 2049              		.loc 1 882 46 is_stmt 0 view .LVU603
 2050 0006 0D46     		mov	r5, r1
 2051 0008 0029     		cmp	r1, #0
ARM GAS  /var/tmp//ccYgLLN5.s 			page 96


 2052 000a 54D1     		bne	.L155
 882:stm/stm32l4xx/STM32L4xx_HAL_Driver/Src/stm32l4xx_hal_tim_ex.c ****   {
 2053              		.loc 1 882 7 discriminator 1 view .LVU604
 2054 000c 90F84400 		ldrb	r0, [r0, #68]	@ zero_extendqisi2
 2055              	.LVL140:
 882:stm/stm32l4xx/STM32L4xx_HAL_Driver/Src/stm32l4xx_hal_tim_ex.c ****   {
 2056              		.loc 1 882 7 discriminator 1 view .LVU605
 2057 0010 C0B2     		uxtb	r0, r0
 882:stm/stm32l4xx/STM32L4xx_HAL_Driver/Src/stm32l4xx_hal_tim_ex.c ****   {
 2058              		.loc 1 882 46 discriminator 1 view .LVU606
 2059 0012 0228     		cmp	r0, #2
 2060 0014 14BF     		ite	ne
 2061 0016 0020     		movne	r0, #0
 2062 0018 0120     		moveq	r0, #1
 2063              	.L156:
 882:stm/stm32l4xx/STM32L4xx_HAL_Driver/Src/stm32l4xx_hal_tim_ex.c ****   {
 2064              		.loc 1 882 6 discriminator 12 view .LVU607
 2065 001a 0028     		cmp	r0, #0
 2066 001c 40F0D380 		bne	.L173
 886:stm/stm32l4xx/STM32L4xx_HAL_Driver/Src/stm32l4xx_hal_tim_ex.c ****   {
 2067              		.loc 1 886 8 is_stmt 1 view .LVU608
 886:stm/stm32l4xx/STM32L4xx_HAL_Driver/Src/stm32l4xx_hal_tim_ex.c ****   {
 2068              		.loc 1 886 51 is_stmt 0 view .LVU609
 2069 0020 002D     		cmp	r5, #0
 2070 0022 64D1     		bne	.L160
 886:stm/stm32l4xx/STM32L4xx_HAL_Driver/Src/stm32l4xx_hal_tim_ex.c ****   {
 2071              		.loc 1 886 12 discriminator 1 view .LVU610
 2072 0024 94F84420 		ldrb	r2, [r4, #68]	@ zero_extendqisi2
 2073              	.LVL141:
 886:stm/stm32l4xx/STM32L4xx_HAL_Driver/Src/stm32l4xx_hal_tim_ex.c ****   {
 2074              		.loc 1 886 12 discriminator 1 view .LVU611
 2075 0028 D2B2     		uxtb	r2, r2
 886:stm/stm32l4xx/STM32L4xx_HAL_Driver/Src/stm32l4xx_hal_tim_ex.c ****   {
 2076              		.loc 1 886 51 discriminator 1 view .LVU612
 2077 002a 012A     		cmp	r2, #1
 2078 002c 14BF     		ite	ne
 2079 002e 0022     		movne	r2, #0
 2080 0030 0122     		moveq	r2, #1
 2081              	.L161:
 886:stm/stm32l4xx/STM32L4xx_HAL_Driver/Src/stm32l4xx_hal_tim_ex.c ****   {
 2082              		.loc 1 886 11 discriminator 12 view .LVU613
 2083 0032 002A     		cmp	r2, #0
 2084 0034 00F0C980 		beq	.L174
 888:stm/stm32l4xx/STM32L4xx_HAL_Driver/Src/stm32l4xx_hal_tim_ex.c ****     {
 2085              		.loc 1 888 5 is_stmt 1 view .LVU614
 888:stm/stm32l4xx/STM32L4xx_HAL_Driver/Src/stm32l4xx_hal_tim_ex.c ****     {
 2086              		.loc 1 888 8 is_stmt 0 view .LVU615
 2087 0038 002E     		cmp	r6, #0
 2088 003a 00F0C880 		beq	.L175
 888:stm/stm32l4xx/STM32L4xx_HAL_Driver/Src/stm32l4xx_hal_tim_ex.c ****     {
 2089              		.loc 1 888 25 discriminator 1 view .LVU616
 2090 003e 002B     		cmp	r3, #0
 2091 0040 00F0C780 		beq	.L176
 894:stm/stm32l4xx/STM32L4xx_HAL_Driver/Src/stm32l4xx_hal_tim_ex.c ****     }
 2092              		.loc 1 894 7 is_stmt 1 view .LVU617
 2093 0044 002D     		cmp	r5, #0
 2094 0046 6ED1     		bne	.L164
ARM GAS  /var/tmp//ccYgLLN5.s 			page 97


 2095 0048 0222     		movs	r2, #2
 2096 004a 84F84420 		strb	r2, [r4, #68]
 902:stm/stm32l4xx/STM32L4xx_HAL_Driver/Src/stm32l4xx_hal_tim_ex.c ****   {
 2097              		.loc 1 902 3 view .LVU618
 2098              	.L165:
 907:stm/stm32l4xx/STM32L4xx_HAL_Driver/Src/stm32l4xx_hal_tim_ex.c ****       htim->hdma[TIM_DMA_ID_CC1]->XferHalfCpltCallback = TIM_DMADelayPulseHalfCplt;
 2099              		.loc 1 907 7 view .LVU619
 907:stm/stm32l4xx/STM32L4xx_HAL_Driver/Src/stm32l4xx_hal_tim_ex.c ****       htim->hdma[TIM_DMA_ID_CC1]->XferHalfCpltCallback = TIM_DMADelayPulseHalfCplt;
 2100              		.loc 1 907 17 is_stmt 0 view .LVU620
 2101 004e 626A     		ldr	r2, [r4, #36]
 907:stm/stm32l4xx/STM32L4xx_HAL_Driver/Src/stm32l4xx_hal_tim_ex.c ****       htim->hdma[TIM_DMA_ID_CC1]->XferHalfCpltCallback = TIM_DMADelayPulseHalfCplt;
 2102              		.loc 1 907 52 view .LVU621
 2103 0050 6649     		ldr	r1, .L190
 2104              	.LVL142:
 907:stm/stm32l4xx/STM32L4xx_HAL_Driver/Src/stm32l4xx_hal_tim_ex.c ****       htim->hdma[TIM_DMA_ID_CC1]->XferHalfCpltCallback = TIM_DMADelayPulseHalfCplt;
 2105              		.loc 1 907 52 view .LVU622
 2106 0052 D162     		str	r1, [r2, #44]
 908:stm/stm32l4xx/STM32L4xx_HAL_Driver/Src/stm32l4xx_hal_tim_ex.c **** 
 2107              		.loc 1 908 7 is_stmt 1 view .LVU623
 908:stm/stm32l4xx/STM32L4xx_HAL_Driver/Src/stm32l4xx_hal_tim_ex.c **** 
 2108              		.loc 1 908 17 is_stmt 0 view .LVU624
 2109 0054 626A     		ldr	r2, [r4, #36]
 908:stm/stm32l4xx/STM32L4xx_HAL_Driver/Src/stm32l4xx_hal_tim_ex.c **** 
 2110              		.loc 1 908 56 view .LVU625
 2111 0056 6649     		ldr	r1, .L190+4
 2112 0058 1163     		str	r1, [r2, #48]
 911:stm/stm32l4xx/STM32L4xx_HAL_Driver/Src/stm32l4xx_hal_tim_ex.c **** 
 2113              		.loc 1 911 7 is_stmt 1 view .LVU626
 911:stm/stm32l4xx/STM32L4xx_HAL_Driver/Src/stm32l4xx_hal_tim_ex.c **** 
 2114              		.loc 1 911 17 is_stmt 0 view .LVU627
 2115 005a 626A     		ldr	r2, [r4, #36]
 911:stm/stm32l4xx/STM32L4xx_HAL_Driver/Src/stm32l4xx_hal_tim_ex.c **** 
 2116              		.loc 1 911 53 view .LVU628
 2117 005c 6549     		ldr	r1, .L190+8
 2118 005e 5163     		str	r1, [r2, #52]
 914:stm/stm32l4xx/STM32L4xx_HAL_Driver/Src/stm32l4xx_hal_tim_ex.c ****                            Length) != HAL_OK)
 2119              		.loc 1 914 7 is_stmt 1 view .LVU629
 914:stm/stm32l4xx/STM32L4xx_HAL_Driver/Src/stm32l4xx_hal_tim_ex.c ****                            Length) != HAL_OK)
 2120              		.loc 1 914 88 is_stmt 0 view .LVU630
 2121 0060 2268     		ldr	r2, [r4]
 914:stm/stm32l4xx/STM32L4xx_HAL_Driver/Src/stm32l4xx_hal_tim_ex.c ****                            Length) != HAL_OK)
 2122              		.loc 1 914 11 view .LVU631
 2123 0062 3432     		adds	r2, r2, #52
 2124 0064 3146     		mov	r1, r6
 2125 0066 606A     		ldr	r0, [r4, #36]
 2126 0068 FFF7FEFF 		bl	HAL_DMA_Start_IT
 2127              	.LVL143:
 914:stm/stm32l4xx/STM32L4xx_HAL_Driver/Src/stm32l4xx_hal_tim_ex.c ****                            Length) != HAL_OK)
 2128              		.loc 1 914 10 view .LVU632
 2129 006c 0028     		cmp	r0, #0
 2130 006e 40F0B280 		bne	.L178
 921:stm/stm32l4xx/STM32L4xx_HAL_Driver/Src/stm32l4xx_hal_tim_ex.c ****       break;
 2131              		.loc 1 921 7 is_stmt 1 view .LVU633
 2132 0072 2268     		ldr	r2, [r4]
 2133 0074 D368     		ldr	r3, [r2, #12]
 2134 0076 43F40073 		orr	r3, r3, #512
 2135 007a D360     		str	r3, [r2, #12]
ARM GAS  /var/tmp//ccYgLLN5.s 			page 98


 922:stm/stm32l4xx/STM32L4xx_HAL_Driver/Src/stm32l4xx_hal_tim_ex.c ****     }
 2136              		.loc 1 922 7 view .LVU634
 972:stm/stm32l4xx/STM32L4xx_HAL_Driver/Src/stm32l4xx_hal_tim_ex.c ****   {
 2137              		.loc 1 972 3 view .LVU635
 2138              	.L170:
 975:stm/stm32l4xx/STM32L4xx_HAL_Driver/Src/stm32l4xx_hal_tim_ex.c **** 
 2139              		.loc 1 975 5 view .LVU636
 2140 007c 0422     		movs	r2, #4
 2141 007e 2946     		mov	r1, r5
 2142 0080 2068     		ldr	r0, [r4]
 2143 0082 FFF7FEFF 		bl	TIM_CCxNChannelCmd
 2144              	.LVL144:
 978:stm/stm32l4xx/STM32L4xx_HAL_Driver/Src/stm32l4xx_hal_tim_ex.c **** 
 2145              		.loc 1 978 5 view .LVU637
 2146 0086 2268     		ldr	r2, [r4]
 2147 0088 536C     		ldr	r3, [r2, #68]
 2148 008a 43F40043 		orr	r3, r3, #32768
 2149 008e 5364     		str	r3, [r2, #68]
 981:stm/stm32l4xx/STM32L4xx_HAL_Driver/Src/stm32l4xx_hal_tim_ex.c ****     {
 2150              		.loc 1 981 5 view .LVU638
 981:stm/stm32l4xx/STM32L4xx_HAL_Driver/Src/stm32l4xx_hal_tim_ex.c ****     {
 2151              		.loc 1 981 9 is_stmt 0 view .LVU639
 2152 0090 2368     		ldr	r3, [r4]
 981:stm/stm32l4xx/STM32L4xx_HAL_Driver/Src/stm32l4xx_hal_tim_ex.c ****     {
 2153              		.loc 1 981 8 view .LVU640
 2154 0092 594A     		ldr	r2, .L190+12
 2155 0094 9342     		cmp	r3, r2
 2156 0096 00F08880 		beq	.L171
 981:stm/stm32l4xx/STM32L4xx_HAL_Driver/Src/stm32l4xx_hal_tim_ex.c ****     {
 2157              		.loc 1 981 9 discriminator 1 view .LVU641
 2158 009a B3F1804F 		cmp	r3, #1073741824
 2159 009e 00F08480 		beq	.L171
 981:stm/stm32l4xx/STM32L4xx_HAL_Driver/Src/stm32l4xx_hal_tim_ex.c ****     {
 2160              		.loc 1 981 9 discriminator 2 view .LVU642
 2161 00a2 02F5A052 		add	r2, r2, #5120
 2162 00a6 9342     		cmp	r3, r2
 2163 00a8 7FD0     		beq	.L171
 991:stm/stm32l4xx/STM32L4xx_HAL_Driver/Src/stm32l4xx_hal_tim_ex.c ****     }
 2164              		.loc 1 991 7 is_stmt 1 view .LVU643
 2165 00aa 1A68     		ldr	r2, [r3]
 2166 00ac 42F00102 		orr	r2, r2, #1
 2167 00b0 1A60     		str	r2, [r3]
 2168 00b2 0020     		movs	r0, #0
 2169 00b4 8AE0     		b	.L159
 2170              	.LVL145:
 2171              	.L155:
 882:stm/stm32l4xx/STM32L4xx_HAL_Driver/Src/stm32l4xx_hal_tim_ex.c ****   {
 2172              		.loc 1 882 46 is_stmt 0 discriminator 2 view .LVU644
 2173 00b6 0429     		cmp	r1, #4
 2174 00b8 09D0     		beq	.L184
 882:stm/stm32l4xx/STM32L4xx_HAL_Driver/Src/stm32l4xx_hal_tim_ex.c ****   {
 2175              		.loc 1 882 46 discriminator 5 view .LVU645
 2176 00ba 0829     		cmp	r1, #8
 2177 00bc 0FD0     		beq	.L185
 882:stm/stm32l4xx/STM32L4xx_HAL_Driver/Src/stm32l4xx_hal_tim_ex.c ****   {
 2178              		.loc 1 882 7 discriminator 8 view .LVU646
 2179 00be 90F84700 		ldrb	r0, [r0, #71]	@ zero_extendqisi2
ARM GAS  /var/tmp//ccYgLLN5.s 			page 99


 2180              	.LVL146:
 882:stm/stm32l4xx/STM32L4xx_HAL_Driver/Src/stm32l4xx_hal_tim_ex.c ****   {
 2181              		.loc 1 882 7 discriminator 8 view .LVU647
 2182 00c2 C0B2     		uxtb	r0, r0
 882:stm/stm32l4xx/STM32L4xx_HAL_Driver/Src/stm32l4xx_hal_tim_ex.c ****   {
 2183              		.loc 1 882 46 discriminator 8 view .LVU648
 2184 00c4 0228     		cmp	r0, #2
 2185 00c6 14BF     		ite	ne
 2186 00c8 0020     		movne	r0, #0
 2187 00ca 0120     		moveq	r0, #1
 2188 00cc A5E7     		b	.L156
 2189              	.LVL147:
 2190              	.L184:
 882:stm/stm32l4xx/STM32L4xx_HAL_Driver/Src/stm32l4xx_hal_tim_ex.c ****   {
 2191              		.loc 1 882 7 discriminator 4 view .LVU649
 2192 00ce 90F84500 		ldrb	r0, [r0, #69]	@ zero_extendqisi2
 2193              	.LVL148:
 882:stm/stm32l4xx/STM32L4xx_HAL_Driver/Src/stm32l4xx_hal_tim_ex.c ****   {
 2194              		.loc 1 882 7 discriminator 4 view .LVU650
 2195 00d2 C0B2     		uxtb	r0, r0
 882:stm/stm32l4xx/STM32L4xx_HAL_Driver/Src/stm32l4xx_hal_tim_ex.c ****   {
 2196              		.loc 1 882 46 discriminator 4 view .LVU651
 2197 00d4 0228     		cmp	r0, #2
 2198 00d6 14BF     		ite	ne
 2199 00d8 0020     		movne	r0, #0
 2200 00da 0120     		moveq	r0, #1
 2201 00dc 9DE7     		b	.L156
 2202              	.LVL149:
 2203              	.L185:
 882:stm/stm32l4xx/STM32L4xx_HAL_Driver/Src/stm32l4xx_hal_tim_ex.c ****   {
 2204              		.loc 1 882 7 discriminator 7 view .LVU652
 2205 00de 90F84600 		ldrb	r0, [r0, #70]	@ zero_extendqisi2
 2206              	.LVL150:
 882:stm/stm32l4xx/STM32L4xx_HAL_Driver/Src/stm32l4xx_hal_tim_ex.c ****   {
 2207              		.loc 1 882 7 discriminator 7 view .LVU653
 2208 00e2 C0B2     		uxtb	r0, r0
 882:stm/stm32l4xx/STM32L4xx_HAL_Driver/Src/stm32l4xx_hal_tim_ex.c ****   {
 2209              		.loc 1 882 46 discriminator 7 view .LVU654
 2210 00e4 0228     		cmp	r0, #2
 2211 00e6 14BF     		ite	ne
 2212 00e8 0020     		movne	r0, #0
 2213 00ea 0120     		moveq	r0, #1
 2214 00ec 95E7     		b	.L156
 2215              	.L160:
 886:stm/stm32l4xx/STM32L4xx_HAL_Driver/Src/stm32l4xx_hal_tim_ex.c ****   {
 2216              		.loc 1 886 51 discriminator 2 view .LVU655
 2217 00ee 042D     		cmp	r5, #4
 2218 00f0 09D0     		beq	.L186
 886:stm/stm32l4xx/STM32L4xx_HAL_Driver/Src/stm32l4xx_hal_tim_ex.c ****   {
 2219              		.loc 1 886 51 discriminator 5 view .LVU656
 2220 00f2 082D     		cmp	r5, #8
 2221 00f4 0FD0     		beq	.L187
 886:stm/stm32l4xx/STM32L4xx_HAL_Driver/Src/stm32l4xx_hal_tim_ex.c ****   {
 2222              		.loc 1 886 12 discriminator 8 view .LVU657
 2223 00f6 94F84720 		ldrb	r2, [r4, #71]	@ zero_extendqisi2
 2224              	.LVL151:
 886:stm/stm32l4xx/STM32L4xx_HAL_Driver/Src/stm32l4xx_hal_tim_ex.c ****   {
ARM GAS  /var/tmp//ccYgLLN5.s 			page 100


 2225              		.loc 1 886 12 discriminator 8 view .LVU658
 2226 00fa D2B2     		uxtb	r2, r2
 886:stm/stm32l4xx/STM32L4xx_HAL_Driver/Src/stm32l4xx_hal_tim_ex.c ****   {
 2227              		.loc 1 886 51 discriminator 8 view .LVU659
 2228 00fc 012A     		cmp	r2, #1
 2229 00fe 14BF     		ite	ne
 2230 0100 0022     		movne	r2, #0
 2231 0102 0122     		moveq	r2, #1
 2232 0104 95E7     		b	.L161
 2233              	.LVL152:
 2234              	.L186:
 886:stm/stm32l4xx/STM32L4xx_HAL_Driver/Src/stm32l4xx_hal_tim_ex.c ****   {
 2235              		.loc 1 886 12 discriminator 4 view .LVU660
 2236 0106 94F84520 		ldrb	r2, [r4, #69]	@ zero_extendqisi2
 2237              	.LVL153:
 886:stm/stm32l4xx/STM32L4xx_HAL_Driver/Src/stm32l4xx_hal_tim_ex.c ****   {
 2238              		.loc 1 886 12 discriminator 4 view .LVU661
 2239 010a D2B2     		uxtb	r2, r2
 886:stm/stm32l4xx/STM32L4xx_HAL_Driver/Src/stm32l4xx_hal_tim_ex.c ****   {
 2240              		.loc 1 886 51 discriminator 4 view .LVU662
 2241 010c 012A     		cmp	r2, #1
 2242 010e 14BF     		ite	ne
 2243 0110 0022     		movne	r2, #0
 2244 0112 0122     		moveq	r2, #1
 2245 0114 8DE7     		b	.L161
 2246              	.LVL154:
 2247              	.L187:
 886:stm/stm32l4xx/STM32L4xx_HAL_Driver/Src/stm32l4xx_hal_tim_ex.c ****   {
 2248              		.loc 1 886 12 discriminator 7 view .LVU663
 2249 0116 94F84620 		ldrb	r2, [r4, #70]	@ zero_extendqisi2
 2250              	.LVL155:
 886:stm/stm32l4xx/STM32L4xx_HAL_Driver/Src/stm32l4xx_hal_tim_ex.c ****   {
 2251              		.loc 1 886 12 discriminator 7 view .LVU664
 2252 011a D2B2     		uxtb	r2, r2
 886:stm/stm32l4xx/STM32L4xx_HAL_Driver/Src/stm32l4xx_hal_tim_ex.c ****   {
 2253              		.loc 1 886 51 discriminator 7 view .LVU665
 2254 011c 012A     		cmp	r2, #1
 2255 011e 14BF     		ite	ne
 2256 0120 0022     		movne	r2, #0
 2257 0122 0122     		moveq	r2, #1
 2258 0124 85E7     		b	.L161
 2259              	.L164:
 894:stm/stm32l4xx/STM32L4xx_HAL_Driver/Src/stm32l4xx_hal_tim_ex.c ****     }
 2260              		.loc 1 894 7 discriminator 2 view .LVU666
 2261 0126 042D     		cmp	r5, #4
 2262 0128 0CD0     		beq	.L188
 894:stm/stm32l4xx/STM32L4xx_HAL_Driver/Src/stm32l4xx_hal_tim_ex.c ****     }
 2263              		.loc 1 894 7 discriminator 4 view .LVU667
 2264 012a 082D     		cmp	r5, #8
 2265 012c 24D0     		beq	.L189
 894:stm/stm32l4xx/STM32L4xx_HAL_Driver/Src/stm32l4xx_hal_tim_ex.c ****     }
 2266              		.loc 1 894 7 discriminator 7 view .LVU668
 2267 012e 0222     		movs	r2, #2
 2268 0130 84F84720 		strb	r2, [r4, #71]
 902:stm/stm32l4xx/STM32L4xx_HAL_Driver/Src/stm32l4xx_hal_tim_ex.c ****   {
 2269              		.loc 1 902 3 is_stmt 1 discriminator 7 view .LVU669
 2270 0134 042D     		cmp	r5, #4
ARM GAS  /var/tmp//ccYgLLN5.s 			page 101


 2271 0136 08D0     		beq	.L167
 902:stm/stm32l4xx/STM32L4xx_HAL_Driver/Src/stm32l4xx_hal_tim_ex.c ****   {
 2272              		.loc 1 902 3 is_stmt 0 view .LVU670
 2273 0138 082D     		cmp	r5, #8
 2274 013a 20D0     		beq	.L169
 2275 013c 002D     		cmp	r5, #0
 2276 013e 86D0     		beq	.L165
 2277 0140 0120     		movs	r0, #1
 2278 0142 43E0     		b	.L159
 2279              	.L188:
 894:stm/stm32l4xx/STM32L4xx_HAL_Driver/Src/stm32l4xx_hal_tim_ex.c ****     }
 2280              		.loc 1 894 7 view .LVU671
 2281 0144 0222     		movs	r2, #2
 2282 0146 84F84520 		strb	r2, [r4, #69]
 902:stm/stm32l4xx/STM32L4xx_HAL_Driver/Src/stm32l4xx_hal_tim_ex.c ****   {
 2283              		.loc 1 902 3 is_stmt 1 view .LVU672
 2284              	.L167:
 928:stm/stm32l4xx/STM32L4xx_HAL_Driver/Src/stm32l4xx_hal_tim_ex.c ****       htim->hdma[TIM_DMA_ID_CC2]->XferHalfCpltCallback = TIM_DMADelayPulseHalfCplt;
 2285              		.loc 1 928 7 view .LVU673
 928:stm/stm32l4xx/STM32L4xx_HAL_Driver/Src/stm32l4xx_hal_tim_ex.c ****       htim->hdma[TIM_DMA_ID_CC2]->XferHalfCpltCallback = TIM_DMADelayPulseHalfCplt;
 2286              		.loc 1 928 17 is_stmt 0 view .LVU674
 2287 014a A26A     		ldr	r2, [r4, #40]
 928:stm/stm32l4xx/STM32L4xx_HAL_Driver/Src/stm32l4xx_hal_tim_ex.c ****       htim->hdma[TIM_DMA_ID_CC2]->XferHalfCpltCallback = TIM_DMADelayPulseHalfCplt;
 2288              		.loc 1 928 52 view .LVU675
 2289 014c 2749     		ldr	r1, .L190
 2290              	.LVL156:
 928:stm/stm32l4xx/STM32L4xx_HAL_Driver/Src/stm32l4xx_hal_tim_ex.c ****       htim->hdma[TIM_DMA_ID_CC2]->XferHalfCpltCallback = TIM_DMADelayPulseHalfCplt;
 2291              		.loc 1 928 52 view .LVU676
 2292 014e D162     		str	r1, [r2, #44]
 929:stm/stm32l4xx/STM32L4xx_HAL_Driver/Src/stm32l4xx_hal_tim_ex.c **** 
 2293              		.loc 1 929 7 is_stmt 1 view .LVU677
 929:stm/stm32l4xx/STM32L4xx_HAL_Driver/Src/stm32l4xx_hal_tim_ex.c **** 
 2294              		.loc 1 929 17 is_stmt 0 view .LVU678
 2295 0150 A26A     		ldr	r2, [r4, #40]
 929:stm/stm32l4xx/STM32L4xx_HAL_Driver/Src/stm32l4xx_hal_tim_ex.c **** 
 2296              		.loc 1 929 56 view .LVU679
 2297 0152 2749     		ldr	r1, .L190+4
 2298 0154 1163     		str	r1, [r2, #48]
 932:stm/stm32l4xx/STM32L4xx_HAL_Driver/Src/stm32l4xx_hal_tim_ex.c **** 
 2299              		.loc 1 932 7 is_stmt 1 view .LVU680
 932:stm/stm32l4xx/STM32L4xx_HAL_Driver/Src/stm32l4xx_hal_tim_ex.c **** 
 2300              		.loc 1 932 17 is_stmt 0 view .LVU681
 2301 0156 A26A     		ldr	r2, [r4, #40]
 932:stm/stm32l4xx/STM32L4xx_HAL_Driver/Src/stm32l4xx_hal_tim_ex.c **** 
 2302              		.loc 1 932 53 view .LVU682
 2303 0158 2649     		ldr	r1, .L190+8
 2304 015a 5163     		str	r1, [r2, #52]
 935:stm/stm32l4xx/STM32L4xx_HAL_Driver/Src/stm32l4xx_hal_tim_ex.c ****                            Length) != HAL_OK)
 2305              		.loc 1 935 7 is_stmt 1 view .LVU683
 935:stm/stm32l4xx/STM32L4xx_HAL_Driver/Src/stm32l4xx_hal_tim_ex.c ****                            Length) != HAL_OK)
 2306              		.loc 1 935 88 is_stmt 0 view .LVU684
 2307 015c 2268     		ldr	r2, [r4]
 935:stm/stm32l4xx/STM32L4xx_HAL_Driver/Src/stm32l4xx_hal_tim_ex.c ****                            Length) != HAL_OK)
 2308              		.loc 1 935 11 view .LVU685
 2309 015e 3832     		adds	r2, r2, #56
 2310 0160 3146     		mov	r1, r6
 2311 0162 A06A     		ldr	r0, [r4, #40]
ARM GAS  /var/tmp//ccYgLLN5.s 			page 102


 2312 0164 FFF7FEFF 		bl	HAL_DMA_Start_IT
 2313              	.LVL157:
 935:stm/stm32l4xx/STM32L4xx_HAL_Driver/Src/stm32l4xx_hal_tim_ex.c ****                            Length) != HAL_OK)
 2314              		.loc 1 935 10 view .LVU686
 2315 0168 0028     		cmp	r0, #0
 2316 016a 36D1     		bne	.L179
 942:stm/stm32l4xx/STM32L4xx_HAL_Driver/Src/stm32l4xx_hal_tim_ex.c ****       break;
 2317              		.loc 1 942 7 is_stmt 1 view .LVU687
 2318 016c 2268     		ldr	r2, [r4]
 2319 016e D368     		ldr	r3, [r2, #12]
 2320 0170 43F48063 		orr	r3, r3, #1024
 2321 0174 D360     		str	r3, [r2, #12]
 943:stm/stm32l4xx/STM32L4xx_HAL_Driver/Src/stm32l4xx_hal_tim_ex.c ****     }
 2322              		.loc 1 943 7 view .LVU688
 972:stm/stm32l4xx/STM32L4xx_HAL_Driver/Src/stm32l4xx_hal_tim_ex.c ****   {
 2323              		.loc 1 972 3 view .LVU689
 2324 0176 81E7     		b	.L170
 2325              	.LVL158:
 2326              	.L189:
 894:stm/stm32l4xx/STM32L4xx_HAL_Driver/Src/stm32l4xx_hal_tim_ex.c ****     }
 2327              		.loc 1 894 7 is_stmt 0 view .LVU690
 2328 0178 0222     		movs	r2, #2
 2329 017a 84F84620 		strb	r2, [r4, #70]
 902:stm/stm32l4xx/STM32L4xx_HAL_Driver/Src/stm32l4xx_hal_tim_ex.c ****   {
 2330              		.loc 1 902 3 is_stmt 1 view .LVU691
 2331              	.L169:
 949:stm/stm32l4xx/STM32L4xx_HAL_Driver/Src/stm32l4xx_hal_tim_ex.c ****       htim->hdma[TIM_DMA_ID_CC3]->XferHalfCpltCallback = TIM_DMADelayPulseHalfCplt;
 2332              		.loc 1 949 7 view .LVU692
 949:stm/stm32l4xx/STM32L4xx_HAL_Driver/Src/stm32l4xx_hal_tim_ex.c ****       htim->hdma[TIM_DMA_ID_CC3]->XferHalfCpltCallback = TIM_DMADelayPulseHalfCplt;
 2333              		.loc 1 949 17 is_stmt 0 view .LVU693
 2334 017e E26A     		ldr	r2, [r4, #44]
 949:stm/stm32l4xx/STM32L4xx_HAL_Driver/Src/stm32l4xx_hal_tim_ex.c ****       htim->hdma[TIM_DMA_ID_CC3]->XferHalfCpltCallback = TIM_DMADelayPulseHalfCplt;
 2335              		.loc 1 949 52 view .LVU694
 2336 0180 1A49     		ldr	r1, .L190
 2337              	.LVL159:
 949:stm/stm32l4xx/STM32L4xx_HAL_Driver/Src/stm32l4xx_hal_tim_ex.c ****       htim->hdma[TIM_DMA_ID_CC3]->XferHalfCpltCallback = TIM_DMADelayPulseHalfCplt;
 2338              		.loc 1 949 52 view .LVU695
 2339 0182 D162     		str	r1, [r2, #44]
 950:stm/stm32l4xx/STM32L4xx_HAL_Driver/Src/stm32l4xx_hal_tim_ex.c **** 
 2340              		.loc 1 950 7 is_stmt 1 view .LVU696
 950:stm/stm32l4xx/STM32L4xx_HAL_Driver/Src/stm32l4xx_hal_tim_ex.c **** 
 2341              		.loc 1 950 17 is_stmt 0 view .LVU697
 2342 0184 E26A     		ldr	r2, [r4, #44]
 950:stm/stm32l4xx/STM32L4xx_HAL_Driver/Src/stm32l4xx_hal_tim_ex.c **** 
 2343              		.loc 1 950 56 view .LVU698
 2344 0186 1A49     		ldr	r1, .L190+4
 2345 0188 1163     		str	r1, [r2, #48]
 953:stm/stm32l4xx/STM32L4xx_HAL_Driver/Src/stm32l4xx_hal_tim_ex.c **** 
 2346              		.loc 1 953 7 is_stmt 1 view .LVU699
 953:stm/stm32l4xx/STM32L4xx_HAL_Driver/Src/stm32l4xx_hal_tim_ex.c **** 
 2347              		.loc 1 953 17 is_stmt 0 view .LVU700
 2348 018a E26A     		ldr	r2, [r4, #44]
 953:stm/stm32l4xx/STM32L4xx_HAL_Driver/Src/stm32l4xx_hal_tim_ex.c **** 
 2349              		.loc 1 953 53 view .LVU701
 2350 018c 1949     		ldr	r1, .L190+8
 2351 018e 5163     		str	r1, [r2, #52]
 956:stm/stm32l4xx/STM32L4xx_HAL_Driver/Src/stm32l4xx_hal_tim_ex.c ****                            Length) != HAL_OK)
ARM GAS  /var/tmp//ccYgLLN5.s 			page 103


 2352              		.loc 1 956 7 is_stmt 1 view .LVU702
 956:stm/stm32l4xx/STM32L4xx_HAL_Driver/Src/stm32l4xx_hal_tim_ex.c ****                            Length) != HAL_OK)
 2353              		.loc 1 956 88 is_stmt 0 view .LVU703
 2354 0190 2268     		ldr	r2, [r4]
 956:stm/stm32l4xx/STM32L4xx_HAL_Driver/Src/stm32l4xx_hal_tim_ex.c ****                            Length) != HAL_OK)
 2355              		.loc 1 956 11 view .LVU704
 2356 0192 3C32     		adds	r2, r2, #60
 2357 0194 3146     		mov	r1, r6
 2358 0196 E06A     		ldr	r0, [r4, #44]
 2359 0198 FFF7FEFF 		bl	HAL_DMA_Start_IT
 2360              	.LVL160:
 956:stm/stm32l4xx/STM32L4xx_HAL_Driver/Src/stm32l4xx_hal_tim_ex.c ****                            Length) != HAL_OK)
 2361              		.loc 1 956 10 view .LVU705
 2362 019c F8B9     		cbnz	r0, .L180
 963:stm/stm32l4xx/STM32L4xx_HAL_Driver/Src/stm32l4xx_hal_tim_ex.c ****       break;
 2363              		.loc 1 963 7 is_stmt 1 view .LVU706
 2364 019e 2268     		ldr	r2, [r4]
 2365 01a0 D368     		ldr	r3, [r2, #12]
 2366 01a2 43F40063 		orr	r3, r3, #2048
 2367 01a6 D360     		str	r3, [r2, #12]
 964:stm/stm32l4xx/STM32L4xx_HAL_Driver/Src/stm32l4xx_hal_tim_ex.c ****     }
 2368              		.loc 1 964 7 view .LVU707
 972:stm/stm32l4xx/STM32L4xx_HAL_Driver/Src/stm32l4xx_hal_tim_ex.c ****   {
 2369              		.loc 1 972 3 view .LVU708
 2370 01a8 68E7     		b	.L170
 2371              	.L171:
 983:stm/stm32l4xx/STM32L4xx_HAL_Driver/Src/stm32l4xx_hal_tim_ex.c ****       if (!IS_TIM_SLAVEMODE_TRIGGER_ENABLED(tmpsmcr))
 2372              		.loc 1 983 7 view .LVU709
 983:stm/stm32l4xx/STM32L4xx_HAL_Driver/Src/stm32l4xx_hal_tim_ex.c ****       if (!IS_TIM_SLAVEMODE_TRIGGER_ENABLED(tmpsmcr))
 2373              		.loc 1 983 31 is_stmt 0 view .LVU710
 2374 01aa 9968     		ldr	r1, [r3, #8]
 983:stm/stm32l4xx/STM32L4xx_HAL_Driver/Src/stm32l4xx_hal_tim_ex.c ****       if (!IS_TIM_SLAVEMODE_TRIGGER_ENABLED(tmpsmcr))
 2375              		.loc 1 983 15 view .LVU711
 2376 01ac 134A     		ldr	r2, .L190+16
 2377 01ae 0A40     		ands	r2, r2, r1
 2378              	.LVL161:
 984:stm/stm32l4xx/STM32L4xx_HAL_Driver/Src/stm32l4xx_hal_tim_ex.c ****       {
 2379              		.loc 1 984 7 is_stmt 1 view .LVU712
 984:stm/stm32l4xx/STM32L4xx_HAL_Driver/Src/stm32l4xx_hal_tim_ex.c ****       {
 2380              		.loc 1 984 10 is_stmt 0 view .LVU713
 2381 01b0 062A     		cmp	r2, #6
 2382 01b2 16D0     		beq	.L181
 984:stm/stm32l4xx/STM32L4xx_HAL_Driver/Src/stm32l4xx_hal_tim_ex.c ****       {
 2383              		.loc 1 984 11 discriminator 1 view .LVU714
 2384 01b4 B2F5803F 		cmp	r2, #65536
 2385 01b8 15D0     		beq	.L182
 986:stm/stm32l4xx/STM32L4xx_HAL_Driver/Src/stm32l4xx_hal_tim_ex.c ****       }
 2386              		.loc 1 986 9 is_stmt 1 view .LVU715
 2387 01ba 1A68     		ldr	r2, [r3]
 2388              	.LVL162:
 986:stm/stm32l4xx/STM32L4xx_HAL_Driver/Src/stm32l4xx_hal_tim_ex.c ****       }
 2389              		.loc 1 986 9 is_stmt 0 view .LVU716
 2390 01bc 42F00102 		orr	r2, r2, #1
 2391 01c0 1A60     		str	r2, [r3]
 2392 01c2 0020     		movs	r0, #0
 2393 01c4 02E0     		b	.L159
 2394              	.LVL163:
ARM GAS  /var/tmp//ccYgLLN5.s 			page 104


 2395              	.L173:
 884:stm/stm32l4xx/STM32L4xx_HAL_Driver/Src/stm32l4xx_hal_tim_ex.c ****   }
 2396              		.loc 1 884 12 view .LVU717
 2397 01c6 0220     		movs	r0, #2
 2398 01c8 00E0     		b	.L159
 2399              	.LVL164:
 2400              	.L174:
 899:stm/stm32l4xx/STM32L4xx_HAL_Driver/Src/stm32l4xx_hal_tim_ex.c ****   }
 2401              		.loc 1 899 12 view .LVU718
 2402 01ca 0120     		movs	r0, #1
 2403              	.LVL165:
 2404              	.L159:
 997:stm/stm32l4xx/STM32L4xx_HAL_Driver/Src/stm32l4xx_hal_tim_ex.c **** 
 2405              		.loc 1 997 1 view .LVU719
 2406 01cc 70BD     		pop	{r4, r5, r6, pc}
 2407              	.LVL166:
 2408              	.L175:
 890:stm/stm32l4xx/STM32L4xx_HAL_Driver/Src/stm32l4xx_hal_tim_ex.c ****     }
 2409              		.loc 1 890 14 view .LVU720
 2410 01ce 0120     		movs	r0, #1
 2411 01d0 FCE7     		b	.L159
 2412              	.L176:
 2413 01d2 0120     		movs	r0, #1
 2414 01d4 FAE7     		b	.L159
 2415              	.LVL167:
 2416              	.L178:
 918:stm/stm32l4xx/STM32L4xx_HAL_Driver/Src/stm32l4xx_hal_tim_ex.c ****       }
 2417              		.loc 1 918 16 view .LVU721
 2418 01d6 0120     		movs	r0, #1
 2419 01d8 F8E7     		b	.L159
 2420              	.L179:
 939:stm/stm32l4xx/STM32L4xx_HAL_Driver/Src/stm32l4xx_hal_tim_ex.c ****       }
 2421              		.loc 1 939 16 view .LVU722
 2422 01da 0120     		movs	r0, #1
 2423 01dc F6E7     		b	.L159
 2424              	.L180:
 960:stm/stm32l4xx/STM32L4xx_HAL_Driver/Src/stm32l4xx_hal_tim_ex.c ****       }
 2425              		.loc 1 960 16 view .LVU723
 2426 01de 0120     		movs	r0, #1
 2427 01e0 F4E7     		b	.L159
 2428              	.LVL168:
 2429              	.L181:
 960:stm/stm32l4xx/STM32L4xx_HAL_Driver/Src/stm32l4xx_hal_tim_ex.c ****       }
 2430              		.loc 1 960 16 view .LVU724
 2431 01e2 0020     		movs	r0, #0
 2432 01e4 F2E7     		b	.L159
 2433              	.L182:
 2434 01e6 0020     		movs	r0, #0
 2435 01e8 F0E7     		b	.L159
 2436              	.L191:
 2437 01ea 00BF     		.align	2
 2438              	.L190:
 2439 01ec 00000000 		.word	TIM_DMADelayPulseNCplt
 2440 01f0 00000000 		.word	TIM_DMADelayPulseHalfCplt
 2441 01f4 00000000 		.word	TIM_DMAErrorCCxN
 2442 01f8 002C0140 		.word	1073818624
 2443 01fc 07000100 		.word	65543
ARM GAS  /var/tmp//ccYgLLN5.s 			page 105


 2444              		.cfi_endproc
 2445              	.LFE302:
 2447              		.section	.text.HAL_TIMEx_OCN_Stop_DMA,"ax",%progbits
 2448              		.align	1
 2449              		.global	HAL_TIMEx_OCN_Stop_DMA
 2450              		.syntax unified
 2451              		.thumb
 2452              		.thumb_func
 2454              	HAL_TIMEx_OCN_Stop_DMA:
 2455              	.LVL169:
 2456              	.LFB303:
1011:stm/stm32l4xx/STM32L4xx_HAL_Driver/Src/stm32l4xx_hal_tim_ex.c ****   HAL_StatusTypeDef status = HAL_OK;
 2457              		.loc 1 1011 1 is_stmt 1 view -0
 2458              		.cfi_startproc
 2459              		@ args = 0, pretend = 0, frame = 0
 2460              		@ frame_needed = 0, uses_anonymous_args = 0
1011:stm/stm32l4xx/STM32L4xx_HAL_Driver/Src/stm32l4xx_hal_tim_ex.c ****   HAL_StatusTypeDef status = HAL_OK;
 2461              		.loc 1 1011 1 is_stmt 0 view .LVU726
 2462 0000 38B5     		push	{r3, r4, r5, lr}
 2463              	.LCFI19:
 2464              		.cfi_def_cfa_offset 16
 2465              		.cfi_offset 3, -16
 2466              		.cfi_offset 4, -12
 2467              		.cfi_offset 5, -8
 2468              		.cfi_offset 14, -4
 2469 0002 0546     		mov	r5, r0
 2470 0004 0C46     		mov	r4, r1
1012:stm/stm32l4xx/STM32L4xx_HAL_Driver/Src/stm32l4xx_hal_tim_ex.c **** 
 2471              		.loc 1 1012 3 is_stmt 1 view .LVU727
 2472              	.LVL170:
1015:stm/stm32l4xx/STM32L4xx_HAL_Driver/Src/stm32l4xx_hal_tim_ex.c **** 
 2473              		.loc 1 1015 3 view .LVU728
1017:stm/stm32l4xx/STM32L4xx_HAL_Driver/Src/stm32l4xx_hal_tim_ex.c ****   {
 2474              		.loc 1 1017 3 view .LVU729
 2475 0006 0429     		cmp	r1, #4
 2476 0008 35D0     		beq	.L193
 2477 000a 0829     		cmp	r1, #8
 2478 000c 3CD0     		beq	.L194
 2479 000e 09B1     		cbz	r1, .L204
 2480 0010 0120     		movs	r0, #1
 2481              	.LVL171:
 2482              	.L195:
1064:stm/stm32l4xx/STM32L4xx_HAL_Driver/Src/stm32l4xx_hal_tim_ex.c **** }
 2483              		.loc 1 1064 3 view .LVU730
1065:stm/stm32l4xx/STM32L4xx_HAL_Driver/Src/stm32l4xx_hal_tim_ex.c **** 
 2484              		.loc 1 1065 1 is_stmt 0 view .LVU731
 2485 0012 38BD     		pop	{r3, r4, r5, pc}
 2486              	.LVL172:
 2487              	.L204:
1022:stm/stm32l4xx/STM32L4xx_HAL_Driver/Src/stm32l4xx_hal_tim_ex.c ****       (void)HAL_DMA_Abort_IT(htim->hdma[TIM_DMA_ID_CC1]);
 2488              		.loc 1 1022 7 is_stmt 1 view .LVU732
 2489 0014 0268     		ldr	r2, [r0]
 2490 0016 D368     		ldr	r3, [r2, #12]
 2491 0018 23F40073 		bic	r3, r3, #512
 2492 001c D360     		str	r3, [r2, #12]
1023:stm/stm32l4xx/STM32L4xx_HAL_Driver/Src/stm32l4xx_hal_tim_ex.c ****       break;
 2493              		.loc 1 1023 7 view .LVU733
ARM GAS  /var/tmp//ccYgLLN5.s 			page 106


1023:stm/stm32l4xx/STM32L4xx_HAL_Driver/Src/stm32l4xx_hal_tim_ex.c ****       break;
 2494              		.loc 1 1023 13 is_stmt 0 view .LVU734
 2495 001e 406A     		ldr	r0, [r0, #36]
 2496              	.LVL173:
1023:stm/stm32l4xx/STM32L4xx_HAL_Driver/Src/stm32l4xx_hal_tim_ex.c ****       break;
 2497              		.loc 1 1023 13 view .LVU735
 2498 0020 FFF7FEFF 		bl	HAL_DMA_Abort_IT
 2499              	.LVL174:
1024:stm/stm32l4xx/STM32L4xx_HAL_Driver/Src/stm32l4xx_hal_tim_ex.c ****     }
 2500              		.loc 1 1024 7 is_stmt 1 view .LVU736
1048:stm/stm32l4xx/STM32L4xx_HAL_Driver/Src/stm32l4xx_hal_tim_ex.c ****   {
 2501              		.loc 1 1048 3 view .LVU737
 2502              	.L196:
1051:stm/stm32l4xx/STM32L4xx_HAL_Driver/Src/stm32l4xx_hal_tim_ex.c **** 
 2503              		.loc 1 1051 5 view .LVU738
 2504 0024 0022     		movs	r2, #0
 2505 0026 2146     		mov	r1, r4
 2506 0028 2868     		ldr	r0, [r5]
 2507 002a FFF7FEFF 		bl	TIM_CCxNChannelCmd
 2508              	.LVL175:
1054:stm/stm32l4xx/STM32L4xx_HAL_Driver/Src/stm32l4xx_hal_tim_ex.c **** 
 2509              		.loc 1 1054 5 view .LVU739
1054:stm/stm32l4xx/STM32L4xx_HAL_Driver/Src/stm32l4xx_hal_tim_ex.c **** 
 2510              		.loc 1 1054 5 view .LVU740
 2511 002e 2B68     		ldr	r3, [r5]
 2512 0030 196A     		ldr	r1, [r3, #32]
 2513 0032 41F21112 		movw	r2, #4369
 2514 0036 1142     		tst	r1, r2
 2515 0038 08D1     		bne	.L197
1054:stm/stm32l4xx/STM32L4xx_HAL_Driver/Src/stm32l4xx_hal_tim_ex.c **** 
 2516              		.loc 1 1054 5 discriminator 1 view .LVU741
 2517 003a 196A     		ldr	r1, [r3, #32]
 2518 003c 40F24442 		movw	r2, #1092
 2519 0040 1142     		tst	r1, r2
 2520 0042 03D1     		bne	.L197
1054:stm/stm32l4xx/STM32L4xx_HAL_Driver/Src/stm32l4xx_hal_tim_ex.c **** 
 2521              		.loc 1 1054 5 discriminator 3 view .LVU742
 2522 0044 5A6C     		ldr	r2, [r3, #68]
 2523 0046 22F40042 		bic	r2, r2, #32768
 2524 004a 5A64     		str	r2, [r3, #68]
 2525              	.L197:
1054:stm/stm32l4xx/STM32L4xx_HAL_Driver/Src/stm32l4xx_hal_tim_ex.c **** 
 2526              		.loc 1 1054 5 discriminator 5 view .LVU743
1057:stm/stm32l4xx/STM32L4xx_HAL_Driver/Src/stm32l4xx_hal_tim_ex.c **** 
 2527              		.loc 1 1057 5 discriminator 5 view .LVU744
1057:stm/stm32l4xx/STM32L4xx_HAL_Driver/Src/stm32l4xx_hal_tim_ex.c **** 
 2528              		.loc 1 1057 5 discriminator 5 view .LVU745
 2529 004c 2B68     		ldr	r3, [r5]
 2530 004e 196A     		ldr	r1, [r3, #32]
 2531 0050 41F21112 		movw	r2, #4369
 2532 0054 1142     		tst	r1, r2
 2533 0056 08D1     		bne	.L198
1057:stm/stm32l4xx/STM32L4xx_HAL_Driver/Src/stm32l4xx_hal_tim_ex.c **** 
 2534              		.loc 1 1057 5 discriminator 1 view .LVU746
 2535 0058 196A     		ldr	r1, [r3, #32]
 2536 005a 40F24442 		movw	r2, #1092
 2537 005e 1142     		tst	r1, r2
ARM GAS  /var/tmp//ccYgLLN5.s 			page 107


 2538 0060 03D1     		bne	.L198
1057:stm/stm32l4xx/STM32L4xx_HAL_Driver/Src/stm32l4xx_hal_tim_ex.c **** 
 2539              		.loc 1 1057 5 discriminator 3 view .LVU747
 2540 0062 1A68     		ldr	r2, [r3]
 2541 0064 22F00102 		bic	r2, r2, #1
 2542 0068 1A60     		str	r2, [r3]
 2543              	.L198:
1057:stm/stm32l4xx/STM32L4xx_HAL_Driver/Src/stm32l4xx_hal_tim_ex.c **** 
 2544              		.loc 1 1057 5 discriminator 5 view .LVU748
1060:stm/stm32l4xx/STM32L4xx_HAL_Driver/Src/stm32l4xx_hal_tim_ex.c ****   }
 2545              		.loc 1 1060 5 discriminator 5 view .LVU749
 2546 006a B4B9     		cbnz	r4, .L199
1060:stm/stm32l4xx/STM32L4xx_HAL_Driver/Src/stm32l4xx_hal_tim_ex.c ****   }
 2547              		.loc 1 1060 5 is_stmt 0 discriminator 1 view .LVU750
 2548 006c 0123     		movs	r3, #1
 2549 006e 85F84430 		strb	r3, [r5, #68]
 2550 0072 0020     		movs	r0, #0
 2551 0074 CDE7     		b	.L195
 2552              	.LVL176:
 2553              	.L193:
1030:stm/stm32l4xx/STM32L4xx_HAL_Driver/Src/stm32l4xx_hal_tim_ex.c ****       (void)HAL_DMA_Abort_IT(htim->hdma[TIM_DMA_ID_CC2]);
 2554              		.loc 1 1030 7 is_stmt 1 view .LVU751
 2555 0076 0268     		ldr	r2, [r0]
 2556 0078 D368     		ldr	r3, [r2, #12]
 2557 007a 23F48063 		bic	r3, r3, #1024
 2558 007e D360     		str	r3, [r2, #12]
1031:stm/stm32l4xx/STM32L4xx_HAL_Driver/Src/stm32l4xx_hal_tim_ex.c ****       break;
 2559              		.loc 1 1031 7 view .LVU752
1031:stm/stm32l4xx/STM32L4xx_HAL_Driver/Src/stm32l4xx_hal_tim_ex.c ****       break;
 2560              		.loc 1 1031 13 is_stmt 0 view .LVU753
 2561 0080 806A     		ldr	r0, [r0, #40]
 2562              	.LVL177:
1031:stm/stm32l4xx/STM32L4xx_HAL_Driver/Src/stm32l4xx_hal_tim_ex.c ****       break;
 2563              		.loc 1 1031 13 view .LVU754
 2564 0082 FFF7FEFF 		bl	HAL_DMA_Abort_IT
 2565              	.LVL178:
1032:stm/stm32l4xx/STM32L4xx_HAL_Driver/Src/stm32l4xx_hal_tim_ex.c ****     }
 2566              		.loc 1 1032 7 is_stmt 1 view .LVU755
1048:stm/stm32l4xx/STM32L4xx_HAL_Driver/Src/stm32l4xx_hal_tim_ex.c ****   {
 2567              		.loc 1 1048 3 view .LVU756
 2568 0086 CDE7     		b	.L196
 2569              	.LVL179:
 2570              	.L194:
1038:stm/stm32l4xx/STM32L4xx_HAL_Driver/Src/stm32l4xx_hal_tim_ex.c ****       (void)HAL_DMA_Abort_IT(htim->hdma[TIM_DMA_ID_CC3]);
 2571              		.loc 1 1038 7 view .LVU757
 2572 0088 0268     		ldr	r2, [r0]
 2573 008a D368     		ldr	r3, [r2, #12]
 2574 008c 23F40063 		bic	r3, r3, #2048
 2575 0090 D360     		str	r3, [r2, #12]
1039:stm/stm32l4xx/STM32L4xx_HAL_Driver/Src/stm32l4xx_hal_tim_ex.c ****       break;
 2576              		.loc 1 1039 7 view .LVU758
1039:stm/stm32l4xx/STM32L4xx_HAL_Driver/Src/stm32l4xx_hal_tim_ex.c ****       break;
 2577              		.loc 1 1039 13 is_stmt 0 view .LVU759
 2578 0092 C06A     		ldr	r0, [r0, #44]
 2579              	.LVL180:
1039:stm/stm32l4xx/STM32L4xx_HAL_Driver/Src/stm32l4xx_hal_tim_ex.c ****       break;
 2580              		.loc 1 1039 13 view .LVU760
ARM GAS  /var/tmp//ccYgLLN5.s 			page 108


 2581 0094 FFF7FEFF 		bl	HAL_DMA_Abort_IT
 2582              	.LVL181:
1040:stm/stm32l4xx/STM32L4xx_HAL_Driver/Src/stm32l4xx_hal_tim_ex.c ****     }
 2583              		.loc 1 1040 7 is_stmt 1 view .LVU761
1048:stm/stm32l4xx/STM32L4xx_HAL_Driver/Src/stm32l4xx_hal_tim_ex.c ****   {
 2584              		.loc 1 1048 3 view .LVU762
 2585 0098 C4E7     		b	.L196
 2586              	.L199:
1060:stm/stm32l4xx/STM32L4xx_HAL_Driver/Src/stm32l4xx_hal_tim_ex.c ****   }
 2587              		.loc 1 1060 5 is_stmt 0 discriminator 2 view .LVU763
 2588 009a 042C     		cmp	r4, #4
 2589 009c 06D0     		beq	.L205
1060:stm/stm32l4xx/STM32L4xx_HAL_Driver/Src/stm32l4xx_hal_tim_ex.c ****   }
 2590              		.loc 1 1060 5 discriminator 4 view .LVU764
 2591 009e 082C     		cmp	r4, #8
 2592 00a0 09D0     		beq	.L206
1060:stm/stm32l4xx/STM32L4xx_HAL_Driver/Src/stm32l4xx_hal_tim_ex.c ****   }
 2593              		.loc 1 1060 5 discriminator 7 view .LVU765
 2594 00a2 0123     		movs	r3, #1
 2595 00a4 85F84730 		strb	r3, [r5, #71]
 2596 00a8 0020     		movs	r0, #0
 2597 00aa B2E7     		b	.L195
 2598              	.L205:
1060:stm/stm32l4xx/STM32L4xx_HAL_Driver/Src/stm32l4xx_hal_tim_ex.c ****   }
 2599              		.loc 1 1060 5 discriminator 3 view .LVU766
 2600 00ac 0123     		movs	r3, #1
 2601 00ae 85F84530 		strb	r3, [r5, #69]
 2602 00b2 0020     		movs	r0, #0
 2603 00b4 ADE7     		b	.L195
 2604              	.L206:
1060:stm/stm32l4xx/STM32L4xx_HAL_Driver/Src/stm32l4xx_hal_tim_ex.c ****   }
 2605              		.loc 1 1060 5 discriminator 6 view .LVU767
 2606 00b6 0123     		movs	r3, #1
 2607 00b8 85F84630 		strb	r3, [r5, #70]
 2608 00bc 0020     		movs	r0, #0
 2609 00be A8E7     		b	.L195
 2610              		.cfi_endproc
 2611              	.LFE303:
 2613              		.section	.text.HAL_TIMEx_PWMN_Start,"ax",%progbits
 2614              		.align	1
 2615              		.global	HAL_TIMEx_PWMN_Start
 2616              		.syntax unified
 2617              		.thumb
 2618              		.thumb_func
 2620              	HAL_TIMEx_PWMN_Start:
 2621              	.LVL182:
 2622              	.LFB304:
1101:stm/stm32l4xx/STM32L4xx_HAL_Driver/Src/stm32l4xx_hal_tim_ex.c ****   uint32_t tmpsmcr;
 2623              		.loc 1 1101 1 is_stmt 1 view -0
 2624              		.cfi_startproc
 2625              		@ args = 0, pretend = 0, frame = 0
 2626              		@ frame_needed = 0, uses_anonymous_args = 0
1101:stm/stm32l4xx/STM32L4xx_HAL_Driver/Src/stm32l4xx_hal_tim_ex.c ****   uint32_t tmpsmcr;
 2627              		.loc 1 1101 1 is_stmt 0 view .LVU769
 2628 0000 10B5     		push	{r4, lr}
 2629              	.LCFI20:
 2630              		.cfi_def_cfa_offset 8
ARM GAS  /var/tmp//ccYgLLN5.s 			page 109


 2631              		.cfi_offset 4, -8
 2632              		.cfi_offset 14, -4
 2633 0002 0446     		mov	r4, r0
1102:stm/stm32l4xx/STM32L4xx_HAL_Driver/Src/stm32l4xx_hal_tim_ex.c **** 
 2634              		.loc 1 1102 3 is_stmt 1 view .LVU770
1105:stm/stm32l4xx/STM32L4xx_HAL_Driver/Src/stm32l4xx_hal_tim_ex.c **** 
 2635              		.loc 1 1105 3 view .LVU771
1108:stm/stm32l4xx/STM32L4xx_HAL_Driver/Src/stm32l4xx_hal_tim_ex.c ****   {
 2636              		.loc 1 1108 3 view .LVU772
1108:stm/stm32l4xx/STM32L4xx_HAL_Driver/Src/stm32l4xx_hal_tim_ex.c ****   {
 2637              		.loc 1 1108 46 is_stmt 0 view .LVU773
 2638 0004 0846     		mov	r0, r1
 2639              	.LVL183:
1108:stm/stm32l4xx/STM32L4xx_HAL_Driver/Src/stm32l4xx_hal_tim_ex.c ****   {
 2640              		.loc 1 1108 46 view .LVU774
 2641 0006 39BB     		cbnz	r1, .L208
1108:stm/stm32l4xx/STM32L4xx_HAL_Driver/Src/stm32l4xx_hal_tim_ex.c ****   {
 2642              		.loc 1 1108 7 discriminator 1 view .LVU775
 2643 0008 94F84430 		ldrb	r3, [r4, #68]	@ zero_extendqisi2
 2644 000c DBB2     		uxtb	r3, r3
1108:stm/stm32l4xx/STM32L4xx_HAL_Driver/Src/stm32l4xx_hal_tim_ex.c ****   {
 2645              		.loc 1 1108 46 discriminator 1 view .LVU776
 2646 000e 013B     		subs	r3, r3, #1
 2647 0010 18BF     		it	ne
 2648 0012 0123     		movne	r3, #1
 2649              	.L209:
1108:stm/stm32l4xx/STM32L4xx_HAL_Driver/Src/stm32l4xx_hal_tim_ex.c ****   {
 2650              		.loc 1 1108 6 discriminator 12 view .LVU777
 2651 0014 002B     		cmp	r3, #0
 2652 0016 56D1     		bne	.L219
1114:stm/stm32l4xx/STM32L4xx_HAL_Driver/Src/stm32l4xx_hal_tim_ex.c **** 
 2653              		.loc 1 1114 3 is_stmt 1 view .LVU778
 2654 0018 0028     		cmp	r0, #0
 2655 001a 36D1     		bne	.L213
1114:stm/stm32l4xx/STM32L4xx_HAL_Driver/Src/stm32l4xx_hal_tim_ex.c **** 
 2656              		.loc 1 1114 3 is_stmt 0 discriminator 1 view .LVU779
 2657 001c 0223     		movs	r3, #2
 2658 001e 84F84430 		strb	r3, [r4, #68]
 2659              	.L214:
1117:stm/stm32l4xx/STM32L4xx_HAL_Driver/Src/stm32l4xx_hal_tim_ex.c **** 
 2660              		.loc 1 1117 3 is_stmt 1 view .LVU780
 2661 0022 0422     		movs	r2, #4
 2662 0024 0146     		mov	r1, r0
 2663              	.LVL184:
1117:stm/stm32l4xx/STM32L4xx_HAL_Driver/Src/stm32l4xx_hal_tim_ex.c **** 
 2664              		.loc 1 1117 3 is_stmt 0 view .LVU781
 2665 0026 2068     		ldr	r0, [r4]
 2666              	.LVL185:
1117:stm/stm32l4xx/STM32L4xx_HAL_Driver/Src/stm32l4xx_hal_tim_ex.c **** 
 2667              		.loc 1 1117 3 view .LVU782
 2668 0028 FFF7FEFF 		bl	TIM_CCxNChannelCmd
 2669              	.LVL186:
1120:stm/stm32l4xx/STM32L4xx_HAL_Driver/Src/stm32l4xx_hal_tim_ex.c **** 
 2670              		.loc 1 1120 3 is_stmt 1 view .LVU783
 2671 002c 2268     		ldr	r2, [r4]
 2672 002e 536C     		ldr	r3, [r2, #68]
 2673 0030 43F40043 		orr	r3, r3, #32768
ARM GAS  /var/tmp//ccYgLLN5.s 			page 110


 2674 0034 5364     		str	r3, [r2, #68]
1123:stm/stm32l4xx/STM32L4xx_HAL_Driver/Src/stm32l4xx_hal_tim_ex.c ****   {
 2675              		.loc 1 1123 3 view .LVU784
1123:stm/stm32l4xx/STM32L4xx_HAL_Driver/Src/stm32l4xx_hal_tim_ex.c ****   {
 2676              		.loc 1 1123 7 is_stmt 0 view .LVU785
 2677 0036 2368     		ldr	r3, [r4]
1123:stm/stm32l4xx/STM32L4xx_HAL_Driver/Src/stm32l4xx_hal_tim_ex.c ****   {
 2678              		.loc 1 1123 6 view .LVU786
 2679 0038 264A     		ldr	r2, .L227
 2680 003a 9342     		cmp	r3, r2
 2681 003c 35D0     		beq	.L217
1123:stm/stm32l4xx/STM32L4xx_HAL_Driver/Src/stm32l4xx_hal_tim_ex.c ****   {
 2682              		.loc 1 1123 7 discriminator 1 view .LVU787
 2683 003e B3F1804F 		cmp	r3, #1073741824
 2684 0042 32D0     		beq	.L217
1123:stm/stm32l4xx/STM32L4xx_HAL_Driver/Src/stm32l4xx_hal_tim_ex.c ****   {
 2685              		.loc 1 1123 7 discriminator 2 view .LVU788
 2686 0044 02F5A052 		add	r2, r2, #5120
 2687 0048 9342     		cmp	r3, r2
 2688 004a 2ED0     		beq	.L217
1133:stm/stm32l4xx/STM32L4xx_HAL_Driver/Src/stm32l4xx_hal_tim_ex.c ****   }
 2689              		.loc 1 1133 5 is_stmt 1 view .LVU789
 2690 004c 1A68     		ldr	r2, [r3]
 2691 004e 42F00102 		orr	r2, r2, #1
 2692 0052 1A60     		str	r2, [r3]
1137:stm/stm32l4xx/STM32L4xx_HAL_Driver/Src/stm32l4xx_hal_tim_ex.c **** }
 2693              		.loc 1 1137 10 is_stmt 0 view .LVU790
 2694 0054 0020     		movs	r0, #0
 2695 0056 37E0     		b	.L212
 2696              	.LVL187:
 2697              	.L208:
1108:stm/stm32l4xx/STM32L4xx_HAL_Driver/Src/stm32l4xx_hal_tim_ex.c ****   {
 2698              		.loc 1 1108 46 discriminator 2 view .LVU791
 2699 0058 0429     		cmp	r1, #4
 2700 005a 08D0     		beq	.L223
1108:stm/stm32l4xx/STM32L4xx_HAL_Driver/Src/stm32l4xx_hal_tim_ex.c ****   {
 2701              		.loc 1 1108 46 discriminator 5 view .LVU792
 2702 005c 0829     		cmp	r1, #8
 2703 005e 0DD0     		beq	.L224
1108:stm/stm32l4xx/STM32L4xx_HAL_Driver/Src/stm32l4xx_hal_tim_ex.c ****   {
 2704              		.loc 1 1108 7 discriminator 8 view .LVU793
 2705 0060 94F84730 		ldrb	r3, [r4, #71]	@ zero_extendqisi2
 2706 0064 DBB2     		uxtb	r3, r3
1108:stm/stm32l4xx/STM32L4xx_HAL_Driver/Src/stm32l4xx_hal_tim_ex.c ****   {
 2707              		.loc 1 1108 46 discriminator 8 view .LVU794
 2708 0066 013B     		subs	r3, r3, #1
 2709 0068 18BF     		it	ne
 2710 006a 0123     		movne	r3, #1
 2711 006c D2E7     		b	.L209
 2712              	.L223:
1108:stm/stm32l4xx/STM32L4xx_HAL_Driver/Src/stm32l4xx_hal_tim_ex.c ****   {
 2713              		.loc 1 1108 7 discriminator 4 view .LVU795
 2714 006e 94F84530 		ldrb	r3, [r4, #69]	@ zero_extendqisi2
 2715 0072 DBB2     		uxtb	r3, r3
1108:stm/stm32l4xx/STM32L4xx_HAL_Driver/Src/stm32l4xx_hal_tim_ex.c ****   {
 2716              		.loc 1 1108 46 discriminator 4 view .LVU796
 2717 0074 013B     		subs	r3, r3, #1
ARM GAS  /var/tmp//ccYgLLN5.s 			page 111


 2718 0076 18BF     		it	ne
 2719 0078 0123     		movne	r3, #1
 2720 007a CBE7     		b	.L209
 2721              	.L224:
1108:stm/stm32l4xx/STM32L4xx_HAL_Driver/Src/stm32l4xx_hal_tim_ex.c ****   {
 2722              		.loc 1 1108 7 discriminator 7 view .LVU797
 2723 007c 94F84630 		ldrb	r3, [r4, #70]	@ zero_extendqisi2
 2724 0080 DBB2     		uxtb	r3, r3
1108:stm/stm32l4xx/STM32L4xx_HAL_Driver/Src/stm32l4xx_hal_tim_ex.c ****   {
 2725              		.loc 1 1108 46 discriminator 7 view .LVU798
 2726 0082 013B     		subs	r3, r3, #1
 2727 0084 18BF     		it	ne
 2728 0086 0123     		movne	r3, #1
 2729 0088 C4E7     		b	.L209
 2730              	.L213:
1114:stm/stm32l4xx/STM32L4xx_HAL_Driver/Src/stm32l4xx_hal_tim_ex.c **** 
 2731              		.loc 1 1114 3 discriminator 2 view .LVU799
 2732 008a 0428     		cmp	r0, #4
 2733 008c 05D0     		beq	.L225
1114:stm/stm32l4xx/STM32L4xx_HAL_Driver/Src/stm32l4xx_hal_tim_ex.c **** 
 2734              		.loc 1 1114 3 discriminator 4 view .LVU800
 2735 008e 0828     		cmp	r0, #8
 2736 0090 07D0     		beq	.L226
1114:stm/stm32l4xx/STM32L4xx_HAL_Driver/Src/stm32l4xx_hal_tim_ex.c **** 
 2737              		.loc 1 1114 3 discriminator 7 view .LVU801
 2738 0092 0223     		movs	r3, #2
 2739 0094 84F84730 		strb	r3, [r4, #71]
 2740 0098 C3E7     		b	.L214
 2741              	.L225:
1114:stm/stm32l4xx/STM32L4xx_HAL_Driver/Src/stm32l4xx_hal_tim_ex.c **** 
 2742              		.loc 1 1114 3 discriminator 3 view .LVU802
 2743 009a 0223     		movs	r3, #2
 2744 009c 84F84530 		strb	r3, [r4, #69]
 2745 00a0 BFE7     		b	.L214
 2746              	.L226:
1114:stm/stm32l4xx/STM32L4xx_HAL_Driver/Src/stm32l4xx_hal_tim_ex.c **** 
 2747              		.loc 1 1114 3 discriminator 6 view .LVU803
 2748 00a2 0223     		movs	r3, #2
 2749 00a4 84F84630 		strb	r3, [r4, #70]
 2750 00a8 BBE7     		b	.L214
 2751              	.LVL188:
 2752              	.L217:
1125:stm/stm32l4xx/STM32L4xx_HAL_Driver/Src/stm32l4xx_hal_tim_ex.c ****     if (!IS_TIM_SLAVEMODE_TRIGGER_ENABLED(tmpsmcr))
 2753              		.loc 1 1125 5 is_stmt 1 view .LVU804
1125:stm/stm32l4xx/STM32L4xx_HAL_Driver/Src/stm32l4xx_hal_tim_ex.c ****     if (!IS_TIM_SLAVEMODE_TRIGGER_ENABLED(tmpsmcr))
 2754              		.loc 1 1125 29 is_stmt 0 view .LVU805
 2755 00aa 9968     		ldr	r1, [r3, #8]
1125:stm/stm32l4xx/STM32L4xx_HAL_Driver/Src/stm32l4xx_hal_tim_ex.c ****     if (!IS_TIM_SLAVEMODE_TRIGGER_ENABLED(tmpsmcr))
 2756              		.loc 1 1125 13 view .LVU806
 2757 00ac 0A4A     		ldr	r2, .L227+4
 2758 00ae 0A40     		ands	r2, r2, r1
 2759              	.LVL189:
1126:stm/stm32l4xx/STM32L4xx_HAL_Driver/Src/stm32l4xx_hal_tim_ex.c ****     {
 2760              		.loc 1 1126 5 is_stmt 1 view .LVU807
1126:stm/stm32l4xx/STM32L4xx_HAL_Driver/Src/stm32l4xx_hal_tim_ex.c ****     {
 2761              		.loc 1 1126 8 is_stmt 0 view .LVU808
 2762 00b0 062A     		cmp	r2, #6
ARM GAS  /var/tmp//ccYgLLN5.s 			page 112


 2763 00b2 0AD0     		beq	.L220
1126:stm/stm32l4xx/STM32L4xx_HAL_Driver/Src/stm32l4xx_hal_tim_ex.c ****     {
 2764              		.loc 1 1126 9 discriminator 1 view .LVU809
 2765 00b4 B2F5803F 		cmp	r2, #65536
 2766 00b8 09D0     		beq	.L221
1128:stm/stm32l4xx/STM32L4xx_HAL_Driver/Src/stm32l4xx_hal_tim_ex.c ****     }
 2767              		.loc 1 1128 7 is_stmt 1 view .LVU810
 2768 00ba 1A68     		ldr	r2, [r3]
 2769              	.LVL190:
1128:stm/stm32l4xx/STM32L4xx_HAL_Driver/Src/stm32l4xx_hal_tim_ex.c ****     }
 2770              		.loc 1 1128 7 is_stmt 0 view .LVU811
 2771 00bc 42F00102 		orr	r2, r2, #1
 2772 00c0 1A60     		str	r2, [r3]
1137:stm/stm32l4xx/STM32L4xx_HAL_Driver/Src/stm32l4xx_hal_tim_ex.c **** }
 2773              		.loc 1 1137 10 view .LVU812
 2774 00c2 0020     		movs	r0, #0
 2775 00c4 00E0     		b	.L212
 2776              	.LVL191:
 2777              	.L219:
1110:stm/stm32l4xx/STM32L4xx_HAL_Driver/Src/stm32l4xx_hal_tim_ex.c ****   }
 2778              		.loc 1 1110 12 view .LVU813
 2779 00c6 0120     		movs	r0, #1
 2780              	.LVL192:
 2781              	.L212:
1138:stm/stm32l4xx/STM32L4xx_HAL_Driver/Src/stm32l4xx_hal_tim_ex.c **** 
 2782              		.loc 1 1138 1 view .LVU814
 2783 00c8 10BD     		pop	{r4, pc}
 2784              	.LVL193:
 2785              	.L220:
1137:stm/stm32l4xx/STM32L4xx_HAL_Driver/Src/stm32l4xx_hal_tim_ex.c **** }
 2786              		.loc 1 1137 10 view .LVU815
 2787 00ca 0020     		movs	r0, #0
 2788 00cc FCE7     		b	.L212
 2789              	.L221:
 2790 00ce 0020     		movs	r0, #0
 2791 00d0 FAE7     		b	.L212
 2792              	.L228:
 2793 00d2 00BF     		.align	2
 2794              	.L227:
 2795 00d4 002C0140 		.word	1073818624
 2796 00d8 07000100 		.word	65543
 2797              		.cfi_endproc
 2798              	.LFE304:
 2800              		.section	.text.HAL_TIMEx_PWMN_Stop,"ax",%progbits
 2801              		.align	1
 2802              		.global	HAL_TIMEx_PWMN_Stop
 2803              		.syntax unified
 2804              		.thumb
 2805              		.thumb_func
 2807              	HAL_TIMEx_PWMN_Stop:
 2808              	.LVL194:
 2809              	.LFB305:
1151:stm/stm32l4xx/STM32L4xx_HAL_Driver/Src/stm32l4xx_hal_tim_ex.c ****   /* Check the parameters */
 2810              		.loc 1 1151 1 is_stmt 1 view -0
 2811              		.cfi_startproc
 2812              		@ args = 0, pretend = 0, frame = 0
 2813              		@ frame_needed = 0, uses_anonymous_args = 0
ARM GAS  /var/tmp//ccYgLLN5.s 			page 113


1151:stm/stm32l4xx/STM32L4xx_HAL_Driver/Src/stm32l4xx_hal_tim_ex.c ****   /* Check the parameters */
 2814              		.loc 1 1151 1 is_stmt 0 view .LVU817
 2815 0000 38B5     		push	{r3, r4, r5, lr}
 2816              	.LCFI21:
 2817              		.cfi_def_cfa_offset 16
 2818              		.cfi_offset 3, -16
 2819              		.cfi_offset 4, -12
 2820              		.cfi_offset 5, -8
 2821              		.cfi_offset 14, -4
 2822 0002 0446     		mov	r4, r0
 2823 0004 0D46     		mov	r5, r1
1153:stm/stm32l4xx/STM32L4xx_HAL_Driver/Src/stm32l4xx_hal_tim_ex.c **** 
 2824              		.loc 1 1153 3 is_stmt 1 view .LVU818
1156:stm/stm32l4xx/STM32L4xx_HAL_Driver/Src/stm32l4xx_hal_tim_ex.c **** 
 2825              		.loc 1 1156 3 view .LVU819
 2826 0006 0022     		movs	r2, #0
 2827 0008 0068     		ldr	r0, [r0]
 2828              	.LVL195:
1156:stm/stm32l4xx/STM32L4xx_HAL_Driver/Src/stm32l4xx_hal_tim_ex.c **** 
 2829              		.loc 1 1156 3 is_stmt 0 view .LVU820
 2830 000a FFF7FEFF 		bl	TIM_CCxNChannelCmd
 2831              	.LVL196:
1159:stm/stm32l4xx/STM32L4xx_HAL_Driver/Src/stm32l4xx_hal_tim_ex.c **** 
 2832              		.loc 1 1159 3 is_stmt 1 view .LVU821
1159:stm/stm32l4xx/STM32L4xx_HAL_Driver/Src/stm32l4xx_hal_tim_ex.c **** 
 2833              		.loc 1 1159 3 view .LVU822
 2834 000e 2368     		ldr	r3, [r4]
 2835 0010 196A     		ldr	r1, [r3, #32]
 2836 0012 41F21112 		movw	r2, #4369
 2837 0016 1142     		tst	r1, r2
 2838 0018 08D1     		bne	.L230
1159:stm/stm32l4xx/STM32L4xx_HAL_Driver/Src/stm32l4xx_hal_tim_ex.c **** 
 2839              		.loc 1 1159 3 discriminator 1 view .LVU823
 2840 001a 196A     		ldr	r1, [r3, #32]
 2841 001c 40F24442 		movw	r2, #1092
 2842 0020 1142     		tst	r1, r2
 2843 0022 03D1     		bne	.L230
1159:stm/stm32l4xx/STM32L4xx_HAL_Driver/Src/stm32l4xx_hal_tim_ex.c **** 
 2844              		.loc 1 1159 3 discriminator 3 view .LVU824
 2845 0024 5A6C     		ldr	r2, [r3, #68]
 2846 0026 22F40042 		bic	r2, r2, #32768
 2847 002a 5A64     		str	r2, [r3, #68]
 2848              	.L230:
1159:stm/stm32l4xx/STM32L4xx_HAL_Driver/Src/stm32l4xx_hal_tim_ex.c **** 
 2849              		.loc 1 1159 3 discriminator 5 view .LVU825
1162:stm/stm32l4xx/STM32L4xx_HAL_Driver/Src/stm32l4xx_hal_tim_ex.c **** 
 2850              		.loc 1 1162 3 discriminator 5 view .LVU826
1162:stm/stm32l4xx/STM32L4xx_HAL_Driver/Src/stm32l4xx_hal_tim_ex.c **** 
 2851              		.loc 1 1162 3 discriminator 5 view .LVU827
 2852 002c 2368     		ldr	r3, [r4]
 2853 002e 196A     		ldr	r1, [r3, #32]
 2854 0030 41F21112 		movw	r2, #4369
 2855 0034 1142     		tst	r1, r2
 2856 0036 08D1     		bne	.L231
1162:stm/stm32l4xx/STM32L4xx_HAL_Driver/Src/stm32l4xx_hal_tim_ex.c **** 
 2857              		.loc 1 1162 3 discriminator 1 view .LVU828
 2858 0038 196A     		ldr	r1, [r3, #32]
ARM GAS  /var/tmp//ccYgLLN5.s 			page 114


 2859 003a 40F24442 		movw	r2, #1092
 2860 003e 1142     		tst	r1, r2
 2861 0040 03D1     		bne	.L231
1162:stm/stm32l4xx/STM32L4xx_HAL_Driver/Src/stm32l4xx_hal_tim_ex.c **** 
 2862              		.loc 1 1162 3 discriminator 3 view .LVU829
 2863 0042 1A68     		ldr	r2, [r3]
 2864 0044 22F00102 		bic	r2, r2, #1
 2865 0048 1A60     		str	r2, [r3]
 2866              	.L231:
1162:stm/stm32l4xx/STM32L4xx_HAL_Driver/Src/stm32l4xx_hal_tim_ex.c **** 
 2867              		.loc 1 1162 3 discriminator 5 view .LVU830
1165:stm/stm32l4xx/STM32L4xx_HAL_Driver/Src/stm32l4xx_hal_tim_ex.c **** 
 2868              		.loc 1 1165 3 discriminator 5 view .LVU831
 2869 004a 25B9     		cbnz	r5, .L232
1165:stm/stm32l4xx/STM32L4xx_HAL_Driver/Src/stm32l4xx_hal_tim_ex.c **** 
 2870              		.loc 1 1165 3 is_stmt 0 discriminator 1 view .LVU832
 2871 004c 0123     		movs	r3, #1
 2872 004e 84F84430 		strb	r3, [r4, #68]
 2873              	.L233:
1168:stm/stm32l4xx/STM32L4xx_HAL_Driver/Src/stm32l4xx_hal_tim_ex.c **** }
 2874              		.loc 1 1168 3 is_stmt 1 view .LVU833
1169:stm/stm32l4xx/STM32L4xx_HAL_Driver/Src/stm32l4xx_hal_tim_ex.c **** 
 2875              		.loc 1 1169 1 is_stmt 0 view .LVU834
 2876 0052 0020     		movs	r0, #0
 2877 0054 38BD     		pop	{r3, r4, r5, pc}
 2878              	.LVL197:
 2879              	.L232:
1165:stm/stm32l4xx/STM32L4xx_HAL_Driver/Src/stm32l4xx_hal_tim_ex.c **** 
 2880              		.loc 1 1165 3 discriminator 2 view .LVU835
 2881 0056 042D     		cmp	r5, #4
 2882 0058 05D0     		beq	.L237
1165:stm/stm32l4xx/STM32L4xx_HAL_Driver/Src/stm32l4xx_hal_tim_ex.c **** 
 2883              		.loc 1 1165 3 discriminator 4 view .LVU836
 2884 005a 082D     		cmp	r5, #8
 2885 005c 07D0     		beq	.L238
1165:stm/stm32l4xx/STM32L4xx_HAL_Driver/Src/stm32l4xx_hal_tim_ex.c **** 
 2886              		.loc 1 1165 3 discriminator 7 view .LVU837
 2887 005e 0123     		movs	r3, #1
 2888 0060 84F84730 		strb	r3, [r4, #71]
 2889 0064 F5E7     		b	.L233
 2890              	.L237:
1165:stm/stm32l4xx/STM32L4xx_HAL_Driver/Src/stm32l4xx_hal_tim_ex.c **** 
 2891              		.loc 1 1165 3 discriminator 3 view .LVU838
 2892 0066 0123     		movs	r3, #1
 2893 0068 84F84530 		strb	r3, [r4, #69]
 2894 006c F1E7     		b	.L233
 2895              	.L238:
1165:stm/stm32l4xx/STM32L4xx_HAL_Driver/Src/stm32l4xx_hal_tim_ex.c **** 
 2896              		.loc 1 1165 3 discriminator 6 view .LVU839
 2897 006e 0123     		movs	r3, #1
 2898 0070 84F84630 		strb	r3, [r4, #70]
 2899 0074 EDE7     		b	.L233
 2900              		.cfi_endproc
 2901              	.LFE305:
 2903              		.section	.text.HAL_TIMEx_PWMN_Start_IT,"ax",%progbits
 2904              		.align	1
 2905              		.global	HAL_TIMEx_PWMN_Start_IT
ARM GAS  /var/tmp//ccYgLLN5.s 			page 115


 2906              		.syntax unified
 2907              		.thumb
 2908              		.thumb_func
 2910              	HAL_TIMEx_PWMN_Start_IT:
 2911              	.LVL198:
 2912              	.LFB306:
1183:stm/stm32l4xx/STM32L4xx_HAL_Driver/Src/stm32l4xx_hal_tim_ex.c ****   HAL_StatusTypeDef status = HAL_OK;
 2913              		.loc 1 1183 1 is_stmt 1 view -0
 2914              		.cfi_startproc
 2915              		@ args = 0, pretend = 0, frame = 0
 2916              		@ frame_needed = 0, uses_anonymous_args = 0
1183:stm/stm32l4xx/STM32L4xx_HAL_Driver/Src/stm32l4xx_hal_tim_ex.c ****   HAL_StatusTypeDef status = HAL_OK;
 2917              		.loc 1 1183 1 is_stmt 0 view .LVU841
 2918 0000 10B5     		push	{r4, lr}
 2919              	.LCFI22:
 2920              		.cfi_def_cfa_offset 8
 2921              		.cfi_offset 4, -8
 2922              		.cfi_offset 14, -4
 2923 0002 0446     		mov	r4, r0
1184:stm/stm32l4xx/STM32L4xx_HAL_Driver/Src/stm32l4xx_hal_tim_ex.c ****   uint32_t tmpsmcr;
 2924              		.loc 1 1184 3 is_stmt 1 view .LVU842
 2925              	.LVL199:
1185:stm/stm32l4xx/STM32L4xx_HAL_Driver/Src/stm32l4xx_hal_tim_ex.c **** 
 2926              		.loc 1 1185 3 view .LVU843
1188:stm/stm32l4xx/STM32L4xx_HAL_Driver/Src/stm32l4xx_hal_tim_ex.c **** 
 2927              		.loc 1 1188 3 view .LVU844
1191:stm/stm32l4xx/STM32L4xx_HAL_Driver/Src/stm32l4xx_hal_tim_ex.c ****   {
 2928              		.loc 1 1191 3 view .LVU845
1191:stm/stm32l4xx/STM32L4xx_HAL_Driver/Src/stm32l4xx_hal_tim_ex.c ****   {
 2929              		.loc 1 1191 46 is_stmt 0 view .LVU846
 2930 0004 0846     		mov	r0, r1
 2931              	.LVL200:
1191:stm/stm32l4xx/STM32L4xx_HAL_Driver/Src/stm32l4xx_hal_tim_ex.c ****   {
 2932              		.loc 1 1191 46 view .LVU847
 2933 0006 0029     		cmp	r1, #0
 2934 0008 31D1     		bne	.L240
1191:stm/stm32l4xx/STM32L4xx_HAL_Driver/Src/stm32l4xx_hal_tim_ex.c ****   {
 2935              		.loc 1 1191 7 discriminator 1 view .LVU848
 2936 000a 94F84430 		ldrb	r3, [r4, #68]	@ zero_extendqisi2
 2937 000e DBB2     		uxtb	r3, r3
1191:stm/stm32l4xx/STM32L4xx_HAL_Driver/Src/stm32l4xx_hal_tim_ex.c ****   {
 2938              		.loc 1 1191 46 discriminator 1 view .LVU849
 2939 0010 013B     		subs	r3, r3, #1
 2940 0012 18BF     		it	ne
 2941 0014 0123     		movne	r3, #1
 2942              	.L241:
1191:stm/stm32l4xx/STM32L4xx_HAL_Driver/Src/stm32l4xx_hal_tim_ex.c ****   {
 2943              		.loc 1 1191 6 discriminator 12 view .LVU850
 2944 0016 002B     		cmp	r3, #0
 2945 0018 71D1     		bne	.L254
1197:stm/stm32l4xx/STM32L4xx_HAL_Driver/Src/stm32l4xx_hal_tim_ex.c **** 
 2946              		.loc 1 1197 3 is_stmt 1 view .LVU851
 2947 001a 0028     		cmp	r0, #0
 2948 001c 40D1     		bne	.L245
 2949 001e 0223     		movs	r3, #2
 2950 0020 84F84430 		strb	r3, [r4, #68]
1199:stm/stm32l4xx/STM32L4xx_HAL_Driver/Src/stm32l4xx_hal_tim_ex.c ****   {
ARM GAS  /var/tmp//ccYgLLN5.s 			page 116


 2951              		.loc 1 1199 3 view .LVU852
 2952              	.L246:
1204:stm/stm32l4xx/STM32L4xx_HAL_Driver/Src/stm32l4xx_hal_tim_ex.c ****       break;
 2953              		.loc 1 1204 7 view .LVU853
 2954 0024 2268     		ldr	r2, [r4]
 2955 0026 D368     		ldr	r3, [r2, #12]
 2956 0028 43F00203 		orr	r3, r3, #2
 2957 002c D360     		str	r3, [r2, #12]
1205:stm/stm32l4xx/STM32L4xx_HAL_Driver/Src/stm32l4xx_hal_tim_ex.c ****     }
 2958              		.loc 1 1205 7 view .LVU854
1227:stm/stm32l4xx/STM32L4xx_HAL_Driver/Src/stm32l4xx_hal_tim_ex.c ****   {
 2959              		.loc 1 1227 3 view .LVU855
 2960              	.L251:
1230:stm/stm32l4xx/STM32L4xx_HAL_Driver/Src/stm32l4xx_hal_tim_ex.c **** 
 2961              		.loc 1 1230 5 view .LVU856
 2962 002e 2268     		ldr	r2, [r4]
 2963 0030 D368     		ldr	r3, [r2, #12]
 2964 0032 43F08003 		orr	r3, r3, #128
 2965 0036 D360     		str	r3, [r2, #12]
1233:stm/stm32l4xx/STM32L4xx_HAL_Driver/Src/stm32l4xx_hal_tim_ex.c **** 
 2966              		.loc 1 1233 5 view .LVU857
 2967 0038 0422     		movs	r2, #4
 2968 003a 0146     		mov	r1, r0
 2969              	.LVL201:
1233:stm/stm32l4xx/STM32L4xx_HAL_Driver/Src/stm32l4xx_hal_tim_ex.c **** 
 2970              		.loc 1 1233 5 is_stmt 0 view .LVU858
 2971 003c 2068     		ldr	r0, [r4]
 2972              	.LVL202:
1233:stm/stm32l4xx/STM32L4xx_HAL_Driver/Src/stm32l4xx_hal_tim_ex.c **** 
 2973              		.loc 1 1233 5 view .LVU859
 2974 003e FFF7FEFF 		bl	TIM_CCxNChannelCmd
 2975              	.LVL203:
1236:stm/stm32l4xx/STM32L4xx_HAL_Driver/Src/stm32l4xx_hal_tim_ex.c **** 
 2976              		.loc 1 1236 5 is_stmt 1 view .LVU860
 2977 0042 2268     		ldr	r2, [r4]
 2978 0044 536C     		ldr	r3, [r2, #68]
 2979 0046 43F40043 		orr	r3, r3, #32768
 2980 004a 5364     		str	r3, [r2, #68]
1239:stm/stm32l4xx/STM32L4xx_HAL_Driver/Src/stm32l4xx_hal_tim_ex.c ****     {
 2981              		.loc 1 1239 5 view .LVU861
1239:stm/stm32l4xx/STM32L4xx_HAL_Driver/Src/stm32l4xx_hal_tim_ex.c ****     {
 2982              		.loc 1 1239 9 is_stmt 0 view .LVU862
 2983 004c 2368     		ldr	r3, [r4]
1239:stm/stm32l4xx/STM32L4xx_HAL_Driver/Src/stm32l4xx_hal_tim_ex.c ****     {
 2984              		.loc 1 1239 8 view .LVU863
 2985 004e 2F4A     		ldr	r2, .L263
 2986 0050 9342     		cmp	r3, r2
 2987 0052 46D0     		beq	.L252
1239:stm/stm32l4xx/STM32L4xx_HAL_Driver/Src/stm32l4xx_hal_tim_ex.c ****     {
 2988              		.loc 1 1239 9 discriminator 1 view .LVU864
 2989 0054 B3F1804F 		cmp	r3, #1073741824
 2990 0058 43D0     		beq	.L252
1239:stm/stm32l4xx/STM32L4xx_HAL_Driver/Src/stm32l4xx_hal_tim_ex.c ****     {
 2991              		.loc 1 1239 9 discriminator 2 view .LVU865
 2992 005a 02F5A052 		add	r2, r2, #5120
 2993 005e 9342     		cmp	r3, r2
 2994 0060 3FD0     		beq	.L252
ARM GAS  /var/tmp//ccYgLLN5.s 			page 117


1249:stm/stm32l4xx/STM32L4xx_HAL_Driver/Src/stm32l4xx_hal_tim_ex.c ****     }
 2995              		.loc 1 1249 7 is_stmt 1 view .LVU866
 2996 0062 1A68     		ldr	r2, [r3]
 2997 0064 42F00102 		orr	r2, r2, #1
 2998 0068 1A60     		str	r2, [r3]
 2999 006a 0020     		movs	r0, #0
 3000 006c 48E0     		b	.L244
 3001              	.LVL204:
 3002              	.L240:
1191:stm/stm32l4xx/STM32L4xx_HAL_Driver/Src/stm32l4xx_hal_tim_ex.c ****   {
 3003              		.loc 1 1191 46 is_stmt 0 discriminator 2 view .LVU867
 3004 006e 0429     		cmp	r1, #4
 3005 0070 08D0     		beq	.L259
1191:stm/stm32l4xx/STM32L4xx_HAL_Driver/Src/stm32l4xx_hal_tim_ex.c ****   {
 3006              		.loc 1 1191 46 discriminator 5 view .LVU868
 3007 0072 0829     		cmp	r1, #8
 3008 0074 0DD0     		beq	.L260
1191:stm/stm32l4xx/STM32L4xx_HAL_Driver/Src/stm32l4xx_hal_tim_ex.c ****   {
 3009              		.loc 1 1191 7 discriminator 8 view .LVU869
 3010 0076 94F84730 		ldrb	r3, [r4, #71]	@ zero_extendqisi2
 3011 007a DBB2     		uxtb	r3, r3
1191:stm/stm32l4xx/STM32L4xx_HAL_Driver/Src/stm32l4xx_hal_tim_ex.c ****   {
 3012              		.loc 1 1191 46 discriminator 8 view .LVU870
 3013 007c 013B     		subs	r3, r3, #1
 3014 007e 18BF     		it	ne
 3015 0080 0123     		movne	r3, #1
 3016 0082 C8E7     		b	.L241
 3017              	.L259:
1191:stm/stm32l4xx/STM32L4xx_HAL_Driver/Src/stm32l4xx_hal_tim_ex.c ****   {
 3018              		.loc 1 1191 7 discriminator 4 view .LVU871
 3019 0084 94F84530 		ldrb	r3, [r4, #69]	@ zero_extendqisi2
 3020 0088 DBB2     		uxtb	r3, r3
1191:stm/stm32l4xx/STM32L4xx_HAL_Driver/Src/stm32l4xx_hal_tim_ex.c ****   {
 3021              		.loc 1 1191 46 discriminator 4 view .LVU872
 3022 008a 013B     		subs	r3, r3, #1
 3023 008c 18BF     		it	ne
 3024 008e 0123     		movne	r3, #1
 3025 0090 C1E7     		b	.L241
 3026              	.L260:
1191:stm/stm32l4xx/STM32L4xx_HAL_Driver/Src/stm32l4xx_hal_tim_ex.c ****   {
 3027              		.loc 1 1191 7 discriminator 7 view .LVU873
 3028 0092 94F84630 		ldrb	r3, [r4, #70]	@ zero_extendqisi2
 3029 0096 DBB2     		uxtb	r3, r3
1191:stm/stm32l4xx/STM32L4xx_HAL_Driver/Src/stm32l4xx_hal_tim_ex.c ****   {
 3030              		.loc 1 1191 46 discriminator 7 view .LVU874
 3031 0098 013B     		subs	r3, r3, #1
 3032 009a 18BF     		it	ne
 3033 009c 0123     		movne	r3, #1
 3034 009e BAE7     		b	.L241
 3035              	.L245:
1197:stm/stm32l4xx/STM32L4xx_HAL_Driver/Src/stm32l4xx_hal_tim_ex.c **** 
 3036              		.loc 1 1197 3 discriminator 2 view .LVU875
 3037 00a0 0428     		cmp	r0, #4
 3038 00a2 0CD0     		beq	.L261
1197:stm/stm32l4xx/STM32L4xx_HAL_Driver/Src/stm32l4xx_hal_tim_ex.c **** 
 3039              		.loc 1 1197 3 discriminator 4 view .LVU876
 3040 00a4 0828     		cmp	r0, #8
ARM GAS  /var/tmp//ccYgLLN5.s 			page 118


 3041 00a6 13D0     		beq	.L262
1197:stm/stm32l4xx/STM32L4xx_HAL_Driver/Src/stm32l4xx_hal_tim_ex.c **** 
 3042              		.loc 1 1197 3 discriminator 7 view .LVU877
 3043 00a8 0223     		movs	r3, #2
 3044 00aa 84F84730 		strb	r3, [r4, #71]
1199:stm/stm32l4xx/STM32L4xx_HAL_Driver/Src/stm32l4xx_hal_tim_ex.c ****   {
 3045              		.loc 1 1199 3 is_stmt 1 discriminator 7 view .LVU878
 3046 00ae 0428     		cmp	r0, #4
 3047 00b0 08D0     		beq	.L248
1199:stm/stm32l4xx/STM32L4xx_HAL_Driver/Src/stm32l4xx_hal_tim_ex.c ****   {
 3048              		.loc 1 1199 3 is_stmt 0 view .LVU879
 3049 00b2 0828     		cmp	r0, #8
 3050 00b4 0FD0     		beq	.L250
 3051 00b6 0028     		cmp	r0, #0
 3052 00b8 B4D0     		beq	.L246
 3053 00ba 0120     		movs	r0, #1
 3054              	.LVL205:
1199:stm/stm32l4xx/STM32L4xx_HAL_Driver/Src/stm32l4xx_hal_tim_ex.c ****   {
 3055              		.loc 1 1199 3 view .LVU880
 3056 00bc 20E0     		b	.L244
 3057              	.LVL206:
 3058              	.L261:
1197:stm/stm32l4xx/STM32L4xx_HAL_Driver/Src/stm32l4xx_hal_tim_ex.c **** 
 3059              		.loc 1 1197 3 view .LVU881
 3060 00be 0223     		movs	r3, #2
 3061 00c0 84F84530 		strb	r3, [r4, #69]
1199:stm/stm32l4xx/STM32L4xx_HAL_Driver/Src/stm32l4xx_hal_tim_ex.c ****   {
 3062              		.loc 1 1199 3 is_stmt 1 view .LVU882
 3063              	.L248:
1211:stm/stm32l4xx/STM32L4xx_HAL_Driver/Src/stm32l4xx_hal_tim_ex.c ****       break;
 3064              		.loc 1 1211 7 view .LVU883
 3065 00c4 2268     		ldr	r2, [r4]
 3066 00c6 D368     		ldr	r3, [r2, #12]
 3067 00c8 43F00403 		orr	r3, r3, #4
 3068 00cc D360     		str	r3, [r2, #12]
1212:stm/stm32l4xx/STM32L4xx_HAL_Driver/Src/stm32l4xx_hal_tim_ex.c ****     }
 3069              		.loc 1 1212 7 view .LVU884
1227:stm/stm32l4xx/STM32L4xx_HAL_Driver/Src/stm32l4xx_hal_tim_ex.c ****   {
 3070              		.loc 1 1227 3 view .LVU885
 3071 00ce AEE7     		b	.L251
 3072              	.L262:
1197:stm/stm32l4xx/STM32L4xx_HAL_Driver/Src/stm32l4xx_hal_tim_ex.c **** 
 3073              		.loc 1 1197 3 is_stmt 0 view .LVU886
 3074 00d0 0223     		movs	r3, #2
 3075 00d2 84F84630 		strb	r3, [r4, #70]
1199:stm/stm32l4xx/STM32L4xx_HAL_Driver/Src/stm32l4xx_hal_tim_ex.c ****   {
 3076              		.loc 1 1199 3 is_stmt 1 view .LVU887
 3077              	.L250:
1218:stm/stm32l4xx/STM32L4xx_HAL_Driver/Src/stm32l4xx_hal_tim_ex.c ****       break;
 3078              		.loc 1 1218 7 view .LVU888
 3079 00d6 2268     		ldr	r2, [r4]
 3080 00d8 D368     		ldr	r3, [r2, #12]
 3081 00da 43F00803 		orr	r3, r3, #8
 3082 00de D360     		str	r3, [r2, #12]
1219:stm/stm32l4xx/STM32L4xx_HAL_Driver/Src/stm32l4xx_hal_tim_ex.c ****     }
 3083              		.loc 1 1219 7 view .LVU889
1227:stm/stm32l4xx/STM32L4xx_HAL_Driver/Src/stm32l4xx_hal_tim_ex.c ****   {
ARM GAS  /var/tmp//ccYgLLN5.s 			page 119


 3084              		.loc 1 1227 3 view .LVU890
 3085 00e0 A5E7     		b	.L251
 3086              	.LVL207:
 3087              	.L252:
1241:stm/stm32l4xx/STM32L4xx_HAL_Driver/Src/stm32l4xx_hal_tim_ex.c ****       if (!IS_TIM_SLAVEMODE_TRIGGER_ENABLED(tmpsmcr))
 3088              		.loc 1 1241 7 view .LVU891
1241:stm/stm32l4xx/STM32L4xx_HAL_Driver/Src/stm32l4xx_hal_tim_ex.c ****       if (!IS_TIM_SLAVEMODE_TRIGGER_ENABLED(tmpsmcr))
 3089              		.loc 1 1241 31 is_stmt 0 view .LVU892
 3090 00e2 9968     		ldr	r1, [r3, #8]
1241:stm/stm32l4xx/STM32L4xx_HAL_Driver/Src/stm32l4xx_hal_tim_ex.c ****       if (!IS_TIM_SLAVEMODE_TRIGGER_ENABLED(tmpsmcr))
 3091              		.loc 1 1241 15 view .LVU893
 3092 00e4 0A4A     		ldr	r2, .L263+4
 3093 00e6 0A40     		ands	r2, r2, r1
 3094              	.LVL208:
1242:stm/stm32l4xx/STM32L4xx_HAL_Driver/Src/stm32l4xx_hal_tim_ex.c ****       {
 3095              		.loc 1 1242 7 is_stmt 1 view .LVU894
1242:stm/stm32l4xx/STM32L4xx_HAL_Driver/Src/stm32l4xx_hal_tim_ex.c ****       {
 3096              		.loc 1 1242 10 is_stmt 0 view .LVU895
 3097 00e8 062A     		cmp	r2, #6
 3098 00ea 0AD0     		beq	.L256
1242:stm/stm32l4xx/STM32L4xx_HAL_Driver/Src/stm32l4xx_hal_tim_ex.c ****       {
 3099              		.loc 1 1242 11 discriminator 1 view .LVU896
 3100 00ec B2F5803F 		cmp	r2, #65536
 3101 00f0 09D0     		beq	.L257
1244:stm/stm32l4xx/STM32L4xx_HAL_Driver/Src/stm32l4xx_hal_tim_ex.c ****       }
 3102              		.loc 1 1244 9 is_stmt 1 view .LVU897
 3103 00f2 1A68     		ldr	r2, [r3]
 3104              	.LVL209:
1244:stm/stm32l4xx/STM32L4xx_HAL_Driver/Src/stm32l4xx_hal_tim_ex.c ****       }
 3105              		.loc 1 1244 9 is_stmt 0 view .LVU898
 3106 00f4 42F00102 		orr	r2, r2, #1
 3107 00f8 1A60     		str	r2, [r3]
 3108 00fa 0020     		movs	r0, #0
 3109 00fc 00E0     		b	.L244
 3110              	.LVL210:
 3111              	.L254:
1193:stm/stm32l4xx/STM32L4xx_HAL_Driver/Src/stm32l4xx_hal_tim_ex.c ****   }
 3112              		.loc 1 1193 12 view .LVU899
 3113 00fe 0120     		movs	r0, #1
 3114              	.LVL211:
 3115              	.L244:
1255:stm/stm32l4xx/STM32L4xx_HAL_Driver/Src/stm32l4xx_hal_tim_ex.c **** 
 3116              		.loc 1 1255 1 view .LVU900
 3117 0100 10BD     		pop	{r4, pc}
 3118              	.LVL212:
 3119              	.L256:
1255:stm/stm32l4xx/STM32L4xx_HAL_Driver/Src/stm32l4xx_hal_tim_ex.c **** 
 3120              		.loc 1 1255 1 view .LVU901
 3121 0102 0020     		movs	r0, #0
 3122 0104 FCE7     		b	.L244
 3123              	.L257:
 3124 0106 0020     		movs	r0, #0
 3125 0108 FAE7     		b	.L244
 3126              	.L264:
 3127 010a 00BF     		.align	2
 3128              	.L263:
 3129 010c 002C0140 		.word	1073818624
ARM GAS  /var/tmp//ccYgLLN5.s 			page 120


 3130 0110 07000100 		.word	65543
 3131              		.cfi_endproc
 3132              	.LFE306:
 3134              		.section	.text.HAL_TIMEx_PWMN_Stop_IT,"ax",%progbits
 3135              		.align	1
 3136              		.global	HAL_TIMEx_PWMN_Stop_IT
 3137              		.syntax unified
 3138              		.thumb
 3139              		.thumb_func
 3141              	HAL_TIMEx_PWMN_Stop_IT:
 3142              	.LVL213:
 3143              	.LFB307:
1269:stm/stm32l4xx/STM32L4xx_HAL_Driver/Src/stm32l4xx_hal_tim_ex.c ****   HAL_StatusTypeDef status = HAL_OK;
 3144              		.loc 1 1269 1 is_stmt 1 view -0
 3145              		.cfi_startproc
 3146              		@ args = 0, pretend = 0, frame = 0
 3147              		@ frame_needed = 0, uses_anonymous_args = 0
1269:stm/stm32l4xx/STM32L4xx_HAL_Driver/Src/stm32l4xx_hal_tim_ex.c ****   HAL_StatusTypeDef status = HAL_OK;
 3148              		.loc 1 1269 1 is_stmt 0 view .LVU903
 3149 0000 38B5     		push	{r3, r4, r5, lr}
 3150              	.LCFI23:
 3151              		.cfi_def_cfa_offset 16
 3152              		.cfi_offset 3, -16
 3153              		.cfi_offset 4, -12
 3154              		.cfi_offset 5, -8
 3155              		.cfi_offset 14, -4
 3156 0002 0546     		mov	r5, r0
 3157 0004 0C46     		mov	r4, r1
1270:stm/stm32l4xx/STM32L4xx_HAL_Driver/Src/stm32l4xx_hal_tim_ex.c ****   uint32_t tmpccer;
 3158              		.loc 1 1270 3 is_stmt 1 view .LVU904
 3159              	.LVL214:
1271:stm/stm32l4xx/STM32L4xx_HAL_Driver/Src/stm32l4xx_hal_tim_ex.c **** 
 3160              		.loc 1 1271 3 view .LVU905
1274:stm/stm32l4xx/STM32L4xx_HAL_Driver/Src/stm32l4xx_hal_tim_ex.c **** 
 3161              		.loc 1 1274 3 view .LVU906
1276:stm/stm32l4xx/STM32L4xx_HAL_Driver/Src/stm32l4xx_hal_tim_ex.c ****   {
 3162              		.loc 1 1276 3 view .LVU907
 3163 0006 0429     		cmp	r1, #4
 3164 0008 3CD0     		beq	.L266
 3165 000a 0829     		cmp	r1, #8
 3166 000c 40D0     		beq	.L267
 3167 000e 09B1     		cbz	r1, .L278
 3168 0010 0120     		movs	r0, #1
 3169              	.LVL215:
 3170              	.L268:
1327:stm/stm32l4xx/STM32L4xx_HAL_Driver/Src/stm32l4xx_hal_tim_ex.c **** }
 3171              		.loc 1 1327 3 view .LVU908
1328:stm/stm32l4xx/STM32L4xx_HAL_Driver/Src/stm32l4xx_hal_tim_ex.c **** 
 3172              		.loc 1 1328 1 is_stmt 0 view .LVU909
 3173 0012 38BD     		pop	{r3, r4, r5, pc}
 3174              	.LVL216:
 3175              	.L278:
1281:stm/stm32l4xx/STM32L4xx_HAL_Driver/Src/stm32l4xx_hal_tim_ex.c ****       break;
 3176              		.loc 1 1281 7 is_stmt 1 view .LVU910
 3177 0014 0268     		ldr	r2, [r0]
 3178 0016 D368     		ldr	r3, [r2, #12]
 3179 0018 23F00203 		bic	r3, r3, #2
ARM GAS  /var/tmp//ccYgLLN5.s 			page 121


 3180 001c D360     		str	r3, [r2, #12]
1282:stm/stm32l4xx/STM32L4xx_HAL_Driver/Src/stm32l4xx_hal_tim_ex.c ****     }
 3181              		.loc 1 1282 7 view .LVU911
1304:stm/stm32l4xx/STM32L4xx_HAL_Driver/Src/stm32l4xx_hal_tim_ex.c ****   {
 3182              		.loc 1 1304 3 view .LVU912
 3183              	.L269:
1307:stm/stm32l4xx/STM32L4xx_HAL_Driver/Src/stm32l4xx_hal_tim_ex.c **** 
 3184              		.loc 1 1307 5 view .LVU913
 3185 001e 0022     		movs	r2, #0
 3186 0020 2146     		mov	r1, r4
 3187              	.LVL217:
1307:stm/stm32l4xx/STM32L4xx_HAL_Driver/Src/stm32l4xx_hal_tim_ex.c **** 
 3188              		.loc 1 1307 5 is_stmt 0 view .LVU914
 3189 0022 2868     		ldr	r0, [r5]
 3190              	.LVL218:
1307:stm/stm32l4xx/STM32L4xx_HAL_Driver/Src/stm32l4xx_hal_tim_ex.c **** 
 3191              		.loc 1 1307 5 view .LVU915
 3192 0024 FFF7FEFF 		bl	TIM_CCxNChannelCmd
 3193              	.LVL219:
1310:stm/stm32l4xx/STM32L4xx_HAL_Driver/Src/stm32l4xx_hal_tim_ex.c ****     if ((tmpccer & TIM_CCER_CCxNE_MASK) == (uint32_t)RESET)
 3194              		.loc 1 1310 5 is_stmt 1 view .LVU916
1310:stm/stm32l4xx/STM32L4xx_HAL_Driver/Src/stm32l4xx_hal_tim_ex.c ****     if ((tmpccer & TIM_CCER_CCxNE_MASK) == (uint32_t)RESET)
 3195              		.loc 1 1310 19 is_stmt 0 view .LVU917
 3196 0028 2B68     		ldr	r3, [r5]
1310:stm/stm32l4xx/STM32L4xx_HAL_Driver/Src/stm32l4xx_hal_tim_ex.c ****     if ((tmpccer & TIM_CCER_CCxNE_MASK) == (uint32_t)RESET)
 3197              		.loc 1 1310 13 view .LVU918
 3198 002a 196A     		ldr	r1, [r3, #32]
 3199              	.LVL220:
1311:stm/stm32l4xx/STM32L4xx_HAL_Driver/Src/stm32l4xx_hal_tim_ex.c ****     {
 3200              		.loc 1 1311 5 is_stmt 1 view .LVU919
1311:stm/stm32l4xx/STM32L4xx_HAL_Driver/Src/stm32l4xx_hal_tim_ex.c ****     {
 3201              		.loc 1 1311 8 is_stmt 0 view .LVU920
 3202 002c 40F24442 		movw	r2, #1092
 3203 0030 1142     		tst	r1, r2
 3204 0032 03D1     		bne	.L270
1313:stm/stm32l4xx/STM32L4xx_HAL_Driver/Src/stm32l4xx_hal_tim_ex.c ****     }
 3205              		.loc 1 1313 7 is_stmt 1 view .LVU921
 3206 0034 DA68     		ldr	r2, [r3, #12]
 3207 0036 22F08002 		bic	r2, r2, #128
 3208 003a DA60     		str	r2, [r3, #12]
 3209              	.L270:
1317:stm/stm32l4xx/STM32L4xx_HAL_Driver/Src/stm32l4xx_hal_tim_ex.c **** 
 3210              		.loc 1 1317 5 view .LVU922
1317:stm/stm32l4xx/STM32L4xx_HAL_Driver/Src/stm32l4xx_hal_tim_ex.c **** 
 3211              		.loc 1 1317 5 view .LVU923
 3212 003c 2B68     		ldr	r3, [r5]
 3213 003e 196A     		ldr	r1, [r3, #32]
 3214              	.LVL221:
1317:stm/stm32l4xx/STM32L4xx_HAL_Driver/Src/stm32l4xx_hal_tim_ex.c **** 
 3215              		.loc 1 1317 5 is_stmt 0 view .LVU924
 3216 0040 41F21112 		movw	r2, #4369
 3217 0044 1142     		tst	r1, r2
 3218 0046 08D1     		bne	.L271
1317:stm/stm32l4xx/STM32L4xx_HAL_Driver/Src/stm32l4xx_hal_tim_ex.c **** 
 3219              		.loc 1 1317 5 is_stmt 1 discriminator 1 view .LVU925
 3220 0048 196A     		ldr	r1, [r3, #32]
 3221 004a 40F24442 		movw	r2, #1092
ARM GAS  /var/tmp//ccYgLLN5.s 			page 122


 3222 004e 1142     		tst	r1, r2
 3223 0050 03D1     		bne	.L271
1317:stm/stm32l4xx/STM32L4xx_HAL_Driver/Src/stm32l4xx_hal_tim_ex.c **** 
 3224              		.loc 1 1317 5 discriminator 3 view .LVU926
 3225 0052 5A6C     		ldr	r2, [r3, #68]
 3226 0054 22F40042 		bic	r2, r2, #32768
 3227 0058 5A64     		str	r2, [r3, #68]
 3228              	.L271:
1317:stm/stm32l4xx/STM32L4xx_HAL_Driver/Src/stm32l4xx_hal_tim_ex.c **** 
 3229              		.loc 1 1317 5 discriminator 5 view .LVU927
1320:stm/stm32l4xx/STM32L4xx_HAL_Driver/Src/stm32l4xx_hal_tim_ex.c **** 
 3230              		.loc 1 1320 5 discriminator 5 view .LVU928
1320:stm/stm32l4xx/STM32L4xx_HAL_Driver/Src/stm32l4xx_hal_tim_ex.c **** 
 3231              		.loc 1 1320 5 discriminator 5 view .LVU929
 3232 005a 2B68     		ldr	r3, [r5]
 3233 005c 196A     		ldr	r1, [r3, #32]
 3234 005e 41F21112 		movw	r2, #4369
 3235 0062 1142     		tst	r1, r2
 3236 0064 08D1     		bne	.L272
1320:stm/stm32l4xx/STM32L4xx_HAL_Driver/Src/stm32l4xx_hal_tim_ex.c **** 
 3237              		.loc 1 1320 5 discriminator 1 view .LVU930
 3238 0066 196A     		ldr	r1, [r3, #32]
 3239 0068 40F24442 		movw	r2, #1092
 3240 006c 1142     		tst	r1, r2
 3241 006e 03D1     		bne	.L272
1320:stm/stm32l4xx/STM32L4xx_HAL_Driver/Src/stm32l4xx_hal_tim_ex.c **** 
 3242              		.loc 1 1320 5 discriminator 3 view .LVU931
 3243 0070 1A68     		ldr	r2, [r3]
 3244 0072 22F00102 		bic	r2, r2, #1
 3245 0076 1A60     		str	r2, [r3]
 3246              	.L272:
1320:stm/stm32l4xx/STM32L4xx_HAL_Driver/Src/stm32l4xx_hal_tim_ex.c **** 
 3247              		.loc 1 1320 5 discriminator 5 view .LVU932
1323:stm/stm32l4xx/STM32L4xx_HAL_Driver/Src/stm32l4xx_hal_tim_ex.c ****   }
 3248              		.loc 1 1323 5 discriminator 5 view .LVU933
 3249 0078 84B9     		cbnz	r4, .L273
1323:stm/stm32l4xx/STM32L4xx_HAL_Driver/Src/stm32l4xx_hal_tim_ex.c ****   }
 3250              		.loc 1 1323 5 is_stmt 0 discriminator 1 view .LVU934
 3251 007a 0123     		movs	r3, #1
 3252 007c 85F84430 		strb	r3, [r5, #68]
 3253 0080 0020     		movs	r0, #0
 3254 0082 C6E7     		b	.L268
 3255              	.LVL222:
 3256              	.L266:
1288:stm/stm32l4xx/STM32L4xx_HAL_Driver/Src/stm32l4xx_hal_tim_ex.c ****       break;
 3257              		.loc 1 1288 7 is_stmt 1 view .LVU935
 3258 0084 0268     		ldr	r2, [r0]
 3259 0086 D368     		ldr	r3, [r2, #12]
 3260 0088 23F00403 		bic	r3, r3, #4
 3261 008c D360     		str	r3, [r2, #12]
1289:stm/stm32l4xx/STM32L4xx_HAL_Driver/Src/stm32l4xx_hal_tim_ex.c ****     }
 3262              		.loc 1 1289 7 view .LVU936
1304:stm/stm32l4xx/STM32L4xx_HAL_Driver/Src/stm32l4xx_hal_tim_ex.c ****   {
 3263              		.loc 1 1304 3 view .LVU937
 3264 008e C6E7     		b	.L269
 3265              	.L267:
1295:stm/stm32l4xx/STM32L4xx_HAL_Driver/Src/stm32l4xx_hal_tim_ex.c ****       break;
ARM GAS  /var/tmp//ccYgLLN5.s 			page 123


 3266              		.loc 1 1295 7 view .LVU938
 3267 0090 0268     		ldr	r2, [r0]
 3268 0092 D368     		ldr	r3, [r2, #12]
 3269 0094 23F00803 		bic	r3, r3, #8
 3270 0098 D360     		str	r3, [r2, #12]
1296:stm/stm32l4xx/STM32L4xx_HAL_Driver/Src/stm32l4xx_hal_tim_ex.c ****     }
 3271              		.loc 1 1296 7 view .LVU939
1304:stm/stm32l4xx/STM32L4xx_HAL_Driver/Src/stm32l4xx_hal_tim_ex.c ****   {
 3272              		.loc 1 1304 3 view .LVU940
 3273 009a C0E7     		b	.L269
 3274              	.LVL223:
 3275              	.L273:
1323:stm/stm32l4xx/STM32L4xx_HAL_Driver/Src/stm32l4xx_hal_tim_ex.c ****   }
 3276              		.loc 1 1323 5 is_stmt 0 discriminator 2 view .LVU941
 3277 009c 042C     		cmp	r4, #4
 3278 009e 06D0     		beq	.L279
1323:stm/stm32l4xx/STM32L4xx_HAL_Driver/Src/stm32l4xx_hal_tim_ex.c ****   }
 3279              		.loc 1 1323 5 discriminator 4 view .LVU942
 3280 00a0 082C     		cmp	r4, #8
 3281 00a2 09D0     		beq	.L280
1323:stm/stm32l4xx/STM32L4xx_HAL_Driver/Src/stm32l4xx_hal_tim_ex.c ****   }
 3282              		.loc 1 1323 5 discriminator 7 view .LVU943
 3283 00a4 0123     		movs	r3, #1
 3284 00a6 85F84730 		strb	r3, [r5, #71]
 3285 00aa 0020     		movs	r0, #0
 3286 00ac B1E7     		b	.L268
 3287              	.L279:
1323:stm/stm32l4xx/STM32L4xx_HAL_Driver/Src/stm32l4xx_hal_tim_ex.c ****   }
 3288              		.loc 1 1323 5 discriminator 3 view .LVU944
 3289 00ae 0123     		movs	r3, #1
 3290 00b0 85F84530 		strb	r3, [r5, #69]
 3291 00b4 0020     		movs	r0, #0
 3292 00b6 ACE7     		b	.L268
 3293              	.L280:
1323:stm/stm32l4xx/STM32L4xx_HAL_Driver/Src/stm32l4xx_hal_tim_ex.c ****   }
 3294              		.loc 1 1323 5 discriminator 6 view .LVU945
 3295 00b8 0123     		movs	r3, #1
 3296 00ba 85F84630 		strb	r3, [r5, #70]
 3297 00be 0020     		movs	r0, #0
 3298 00c0 A7E7     		b	.L268
 3299              		.cfi_endproc
 3300              	.LFE307:
 3302              		.section	.text.HAL_TIMEx_PWMN_Start_DMA,"ax",%progbits
 3303              		.align	1
 3304              		.global	HAL_TIMEx_PWMN_Start_DMA
 3305              		.syntax unified
 3306              		.thumb
 3307              		.thumb_func
 3309              	HAL_TIMEx_PWMN_Start_DMA:
 3310              	.LVL224:
 3311              	.LFB308:
1345:stm/stm32l4xx/STM32L4xx_HAL_Driver/Src/stm32l4xx_hal_tim_ex.c ****   HAL_StatusTypeDef status = HAL_OK;
 3312              		.loc 1 1345 1 is_stmt 1 view -0
 3313              		.cfi_startproc
 3314              		@ args = 0, pretend = 0, frame = 0
 3315              		@ frame_needed = 0, uses_anonymous_args = 0
1345:stm/stm32l4xx/STM32L4xx_HAL_Driver/Src/stm32l4xx_hal_tim_ex.c ****   HAL_StatusTypeDef status = HAL_OK;
ARM GAS  /var/tmp//ccYgLLN5.s 			page 124


 3316              		.loc 1 1345 1 is_stmt 0 view .LVU947
 3317 0000 70B5     		push	{r4, r5, r6, lr}
 3318              	.LCFI24:
 3319              		.cfi_def_cfa_offset 16
 3320              		.cfi_offset 4, -16
 3321              		.cfi_offset 5, -12
 3322              		.cfi_offset 6, -8
 3323              		.cfi_offset 14, -4
 3324 0002 0446     		mov	r4, r0
 3325 0004 1646     		mov	r6, r2
1346:stm/stm32l4xx/STM32L4xx_HAL_Driver/Src/stm32l4xx_hal_tim_ex.c ****   uint32_t tmpsmcr;
 3326              		.loc 1 1346 3 is_stmt 1 view .LVU948
 3327              	.LVL225:
1347:stm/stm32l4xx/STM32L4xx_HAL_Driver/Src/stm32l4xx_hal_tim_ex.c **** 
 3328              		.loc 1 1347 3 view .LVU949
1350:stm/stm32l4xx/STM32L4xx_HAL_Driver/Src/stm32l4xx_hal_tim_ex.c **** 
 3329              		.loc 1 1350 3 view .LVU950
1353:stm/stm32l4xx/STM32L4xx_HAL_Driver/Src/stm32l4xx_hal_tim_ex.c ****   {
 3330              		.loc 1 1353 3 view .LVU951
1353:stm/stm32l4xx/STM32L4xx_HAL_Driver/Src/stm32l4xx_hal_tim_ex.c ****   {
 3331              		.loc 1 1353 46 is_stmt 0 view .LVU952
 3332 0006 0D46     		mov	r5, r1
 3333 0008 0029     		cmp	r1, #0
 3334 000a 54D1     		bne	.L282
1353:stm/stm32l4xx/STM32L4xx_HAL_Driver/Src/stm32l4xx_hal_tim_ex.c ****   {
 3335              		.loc 1 1353 7 discriminator 1 view .LVU953
 3336 000c 90F84400 		ldrb	r0, [r0, #68]	@ zero_extendqisi2
 3337              	.LVL226:
1353:stm/stm32l4xx/STM32L4xx_HAL_Driver/Src/stm32l4xx_hal_tim_ex.c ****   {
 3338              		.loc 1 1353 7 discriminator 1 view .LVU954
 3339 0010 C0B2     		uxtb	r0, r0
1353:stm/stm32l4xx/STM32L4xx_HAL_Driver/Src/stm32l4xx_hal_tim_ex.c ****   {
 3340              		.loc 1 1353 46 discriminator 1 view .LVU955
 3341 0012 0228     		cmp	r0, #2
 3342 0014 14BF     		ite	ne
 3343 0016 0020     		movne	r0, #0
 3344 0018 0120     		moveq	r0, #1
 3345              	.L283:
1353:stm/stm32l4xx/STM32L4xx_HAL_Driver/Src/stm32l4xx_hal_tim_ex.c ****   {
 3346              		.loc 1 1353 6 discriminator 12 view .LVU956
 3347 001a 0028     		cmp	r0, #0
 3348 001c 40F0D380 		bne	.L300
1357:stm/stm32l4xx/STM32L4xx_HAL_Driver/Src/stm32l4xx_hal_tim_ex.c ****   {
 3349              		.loc 1 1357 8 is_stmt 1 view .LVU957
1357:stm/stm32l4xx/STM32L4xx_HAL_Driver/Src/stm32l4xx_hal_tim_ex.c ****   {
 3350              		.loc 1 1357 51 is_stmt 0 view .LVU958
 3351 0020 002D     		cmp	r5, #0
 3352 0022 64D1     		bne	.L287
1357:stm/stm32l4xx/STM32L4xx_HAL_Driver/Src/stm32l4xx_hal_tim_ex.c ****   {
 3353              		.loc 1 1357 12 discriminator 1 view .LVU959
 3354 0024 94F84420 		ldrb	r2, [r4, #68]	@ zero_extendqisi2
 3355              	.LVL227:
1357:stm/stm32l4xx/STM32L4xx_HAL_Driver/Src/stm32l4xx_hal_tim_ex.c ****   {
 3356              		.loc 1 1357 12 discriminator 1 view .LVU960
 3357 0028 D2B2     		uxtb	r2, r2
1357:stm/stm32l4xx/STM32L4xx_HAL_Driver/Src/stm32l4xx_hal_tim_ex.c ****   {
 3358              		.loc 1 1357 51 discriminator 1 view .LVU961
ARM GAS  /var/tmp//ccYgLLN5.s 			page 125


 3359 002a 012A     		cmp	r2, #1
 3360 002c 14BF     		ite	ne
 3361 002e 0022     		movne	r2, #0
 3362 0030 0122     		moveq	r2, #1
 3363              	.L288:
1357:stm/stm32l4xx/STM32L4xx_HAL_Driver/Src/stm32l4xx_hal_tim_ex.c ****   {
 3364              		.loc 1 1357 11 discriminator 12 view .LVU962
 3365 0032 002A     		cmp	r2, #0
 3366 0034 00F0C980 		beq	.L301
1359:stm/stm32l4xx/STM32L4xx_HAL_Driver/Src/stm32l4xx_hal_tim_ex.c ****     {
 3367              		.loc 1 1359 5 is_stmt 1 view .LVU963
1359:stm/stm32l4xx/STM32L4xx_HAL_Driver/Src/stm32l4xx_hal_tim_ex.c ****     {
 3368              		.loc 1 1359 8 is_stmt 0 view .LVU964
 3369 0038 002E     		cmp	r6, #0
 3370 003a 00F0C880 		beq	.L302
1359:stm/stm32l4xx/STM32L4xx_HAL_Driver/Src/stm32l4xx_hal_tim_ex.c ****     {
 3371              		.loc 1 1359 25 discriminator 1 view .LVU965
 3372 003e 002B     		cmp	r3, #0
 3373 0040 00F0C780 		beq	.L303
1365:stm/stm32l4xx/STM32L4xx_HAL_Driver/Src/stm32l4xx_hal_tim_ex.c ****     }
 3374              		.loc 1 1365 7 is_stmt 1 view .LVU966
 3375 0044 002D     		cmp	r5, #0
 3376 0046 6ED1     		bne	.L291
 3377 0048 0222     		movs	r2, #2
 3378 004a 84F84420 		strb	r2, [r4, #68]
1373:stm/stm32l4xx/STM32L4xx_HAL_Driver/Src/stm32l4xx_hal_tim_ex.c ****   {
 3379              		.loc 1 1373 3 view .LVU967
 3380              	.L292:
1378:stm/stm32l4xx/STM32L4xx_HAL_Driver/Src/stm32l4xx_hal_tim_ex.c ****       htim->hdma[TIM_DMA_ID_CC1]->XferHalfCpltCallback = TIM_DMADelayPulseHalfCplt;
 3381              		.loc 1 1378 7 view .LVU968
1378:stm/stm32l4xx/STM32L4xx_HAL_Driver/Src/stm32l4xx_hal_tim_ex.c ****       htim->hdma[TIM_DMA_ID_CC1]->XferHalfCpltCallback = TIM_DMADelayPulseHalfCplt;
 3382              		.loc 1 1378 17 is_stmt 0 view .LVU969
 3383 004e 626A     		ldr	r2, [r4, #36]
1378:stm/stm32l4xx/STM32L4xx_HAL_Driver/Src/stm32l4xx_hal_tim_ex.c ****       htim->hdma[TIM_DMA_ID_CC1]->XferHalfCpltCallback = TIM_DMADelayPulseHalfCplt;
 3384              		.loc 1 1378 52 view .LVU970
 3385 0050 6649     		ldr	r1, .L317
 3386              	.LVL228:
1378:stm/stm32l4xx/STM32L4xx_HAL_Driver/Src/stm32l4xx_hal_tim_ex.c ****       htim->hdma[TIM_DMA_ID_CC1]->XferHalfCpltCallback = TIM_DMADelayPulseHalfCplt;
 3387              		.loc 1 1378 52 view .LVU971
 3388 0052 D162     		str	r1, [r2, #44]
1379:stm/stm32l4xx/STM32L4xx_HAL_Driver/Src/stm32l4xx_hal_tim_ex.c **** 
 3389              		.loc 1 1379 7 is_stmt 1 view .LVU972
1379:stm/stm32l4xx/STM32L4xx_HAL_Driver/Src/stm32l4xx_hal_tim_ex.c **** 
 3390              		.loc 1 1379 17 is_stmt 0 view .LVU973
 3391 0054 626A     		ldr	r2, [r4, #36]
1379:stm/stm32l4xx/STM32L4xx_HAL_Driver/Src/stm32l4xx_hal_tim_ex.c **** 
 3392              		.loc 1 1379 56 view .LVU974
 3393 0056 6649     		ldr	r1, .L317+4
 3394 0058 1163     		str	r1, [r2, #48]
1382:stm/stm32l4xx/STM32L4xx_HAL_Driver/Src/stm32l4xx_hal_tim_ex.c **** 
 3395              		.loc 1 1382 7 is_stmt 1 view .LVU975
1382:stm/stm32l4xx/STM32L4xx_HAL_Driver/Src/stm32l4xx_hal_tim_ex.c **** 
 3396              		.loc 1 1382 17 is_stmt 0 view .LVU976
 3397 005a 626A     		ldr	r2, [r4, #36]
1382:stm/stm32l4xx/STM32L4xx_HAL_Driver/Src/stm32l4xx_hal_tim_ex.c **** 
 3398              		.loc 1 1382 53 view .LVU977
 3399 005c 6549     		ldr	r1, .L317+8
ARM GAS  /var/tmp//ccYgLLN5.s 			page 126


 3400 005e 5163     		str	r1, [r2, #52]
1385:stm/stm32l4xx/STM32L4xx_HAL_Driver/Src/stm32l4xx_hal_tim_ex.c ****                            Length) != HAL_OK)
 3401              		.loc 1 1385 7 is_stmt 1 view .LVU978
1385:stm/stm32l4xx/STM32L4xx_HAL_Driver/Src/stm32l4xx_hal_tim_ex.c ****                            Length) != HAL_OK)
 3402              		.loc 1 1385 88 is_stmt 0 view .LVU979
 3403 0060 2268     		ldr	r2, [r4]
1385:stm/stm32l4xx/STM32L4xx_HAL_Driver/Src/stm32l4xx_hal_tim_ex.c ****                            Length) != HAL_OK)
 3404              		.loc 1 1385 11 view .LVU980
 3405 0062 3432     		adds	r2, r2, #52
 3406 0064 3146     		mov	r1, r6
 3407 0066 606A     		ldr	r0, [r4, #36]
 3408 0068 FFF7FEFF 		bl	HAL_DMA_Start_IT
 3409              	.LVL229:
1385:stm/stm32l4xx/STM32L4xx_HAL_Driver/Src/stm32l4xx_hal_tim_ex.c ****                            Length) != HAL_OK)
 3410              		.loc 1 1385 10 view .LVU981
 3411 006c 0028     		cmp	r0, #0
 3412 006e 40F0B280 		bne	.L305
1392:stm/stm32l4xx/STM32L4xx_HAL_Driver/Src/stm32l4xx_hal_tim_ex.c ****       break;
 3413              		.loc 1 1392 7 is_stmt 1 view .LVU982
 3414 0072 2268     		ldr	r2, [r4]
 3415 0074 D368     		ldr	r3, [r2, #12]
 3416 0076 43F40073 		orr	r3, r3, #512
 3417 007a D360     		str	r3, [r2, #12]
1393:stm/stm32l4xx/STM32L4xx_HAL_Driver/Src/stm32l4xx_hal_tim_ex.c ****     }
 3418              		.loc 1 1393 7 view .LVU983
1443:stm/stm32l4xx/STM32L4xx_HAL_Driver/Src/stm32l4xx_hal_tim_ex.c ****   {
 3419              		.loc 1 1443 3 view .LVU984
 3420              	.L297:
1446:stm/stm32l4xx/STM32L4xx_HAL_Driver/Src/stm32l4xx_hal_tim_ex.c **** 
 3421              		.loc 1 1446 5 view .LVU985
 3422 007c 0422     		movs	r2, #4
 3423 007e 2946     		mov	r1, r5
 3424 0080 2068     		ldr	r0, [r4]
 3425 0082 FFF7FEFF 		bl	TIM_CCxNChannelCmd
 3426              	.LVL230:
1449:stm/stm32l4xx/STM32L4xx_HAL_Driver/Src/stm32l4xx_hal_tim_ex.c **** 
 3427              		.loc 1 1449 5 view .LVU986
 3428 0086 2268     		ldr	r2, [r4]
 3429 0088 536C     		ldr	r3, [r2, #68]
 3430 008a 43F40043 		orr	r3, r3, #32768
 3431 008e 5364     		str	r3, [r2, #68]
1452:stm/stm32l4xx/STM32L4xx_HAL_Driver/Src/stm32l4xx_hal_tim_ex.c ****     {
 3432              		.loc 1 1452 5 view .LVU987
1452:stm/stm32l4xx/STM32L4xx_HAL_Driver/Src/stm32l4xx_hal_tim_ex.c ****     {
 3433              		.loc 1 1452 9 is_stmt 0 view .LVU988
 3434 0090 2368     		ldr	r3, [r4]
1452:stm/stm32l4xx/STM32L4xx_HAL_Driver/Src/stm32l4xx_hal_tim_ex.c ****     {
 3435              		.loc 1 1452 8 view .LVU989
 3436 0092 594A     		ldr	r2, .L317+12
 3437 0094 9342     		cmp	r3, r2
 3438 0096 00F08880 		beq	.L298
1452:stm/stm32l4xx/STM32L4xx_HAL_Driver/Src/stm32l4xx_hal_tim_ex.c ****     {
 3439              		.loc 1 1452 9 discriminator 1 view .LVU990
 3440 009a B3F1804F 		cmp	r3, #1073741824
 3441 009e 00F08480 		beq	.L298
1452:stm/stm32l4xx/STM32L4xx_HAL_Driver/Src/stm32l4xx_hal_tim_ex.c ****     {
 3442              		.loc 1 1452 9 discriminator 2 view .LVU991
ARM GAS  /var/tmp//ccYgLLN5.s 			page 127


 3443 00a2 02F5A052 		add	r2, r2, #5120
 3444 00a6 9342     		cmp	r3, r2
 3445 00a8 7FD0     		beq	.L298
1462:stm/stm32l4xx/STM32L4xx_HAL_Driver/Src/stm32l4xx_hal_tim_ex.c ****     }
 3446              		.loc 1 1462 7 is_stmt 1 view .LVU992
 3447 00aa 1A68     		ldr	r2, [r3]
 3448 00ac 42F00102 		orr	r2, r2, #1
 3449 00b0 1A60     		str	r2, [r3]
 3450 00b2 0020     		movs	r0, #0
 3451 00b4 8AE0     		b	.L286
 3452              	.LVL231:
 3453              	.L282:
1353:stm/stm32l4xx/STM32L4xx_HAL_Driver/Src/stm32l4xx_hal_tim_ex.c ****   {
 3454              		.loc 1 1353 46 is_stmt 0 discriminator 2 view .LVU993
 3455 00b6 0429     		cmp	r1, #4
 3456 00b8 09D0     		beq	.L311
1353:stm/stm32l4xx/STM32L4xx_HAL_Driver/Src/stm32l4xx_hal_tim_ex.c ****   {
 3457              		.loc 1 1353 46 discriminator 5 view .LVU994
 3458 00ba 0829     		cmp	r1, #8
 3459 00bc 0FD0     		beq	.L312
1353:stm/stm32l4xx/STM32L4xx_HAL_Driver/Src/stm32l4xx_hal_tim_ex.c ****   {
 3460              		.loc 1 1353 7 discriminator 8 view .LVU995
 3461 00be 90F84700 		ldrb	r0, [r0, #71]	@ zero_extendqisi2
 3462              	.LVL232:
1353:stm/stm32l4xx/STM32L4xx_HAL_Driver/Src/stm32l4xx_hal_tim_ex.c ****   {
 3463              		.loc 1 1353 7 discriminator 8 view .LVU996
 3464 00c2 C0B2     		uxtb	r0, r0
1353:stm/stm32l4xx/STM32L4xx_HAL_Driver/Src/stm32l4xx_hal_tim_ex.c ****   {
 3465              		.loc 1 1353 46 discriminator 8 view .LVU997
 3466 00c4 0228     		cmp	r0, #2
 3467 00c6 14BF     		ite	ne
 3468 00c8 0020     		movne	r0, #0
 3469 00ca 0120     		moveq	r0, #1
 3470 00cc A5E7     		b	.L283
 3471              	.LVL233:
 3472              	.L311:
1353:stm/stm32l4xx/STM32L4xx_HAL_Driver/Src/stm32l4xx_hal_tim_ex.c ****   {
 3473              		.loc 1 1353 7 discriminator 4 view .LVU998
 3474 00ce 90F84500 		ldrb	r0, [r0, #69]	@ zero_extendqisi2
 3475              	.LVL234:
1353:stm/stm32l4xx/STM32L4xx_HAL_Driver/Src/stm32l4xx_hal_tim_ex.c ****   {
 3476              		.loc 1 1353 7 discriminator 4 view .LVU999
 3477 00d2 C0B2     		uxtb	r0, r0
1353:stm/stm32l4xx/STM32L4xx_HAL_Driver/Src/stm32l4xx_hal_tim_ex.c ****   {
 3478              		.loc 1 1353 46 discriminator 4 view .LVU1000
 3479 00d4 0228     		cmp	r0, #2
 3480 00d6 14BF     		ite	ne
 3481 00d8 0020     		movne	r0, #0
 3482 00da 0120     		moveq	r0, #1
 3483 00dc 9DE7     		b	.L283
 3484              	.LVL235:
 3485              	.L312:
1353:stm/stm32l4xx/STM32L4xx_HAL_Driver/Src/stm32l4xx_hal_tim_ex.c ****   {
 3486              		.loc 1 1353 7 discriminator 7 view .LVU1001
 3487 00de 90F84600 		ldrb	r0, [r0, #70]	@ zero_extendqisi2
 3488              	.LVL236:
1353:stm/stm32l4xx/STM32L4xx_HAL_Driver/Src/stm32l4xx_hal_tim_ex.c ****   {
ARM GAS  /var/tmp//ccYgLLN5.s 			page 128


 3489              		.loc 1 1353 7 discriminator 7 view .LVU1002
 3490 00e2 C0B2     		uxtb	r0, r0
1353:stm/stm32l4xx/STM32L4xx_HAL_Driver/Src/stm32l4xx_hal_tim_ex.c ****   {
 3491              		.loc 1 1353 46 discriminator 7 view .LVU1003
 3492 00e4 0228     		cmp	r0, #2
 3493 00e6 14BF     		ite	ne
 3494 00e8 0020     		movne	r0, #0
 3495 00ea 0120     		moveq	r0, #1
 3496 00ec 95E7     		b	.L283
 3497              	.L287:
1357:stm/stm32l4xx/STM32L4xx_HAL_Driver/Src/stm32l4xx_hal_tim_ex.c ****   {
 3498              		.loc 1 1357 51 discriminator 2 view .LVU1004
 3499 00ee 042D     		cmp	r5, #4
 3500 00f0 09D0     		beq	.L313
1357:stm/stm32l4xx/STM32L4xx_HAL_Driver/Src/stm32l4xx_hal_tim_ex.c ****   {
 3501              		.loc 1 1357 51 discriminator 5 view .LVU1005
 3502 00f2 082D     		cmp	r5, #8
 3503 00f4 0FD0     		beq	.L314
1357:stm/stm32l4xx/STM32L4xx_HAL_Driver/Src/stm32l4xx_hal_tim_ex.c ****   {
 3504              		.loc 1 1357 12 discriminator 8 view .LVU1006
 3505 00f6 94F84720 		ldrb	r2, [r4, #71]	@ zero_extendqisi2
 3506              	.LVL237:
1357:stm/stm32l4xx/STM32L4xx_HAL_Driver/Src/stm32l4xx_hal_tim_ex.c ****   {
 3507              		.loc 1 1357 12 discriminator 8 view .LVU1007
 3508 00fa D2B2     		uxtb	r2, r2
1357:stm/stm32l4xx/STM32L4xx_HAL_Driver/Src/stm32l4xx_hal_tim_ex.c ****   {
 3509              		.loc 1 1357 51 discriminator 8 view .LVU1008
 3510 00fc 012A     		cmp	r2, #1
 3511 00fe 14BF     		ite	ne
 3512 0100 0022     		movne	r2, #0
 3513 0102 0122     		moveq	r2, #1
 3514 0104 95E7     		b	.L288
 3515              	.LVL238:
 3516              	.L313:
1357:stm/stm32l4xx/STM32L4xx_HAL_Driver/Src/stm32l4xx_hal_tim_ex.c ****   {
 3517              		.loc 1 1357 12 discriminator 4 view .LVU1009
 3518 0106 94F84520 		ldrb	r2, [r4, #69]	@ zero_extendqisi2
 3519              	.LVL239:
1357:stm/stm32l4xx/STM32L4xx_HAL_Driver/Src/stm32l4xx_hal_tim_ex.c ****   {
 3520              		.loc 1 1357 12 discriminator 4 view .LVU1010
 3521 010a D2B2     		uxtb	r2, r2
1357:stm/stm32l4xx/STM32L4xx_HAL_Driver/Src/stm32l4xx_hal_tim_ex.c ****   {
 3522              		.loc 1 1357 51 discriminator 4 view .LVU1011
 3523 010c 012A     		cmp	r2, #1
 3524 010e 14BF     		ite	ne
 3525 0110 0022     		movne	r2, #0
 3526 0112 0122     		moveq	r2, #1
 3527 0114 8DE7     		b	.L288
 3528              	.LVL240:
 3529              	.L314:
1357:stm/stm32l4xx/STM32L4xx_HAL_Driver/Src/stm32l4xx_hal_tim_ex.c ****   {
 3530              		.loc 1 1357 12 discriminator 7 view .LVU1012
 3531 0116 94F84620 		ldrb	r2, [r4, #70]	@ zero_extendqisi2
 3532              	.LVL241:
1357:stm/stm32l4xx/STM32L4xx_HAL_Driver/Src/stm32l4xx_hal_tim_ex.c ****   {
 3533              		.loc 1 1357 12 discriminator 7 view .LVU1013
 3534 011a D2B2     		uxtb	r2, r2
ARM GAS  /var/tmp//ccYgLLN5.s 			page 129


1357:stm/stm32l4xx/STM32L4xx_HAL_Driver/Src/stm32l4xx_hal_tim_ex.c ****   {
 3535              		.loc 1 1357 51 discriminator 7 view .LVU1014
 3536 011c 012A     		cmp	r2, #1
 3537 011e 14BF     		ite	ne
 3538 0120 0022     		movne	r2, #0
 3539 0122 0122     		moveq	r2, #1
 3540 0124 85E7     		b	.L288
 3541              	.L291:
1365:stm/stm32l4xx/STM32L4xx_HAL_Driver/Src/stm32l4xx_hal_tim_ex.c ****     }
 3542              		.loc 1 1365 7 discriminator 2 view .LVU1015
 3543 0126 042D     		cmp	r5, #4
 3544 0128 0CD0     		beq	.L315
1365:stm/stm32l4xx/STM32L4xx_HAL_Driver/Src/stm32l4xx_hal_tim_ex.c ****     }
 3545              		.loc 1 1365 7 discriminator 4 view .LVU1016
 3546 012a 082D     		cmp	r5, #8
 3547 012c 24D0     		beq	.L316
1365:stm/stm32l4xx/STM32L4xx_HAL_Driver/Src/stm32l4xx_hal_tim_ex.c ****     }
 3548              		.loc 1 1365 7 discriminator 7 view .LVU1017
 3549 012e 0222     		movs	r2, #2
 3550 0130 84F84720 		strb	r2, [r4, #71]
1373:stm/stm32l4xx/STM32L4xx_HAL_Driver/Src/stm32l4xx_hal_tim_ex.c ****   {
 3551              		.loc 1 1373 3 is_stmt 1 discriminator 7 view .LVU1018
 3552 0134 042D     		cmp	r5, #4
 3553 0136 08D0     		beq	.L294
1373:stm/stm32l4xx/STM32L4xx_HAL_Driver/Src/stm32l4xx_hal_tim_ex.c ****   {
 3554              		.loc 1 1373 3 is_stmt 0 view .LVU1019
 3555 0138 082D     		cmp	r5, #8
 3556 013a 20D0     		beq	.L296
 3557 013c 002D     		cmp	r5, #0
 3558 013e 86D0     		beq	.L292
 3559 0140 0120     		movs	r0, #1
 3560 0142 43E0     		b	.L286
 3561              	.L315:
1365:stm/stm32l4xx/STM32L4xx_HAL_Driver/Src/stm32l4xx_hal_tim_ex.c ****     }
 3562              		.loc 1 1365 7 view .LVU1020
 3563 0144 0222     		movs	r2, #2
 3564 0146 84F84520 		strb	r2, [r4, #69]
1373:stm/stm32l4xx/STM32L4xx_HAL_Driver/Src/stm32l4xx_hal_tim_ex.c ****   {
 3565              		.loc 1 1373 3 is_stmt 1 view .LVU1021
 3566              	.L294:
1399:stm/stm32l4xx/STM32L4xx_HAL_Driver/Src/stm32l4xx_hal_tim_ex.c ****       htim->hdma[TIM_DMA_ID_CC2]->XferHalfCpltCallback = TIM_DMADelayPulseHalfCplt;
 3567              		.loc 1 1399 7 view .LVU1022
1399:stm/stm32l4xx/STM32L4xx_HAL_Driver/Src/stm32l4xx_hal_tim_ex.c ****       htim->hdma[TIM_DMA_ID_CC2]->XferHalfCpltCallback = TIM_DMADelayPulseHalfCplt;
 3568              		.loc 1 1399 17 is_stmt 0 view .LVU1023
 3569 014a A26A     		ldr	r2, [r4, #40]
1399:stm/stm32l4xx/STM32L4xx_HAL_Driver/Src/stm32l4xx_hal_tim_ex.c ****       htim->hdma[TIM_DMA_ID_CC2]->XferHalfCpltCallback = TIM_DMADelayPulseHalfCplt;
 3570              		.loc 1 1399 52 view .LVU1024
 3571 014c 2749     		ldr	r1, .L317
 3572              	.LVL242:
1399:stm/stm32l4xx/STM32L4xx_HAL_Driver/Src/stm32l4xx_hal_tim_ex.c ****       htim->hdma[TIM_DMA_ID_CC2]->XferHalfCpltCallback = TIM_DMADelayPulseHalfCplt;
 3573              		.loc 1 1399 52 view .LVU1025
 3574 014e D162     		str	r1, [r2, #44]
1400:stm/stm32l4xx/STM32L4xx_HAL_Driver/Src/stm32l4xx_hal_tim_ex.c **** 
 3575              		.loc 1 1400 7 is_stmt 1 view .LVU1026
1400:stm/stm32l4xx/STM32L4xx_HAL_Driver/Src/stm32l4xx_hal_tim_ex.c **** 
 3576              		.loc 1 1400 17 is_stmt 0 view .LVU1027
 3577 0150 A26A     		ldr	r2, [r4, #40]
ARM GAS  /var/tmp//ccYgLLN5.s 			page 130


1400:stm/stm32l4xx/STM32L4xx_HAL_Driver/Src/stm32l4xx_hal_tim_ex.c **** 
 3578              		.loc 1 1400 56 view .LVU1028
 3579 0152 2749     		ldr	r1, .L317+4
 3580 0154 1163     		str	r1, [r2, #48]
1403:stm/stm32l4xx/STM32L4xx_HAL_Driver/Src/stm32l4xx_hal_tim_ex.c **** 
 3581              		.loc 1 1403 7 is_stmt 1 view .LVU1029
1403:stm/stm32l4xx/STM32L4xx_HAL_Driver/Src/stm32l4xx_hal_tim_ex.c **** 
 3582              		.loc 1 1403 17 is_stmt 0 view .LVU1030
 3583 0156 A26A     		ldr	r2, [r4, #40]
1403:stm/stm32l4xx/STM32L4xx_HAL_Driver/Src/stm32l4xx_hal_tim_ex.c **** 
 3584              		.loc 1 1403 53 view .LVU1031
 3585 0158 2649     		ldr	r1, .L317+8
 3586 015a 5163     		str	r1, [r2, #52]
1406:stm/stm32l4xx/STM32L4xx_HAL_Driver/Src/stm32l4xx_hal_tim_ex.c ****                            Length) != HAL_OK)
 3587              		.loc 1 1406 7 is_stmt 1 view .LVU1032
1406:stm/stm32l4xx/STM32L4xx_HAL_Driver/Src/stm32l4xx_hal_tim_ex.c ****                            Length) != HAL_OK)
 3588              		.loc 1 1406 88 is_stmt 0 view .LVU1033
 3589 015c 2268     		ldr	r2, [r4]
1406:stm/stm32l4xx/STM32L4xx_HAL_Driver/Src/stm32l4xx_hal_tim_ex.c ****                            Length) != HAL_OK)
 3590              		.loc 1 1406 11 view .LVU1034
 3591 015e 3832     		adds	r2, r2, #56
 3592 0160 3146     		mov	r1, r6
 3593 0162 A06A     		ldr	r0, [r4, #40]
 3594 0164 FFF7FEFF 		bl	HAL_DMA_Start_IT
 3595              	.LVL243:
1406:stm/stm32l4xx/STM32L4xx_HAL_Driver/Src/stm32l4xx_hal_tim_ex.c ****                            Length) != HAL_OK)
 3596              		.loc 1 1406 10 view .LVU1035
 3597 0168 0028     		cmp	r0, #0
 3598 016a 36D1     		bne	.L306
1413:stm/stm32l4xx/STM32L4xx_HAL_Driver/Src/stm32l4xx_hal_tim_ex.c ****       break;
 3599              		.loc 1 1413 7 is_stmt 1 view .LVU1036
 3600 016c 2268     		ldr	r2, [r4]
 3601 016e D368     		ldr	r3, [r2, #12]
 3602 0170 43F48063 		orr	r3, r3, #1024
 3603 0174 D360     		str	r3, [r2, #12]
1414:stm/stm32l4xx/STM32L4xx_HAL_Driver/Src/stm32l4xx_hal_tim_ex.c ****     }
 3604              		.loc 1 1414 7 view .LVU1037
1443:stm/stm32l4xx/STM32L4xx_HAL_Driver/Src/stm32l4xx_hal_tim_ex.c ****   {
 3605              		.loc 1 1443 3 view .LVU1038
 3606 0176 81E7     		b	.L297
 3607              	.LVL244:
 3608              	.L316:
1365:stm/stm32l4xx/STM32L4xx_HAL_Driver/Src/stm32l4xx_hal_tim_ex.c ****     }
 3609              		.loc 1 1365 7 is_stmt 0 view .LVU1039
 3610 0178 0222     		movs	r2, #2
 3611 017a 84F84620 		strb	r2, [r4, #70]
1373:stm/stm32l4xx/STM32L4xx_HAL_Driver/Src/stm32l4xx_hal_tim_ex.c ****   {
 3612              		.loc 1 1373 3 is_stmt 1 view .LVU1040
 3613              	.L296:
1420:stm/stm32l4xx/STM32L4xx_HAL_Driver/Src/stm32l4xx_hal_tim_ex.c ****       htim->hdma[TIM_DMA_ID_CC3]->XferHalfCpltCallback = TIM_DMADelayPulseHalfCplt;
 3614              		.loc 1 1420 7 view .LVU1041
1420:stm/stm32l4xx/STM32L4xx_HAL_Driver/Src/stm32l4xx_hal_tim_ex.c ****       htim->hdma[TIM_DMA_ID_CC3]->XferHalfCpltCallback = TIM_DMADelayPulseHalfCplt;
 3615              		.loc 1 1420 17 is_stmt 0 view .LVU1042
 3616 017e E26A     		ldr	r2, [r4, #44]
1420:stm/stm32l4xx/STM32L4xx_HAL_Driver/Src/stm32l4xx_hal_tim_ex.c ****       htim->hdma[TIM_DMA_ID_CC3]->XferHalfCpltCallback = TIM_DMADelayPulseHalfCplt;
 3617              		.loc 1 1420 52 view .LVU1043
 3618 0180 1A49     		ldr	r1, .L317
ARM GAS  /var/tmp//ccYgLLN5.s 			page 131


 3619              	.LVL245:
1420:stm/stm32l4xx/STM32L4xx_HAL_Driver/Src/stm32l4xx_hal_tim_ex.c ****       htim->hdma[TIM_DMA_ID_CC3]->XferHalfCpltCallback = TIM_DMADelayPulseHalfCplt;
 3620              		.loc 1 1420 52 view .LVU1044
 3621 0182 D162     		str	r1, [r2, #44]
1421:stm/stm32l4xx/STM32L4xx_HAL_Driver/Src/stm32l4xx_hal_tim_ex.c **** 
 3622              		.loc 1 1421 7 is_stmt 1 view .LVU1045
1421:stm/stm32l4xx/STM32L4xx_HAL_Driver/Src/stm32l4xx_hal_tim_ex.c **** 
 3623              		.loc 1 1421 17 is_stmt 0 view .LVU1046
 3624 0184 E26A     		ldr	r2, [r4, #44]
1421:stm/stm32l4xx/STM32L4xx_HAL_Driver/Src/stm32l4xx_hal_tim_ex.c **** 
 3625              		.loc 1 1421 56 view .LVU1047
 3626 0186 1A49     		ldr	r1, .L317+4
 3627 0188 1163     		str	r1, [r2, #48]
1424:stm/stm32l4xx/STM32L4xx_HAL_Driver/Src/stm32l4xx_hal_tim_ex.c **** 
 3628              		.loc 1 1424 7 is_stmt 1 view .LVU1048
1424:stm/stm32l4xx/STM32L4xx_HAL_Driver/Src/stm32l4xx_hal_tim_ex.c **** 
 3629              		.loc 1 1424 17 is_stmt 0 view .LVU1049
 3630 018a E26A     		ldr	r2, [r4, #44]
1424:stm/stm32l4xx/STM32L4xx_HAL_Driver/Src/stm32l4xx_hal_tim_ex.c **** 
 3631              		.loc 1 1424 53 view .LVU1050
 3632 018c 1949     		ldr	r1, .L317+8
 3633 018e 5163     		str	r1, [r2, #52]
1427:stm/stm32l4xx/STM32L4xx_HAL_Driver/Src/stm32l4xx_hal_tim_ex.c ****                            Length) != HAL_OK)
 3634              		.loc 1 1427 7 is_stmt 1 view .LVU1051
1427:stm/stm32l4xx/STM32L4xx_HAL_Driver/Src/stm32l4xx_hal_tim_ex.c ****                            Length) != HAL_OK)
 3635              		.loc 1 1427 88 is_stmt 0 view .LVU1052
 3636 0190 2268     		ldr	r2, [r4]
1427:stm/stm32l4xx/STM32L4xx_HAL_Driver/Src/stm32l4xx_hal_tim_ex.c ****                            Length) != HAL_OK)
 3637              		.loc 1 1427 11 view .LVU1053
 3638 0192 3C32     		adds	r2, r2, #60
 3639 0194 3146     		mov	r1, r6
 3640 0196 E06A     		ldr	r0, [r4, #44]
 3641 0198 FFF7FEFF 		bl	HAL_DMA_Start_IT
 3642              	.LVL246:
1427:stm/stm32l4xx/STM32L4xx_HAL_Driver/Src/stm32l4xx_hal_tim_ex.c ****                            Length) != HAL_OK)
 3643              		.loc 1 1427 10 view .LVU1054
 3644 019c F8B9     		cbnz	r0, .L307
1434:stm/stm32l4xx/STM32L4xx_HAL_Driver/Src/stm32l4xx_hal_tim_ex.c ****       break;
 3645              		.loc 1 1434 7 is_stmt 1 view .LVU1055
 3646 019e 2268     		ldr	r2, [r4]
 3647 01a0 D368     		ldr	r3, [r2, #12]
 3648 01a2 43F40063 		orr	r3, r3, #2048
 3649 01a6 D360     		str	r3, [r2, #12]
1435:stm/stm32l4xx/STM32L4xx_HAL_Driver/Src/stm32l4xx_hal_tim_ex.c ****     }
 3650              		.loc 1 1435 7 view .LVU1056
1443:stm/stm32l4xx/STM32L4xx_HAL_Driver/Src/stm32l4xx_hal_tim_ex.c ****   {
 3651              		.loc 1 1443 3 view .LVU1057
 3652 01a8 68E7     		b	.L297
 3653              	.L298:
1454:stm/stm32l4xx/STM32L4xx_HAL_Driver/Src/stm32l4xx_hal_tim_ex.c ****       if (!IS_TIM_SLAVEMODE_TRIGGER_ENABLED(tmpsmcr))
 3654              		.loc 1 1454 7 view .LVU1058
1454:stm/stm32l4xx/STM32L4xx_HAL_Driver/Src/stm32l4xx_hal_tim_ex.c ****       if (!IS_TIM_SLAVEMODE_TRIGGER_ENABLED(tmpsmcr))
 3655              		.loc 1 1454 31 is_stmt 0 view .LVU1059
 3656 01aa 9968     		ldr	r1, [r3, #8]
1454:stm/stm32l4xx/STM32L4xx_HAL_Driver/Src/stm32l4xx_hal_tim_ex.c ****       if (!IS_TIM_SLAVEMODE_TRIGGER_ENABLED(tmpsmcr))
 3657              		.loc 1 1454 15 view .LVU1060
 3658 01ac 134A     		ldr	r2, .L317+16
ARM GAS  /var/tmp//ccYgLLN5.s 			page 132


 3659 01ae 0A40     		ands	r2, r2, r1
 3660              	.LVL247:
1455:stm/stm32l4xx/STM32L4xx_HAL_Driver/Src/stm32l4xx_hal_tim_ex.c ****       {
 3661              		.loc 1 1455 7 is_stmt 1 view .LVU1061
1455:stm/stm32l4xx/STM32L4xx_HAL_Driver/Src/stm32l4xx_hal_tim_ex.c ****       {
 3662              		.loc 1 1455 10 is_stmt 0 view .LVU1062
 3663 01b0 062A     		cmp	r2, #6
 3664 01b2 16D0     		beq	.L308
1455:stm/stm32l4xx/STM32L4xx_HAL_Driver/Src/stm32l4xx_hal_tim_ex.c ****       {
 3665              		.loc 1 1455 11 discriminator 1 view .LVU1063
 3666 01b4 B2F5803F 		cmp	r2, #65536
 3667 01b8 15D0     		beq	.L309
1457:stm/stm32l4xx/STM32L4xx_HAL_Driver/Src/stm32l4xx_hal_tim_ex.c ****       }
 3668              		.loc 1 1457 9 is_stmt 1 view .LVU1064
 3669 01ba 1A68     		ldr	r2, [r3]
 3670              	.LVL248:
1457:stm/stm32l4xx/STM32L4xx_HAL_Driver/Src/stm32l4xx_hal_tim_ex.c ****       }
 3671              		.loc 1 1457 9 is_stmt 0 view .LVU1065
 3672 01bc 42F00102 		orr	r2, r2, #1
 3673 01c0 1A60     		str	r2, [r3]
 3674 01c2 0020     		movs	r0, #0
 3675 01c4 02E0     		b	.L286
 3676              	.LVL249:
 3677              	.L300:
1355:stm/stm32l4xx/STM32L4xx_HAL_Driver/Src/stm32l4xx_hal_tim_ex.c ****   }
 3678              		.loc 1 1355 12 view .LVU1066
 3679 01c6 0220     		movs	r0, #2
 3680 01c8 00E0     		b	.L286
 3681              	.LVL250:
 3682              	.L301:
1370:stm/stm32l4xx/STM32L4xx_HAL_Driver/Src/stm32l4xx_hal_tim_ex.c ****   }
 3683              		.loc 1 1370 12 view .LVU1067
 3684 01ca 0120     		movs	r0, #1
 3685              	.LVL251:
 3686              	.L286:
1468:stm/stm32l4xx/STM32L4xx_HAL_Driver/Src/stm32l4xx_hal_tim_ex.c **** 
 3687              		.loc 1 1468 1 view .LVU1068
 3688 01cc 70BD     		pop	{r4, r5, r6, pc}
 3689              	.LVL252:
 3690              	.L302:
1361:stm/stm32l4xx/STM32L4xx_HAL_Driver/Src/stm32l4xx_hal_tim_ex.c ****     }
 3691              		.loc 1 1361 14 view .LVU1069
 3692 01ce 0120     		movs	r0, #1
 3693 01d0 FCE7     		b	.L286
 3694              	.L303:
 3695 01d2 0120     		movs	r0, #1
 3696 01d4 FAE7     		b	.L286
 3697              	.LVL253:
 3698              	.L305:
1389:stm/stm32l4xx/STM32L4xx_HAL_Driver/Src/stm32l4xx_hal_tim_ex.c ****       }
 3699              		.loc 1 1389 16 view .LVU1070
 3700 01d6 0120     		movs	r0, #1
 3701 01d8 F8E7     		b	.L286
 3702              	.L306:
1410:stm/stm32l4xx/STM32L4xx_HAL_Driver/Src/stm32l4xx_hal_tim_ex.c ****       }
 3703              		.loc 1 1410 16 view .LVU1071
 3704 01da 0120     		movs	r0, #1
ARM GAS  /var/tmp//ccYgLLN5.s 			page 133


 3705 01dc F6E7     		b	.L286
 3706              	.L307:
1431:stm/stm32l4xx/STM32L4xx_HAL_Driver/Src/stm32l4xx_hal_tim_ex.c ****       }
 3707              		.loc 1 1431 16 view .LVU1072
 3708 01de 0120     		movs	r0, #1
 3709 01e0 F4E7     		b	.L286
 3710              	.LVL254:
 3711              	.L308:
1431:stm/stm32l4xx/STM32L4xx_HAL_Driver/Src/stm32l4xx_hal_tim_ex.c ****       }
 3712              		.loc 1 1431 16 view .LVU1073
 3713 01e2 0020     		movs	r0, #0
 3714 01e4 F2E7     		b	.L286
 3715              	.L309:
 3716 01e6 0020     		movs	r0, #0
 3717 01e8 F0E7     		b	.L286
 3718              	.L318:
 3719 01ea 00BF     		.align	2
 3720              	.L317:
 3721 01ec 00000000 		.word	TIM_DMADelayPulseNCplt
 3722 01f0 00000000 		.word	TIM_DMADelayPulseHalfCplt
 3723 01f4 00000000 		.word	TIM_DMAErrorCCxN
 3724 01f8 002C0140 		.word	1073818624
 3725 01fc 07000100 		.word	65543
 3726              		.cfi_endproc
 3727              	.LFE308:
 3729              		.section	.text.HAL_TIMEx_PWMN_Stop_DMA,"ax",%progbits
 3730              		.align	1
 3731              		.global	HAL_TIMEx_PWMN_Stop_DMA
 3732              		.syntax unified
 3733              		.thumb
 3734              		.thumb_func
 3736              	HAL_TIMEx_PWMN_Stop_DMA:
 3737              	.LVL255:
 3738              	.LFB309:
1482:stm/stm32l4xx/STM32L4xx_HAL_Driver/Src/stm32l4xx_hal_tim_ex.c ****   HAL_StatusTypeDef status = HAL_OK;
 3739              		.loc 1 1482 1 is_stmt 1 view -0
 3740              		.cfi_startproc
 3741              		@ args = 0, pretend = 0, frame = 0
 3742              		@ frame_needed = 0, uses_anonymous_args = 0
1482:stm/stm32l4xx/STM32L4xx_HAL_Driver/Src/stm32l4xx_hal_tim_ex.c ****   HAL_StatusTypeDef status = HAL_OK;
 3743              		.loc 1 1482 1 is_stmt 0 view .LVU1075
 3744 0000 38B5     		push	{r3, r4, r5, lr}
 3745              	.LCFI25:
 3746              		.cfi_def_cfa_offset 16
 3747              		.cfi_offset 3, -16
 3748              		.cfi_offset 4, -12
 3749              		.cfi_offset 5, -8
 3750              		.cfi_offset 14, -4
 3751 0002 0546     		mov	r5, r0
 3752 0004 0C46     		mov	r4, r1
1483:stm/stm32l4xx/STM32L4xx_HAL_Driver/Src/stm32l4xx_hal_tim_ex.c **** 
 3753              		.loc 1 1483 3 is_stmt 1 view .LVU1076
 3754              	.LVL256:
1486:stm/stm32l4xx/STM32L4xx_HAL_Driver/Src/stm32l4xx_hal_tim_ex.c **** 
 3755              		.loc 1 1486 3 view .LVU1077
1488:stm/stm32l4xx/STM32L4xx_HAL_Driver/Src/stm32l4xx_hal_tim_ex.c ****   {
 3756              		.loc 1 1488 3 view .LVU1078
ARM GAS  /var/tmp//ccYgLLN5.s 			page 134


 3757 0006 0429     		cmp	r1, #4
 3758 0008 35D0     		beq	.L320
 3759 000a 0829     		cmp	r1, #8
 3760 000c 3CD0     		beq	.L321
 3761 000e 09B1     		cbz	r1, .L331
 3762 0010 0120     		movs	r0, #1
 3763              	.LVL257:
 3764              	.L322:
1535:stm/stm32l4xx/STM32L4xx_HAL_Driver/Src/stm32l4xx_hal_tim_ex.c **** }
 3765              		.loc 1 1535 3 view .LVU1079
1536:stm/stm32l4xx/STM32L4xx_HAL_Driver/Src/stm32l4xx_hal_tim_ex.c **** 
 3766              		.loc 1 1536 1 is_stmt 0 view .LVU1080
 3767 0012 38BD     		pop	{r3, r4, r5, pc}
 3768              	.LVL258:
 3769              	.L331:
1493:stm/stm32l4xx/STM32L4xx_HAL_Driver/Src/stm32l4xx_hal_tim_ex.c ****       (void)HAL_DMA_Abort_IT(htim->hdma[TIM_DMA_ID_CC1]);
 3770              		.loc 1 1493 7 is_stmt 1 view .LVU1081
 3771 0014 0268     		ldr	r2, [r0]
 3772 0016 D368     		ldr	r3, [r2, #12]
 3773 0018 23F40073 		bic	r3, r3, #512
 3774 001c D360     		str	r3, [r2, #12]
1494:stm/stm32l4xx/STM32L4xx_HAL_Driver/Src/stm32l4xx_hal_tim_ex.c ****       break;
 3775              		.loc 1 1494 7 view .LVU1082
1494:stm/stm32l4xx/STM32L4xx_HAL_Driver/Src/stm32l4xx_hal_tim_ex.c ****       break;
 3776              		.loc 1 1494 13 is_stmt 0 view .LVU1083
 3777 001e 406A     		ldr	r0, [r0, #36]
 3778              	.LVL259:
1494:stm/stm32l4xx/STM32L4xx_HAL_Driver/Src/stm32l4xx_hal_tim_ex.c ****       break;
 3779              		.loc 1 1494 13 view .LVU1084
 3780 0020 FFF7FEFF 		bl	HAL_DMA_Abort_IT
 3781              	.LVL260:
1495:stm/stm32l4xx/STM32L4xx_HAL_Driver/Src/stm32l4xx_hal_tim_ex.c ****     }
 3782              		.loc 1 1495 7 is_stmt 1 view .LVU1085
1519:stm/stm32l4xx/STM32L4xx_HAL_Driver/Src/stm32l4xx_hal_tim_ex.c ****   {
 3783              		.loc 1 1519 3 view .LVU1086
 3784              	.L323:
1522:stm/stm32l4xx/STM32L4xx_HAL_Driver/Src/stm32l4xx_hal_tim_ex.c **** 
 3785              		.loc 1 1522 5 view .LVU1087
 3786 0024 0022     		movs	r2, #0
 3787 0026 2146     		mov	r1, r4
 3788 0028 2868     		ldr	r0, [r5]
 3789 002a FFF7FEFF 		bl	TIM_CCxNChannelCmd
 3790              	.LVL261:
1525:stm/stm32l4xx/STM32L4xx_HAL_Driver/Src/stm32l4xx_hal_tim_ex.c **** 
 3791              		.loc 1 1525 5 view .LVU1088
1525:stm/stm32l4xx/STM32L4xx_HAL_Driver/Src/stm32l4xx_hal_tim_ex.c **** 
 3792              		.loc 1 1525 5 view .LVU1089
 3793 002e 2B68     		ldr	r3, [r5]
 3794 0030 196A     		ldr	r1, [r3, #32]
 3795 0032 41F21112 		movw	r2, #4369
 3796 0036 1142     		tst	r1, r2
 3797 0038 08D1     		bne	.L324
1525:stm/stm32l4xx/STM32L4xx_HAL_Driver/Src/stm32l4xx_hal_tim_ex.c **** 
 3798              		.loc 1 1525 5 discriminator 1 view .LVU1090
 3799 003a 196A     		ldr	r1, [r3, #32]
 3800 003c 40F24442 		movw	r2, #1092
 3801 0040 1142     		tst	r1, r2
ARM GAS  /var/tmp//ccYgLLN5.s 			page 135


 3802 0042 03D1     		bne	.L324
1525:stm/stm32l4xx/STM32L4xx_HAL_Driver/Src/stm32l4xx_hal_tim_ex.c **** 
 3803              		.loc 1 1525 5 discriminator 3 view .LVU1091
 3804 0044 5A6C     		ldr	r2, [r3, #68]
 3805 0046 22F40042 		bic	r2, r2, #32768
 3806 004a 5A64     		str	r2, [r3, #68]
 3807              	.L324:
1525:stm/stm32l4xx/STM32L4xx_HAL_Driver/Src/stm32l4xx_hal_tim_ex.c **** 
 3808              		.loc 1 1525 5 discriminator 5 view .LVU1092
1528:stm/stm32l4xx/STM32L4xx_HAL_Driver/Src/stm32l4xx_hal_tim_ex.c **** 
 3809              		.loc 1 1528 5 discriminator 5 view .LVU1093
1528:stm/stm32l4xx/STM32L4xx_HAL_Driver/Src/stm32l4xx_hal_tim_ex.c **** 
 3810              		.loc 1 1528 5 discriminator 5 view .LVU1094
 3811 004c 2B68     		ldr	r3, [r5]
 3812 004e 196A     		ldr	r1, [r3, #32]
 3813 0050 41F21112 		movw	r2, #4369
 3814 0054 1142     		tst	r1, r2
 3815 0056 08D1     		bne	.L325
1528:stm/stm32l4xx/STM32L4xx_HAL_Driver/Src/stm32l4xx_hal_tim_ex.c **** 
 3816              		.loc 1 1528 5 discriminator 1 view .LVU1095
 3817 0058 196A     		ldr	r1, [r3, #32]
 3818 005a 40F24442 		movw	r2, #1092
 3819 005e 1142     		tst	r1, r2
 3820 0060 03D1     		bne	.L325
1528:stm/stm32l4xx/STM32L4xx_HAL_Driver/Src/stm32l4xx_hal_tim_ex.c **** 
 3821              		.loc 1 1528 5 discriminator 3 view .LVU1096
 3822 0062 1A68     		ldr	r2, [r3]
 3823 0064 22F00102 		bic	r2, r2, #1
 3824 0068 1A60     		str	r2, [r3]
 3825              	.L325:
1528:stm/stm32l4xx/STM32L4xx_HAL_Driver/Src/stm32l4xx_hal_tim_ex.c **** 
 3826              		.loc 1 1528 5 discriminator 5 view .LVU1097
1531:stm/stm32l4xx/STM32L4xx_HAL_Driver/Src/stm32l4xx_hal_tim_ex.c ****   }
 3827              		.loc 1 1531 5 discriminator 5 view .LVU1098
 3828 006a B4B9     		cbnz	r4, .L326
1531:stm/stm32l4xx/STM32L4xx_HAL_Driver/Src/stm32l4xx_hal_tim_ex.c ****   }
 3829              		.loc 1 1531 5 is_stmt 0 discriminator 1 view .LVU1099
 3830 006c 0123     		movs	r3, #1
 3831 006e 85F84430 		strb	r3, [r5, #68]
 3832 0072 0020     		movs	r0, #0
 3833 0074 CDE7     		b	.L322
 3834              	.LVL262:
 3835              	.L320:
1501:stm/stm32l4xx/STM32L4xx_HAL_Driver/Src/stm32l4xx_hal_tim_ex.c ****       (void)HAL_DMA_Abort_IT(htim->hdma[TIM_DMA_ID_CC2]);
 3836              		.loc 1 1501 7 is_stmt 1 view .LVU1100
 3837 0076 0268     		ldr	r2, [r0]
 3838 0078 D368     		ldr	r3, [r2, #12]
 3839 007a 23F48063 		bic	r3, r3, #1024
 3840 007e D360     		str	r3, [r2, #12]
1502:stm/stm32l4xx/STM32L4xx_HAL_Driver/Src/stm32l4xx_hal_tim_ex.c ****       break;
 3841              		.loc 1 1502 7 view .LVU1101
1502:stm/stm32l4xx/STM32L4xx_HAL_Driver/Src/stm32l4xx_hal_tim_ex.c ****       break;
 3842              		.loc 1 1502 13 is_stmt 0 view .LVU1102
 3843 0080 806A     		ldr	r0, [r0, #40]
 3844              	.LVL263:
1502:stm/stm32l4xx/STM32L4xx_HAL_Driver/Src/stm32l4xx_hal_tim_ex.c ****       break;
 3845              		.loc 1 1502 13 view .LVU1103
ARM GAS  /var/tmp//ccYgLLN5.s 			page 136


 3846 0082 FFF7FEFF 		bl	HAL_DMA_Abort_IT
 3847              	.LVL264:
1503:stm/stm32l4xx/STM32L4xx_HAL_Driver/Src/stm32l4xx_hal_tim_ex.c ****     }
 3848              		.loc 1 1503 7 is_stmt 1 view .LVU1104
1519:stm/stm32l4xx/STM32L4xx_HAL_Driver/Src/stm32l4xx_hal_tim_ex.c ****   {
 3849              		.loc 1 1519 3 view .LVU1105
 3850 0086 CDE7     		b	.L323
 3851              	.LVL265:
 3852              	.L321:
1509:stm/stm32l4xx/STM32L4xx_HAL_Driver/Src/stm32l4xx_hal_tim_ex.c ****       (void)HAL_DMA_Abort_IT(htim->hdma[TIM_DMA_ID_CC3]);
 3853              		.loc 1 1509 7 view .LVU1106
 3854 0088 0268     		ldr	r2, [r0]
 3855 008a D368     		ldr	r3, [r2, #12]
 3856 008c 23F40063 		bic	r3, r3, #2048
 3857 0090 D360     		str	r3, [r2, #12]
1510:stm/stm32l4xx/STM32L4xx_HAL_Driver/Src/stm32l4xx_hal_tim_ex.c ****       break;
 3858              		.loc 1 1510 7 view .LVU1107
1510:stm/stm32l4xx/STM32L4xx_HAL_Driver/Src/stm32l4xx_hal_tim_ex.c ****       break;
 3859              		.loc 1 1510 13 is_stmt 0 view .LVU1108
 3860 0092 C06A     		ldr	r0, [r0, #44]
 3861              	.LVL266:
1510:stm/stm32l4xx/STM32L4xx_HAL_Driver/Src/stm32l4xx_hal_tim_ex.c ****       break;
 3862              		.loc 1 1510 13 view .LVU1109
 3863 0094 FFF7FEFF 		bl	HAL_DMA_Abort_IT
 3864              	.LVL267:
1511:stm/stm32l4xx/STM32L4xx_HAL_Driver/Src/stm32l4xx_hal_tim_ex.c ****     }
 3865              		.loc 1 1511 7 is_stmt 1 view .LVU1110
1519:stm/stm32l4xx/STM32L4xx_HAL_Driver/Src/stm32l4xx_hal_tim_ex.c ****   {
 3866              		.loc 1 1519 3 view .LVU1111
 3867 0098 C4E7     		b	.L323
 3868              	.L326:
1531:stm/stm32l4xx/STM32L4xx_HAL_Driver/Src/stm32l4xx_hal_tim_ex.c ****   }
 3869              		.loc 1 1531 5 is_stmt 0 discriminator 2 view .LVU1112
 3870 009a 042C     		cmp	r4, #4
 3871 009c 06D0     		beq	.L332
1531:stm/stm32l4xx/STM32L4xx_HAL_Driver/Src/stm32l4xx_hal_tim_ex.c ****   }
 3872              		.loc 1 1531 5 discriminator 4 view .LVU1113
 3873 009e 082C     		cmp	r4, #8
 3874 00a0 09D0     		beq	.L333
1531:stm/stm32l4xx/STM32L4xx_HAL_Driver/Src/stm32l4xx_hal_tim_ex.c ****   }
 3875              		.loc 1 1531 5 discriminator 7 view .LVU1114
 3876 00a2 0123     		movs	r3, #1
 3877 00a4 85F84730 		strb	r3, [r5, #71]
 3878 00a8 0020     		movs	r0, #0
 3879 00aa B2E7     		b	.L322
 3880              	.L332:
1531:stm/stm32l4xx/STM32L4xx_HAL_Driver/Src/stm32l4xx_hal_tim_ex.c ****   }
 3881              		.loc 1 1531 5 discriminator 3 view .LVU1115
 3882 00ac 0123     		movs	r3, #1
 3883 00ae 85F84530 		strb	r3, [r5, #69]
 3884 00b2 0020     		movs	r0, #0
 3885 00b4 ADE7     		b	.L322
 3886              	.L333:
1531:stm/stm32l4xx/STM32L4xx_HAL_Driver/Src/stm32l4xx_hal_tim_ex.c ****   }
 3887              		.loc 1 1531 5 discriminator 6 view .LVU1116
 3888 00b6 0123     		movs	r3, #1
 3889 00b8 85F84630 		strb	r3, [r5, #70]
ARM GAS  /var/tmp//ccYgLLN5.s 			page 137


 3890 00bc 0020     		movs	r0, #0
 3891 00be A8E7     		b	.L322
 3892              		.cfi_endproc
 3893              	.LFE309:
 3895              		.section	.text.HAL_TIMEx_OnePulseN_Start,"ax",%progbits
 3896              		.align	1
 3897              		.global	HAL_TIMEx_OnePulseN_Start
 3898              		.syntax unified
 3899              		.thumb
 3900              		.thumb_func
 3902              	HAL_TIMEx_OnePulseN_Start:
 3903              	.LVL268:
 3904              	.LFB310:
1573:stm/stm32l4xx/STM32L4xx_HAL_Driver/Src/stm32l4xx_hal_tim_ex.c ****   uint32_t input_channel = (OutputChannel == TIM_CHANNEL_1) ? TIM_CHANNEL_2 : TIM_CHANNEL_1;
 3905              		.loc 1 1573 1 is_stmt 1 view -0
 3906              		.cfi_startproc
 3907              		@ args = 0, pretend = 0, frame = 0
 3908              		@ frame_needed = 0, uses_anonymous_args = 0
1573:stm/stm32l4xx/STM32L4xx_HAL_Driver/Src/stm32l4xx_hal_tim_ex.c ****   uint32_t input_channel = (OutputChannel == TIM_CHANNEL_1) ? TIM_CHANNEL_2 : TIM_CHANNEL_1;
 3909              		.loc 1 1573 1 is_stmt 0 view .LVU1118
 3910 0000 38B5     		push	{r3, r4, r5, lr}
 3911              	.LCFI26:
 3912              		.cfi_def_cfa_offset 16
 3913              		.cfi_offset 3, -16
 3914              		.cfi_offset 4, -12
 3915              		.cfi_offset 5, -8
 3916              		.cfi_offset 14, -4
 3917 0002 0446     		mov	r4, r0
1574:stm/stm32l4xx/STM32L4xx_HAL_Driver/Src/stm32l4xx_hal_tim_ex.c ****   HAL_TIM_ChannelStateTypeDef channel_1_state = TIM_CHANNEL_STATE_GET(htim, TIM_CHANNEL_1);
 3918              		.loc 1 1574 3 is_stmt 1 view .LVU1119
1574:stm/stm32l4xx/STM32L4xx_HAL_Driver/Src/stm32l4xx_hal_tim_ex.c ****   HAL_TIM_ChannelStateTypeDef channel_1_state = TIM_CHANNEL_STATE_GET(htim, TIM_CHANNEL_1);
 3919              		.loc 1 1574 77 is_stmt 0 view .LVU1120
 3920 0004 8E46     		mov	lr, r1
 3921 0006 C1B9     		cbnz	r1, .L337
 3922 0008 0425     		movs	r5, #4
 3923              	.L335:
 3924              	.LVL269:
1575:stm/stm32l4xx/STM32L4xx_HAL_Driver/Src/stm32l4xx_hal_tim_ex.c ****   HAL_TIM_ChannelStateTypeDef channel_2_state = TIM_CHANNEL_STATE_GET(htim, TIM_CHANNEL_2);
 3925              		.loc 1 1575 3 is_stmt 1 discriminator 4 view .LVU1121
1575:stm/stm32l4xx/STM32L4xx_HAL_Driver/Src/stm32l4xx_hal_tim_ex.c ****   HAL_TIM_ChannelStateTypeDef channel_2_state = TIM_CHANNEL_STATE_GET(htim, TIM_CHANNEL_2);
 3926              		.loc 1 1575 31 is_stmt 0 discriminator 4 view .LVU1122
 3927 000a 94F83E00 		ldrb	r0, [r4, #62]	@ zero_extendqisi2
 3928              	.LVL270:
1575:stm/stm32l4xx/STM32L4xx_HAL_Driver/Src/stm32l4xx_hal_tim_ex.c ****   HAL_TIM_ChannelStateTypeDef channel_2_state = TIM_CHANNEL_STATE_GET(htim, TIM_CHANNEL_2);
 3929              		.loc 1 1575 31 discriminator 4 view .LVU1123
 3930 000e C0B2     		uxtb	r0, r0
 3931              	.LVL271:
1576:stm/stm32l4xx/STM32L4xx_HAL_Driver/Src/stm32l4xx_hal_tim_ex.c ****   HAL_TIM_ChannelStateTypeDef complementary_channel_1_state = TIM_CHANNEL_N_STATE_GET(htim, TIM_CHA
 3932              		.loc 1 1576 3 is_stmt 1 discriminator 4 view .LVU1124
1576:stm/stm32l4xx/STM32L4xx_HAL_Driver/Src/stm32l4xx_hal_tim_ex.c ****   HAL_TIM_ChannelStateTypeDef complementary_channel_1_state = TIM_CHANNEL_N_STATE_GET(htim, TIM_CHA
 3933              		.loc 1 1576 31 is_stmt 0 discriminator 4 view .LVU1125
 3934 0010 94F83F30 		ldrb	r3, [r4, #63]	@ zero_extendqisi2
 3935 0014 DBB2     		uxtb	r3, r3
 3936              	.LVL272:
1577:stm/stm32l4xx/STM32L4xx_HAL_Driver/Src/stm32l4xx_hal_tim_ex.c ****   HAL_TIM_ChannelStateTypeDef complementary_channel_2_state = TIM_CHANNEL_N_STATE_GET(htim, TIM_CHA
 3937              		.loc 1 1577 3 is_stmt 1 discriminator 4 view .LVU1126
1577:stm/stm32l4xx/STM32L4xx_HAL_Driver/Src/stm32l4xx_hal_tim_ex.c ****   HAL_TIM_ChannelStateTypeDef complementary_channel_2_state = TIM_CHANNEL_N_STATE_GET(htim, TIM_CHA
ARM GAS  /var/tmp//ccYgLLN5.s 			page 138


 3938              		.loc 1 1577 31 is_stmt 0 discriminator 4 view .LVU1127
 3939 0016 94F84420 		ldrb	r2, [r4, #68]	@ zero_extendqisi2
 3940 001a D2B2     		uxtb	r2, r2
 3941              	.LVL273:
1578:stm/stm32l4xx/STM32L4xx_HAL_Driver/Src/stm32l4xx_hal_tim_ex.c **** 
 3942              		.loc 1 1578 3 is_stmt 1 discriminator 4 view .LVU1128
1578:stm/stm32l4xx/STM32L4xx_HAL_Driver/Src/stm32l4xx_hal_tim_ex.c **** 
 3943              		.loc 1 1578 31 is_stmt 0 discriminator 4 view .LVU1129
 3944 001c 94F845C0 		ldrb	ip, [r4, #69]	@ zero_extendqisi2
 3945 0020 5FFA8CFC 		uxtb	ip, ip
 3946              	.LVL274:
1581:stm/stm32l4xx/STM32L4xx_HAL_Driver/Src/stm32l4xx_hal_tim_ex.c **** 
 3947              		.loc 1 1581 3 is_stmt 1 discriminator 4 view .LVU1130
1584:stm/stm32l4xx/STM32L4xx_HAL_Driver/Src/stm32l4xx_hal_tim_ex.c ****       || (channel_2_state != HAL_TIM_CHANNEL_STATE_READY)
 3948              		.loc 1 1584 3 discriminator 4 view .LVU1131
1584:stm/stm32l4xx/STM32L4xx_HAL_Driver/Src/stm32l4xx_hal_tim_ex.c ****       || (channel_2_state != HAL_TIM_CHANNEL_STATE_READY)
 3949              		.loc 1 1584 6 is_stmt 0 discriminator 4 view .LVU1132
 3950 0024 0128     		cmp	r0, #1
 3951 0026 24D1     		bne	.L338
1585:stm/stm32l4xx/STM32L4xx_HAL_Driver/Src/stm32l4xx_hal_tim_ex.c ****       || (complementary_channel_1_state != HAL_TIM_CHANNEL_STATE_READY)
 3952              		.loc 1 1585 7 view .LVU1133
 3953 0028 012B     		cmp	r3, #1
 3954 002a 23D1     		bne	.L336
1586:stm/stm32l4xx/STM32L4xx_HAL_Driver/Src/stm32l4xx_hal_tim_ex.c ****       || (complementary_channel_2_state != HAL_TIM_CHANNEL_STATE_READY))
 3955              		.loc 1 1586 7 view .LVU1134
 3956 002c 012A     		cmp	r2, #1
 3957 002e 22D1     		bne	.L339
1587:stm/stm32l4xx/STM32L4xx_HAL_Driver/Src/stm32l4xx_hal_tim_ex.c ****   {
 3958              		.loc 1 1587 7 view .LVU1135
 3959 0030 BCF1010F 		cmp	ip, #1
 3960 0034 03D0     		beq	.L342
1589:stm/stm32l4xx/STM32L4xx_HAL_Driver/Src/stm32l4xx_hal_tim_ex.c ****   }
 3961              		.loc 1 1589 12 view .LVU1136
 3962 0036 1046     		mov	r0, r2
 3963              	.LVL275:
1589:stm/stm32l4xx/STM32L4xx_HAL_Driver/Src/stm32l4xx_hal_tim_ex.c ****   }
 3964              		.loc 1 1589 12 view .LVU1137
 3965 0038 1CE0     		b	.L336
 3966              	.LVL276:
 3967              	.L337:
1574:stm/stm32l4xx/STM32L4xx_HAL_Driver/Src/stm32l4xx_hal_tim_ex.c ****   HAL_TIM_ChannelStateTypeDef channel_1_state = TIM_CHANNEL_STATE_GET(htim, TIM_CHANNEL_1);
 3968              		.loc 1 1574 77 view .LVU1138
 3969 003a 0025     		movs	r5, #0
 3970 003c E5E7     		b	.L335
 3971              	.LVL277:
 3972              	.L342:
1593:stm/stm32l4xx/STM32L4xx_HAL_Driver/Src/stm32l4xx_hal_tim_ex.c ****   TIM_CHANNEL_STATE_SET(htim, TIM_CHANNEL_2, HAL_TIM_CHANNEL_STATE_BUSY);
 3973              		.loc 1 1593 3 is_stmt 1 view .LVU1139
 3974 003e 0223     		movs	r3, #2
 3975              	.LVL278:
1593:stm/stm32l4xx/STM32L4xx_HAL_Driver/Src/stm32l4xx_hal_tim_ex.c ****   TIM_CHANNEL_STATE_SET(htim, TIM_CHANNEL_2, HAL_TIM_CHANNEL_STATE_BUSY);
 3976              		.loc 1 1593 3 is_stmt 0 view .LVU1140
 3977 0040 84F83E30 		strb	r3, [r4, #62]
1594:stm/stm32l4xx/STM32L4xx_HAL_Driver/Src/stm32l4xx_hal_tim_ex.c ****   TIM_CHANNEL_N_STATE_SET(htim, TIM_CHANNEL_1, HAL_TIM_CHANNEL_STATE_BUSY);
 3978              		.loc 1 1594 3 is_stmt 1 view .LVU1141
 3979 0044 84F83F30 		strb	r3, [r4, #63]
1595:stm/stm32l4xx/STM32L4xx_HAL_Driver/Src/stm32l4xx_hal_tim_ex.c ****   TIM_CHANNEL_N_STATE_SET(htim, TIM_CHANNEL_2, HAL_TIM_CHANNEL_STATE_BUSY);
ARM GAS  /var/tmp//ccYgLLN5.s 			page 139


 3980              		.loc 1 1595 3 view .LVU1142
 3981 0048 84F84430 		strb	r3, [r4, #68]
1596:stm/stm32l4xx/STM32L4xx_HAL_Driver/Src/stm32l4xx_hal_tim_ex.c **** 
 3982              		.loc 1 1596 3 view .LVU1143
 3983 004c 84F84530 		strb	r3, [r4, #69]
1599:stm/stm32l4xx/STM32L4xx_HAL_Driver/Src/stm32l4xx_hal_tim_ex.c ****   TIM_CCxChannelCmd(htim->Instance, input_channel, TIM_CCx_ENABLE);
 3984              		.loc 1 1599 3 view .LVU1144
 3985 0050 0422     		movs	r2, #4
 3986              	.LVL279:
1599:stm/stm32l4xx/STM32L4xx_HAL_Driver/Src/stm32l4xx_hal_tim_ex.c ****   TIM_CCxChannelCmd(htim->Instance, input_channel, TIM_CCx_ENABLE);
 3987              		.loc 1 1599 3 is_stmt 0 view .LVU1145
 3988 0052 7146     		mov	r1, lr
 3989              	.LVL280:
1599:stm/stm32l4xx/STM32L4xx_HAL_Driver/Src/stm32l4xx_hal_tim_ex.c ****   TIM_CCxChannelCmd(htim->Instance, input_channel, TIM_CCx_ENABLE);
 3990              		.loc 1 1599 3 view .LVU1146
 3991 0054 2068     		ldr	r0, [r4]
 3992              	.LVL281:
1599:stm/stm32l4xx/STM32L4xx_HAL_Driver/Src/stm32l4xx_hal_tim_ex.c ****   TIM_CCxChannelCmd(htim->Instance, input_channel, TIM_CCx_ENABLE);
 3993              		.loc 1 1599 3 view .LVU1147
 3994 0056 FFF7FEFF 		bl	TIM_CCxNChannelCmd
 3995              	.LVL282:
1600:stm/stm32l4xx/STM32L4xx_HAL_Driver/Src/stm32l4xx_hal_tim_ex.c **** 
 3996              		.loc 1 1600 3 is_stmt 1 view .LVU1148
 3997 005a 0122     		movs	r2, #1
 3998 005c 2946     		mov	r1, r5
 3999 005e 2068     		ldr	r0, [r4]
 4000 0060 FFF7FEFF 		bl	TIM_CCxChannelCmd
 4001              	.LVL283:
1603:stm/stm32l4xx/STM32L4xx_HAL_Driver/Src/stm32l4xx_hal_tim_ex.c **** 
 4002              		.loc 1 1603 3 view .LVU1149
 4003 0064 2268     		ldr	r2, [r4]
 4004 0066 536C     		ldr	r3, [r2, #68]
 4005 0068 43F40043 		orr	r3, r3, #32768
 4006 006c 5364     		str	r3, [r2, #68]
1606:stm/stm32l4xx/STM32L4xx_HAL_Driver/Src/stm32l4xx_hal_tim_ex.c **** }
 4007              		.loc 1 1606 3 view .LVU1150
1606:stm/stm32l4xx/STM32L4xx_HAL_Driver/Src/stm32l4xx_hal_tim_ex.c **** }
 4008              		.loc 1 1606 10 is_stmt 0 view .LVU1151
 4009 006e 0020     		movs	r0, #0
 4010 0070 00E0     		b	.L336
 4011              	.LVL284:
 4012              	.L338:
1589:stm/stm32l4xx/STM32L4xx_HAL_Driver/Src/stm32l4xx_hal_tim_ex.c ****   }
 4013              		.loc 1 1589 12 view .LVU1152
 4014 0072 0120     		movs	r0, #1
 4015              	.LVL285:
 4016              	.L336:
1607:stm/stm32l4xx/STM32L4xx_HAL_Driver/Src/stm32l4xx_hal_tim_ex.c **** 
 4017              		.loc 1 1607 1 view .LVU1153
 4018 0074 38BD     		pop	{r3, r4, r5, pc}
 4019              	.LVL286:
 4020              	.L339:
1589:stm/stm32l4xx/STM32L4xx_HAL_Driver/Src/stm32l4xx_hal_tim_ex.c ****   }
 4021              		.loc 1 1589 12 view .LVU1154
 4022 0076 1846     		mov	r0, r3
 4023              	.LVL287:
1589:stm/stm32l4xx/STM32L4xx_HAL_Driver/Src/stm32l4xx_hal_tim_ex.c ****   }
ARM GAS  /var/tmp//ccYgLLN5.s 			page 140


 4024              		.loc 1 1589 12 view .LVU1155
 4025 0078 FCE7     		b	.L336
 4026              		.cfi_endproc
 4027              	.LFE310:
 4029              		.section	.text.HAL_TIMEx_OnePulseN_Stop,"ax",%progbits
 4030              		.align	1
 4031              		.global	HAL_TIMEx_OnePulseN_Stop
 4032              		.syntax unified
 4033              		.thumb
 4034              		.thumb_func
 4036              	HAL_TIMEx_OnePulseN_Stop:
 4037              	.LVL288:
 4038              	.LFB311:
1622:stm/stm32l4xx/STM32L4xx_HAL_Driver/Src/stm32l4xx_hal_tim_ex.c ****   uint32_t input_channel = (OutputChannel == TIM_CHANNEL_1) ? TIM_CHANNEL_2 : TIM_CHANNEL_1;
 4039              		.loc 1 1622 1 is_stmt 1 view -0
 4040              		.cfi_startproc
 4041              		@ args = 0, pretend = 0, frame = 0
 4042              		@ frame_needed = 0, uses_anonymous_args = 0
1622:stm/stm32l4xx/STM32L4xx_HAL_Driver/Src/stm32l4xx_hal_tim_ex.c ****   uint32_t input_channel = (OutputChannel == TIM_CHANNEL_1) ? TIM_CHANNEL_2 : TIM_CHANNEL_1;
 4043              		.loc 1 1622 1 is_stmt 0 view .LVU1157
 4044 0000 38B5     		push	{r3, r4, r5, lr}
 4045              	.LCFI27:
 4046              		.cfi_def_cfa_offset 16
 4047              		.cfi_offset 3, -16
 4048              		.cfi_offset 4, -12
 4049              		.cfi_offset 5, -8
 4050              		.cfi_offset 14, -4
 4051 0002 0446     		mov	r4, r0
1623:stm/stm32l4xx/STM32L4xx_HAL_Driver/Src/stm32l4xx_hal_tim_ex.c **** 
 4052              		.loc 1 1623 3 is_stmt 1 view .LVU1158
1623:stm/stm32l4xx/STM32L4xx_HAL_Driver/Src/stm32l4xx_hal_tim_ex.c **** 
 4053              		.loc 1 1623 77 is_stmt 0 view .LVU1159
 4054 0004 0029     		cmp	r1, #0
 4055 0006 32D1     		bne	.L347
 4056 0008 0425     		movs	r5, #4
 4057              	.L344:
 4058              	.LVL289:
1626:stm/stm32l4xx/STM32L4xx_HAL_Driver/Src/stm32l4xx_hal_tim_ex.c **** 
 4059              		.loc 1 1626 3 is_stmt 1 discriminator 4 view .LVU1160
1629:stm/stm32l4xx/STM32L4xx_HAL_Driver/Src/stm32l4xx_hal_tim_ex.c ****   TIM_CCxChannelCmd(htim->Instance, input_channel, TIM_CCx_DISABLE);
 4060              		.loc 1 1629 3 discriminator 4 view .LVU1161
 4061 000a 0022     		movs	r2, #0
 4062 000c 2068     		ldr	r0, [r4]
 4063              	.LVL290:
1629:stm/stm32l4xx/STM32L4xx_HAL_Driver/Src/stm32l4xx_hal_tim_ex.c ****   TIM_CCxChannelCmd(htim->Instance, input_channel, TIM_CCx_DISABLE);
 4064              		.loc 1 1629 3 is_stmt 0 discriminator 4 view .LVU1162
 4065 000e FFF7FEFF 		bl	TIM_CCxNChannelCmd
 4066              	.LVL291:
1630:stm/stm32l4xx/STM32L4xx_HAL_Driver/Src/stm32l4xx_hal_tim_ex.c **** 
 4067              		.loc 1 1630 3 is_stmt 1 discriminator 4 view .LVU1163
 4068 0012 0022     		movs	r2, #0
 4069 0014 2946     		mov	r1, r5
 4070 0016 2068     		ldr	r0, [r4]
 4071 0018 FFF7FEFF 		bl	TIM_CCxChannelCmd
 4072              	.LVL292:
1633:stm/stm32l4xx/STM32L4xx_HAL_Driver/Src/stm32l4xx_hal_tim_ex.c **** 
 4073              		.loc 1 1633 3 discriminator 4 view .LVU1164
ARM GAS  /var/tmp//ccYgLLN5.s 			page 141


1633:stm/stm32l4xx/STM32L4xx_HAL_Driver/Src/stm32l4xx_hal_tim_ex.c **** 
 4074              		.loc 1 1633 3 discriminator 4 view .LVU1165
 4075 001c 2368     		ldr	r3, [r4]
 4076 001e 196A     		ldr	r1, [r3, #32]
 4077 0020 41F21112 		movw	r2, #4369
 4078 0024 1142     		tst	r1, r2
 4079 0026 08D1     		bne	.L345
1633:stm/stm32l4xx/STM32L4xx_HAL_Driver/Src/stm32l4xx_hal_tim_ex.c **** 
 4080              		.loc 1 1633 3 discriminator 1 view .LVU1166
 4081 0028 196A     		ldr	r1, [r3, #32]
 4082 002a 40F24442 		movw	r2, #1092
 4083 002e 1142     		tst	r1, r2
 4084 0030 03D1     		bne	.L345
1633:stm/stm32l4xx/STM32L4xx_HAL_Driver/Src/stm32l4xx_hal_tim_ex.c **** 
 4085              		.loc 1 1633 3 discriminator 3 view .LVU1167
 4086 0032 5A6C     		ldr	r2, [r3, #68]
 4087 0034 22F40042 		bic	r2, r2, #32768
 4088 0038 5A64     		str	r2, [r3, #68]
 4089              	.L345:
1633:stm/stm32l4xx/STM32L4xx_HAL_Driver/Src/stm32l4xx_hal_tim_ex.c **** 
 4090              		.loc 1 1633 3 discriminator 5 view .LVU1168
1636:stm/stm32l4xx/STM32L4xx_HAL_Driver/Src/stm32l4xx_hal_tim_ex.c **** 
 4091              		.loc 1 1636 3 discriminator 5 view .LVU1169
1636:stm/stm32l4xx/STM32L4xx_HAL_Driver/Src/stm32l4xx_hal_tim_ex.c **** 
 4092              		.loc 1 1636 3 discriminator 5 view .LVU1170
 4093 003a 2368     		ldr	r3, [r4]
 4094 003c 196A     		ldr	r1, [r3, #32]
 4095 003e 41F21112 		movw	r2, #4369
 4096 0042 1142     		tst	r1, r2
 4097 0044 08D1     		bne	.L346
1636:stm/stm32l4xx/STM32L4xx_HAL_Driver/Src/stm32l4xx_hal_tim_ex.c **** 
 4098              		.loc 1 1636 3 discriminator 1 view .LVU1171
 4099 0046 196A     		ldr	r1, [r3, #32]
 4100 0048 40F24442 		movw	r2, #1092
 4101 004c 1142     		tst	r1, r2
 4102 004e 03D1     		bne	.L346
1636:stm/stm32l4xx/STM32L4xx_HAL_Driver/Src/stm32l4xx_hal_tim_ex.c **** 
 4103              		.loc 1 1636 3 discriminator 3 view .LVU1172
 4104 0050 1A68     		ldr	r2, [r3]
 4105 0052 22F00102 		bic	r2, r2, #1
 4106 0056 1A60     		str	r2, [r3]
 4107              	.L346:
1636:stm/stm32l4xx/STM32L4xx_HAL_Driver/Src/stm32l4xx_hal_tim_ex.c **** 
 4108              		.loc 1 1636 3 discriminator 5 view .LVU1173
1639:stm/stm32l4xx/STM32L4xx_HAL_Driver/Src/stm32l4xx_hal_tim_ex.c ****   TIM_CHANNEL_STATE_SET(htim, TIM_CHANNEL_2, HAL_TIM_CHANNEL_STATE_READY);
 4109              		.loc 1 1639 3 discriminator 5 view .LVU1174
 4110 0058 0123     		movs	r3, #1
 4111 005a 84F83E30 		strb	r3, [r4, #62]
1640:stm/stm32l4xx/STM32L4xx_HAL_Driver/Src/stm32l4xx_hal_tim_ex.c ****   TIM_CHANNEL_N_STATE_SET(htim, TIM_CHANNEL_1, HAL_TIM_CHANNEL_STATE_READY);
 4112              		.loc 1 1640 3 discriminator 5 view .LVU1175
 4113 005e 84F83F30 		strb	r3, [r4, #63]
1641:stm/stm32l4xx/STM32L4xx_HAL_Driver/Src/stm32l4xx_hal_tim_ex.c ****   TIM_CHANNEL_N_STATE_SET(htim, TIM_CHANNEL_2, HAL_TIM_CHANNEL_STATE_READY);
 4114              		.loc 1 1641 3 discriminator 5 view .LVU1176
 4115 0062 84F84430 		strb	r3, [r4, #68]
1642:stm/stm32l4xx/STM32L4xx_HAL_Driver/Src/stm32l4xx_hal_tim_ex.c **** 
 4116              		.loc 1 1642 3 discriminator 5 view .LVU1177
 4117 0066 84F84530 		strb	r3, [r4, #69]
ARM GAS  /var/tmp//ccYgLLN5.s 			page 142


1645:stm/stm32l4xx/STM32L4xx_HAL_Driver/Src/stm32l4xx_hal_tim_ex.c **** }
 4118              		.loc 1 1645 3 discriminator 5 view .LVU1178
1646:stm/stm32l4xx/STM32L4xx_HAL_Driver/Src/stm32l4xx_hal_tim_ex.c **** 
 4119              		.loc 1 1646 1 is_stmt 0 discriminator 5 view .LVU1179
 4120 006a 0020     		movs	r0, #0
 4121 006c 38BD     		pop	{r3, r4, r5, pc}
 4122              	.LVL293:
 4123              	.L347:
1623:stm/stm32l4xx/STM32L4xx_HAL_Driver/Src/stm32l4xx_hal_tim_ex.c **** 
 4124              		.loc 1 1623 77 view .LVU1180
 4125 006e 0025     		movs	r5, #0
 4126 0070 CBE7     		b	.L344
 4127              		.cfi_endproc
 4128              	.LFE311:
 4130              		.section	.text.HAL_TIMEx_OnePulseN_Start_IT,"ax",%progbits
 4131              		.align	1
 4132              		.global	HAL_TIMEx_OnePulseN_Start_IT
 4133              		.syntax unified
 4134              		.thumb
 4135              		.thumb_func
 4137              	HAL_TIMEx_OnePulseN_Start_IT:
 4138              	.LVL294:
 4139              	.LFB312:
1661:stm/stm32l4xx/STM32L4xx_HAL_Driver/Src/stm32l4xx_hal_tim_ex.c ****   uint32_t input_channel = (OutputChannel == TIM_CHANNEL_1) ? TIM_CHANNEL_2 : TIM_CHANNEL_1;
 4140              		.loc 1 1661 1 is_stmt 1 view -0
 4141              		.cfi_startproc
 4142              		@ args = 0, pretend = 0, frame = 0
 4143              		@ frame_needed = 0, uses_anonymous_args = 0
1661:stm/stm32l4xx/STM32L4xx_HAL_Driver/Src/stm32l4xx_hal_tim_ex.c ****   uint32_t input_channel = (OutputChannel == TIM_CHANNEL_1) ? TIM_CHANNEL_2 : TIM_CHANNEL_1;
 4144              		.loc 1 1661 1 is_stmt 0 view .LVU1182
 4145 0000 38B5     		push	{r3, r4, r5, lr}
 4146              	.LCFI28:
 4147              		.cfi_def_cfa_offset 16
 4148              		.cfi_offset 3, -16
 4149              		.cfi_offset 4, -12
 4150              		.cfi_offset 5, -8
 4151              		.cfi_offset 14, -4
 4152 0002 0446     		mov	r4, r0
1662:stm/stm32l4xx/STM32L4xx_HAL_Driver/Src/stm32l4xx_hal_tim_ex.c ****   HAL_TIM_ChannelStateTypeDef channel_1_state = TIM_CHANNEL_STATE_GET(htim, TIM_CHANNEL_1);
 4153              		.loc 1 1662 3 is_stmt 1 view .LVU1183
1662:stm/stm32l4xx/STM32L4xx_HAL_Driver/Src/stm32l4xx_hal_tim_ex.c ****   HAL_TIM_ChannelStateTypeDef channel_1_state = TIM_CHANNEL_STATE_GET(htim, TIM_CHANNEL_1);
 4154              		.loc 1 1662 77 is_stmt 0 view .LVU1184
 4155 0004 8E46     		mov	lr, r1
 4156 0006 C1B9     		cbnz	r1, .L352
 4157 0008 0425     		movs	r5, #4
 4158              	.L350:
 4159              	.LVL295:
1663:stm/stm32l4xx/STM32L4xx_HAL_Driver/Src/stm32l4xx_hal_tim_ex.c ****   HAL_TIM_ChannelStateTypeDef channel_2_state = TIM_CHANNEL_STATE_GET(htim, TIM_CHANNEL_2);
 4160              		.loc 1 1663 3 is_stmt 1 discriminator 4 view .LVU1185
1663:stm/stm32l4xx/STM32L4xx_HAL_Driver/Src/stm32l4xx_hal_tim_ex.c ****   HAL_TIM_ChannelStateTypeDef channel_2_state = TIM_CHANNEL_STATE_GET(htim, TIM_CHANNEL_2);
 4161              		.loc 1 1663 31 is_stmt 0 discriminator 4 view .LVU1186
 4162 000a 94F83E00 		ldrb	r0, [r4, #62]	@ zero_extendqisi2
 4163              	.LVL296:
1663:stm/stm32l4xx/STM32L4xx_HAL_Driver/Src/stm32l4xx_hal_tim_ex.c ****   HAL_TIM_ChannelStateTypeDef channel_2_state = TIM_CHANNEL_STATE_GET(htim, TIM_CHANNEL_2);
 4164              		.loc 1 1663 31 discriminator 4 view .LVU1187
 4165 000e C0B2     		uxtb	r0, r0
 4166              	.LVL297:
ARM GAS  /var/tmp//ccYgLLN5.s 			page 143


1664:stm/stm32l4xx/STM32L4xx_HAL_Driver/Src/stm32l4xx_hal_tim_ex.c ****   HAL_TIM_ChannelStateTypeDef complementary_channel_1_state = TIM_CHANNEL_N_STATE_GET(htim, TIM_CHA
 4167              		.loc 1 1664 3 is_stmt 1 discriminator 4 view .LVU1188
1664:stm/stm32l4xx/STM32L4xx_HAL_Driver/Src/stm32l4xx_hal_tim_ex.c ****   HAL_TIM_ChannelStateTypeDef complementary_channel_1_state = TIM_CHANNEL_N_STATE_GET(htim, TIM_CHA
 4168              		.loc 1 1664 31 is_stmt 0 discriminator 4 view .LVU1189
 4169 0010 94F83F30 		ldrb	r3, [r4, #63]	@ zero_extendqisi2
 4170 0014 DBB2     		uxtb	r3, r3
 4171              	.LVL298:
1665:stm/stm32l4xx/STM32L4xx_HAL_Driver/Src/stm32l4xx_hal_tim_ex.c ****   HAL_TIM_ChannelStateTypeDef complementary_channel_2_state = TIM_CHANNEL_N_STATE_GET(htim, TIM_CHA
 4172              		.loc 1 1665 3 is_stmt 1 discriminator 4 view .LVU1190
1665:stm/stm32l4xx/STM32L4xx_HAL_Driver/Src/stm32l4xx_hal_tim_ex.c ****   HAL_TIM_ChannelStateTypeDef complementary_channel_2_state = TIM_CHANNEL_N_STATE_GET(htim, TIM_CHA
 4173              		.loc 1 1665 31 is_stmt 0 discriminator 4 view .LVU1191
 4174 0016 94F84420 		ldrb	r2, [r4, #68]	@ zero_extendqisi2
 4175 001a D2B2     		uxtb	r2, r2
 4176              	.LVL299:
1666:stm/stm32l4xx/STM32L4xx_HAL_Driver/Src/stm32l4xx_hal_tim_ex.c **** 
 4177              		.loc 1 1666 3 is_stmt 1 discriminator 4 view .LVU1192
1666:stm/stm32l4xx/STM32L4xx_HAL_Driver/Src/stm32l4xx_hal_tim_ex.c **** 
 4178              		.loc 1 1666 31 is_stmt 0 discriminator 4 view .LVU1193
 4179 001c 94F845C0 		ldrb	ip, [r4, #69]	@ zero_extendqisi2
 4180 0020 5FFA8CFC 		uxtb	ip, ip
 4181              	.LVL300:
1669:stm/stm32l4xx/STM32L4xx_HAL_Driver/Src/stm32l4xx_hal_tim_ex.c **** 
 4182              		.loc 1 1669 3 is_stmt 1 discriminator 4 view .LVU1194
1672:stm/stm32l4xx/STM32L4xx_HAL_Driver/Src/stm32l4xx_hal_tim_ex.c ****       || (channel_2_state != HAL_TIM_CHANNEL_STATE_READY)
 4183              		.loc 1 1672 3 discriminator 4 view .LVU1195
1672:stm/stm32l4xx/STM32L4xx_HAL_Driver/Src/stm32l4xx_hal_tim_ex.c ****       || (channel_2_state != HAL_TIM_CHANNEL_STATE_READY)
 4184              		.loc 1 1672 6 is_stmt 0 discriminator 4 view .LVU1196
 4185 0024 0128     		cmp	r0, #1
 4186 0026 2ED1     		bne	.L353
1673:stm/stm32l4xx/STM32L4xx_HAL_Driver/Src/stm32l4xx_hal_tim_ex.c ****       || (complementary_channel_1_state != HAL_TIM_CHANNEL_STATE_READY)
 4187              		.loc 1 1673 7 view .LVU1197
 4188 0028 012B     		cmp	r3, #1
 4189 002a 2DD1     		bne	.L351
1674:stm/stm32l4xx/STM32L4xx_HAL_Driver/Src/stm32l4xx_hal_tim_ex.c ****       || (complementary_channel_2_state != HAL_TIM_CHANNEL_STATE_READY))
 4190              		.loc 1 1674 7 view .LVU1198
 4191 002c 012A     		cmp	r2, #1
 4192 002e 2CD1     		bne	.L354
1675:stm/stm32l4xx/STM32L4xx_HAL_Driver/Src/stm32l4xx_hal_tim_ex.c ****   {
 4193              		.loc 1 1675 7 view .LVU1199
 4194 0030 BCF1010F 		cmp	ip, #1
 4195 0034 03D0     		beq	.L357
1677:stm/stm32l4xx/STM32L4xx_HAL_Driver/Src/stm32l4xx_hal_tim_ex.c ****   }
 4196              		.loc 1 1677 12 view .LVU1200
 4197 0036 1046     		mov	r0, r2
 4198              	.LVL301:
1677:stm/stm32l4xx/STM32L4xx_HAL_Driver/Src/stm32l4xx_hal_tim_ex.c ****   }
 4199              		.loc 1 1677 12 view .LVU1201
 4200 0038 26E0     		b	.L351
 4201              	.LVL302:
 4202              	.L352:
1662:stm/stm32l4xx/STM32L4xx_HAL_Driver/Src/stm32l4xx_hal_tim_ex.c ****   HAL_TIM_ChannelStateTypeDef channel_1_state = TIM_CHANNEL_STATE_GET(htim, TIM_CHANNEL_1);
 4203              		.loc 1 1662 77 view .LVU1202
 4204 003a 0025     		movs	r5, #0
 4205 003c E5E7     		b	.L350
 4206              	.LVL303:
 4207              	.L357:
1681:stm/stm32l4xx/STM32L4xx_HAL_Driver/Src/stm32l4xx_hal_tim_ex.c ****   TIM_CHANNEL_STATE_SET(htim, TIM_CHANNEL_2, HAL_TIM_CHANNEL_STATE_BUSY);
ARM GAS  /var/tmp//ccYgLLN5.s 			page 144


 4208              		.loc 1 1681 3 is_stmt 1 view .LVU1203
 4209 003e 0223     		movs	r3, #2
 4210              	.LVL304:
1681:stm/stm32l4xx/STM32L4xx_HAL_Driver/Src/stm32l4xx_hal_tim_ex.c ****   TIM_CHANNEL_STATE_SET(htim, TIM_CHANNEL_2, HAL_TIM_CHANNEL_STATE_BUSY);
 4211              		.loc 1 1681 3 is_stmt 0 view .LVU1204
 4212 0040 84F83E30 		strb	r3, [r4, #62]
1682:stm/stm32l4xx/STM32L4xx_HAL_Driver/Src/stm32l4xx_hal_tim_ex.c ****   TIM_CHANNEL_N_STATE_SET(htim, TIM_CHANNEL_1, HAL_TIM_CHANNEL_STATE_BUSY);
 4213              		.loc 1 1682 3 is_stmt 1 view .LVU1205
 4214 0044 84F83F30 		strb	r3, [r4, #63]
1683:stm/stm32l4xx/STM32L4xx_HAL_Driver/Src/stm32l4xx_hal_tim_ex.c ****   TIM_CHANNEL_N_STATE_SET(htim, TIM_CHANNEL_2, HAL_TIM_CHANNEL_STATE_BUSY);
 4215              		.loc 1 1683 3 view .LVU1206
 4216 0048 84F84430 		strb	r3, [r4, #68]
1684:stm/stm32l4xx/STM32L4xx_HAL_Driver/Src/stm32l4xx_hal_tim_ex.c **** 
 4217              		.loc 1 1684 3 view .LVU1207
 4218 004c 84F84530 		strb	r3, [r4, #69]
1687:stm/stm32l4xx/STM32L4xx_HAL_Driver/Src/stm32l4xx_hal_tim_ex.c **** 
 4219              		.loc 1 1687 3 view .LVU1208
 4220 0050 2268     		ldr	r2, [r4]
 4221              	.LVL305:
1687:stm/stm32l4xx/STM32L4xx_HAL_Driver/Src/stm32l4xx_hal_tim_ex.c **** 
 4222              		.loc 1 1687 3 is_stmt 0 view .LVU1209
 4223 0052 D368     		ldr	r3, [r2, #12]
 4224 0054 43F00203 		orr	r3, r3, #2
 4225 0058 D360     		str	r3, [r2, #12]
1690:stm/stm32l4xx/STM32L4xx_HAL_Driver/Src/stm32l4xx_hal_tim_ex.c **** 
 4226              		.loc 1 1690 3 is_stmt 1 view .LVU1210
 4227 005a 2268     		ldr	r2, [r4]
 4228 005c D368     		ldr	r3, [r2, #12]
 4229 005e 43F00403 		orr	r3, r3, #4
 4230 0062 D360     		str	r3, [r2, #12]
1693:stm/stm32l4xx/STM32L4xx_HAL_Driver/Src/stm32l4xx_hal_tim_ex.c ****   TIM_CCxChannelCmd(htim->Instance, input_channel, TIM_CCx_ENABLE);
 4231              		.loc 1 1693 3 view .LVU1211
 4232 0064 0422     		movs	r2, #4
 4233 0066 7146     		mov	r1, lr
 4234              	.LVL306:
1693:stm/stm32l4xx/STM32L4xx_HAL_Driver/Src/stm32l4xx_hal_tim_ex.c ****   TIM_CCxChannelCmd(htim->Instance, input_channel, TIM_CCx_ENABLE);
 4235              		.loc 1 1693 3 is_stmt 0 view .LVU1212
 4236 0068 2068     		ldr	r0, [r4]
 4237              	.LVL307:
1693:stm/stm32l4xx/STM32L4xx_HAL_Driver/Src/stm32l4xx_hal_tim_ex.c ****   TIM_CCxChannelCmd(htim->Instance, input_channel, TIM_CCx_ENABLE);
 4238              		.loc 1 1693 3 view .LVU1213
 4239 006a FFF7FEFF 		bl	TIM_CCxNChannelCmd
 4240              	.LVL308:
1694:stm/stm32l4xx/STM32L4xx_HAL_Driver/Src/stm32l4xx_hal_tim_ex.c **** 
 4241              		.loc 1 1694 3 is_stmt 1 view .LVU1214
 4242 006e 0122     		movs	r2, #1
 4243 0070 2946     		mov	r1, r5
 4244 0072 2068     		ldr	r0, [r4]
 4245 0074 FFF7FEFF 		bl	TIM_CCxChannelCmd
 4246              	.LVL309:
1697:stm/stm32l4xx/STM32L4xx_HAL_Driver/Src/stm32l4xx_hal_tim_ex.c **** 
 4247              		.loc 1 1697 3 view .LVU1215
 4248 0078 2268     		ldr	r2, [r4]
 4249 007a 536C     		ldr	r3, [r2, #68]
 4250 007c 43F40043 		orr	r3, r3, #32768
 4251 0080 5364     		str	r3, [r2, #68]
1700:stm/stm32l4xx/STM32L4xx_HAL_Driver/Src/stm32l4xx_hal_tim_ex.c **** }
ARM GAS  /var/tmp//ccYgLLN5.s 			page 145


 4252              		.loc 1 1700 3 view .LVU1216
1700:stm/stm32l4xx/STM32L4xx_HAL_Driver/Src/stm32l4xx_hal_tim_ex.c **** }
 4253              		.loc 1 1700 10 is_stmt 0 view .LVU1217
 4254 0082 0020     		movs	r0, #0
 4255 0084 00E0     		b	.L351
 4256              	.LVL310:
 4257              	.L353:
1677:stm/stm32l4xx/STM32L4xx_HAL_Driver/Src/stm32l4xx_hal_tim_ex.c ****   }
 4258              		.loc 1 1677 12 view .LVU1218
 4259 0086 0120     		movs	r0, #1
 4260              	.LVL311:
 4261              	.L351:
1701:stm/stm32l4xx/STM32L4xx_HAL_Driver/Src/stm32l4xx_hal_tim_ex.c **** 
 4262              		.loc 1 1701 1 view .LVU1219
 4263 0088 38BD     		pop	{r3, r4, r5, pc}
 4264              	.LVL312:
 4265              	.L354:
1677:stm/stm32l4xx/STM32L4xx_HAL_Driver/Src/stm32l4xx_hal_tim_ex.c ****   }
 4266              		.loc 1 1677 12 view .LVU1220
 4267 008a 1846     		mov	r0, r3
 4268              	.LVL313:
1677:stm/stm32l4xx/STM32L4xx_HAL_Driver/Src/stm32l4xx_hal_tim_ex.c ****   }
 4269              		.loc 1 1677 12 view .LVU1221
 4270 008c FCE7     		b	.L351
 4271              		.cfi_endproc
 4272              	.LFE312:
 4274              		.section	.text.HAL_TIMEx_OnePulseN_Stop_IT,"ax",%progbits
 4275              		.align	1
 4276              		.global	HAL_TIMEx_OnePulseN_Stop_IT
 4277              		.syntax unified
 4278              		.thumb
 4279              		.thumb_func
 4281              	HAL_TIMEx_OnePulseN_Stop_IT:
 4282              	.LVL314:
 4283              	.LFB313:
1716:stm/stm32l4xx/STM32L4xx_HAL_Driver/Src/stm32l4xx_hal_tim_ex.c ****   uint32_t input_channel = (OutputChannel == TIM_CHANNEL_1) ? TIM_CHANNEL_2 : TIM_CHANNEL_1;
 4284              		.loc 1 1716 1 is_stmt 1 view -0
 4285              		.cfi_startproc
 4286              		@ args = 0, pretend = 0, frame = 0
 4287              		@ frame_needed = 0, uses_anonymous_args = 0
1716:stm/stm32l4xx/STM32L4xx_HAL_Driver/Src/stm32l4xx_hal_tim_ex.c ****   uint32_t input_channel = (OutputChannel == TIM_CHANNEL_1) ? TIM_CHANNEL_2 : TIM_CHANNEL_1;
 4288              		.loc 1 1716 1 is_stmt 0 view .LVU1223
 4289 0000 38B5     		push	{r3, r4, r5, lr}
 4290              	.LCFI29:
 4291              		.cfi_def_cfa_offset 16
 4292              		.cfi_offset 3, -16
 4293              		.cfi_offset 4, -12
 4294              		.cfi_offset 5, -8
 4295              		.cfi_offset 14, -4
 4296 0002 0446     		mov	r4, r0
1717:stm/stm32l4xx/STM32L4xx_HAL_Driver/Src/stm32l4xx_hal_tim_ex.c **** 
 4297              		.loc 1 1717 3 is_stmt 1 view .LVU1224
1717:stm/stm32l4xx/STM32L4xx_HAL_Driver/Src/stm32l4xx_hal_tim_ex.c **** 
 4298              		.loc 1 1717 77 is_stmt 0 view .LVU1225
 4299 0004 0029     		cmp	r1, #0
 4300 0006 3CD1     		bne	.L362
 4301 0008 0425     		movs	r5, #4
ARM GAS  /var/tmp//ccYgLLN5.s 			page 146


 4302              	.L359:
 4303              	.LVL315:
1720:stm/stm32l4xx/STM32L4xx_HAL_Driver/Src/stm32l4xx_hal_tim_ex.c **** 
 4304              		.loc 1 1720 3 is_stmt 1 discriminator 4 view .LVU1226
1723:stm/stm32l4xx/STM32L4xx_HAL_Driver/Src/stm32l4xx_hal_tim_ex.c **** 
 4305              		.loc 1 1723 3 discriminator 4 view .LVU1227
 4306 000a 2268     		ldr	r2, [r4]
 4307 000c D368     		ldr	r3, [r2, #12]
 4308 000e 23F00203 		bic	r3, r3, #2
 4309 0012 D360     		str	r3, [r2, #12]
1726:stm/stm32l4xx/STM32L4xx_HAL_Driver/Src/stm32l4xx_hal_tim_ex.c **** 
 4310              		.loc 1 1726 3 discriminator 4 view .LVU1228
 4311 0014 2268     		ldr	r2, [r4]
 4312 0016 D368     		ldr	r3, [r2, #12]
 4313 0018 23F00403 		bic	r3, r3, #4
 4314 001c D360     		str	r3, [r2, #12]
1729:stm/stm32l4xx/STM32L4xx_HAL_Driver/Src/stm32l4xx_hal_tim_ex.c ****   TIM_CCxChannelCmd(htim->Instance, input_channel, TIM_CCx_DISABLE);
 4315              		.loc 1 1729 3 discriminator 4 view .LVU1229
 4316 001e 0022     		movs	r2, #0
 4317 0020 2068     		ldr	r0, [r4]
 4318              	.LVL316:
1729:stm/stm32l4xx/STM32L4xx_HAL_Driver/Src/stm32l4xx_hal_tim_ex.c ****   TIM_CCxChannelCmd(htim->Instance, input_channel, TIM_CCx_DISABLE);
 4319              		.loc 1 1729 3 is_stmt 0 discriminator 4 view .LVU1230
 4320 0022 FFF7FEFF 		bl	TIM_CCxNChannelCmd
 4321              	.LVL317:
1730:stm/stm32l4xx/STM32L4xx_HAL_Driver/Src/stm32l4xx_hal_tim_ex.c **** 
 4322              		.loc 1 1730 3 is_stmt 1 discriminator 4 view .LVU1231
 4323 0026 0022     		movs	r2, #0
 4324 0028 2946     		mov	r1, r5
 4325 002a 2068     		ldr	r0, [r4]
 4326 002c FFF7FEFF 		bl	TIM_CCxChannelCmd
 4327              	.LVL318:
1733:stm/stm32l4xx/STM32L4xx_HAL_Driver/Src/stm32l4xx_hal_tim_ex.c **** 
 4328              		.loc 1 1733 3 discriminator 4 view .LVU1232
1733:stm/stm32l4xx/STM32L4xx_HAL_Driver/Src/stm32l4xx_hal_tim_ex.c **** 
 4329              		.loc 1 1733 3 discriminator 4 view .LVU1233
 4330 0030 2368     		ldr	r3, [r4]
 4331 0032 196A     		ldr	r1, [r3, #32]
 4332 0034 41F21112 		movw	r2, #4369
 4333 0038 1142     		tst	r1, r2
 4334 003a 08D1     		bne	.L360
1733:stm/stm32l4xx/STM32L4xx_HAL_Driver/Src/stm32l4xx_hal_tim_ex.c **** 
 4335              		.loc 1 1733 3 discriminator 1 view .LVU1234
 4336 003c 196A     		ldr	r1, [r3, #32]
 4337 003e 40F24442 		movw	r2, #1092
 4338 0042 1142     		tst	r1, r2
 4339 0044 03D1     		bne	.L360
1733:stm/stm32l4xx/STM32L4xx_HAL_Driver/Src/stm32l4xx_hal_tim_ex.c **** 
 4340              		.loc 1 1733 3 discriminator 3 view .LVU1235
 4341 0046 5A6C     		ldr	r2, [r3, #68]
 4342 0048 22F40042 		bic	r2, r2, #32768
 4343 004c 5A64     		str	r2, [r3, #68]
 4344              	.L360:
1733:stm/stm32l4xx/STM32L4xx_HAL_Driver/Src/stm32l4xx_hal_tim_ex.c **** 
 4345              		.loc 1 1733 3 discriminator 5 view .LVU1236
1736:stm/stm32l4xx/STM32L4xx_HAL_Driver/Src/stm32l4xx_hal_tim_ex.c **** 
 4346              		.loc 1 1736 3 discriminator 5 view .LVU1237
ARM GAS  /var/tmp//ccYgLLN5.s 			page 147


1736:stm/stm32l4xx/STM32L4xx_HAL_Driver/Src/stm32l4xx_hal_tim_ex.c **** 
 4347              		.loc 1 1736 3 discriminator 5 view .LVU1238
 4348 004e 2368     		ldr	r3, [r4]
 4349 0050 196A     		ldr	r1, [r3, #32]
 4350 0052 41F21112 		movw	r2, #4369
 4351 0056 1142     		tst	r1, r2
 4352 0058 08D1     		bne	.L361
1736:stm/stm32l4xx/STM32L4xx_HAL_Driver/Src/stm32l4xx_hal_tim_ex.c **** 
 4353              		.loc 1 1736 3 discriminator 1 view .LVU1239
 4354 005a 196A     		ldr	r1, [r3, #32]
 4355 005c 40F24442 		movw	r2, #1092
 4356 0060 1142     		tst	r1, r2
 4357 0062 03D1     		bne	.L361
1736:stm/stm32l4xx/STM32L4xx_HAL_Driver/Src/stm32l4xx_hal_tim_ex.c **** 
 4358              		.loc 1 1736 3 discriminator 3 view .LVU1240
 4359 0064 1A68     		ldr	r2, [r3]
 4360 0066 22F00102 		bic	r2, r2, #1
 4361 006a 1A60     		str	r2, [r3]
 4362              	.L361:
1736:stm/stm32l4xx/STM32L4xx_HAL_Driver/Src/stm32l4xx_hal_tim_ex.c **** 
 4363              		.loc 1 1736 3 discriminator 5 view .LVU1241
1739:stm/stm32l4xx/STM32L4xx_HAL_Driver/Src/stm32l4xx_hal_tim_ex.c ****   TIM_CHANNEL_STATE_SET(htim, TIM_CHANNEL_2, HAL_TIM_CHANNEL_STATE_READY);
 4364              		.loc 1 1739 3 discriminator 5 view .LVU1242
 4365 006c 0123     		movs	r3, #1
 4366 006e 84F83E30 		strb	r3, [r4, #62]
1740:stm/stm32l4xx/STM32L4xx_HAL_Driver/Src/stm32l4xx_hal_tim_ex.c ****   TIM_CHANNEL_N_STATE_SET(htim, TIM_CHANNEL_1, HAL_TIM_CHANNEL_STATE_READY);
 4367              		.loc 1 1740 3 discriminator 5 view .LVU1243
 4368 0072 84F83F30 		strb	r3, [r4, #63]
1741:stm/stm32l4xx/STM32L4xx_HAL_Driver/Src/stm32l4xx_hal_tim_ex.c ****   TIM_CHANNEL_N_STATE_SET(htim, TIM_CHANNEL_2, HAL_TIM_CHANNEL_STATE_READY);
 4369              		.loc 1 1741 3 discriminator 5 view .LVU1244
 4370 0076 84F84430 		strb	r3, [r4, #68]
1742:stm/stm32l4xx/STM32L4xx_HAL_Driver/Src/stm32l4xx_hal_tim_ex.c **** 
 4371              		.loc 1 1742 3 discriminator 5 view .LVU1245
 4372 007a 84F84530 		strb	r3, [r4, #69]
1745:stm/stm32l4xx/STM32L4xx_HAL_Driver/Src/stm32l4xx_hal_tim_ex.c **** }
 4373              		.loc 1 1745 3 discriminator 5 view .LVU1246
1746:stm/stm32l4xx/STM32L4xx_HAL_Driver/Src/stm32l4xx_hal_tim_ex.c **** 
 4374              		.loc 1 1746 1 is_stmt 0 discriminator 5 view .LVU1247
 4375 007e 0020     		movs	r0, #0
 4376 0080 38BD     		pop	{r3, r4, r5, pc}
 4377              	.LVL319:
 4378              	.L362:
1717:stm/stm32l4xx/STM32L4xx_HAL_Driver/Src/stm32l4xx_hal_tim_ex.c **** 
 4379              		.loc 1 1717 77 view .LVU1248
 4380 0082 0025     		movs	r5, #0
 4381 0084 C1E7     		b	.L359
 4382              		.cfi_endproc
 4383              	.LFE313:
 4385              		.section	.text.HAL_TIMEx_ConfigCommutEvent,"ax",%progbits
 4386              		.align	1
 4387              		.global	HAL_TIMEx_ConfigCommutEvent
 4388              		.syntax unified
 4389              		.thumb
 4390              		.thumb_func
 4392              	HAL_TIMEx_ConfigCommutEvent:
 4393              	.LVL320:
 4394              	.LFB314:
ARM GAS  /var/tmp//ccYgLLN5.s 			page 148


1797:stm/stm32l4xx/STM32L4xx_HAL_Driver/Src/stm32l4xx_hal_tim_ex.c ****   /* Check the parameters */
 4395              		.loc 1 1797 1 is_stmt 1 view -0
 4396              		.cfi_startproc
 4397              		@ args = 0, pretend = 0, frame = 0
 4398              		@ frame_needed = 0, uses_anonymous_args = 0
 4399              		@ link register save eliminated.
1797:stm/stm32l4xx/STM32L4xx_HAL_Driver/Src/stm32l4xx_hal_tim_ex.c ****   /* Check the parameters */
 4400              		.loc 1 1797 1 is_stmt 0 view .LVU1250
 4401 0000 0346     		mov	r3, r0
1799:stm/stm32l4xx/STM32L4xx_HAL_Driver/Src/stm32l4xx_hal_tim_ex.c ****   assert_param(IS_TIM_INTERNAL_TRIGGEREVENT_SELECTION(InputTrigger));
 4402              		.loc 1 1799 3 is_stmt 1 view .LVU1251
1800:stm/stm32l4xx/STM32L4xx_HAL_Driver/Src/stm32l4xx_hal_tim_ex.c **** 
 4403              		.loc 1 1800 3 view .LVU1252
1802:stm/stm32l4xx/STM32L4xx_HAL_Driver/Src/stm32l4xx_hal_tim_ex.c **** 
 4404              		.loc 1 1802 3 view .LVU1253
1802:stm/stm32l4xx/STM32L4xx_HAL_Driver/Src/stm32l4xx_hal_tim_ex.c **** 
 4405              		.loc 1 1802 3 view .LVU1254
 4406 0002 90F83C00 		ldrb	r0, [r0, #60]	@ zero_extendqisi2
 4407              	.LVL321:
1802:stm/stm32l4xx/STM32L4xx_HAL_Driver/Src/stm32l4xx_hal_tim_ex.c **** 
 4408              		.loc 1 1802 3 is_stmt 0 view .LVU1255
 4409 0006 0128     		cmp	r0, #1
 4410 0008 31D0     		beq	.L368
1797:stm/stm32l4xx/STM32L4xx_HAL_Driver/Src/stm32l4xx_hal_tim_ex.c ****   /* Check the parameters */
 4411              		.loc 1 1797 1 discriminator 2 view .LVU1256
 4412 000a 10B4     		push	{r4}
 4413              	.LCFI30:
 4414              		.cfi_def_cfa_offset 4
 4415              		.cfi_offset 4, -4
1802:stm/stm32l4xx/STM32L4xx_HAL_Driver/Src/stm32l4xx_hal_tim_ex.c **** 
 4416              		.loc 1 1802 3 is_stmt 1 discriminator 2 view .LVU1257
 4417 000c 0120     		movs	r0, #1
 4418 000e 83F83C00 		strb	r0, [r3, #60]
1802:stm/stm32l4xx/STM32L4xx_HAL_Driver/Src/stm32l4xx_hal_tim_ex.c **** 
 4419              		.loc 1 1802 3 discriminator 2 view .LVU1258
1804:stm/stm32l4xx/STM32L4xx_HAL_Driver/Src/stm32l4xx_hal_tim_ex.c ****       (InputTrigger == TIM_TS_ITR2) || (InputTrigger == TIM_TS_ITR3))
 4420              		.loc 1 1804 3 discriminator 2 view .LVU1259
1804:stm/stm32l4xx/STM32L4xx_HAL_Driver/Src/stm32l4xx_hal_tim_ex.c ****       (InputTrigger == TIM_TS_ITR2) || (InputTrigger == TIM_TS_ITR3))
 4421              		.loc 1 1804 6 is_stmt 0 discriminator 2 view .LVU1260
 4422 0012 29B1     		cbz	r1, .L366
1804:stm/stm32l4xx/STM32L4xx_HAL_Driver/Src/stm32l4xx_hal_tim_ex.c ****       (InputTrigger == TIM_TS_ITR2) || (InputTrigger == TIM_TS_ITR3))
 4423              		.loc 1 1804 37 discriminator 1 view .LVU1261
 4424 0014 1029     		cmp	r1, #16
 4425 0016 03D0     		beq	.L366
1804:stm/stm32l4xx/STM32L4xx_HAL_Driver/Src/stm32l4xx_hal_tim_ex.c ****       (InputTrigger == TIM_TS_ITR2) || (InputTrigger == TIM_TS_ITR3))
 4426              		.loc 1 1804 70 discriminator 2 view .LVU1262
 4427 0018 2029     		cmp	r1, #32
 4428 001a 01D0     		beq	.L366
1805:stm/stm32l4xx/STM32L4xx_HAL_Driver/Src/stm32l4xx_hal_tim_ex.c ****   {
 4429              		.loc 1 1805 37 view .LVU1263
 4430 001c 3029     		cmp	r1, #48
 4431 001e 08D1     		bne	.L367
 4432              	.L366:
1808:stm/stm32l4xx/STM32L4xx_HAL_Driver/Src/stm32l4xx_hal_tim_ex.c ****     htim->Instance->SMCR |= InputTrigger;
 4433              		.loc 1 1808 5 is_stmt 1 view .LVU1264
1808:stm/stm32l4xx/STM32L4xx_HAL_Driver/Src/stm32l4xx_hal_tim_ex.c ****     htim->Instance->SMCR |= InputTrigger;
 4434              		.loc 1 1808 9 is_stmt 0 view .LVU1265
ARM GAS  /var/tmp//ccYgLLN5.s 			page 149


 4435 0020 1C68     		ldr	r4, [r3]
1808:stm/stm32l4xx/STM32L4xx_HAL_Driver/Src/stm32l4xx_hal_tim_ex.c ****     htim->Instance->SMCR |= InputTrigger;
 4436              		.loc 1 1808 19 view .LVU1266
 4437 0022 A068     		ldr	r0, [r4, #8]
1808:stm/stm32l4xx/STM32L4xx_HAL_Driver/Src/stm32l4xx_hal_tim_ex.c ****     htim->Instance->SMCR |= InputTrigger;
 4438              		.loc 1 1808 26 view .LVU1267
 4439 0024 20F07000 		bic	r0, r0, #112
 4440 0028 A060     		str	r0, [r4, #8]
1809:stm/stm32l4xx/STM32L4xx_HAL_Driver/Src/stm32l4xx_hal_tim_ex.c ****   }
 4441              		.loc 1 1809 5 is_stmt 1 view .LVU1268
1809:stm/stm32l4xx/STM32L4xx_HAL_Driver/Src/stm32l4xx_hal_tim_ex.c ****   }
 4442              		.loc 1 1809 9 is_stmt 0 view .LVU1269
 4443 002a 1C68     		ldr	r4, [r3]
1809:stm/stm32l4xx/STM32L4xx_HAL_Driver/Src/stm32l4xx_hal_tim_ex.c ****   }
 4444              		.loc 1 1809 19 view .LVU1270
 4445 002c A068     		ldr	r0, [r4, #8]
1809:stm/stm32l4xx/STM32L4xx_HAL_Driver/Src/stm32l4xx_hal_tim_ex.c ****   }
 4446              		.loc 1 1809 26 view .LVU1271
 4447 002e 0143     		orrs	r1, r1, r0
 4448              	.LVL322:
1809:stm/stm32l4xx/STM32L4xx_HAL_Driver/Src/stm32l4xx_hal_tim_ex.c ****   }
 4449              		.loc 1 1809 26 view .LVU1272
 4450 0030 A160     		str	r1, [r4, #8]
 4451              	.L367:
1813:stm/stm32l4xx/STM32L4xx_HAL_Driver/Src/stm32l4xx_hal_tim_ex.c ****   /* Select the Commutation event source */
 4452              		.loc 1 1813 3 is_stmt 1 view .LVU1273
1813:stm/stm32l4xx/STM32L4xx_HAL_Driver/Src/stm32l4xx_hal_tim_ex.c ****   /* Select the Commutation event source */
 4453              		.loc 1 1813 7 is_stmt 0 view .LVU1274
 4454 0032 1868     		ldr	r0, [r3]
1813:stm/stm32l4xx/STM32L4xx_HAL_Driver/Src/stm32l4xx_hal_tim_ex.c ****   /* Select the Commutation event source */
 4455              		.loc 1 1813 17 view .LVU1275
 4456 0034 4168     		ldr	r1, [r0, #4]
1813:stm/stm32l4xx/STM32L4xx_HAL_Driver/Src/stm32l4xx_hal_tim_ex.c ****   /* Select the Commutation event source */
 4457              		.loc 1 1813 23 view .LVU1276
 4458 0036 41F00101 		orr	r1, r1, #1
 4459 003a 4160     		str	r1, [r0, #4]
1815:stm/stm32l4xx/STM32L4xx_HAL_Driver/Src/stm32l4xx_hal_tim_ex.c ****   htim->Instance->CR2 |= CommutationSource;
 4460              		.loc 1 1815 3 is_stmt 1 view .LVU1277
1815:stm/stm32l4xx/STM32L4xx_HAL_Driver/Src/stm32l4xx_hal_tim_ex.c ****   htim->Instance->CR2 |= CommutationSource;
 4461              		.loc 1 1815 7 is_stmt 0 view .LVU1278
 4462 003c 1868     		ldr	r0, [r3]
1815:stm/stm32l4xx/STM32L4xx_HAL_Driver/Src/stm32l4xx_hal_tim_ex.c ****   htim->Instance->CR2 |= CommutationSource;
 4463              		.loc 1 1815 17 view .LVU1279
 4464 003e 4168     		ldr	r1, [r0, #4]
1815:stm/stm32l4xx/STM32L4xx_HAL_Driver/Src/stm32l4xx_hal_tim_ex.c ****   htim->Instance->CR2 |= CommutationSource;
 4465              		.loc 1 1815 23 view .LVU1280
 4466 0040 21F00401 		bic	r1, r1, #4
 4467 0044 4160     		str	r1, [r0, #4]
1816:stm/stm32l4xx/STM32L4xx_HAL_Driver/Src/stm32l4xx_hal_tim_ex.c **** 
 4468              		.loc 1 1816 3 is_stmt 1 view .LVU1281
1816:stm/stm32l4xx/STM32L4xx_HAL_Driver/Src/stm32l4xx_hal_tim_ex.c **** 
 4469              		.loc 1 1816 7 is_stmt 0 view .LVU1282
 4470 0046 1868     		ldr	r0, [r3]
1816:stm/stm32l4xx/STM32L4xx_HAL_Driver/Src/stm32l4xx_hal_tim_ex.c **** 
 4471              		.loc 1 1816 17 view .LVU1283
 4472 0048 4168     		ldr	r1, [r0, #4]
1816:stm/stm32l4xx/STM32L4xx_HAL_Driver/Src/stm32l4xx_hal_tim_ex.c **** 
ARM GAS  /var/tmp//ccYgLLN5.s 			page 150


 4473              		.loc 1 1816 23 view .LVU1284
 4474 004a 0A43     		orrs	r2, r2, r1
 4475              	.LVL323:
1816:stm/stm32l4xx/STM32L4xx_HAL_Driver/Src/stm32l4xx_hal_tim_ex.c **** 
 4476              		.loc 1 1816 23 view .LVU1285
 4477 004c 4260     		str	r2, [r0, #4]
1819:stm/stm32l4xx/STM32L4xx_HAL_Driver/Src/stm32l4xx_hal_tim_ex.c **** 
 4478              		.loc 1 1819 3 is_stmt 1 view .LVU1286
 4479 004e 1968     		ldr	r1, [r3]
 4480 0050 CA68     		ldr	r2, [r1, #12]
 4481 0052 22F02002 		bic	r2, r2, #32
 4482 0056 CA60     		str	r2, [r1, #12]
1822:stm/stm32l4xx/STM32L4xx_HAL_Driver/Src/stm32l4xx_hal_tim_ex.c **** 
 4483              		.loc 1 1822 3 view .LVU1287
 4484 0058 1968     		ldr	r1, [r3]
 4485 005a CA68     		ldr	r2, [r1, #12]
 4486 005c 22F40052 		bic	r2, r2, #8192
 4487 0060 CA60     		str	r2, [r1, #12]
1824:stm/stm32l4xx/STM32L4xx_HAL_Driver/Src/stm32l4xx_hal_tim_ex.c **** 
 4488              		.loc 1 1824 3 view .LVU1288
1824:stm/stm32l4xx/STM32L4xx_HAL_Driver/Src/stm32l4xx_hal_tim_ex.c **** 
 4489              		.loc 1 1824 3 view .LVU1289
 4490 0062 0020     		movs	r0, #0
 4491 0064 83F83C00 		strb	r0, [r3, #60]
1824:stm/stm32l4xx/STM32L4xx_HAL_Driver/Src/stm32l4xx_hal_tim_ex.c **** 
 4492              		.loc 1 1824 3 view .LVU1290
1826:stm/stm32l4xx/STM32L4xx_HAL_Driver/Src/stm32l4xx_hal_tim_ex.c **** }
 4493              		.loc 1 1826 3 view .LVU1291
1827:stm/stm32l4xx/STM32L4xx_HAL_Driver/Src/stm32l4xx_hal_tim_ex.c **** 
 4494              		.loc 1 1827 1 is_stmt 0 view .LVU1292
 4495 0068 5DF8044B 		ldr	r4, [sp], #4
 4496              	.LCFI31:
 4497              		.cfi_restore 4
 4498              		.cfi_def_cfa_offset 0
 4499 006c 7047     		bx	lr
 4500              	.LVL324:
 4501              	.L368:
1802:stm/stm32l4xx/STM32L4xx_HAL_Driver/Src/stm32l4xx_hal_tim_ex.c **** 
 4502              		.loc 1 1802 3 view .LVU1293
 4503 006e 0220     		movs	r0, #2
1827:stm/stm32l4xx/STM32L4xx_HAL_Driver/Src/stm32l4xx_hal_tim_ex.c **** 
 4504              		.loc 1 1827 1 view .LVU1294
 4505 0070 7047     		bx	lr
 4506              		.cfi_endproc
 4507              	.LFE314:
 4509              		.section	.text.HAL_TIMEx_ConfigCommutEvent_IT,"ax",%progbits
 4510              		.align	1
 4511              		.global	HAL_TIMEx_ConfigCommutEvent_IT
 4512              		.syntax unified
 4513              		.thumb
 4514              		.thumb_func
 4516              	HAL_TIMEx_ConfigCommutEvent_IT:
 4517              	.LVL325:
 4518              	.LFB315:
1853:stm/stm32l4xx/STM32L4xx_HAL_Driver/Src/stm32l4xx_hal_tim_ex.c ****   /* Check the parameters */
 4519              		.loc 1 1853 1 is_stmt 1 view -0
 4520              		.cfi_startproc
ARM GAS  /var/tmp//ccYgLLN5.s 			page 151


 4521              		@ args = 0, pretend = 0, frame = 0
 4522              		@ frame_needed = 0, uses_anonymous_args = 0
 4523              		@ link register save eliminated.
1853:stm/stm32l4xx/STM32L4xx_HAL_Driver/Src/stm32l4xx_hal_tim_ex.c ****   /* Check the parameters */
 4524              		.loc 1 1853 1 is_stmt 0 view .LVU1296
 4525 0000 0346     		mov	r3, r0
1855:stm/stm32l4xx/STM32L4xx_HAL_Driver/Src/stm32l4xx_hal_tim_ex.c ****   assert_param(IS_TIM_INTERNAL_TRIGGEREVENT_SELECTION(InputTrigger));
 4526              		.loc 1 1855 3 is_stmt 1 view .LVU1297
1856:stm/stm32l4xx/STM32L4xx_HAL_Driver/Src/stm32l4xx_hal_tim_ex.c **** 
 4527              		.loc 1 1856 3 view .LVU1298
1858:stm/stm32l4xx/STM32L4xx_HAL_Driver/Src/stm32l4xx_hal_tim_ex.c **** 
 4528              		.loc 1 1858 3 view .LVU1299
1858:stm/stm32l4xx/STM32L4xx_HAL_Driver/Src/stm32l4xx_hal_tim_ex.c **** 
 4529              		.loc 1 1858 3 view .LVU1300
 4530 0002 90F83C00 		ldrb	r0, [r0, #60]	@ zero_extendqisi2
 4531              	.LVL326:
1858:stm/stm32l4xx/STM32L4xx_HAL_Driver/Src/stm32l4xx_hal_tim_ex.c **** 
 4532              		.loc 1 1858 3 is_stmt 0 view .LVU1301
 4533 0006 0128     		cmp	r0, #1
 4534 0008 31D0     		beq	.L377
1853:stm/stm32l4xx/STM32L4xx_HAL_Driver/Src/stm32l4xx_hal_tim_ex.c ****   /* Check the parameters */
 4535              		.loc 1 1853 1 discriminator 2 view .LVU1302
 4536 000a 10B4     		push	{r4}
 4537              	.LCFI32:
 4538              		.cfi_def_cfa_offset 4
 4539              		.cfi_offset 4, -4
1858:stm/stm32l4xx/STM32L4xx_HAL_Driver/Src/stm32l4xx_hal_tim_ex.c **** 
 4540              		.loc 1 1858 3 is_stmt 1 discriminator 2 view .LVU1303
 4541 000c 0120     		movs	r0, #1
 4542 000e 83F83C00 		strb	r0, [r3, #60]
1858:stm/stm32l4xx/STM32L4xx_HAL_Driver/Src/stm32l4xx_hal_tim_ex.c **** 
 4543              		.loc 1 1858 3 discriminator 2 view .LVU1304
1860:stm/stm32l4xx/STM32L4xx_HAL_Driver/Src/stm32l4xx_hal_tim_ex.c ****       (InputTrigger == TIM_TS_ITR2) || (InputTrigger == TIM_TS_ITR3))
 4544              		.loc 1 1860 3 discriminator 2 view .LVU1305
1860:stm/stm32l4xx/STM32L4xx_HAL_Driver/Src/stm32l4xx_hal_tim_ex.c ****       (InputTrigger == TIM_TS_ITR2) || (InputTrigger == TIM_TS_ITR3))
 4545              		.loc 1 1860 6 is_stmt 0 discriminator 2 view .LVU1306
 4546 0012 29B1     		cbz	r1, .L375
1860:stm/stm32l4xx/STM32L4xx_HAL_Driver/Src/stm32l4xx_hal_tim_ex.c ****       (InputTrigger == TIM_TS_ITR2) || (InputTrigger == TIM_TS_ITR3))
 4547              		.loc 1 1860 37 discriminator 1 view .LVU1307
 4548 0014 1029     		cmp	r1, #16
 4549 0016 03D0     		beq	.L375
1860:stm/stm32l4xx/STM32L4xx_HAL_Driver/Src/stm32l4xx_hal_tim_ex.c ****       (InputTrigger == TIM_TS_ITR2) || (InputTrigger == TIM_TS_ITR3))
 4550              		.loc 1 1860 70 discriminator 2 view .LVU1308
 4551 0018 2029     		cmp	r1, #32
 4552 001a 01D0     		beq	.L375
1861:stm/stm32l4xx/STM32L4xx_HAL_Driver/Src/stm32l4xx_hal_tim_ex.c ****   {
 4553              		.loc 1 1861 37 view .LVU1309
 4554 001c 3029     		cmp	r1, #48
 4555 001e 08D1     		bne	.L376
 4556              	.L375:
1864:stm/stm32l4xx/STM32L4xx_HAL_Driver/Src/stm32l4xx_hal_tim_ex.c ****     htim->Instance->SMCR |= InputTrigger;
 4557              		.loc 1 1864 5 is_stmt 1 view .LVU1310
1864:stm/stm32l4xx/STM32L4xx_HAL_Driver/Src/stm32l4xx_hal_tim_ex.c ****     htim->Instance->SMCR |= InputTrigger;
 4558              		.loc 1 1864 9 is_stmt 0 view .LVU1311
 4559 0020 1C68     		ldr	r4, [r3]
1864:stm/stm32l4xx/STM32L4xx_HAL_Driver/Src/stm32l4xx_hal_tim_ex.c ****     htim->Instance->SMCR |= InputTrigger;
 4560              		.loc 1 1864 19 view .LVU1312
ARM GAS  /var/tmp//ccYgLLN5.s 			page 152


 4561 0022 A068     		ldr	r0, [r4, #8]
1864:stm/stm32l4xx/STM32L4xx_HAL_Driver/Src/stm32l4xx_hal_tim_ex.c ****     htim->Instance->SMCR |= InputTrigger;
 4562              		.loc 1 1864 26 view .LVU1313
 4563 0024 20F07000 		bic	r0, r0, #112
 4564 0028 A060     		str	r0, [r4, #8]
1865:stm/stm32l4xx/STM32L4xx_HAL_Driver/Src/stm32l4xx_hal_tim_ex.c ****   }
 4565              		.loc 1 1865 5 is_stmt 1 view .LVU1314
1865:stm/stm32l4xx/STM32L4xx_HAL_Driver/Src/stm32l4xx_hal_tim_ex.c ****   }
 4566              		.loc 1 1865 9 is_stmt 0 view .LVU1315
 4567 002a 1C68     		ldr	r4, [r3]
1865:stm/stm32l4xx/STM32L4xx_HAL_Driver/Src/stm32l4xx_hal_tim_ex.c ****   }
 4568              		.loc 1 1865 19 view .LVU1316
 4569 002c A068     		ldr	r0, [r4, #8]
1865:stm/stm32l4xx/STM32L4xx_HAL_Driver/Src/stm32l4xx_hal_tim_ex.c ****   }
 4570              		.loc 1 1865 26 view .LVU1317
 4571 002e 0143     		orrs	r1, r1, r0
 4572              	.LVL327:
1865:stm/stm32l4xx/STM32L4xx_HAL_Driver/Src/stm32l4xx_hal_tim_ex.c ****   }
 4573              		.loc 1 1865 26 view .LVU1318
 4574 0030 A160     		str	r1, [r4, #8]
 4575              	.L376:
1869:stm/stm32l4xx/STM32L4xx_HAL_Driver/Src/stm32l4xx_hal_tim_ex.c ****   /* Select the Commutation event source */
 4576              		.loc 1 1869 3 is_stmt 1 view .LVU1319
1869:stm/stm32l4xx/STM32L4xx_HAL_Driver/Src/stm32l4xx_hal_tim_ex.c ****   /* Select the Commutation event source */
 4577              		.loc 1 1869 7 is_stmt 0 view .LVU1320
 4578 0032 1868     		ldr	r0, [r3]
1869:stm/stm32l4xx/STM32L4xx_HAL_Driver/Src/stm32l4xx_hal_tim_ex.c ****   /* Select the Commutation event source */
 4579              		.loc 1 1869 17 view .LVU1321
 4580 0034 4168     		ldr	r1, [r0, #4]
1869:stm/stm32l4xx/STM32L4xx_HAL_Driver/Src/stm32l4xx_hal_tim_ex.c ****   /* Select the Commutation event source */
 4581              		.loc 1 1869 23 view .LVU1322
 4582 0036 41F00101 		orr	r1, r1, #1
 4583 003a 4160     		str	r1, [r0, #4]
1871:stm/stm32l4xx/STM32L4xx_HAL_Driver/Src/stm32l4xx_hal_tim_ex.c ****   htim->Instance->CR2 |= CommutationSource;
 4584              		.loc 1 1871 3 is_stmt 1 view .LVU1323
1871:stm/stm32l4xx/STM32L4xx_HAL_Driver/Src/stm32l4xx_hal_tim_ex.c ****   htim->Instance->CR2 |= CommutationSource;
 4585              		.loc 1 1871 7 is_stmt 0 view .LVU1324
 4586 003c 1868     		ldr	r0, [r3]
1871:stm/stm32l4xx/STM32L4xx_HAL_Driver/Src/stm32l4xx_hal_tim_ex.c ****   htim->Instance->CR2 |= CommutationSource;
 4587              		.loc 1 1871 17 view .LVU1325
 4588 003e 4168     		ldr	r1, [r0, #4]
1871:stm/stm32l4xx/STM32L4xx_HAL_Driver/Src/stm32l4xx_hal_tim_ex.c ****   htim->Instance->CR2 |= CommutationSource;
 4589              		.loc 1 1871 23 view .LVU1326
 4590 0040 21F00401 		bic	r1, r1, #4
 4591 0044 4160     		str	r1, [r0, #4]
1872:stm/stm32l4xx/STM32L4xx_HAL_Driver/Src/stm32l4xx_hal_tim_ex.c **** 
 4592              		.loc 1 1872 3 is_stmt 1 view .LVU1327
1872:stm/stm32l4xx/STM32L4xx_HAL_Driver/Src/stm32l4xx_hal_tim_ex.c **** 
 4593              		.loc 1 1872 7 is_stmt 0 view .LVU1328
 4594 0046 1868     		ldr	r0, [r3]
1872:stm/stm32l4xx/STM32L4xx_HAL_Driver/Src/stm32l4xx_hal_tim_ex.c **** 
 4595              		.loc 1 1872 17 view .LVU1329
 4596 0048 4168     		ldr	r1, [r0, #4]
1872:stm/stm32l4xx/STM32L4xx_HAL_Driver/Src/stm32l4xx_hal_tim_ex.c **** 
 4597              		.loc 1 1872 23 view .LVU1330
 4598 004a 0A43     		orrs	r2, r2, r1
 4599              	.LVL328:
ARM GAS  /var/tmp//ccYgLLN5.s 			page 153


1872:stm/stm32l4xx/STM32L4xx_HAL_Driver/Src/stm32l4xx_hal_tim_ex.c **** 
 4600              		.loc 1 1872 23 view .LVU1331
 4601 004c 4260     		str	r2, [r0, #4]
1875:stm/stm32l4xx/STM32L4xx_HAL_Driver/Src/stm32l4xx_hal_tim_ex.c **** 
 4602              		.loc 1 1875 3 is_stmt 1 view .LVU1332
 4603 004e 1968     		ldr	r1, [r3]
 4604 0050 CA68     		ldr	r2, [r1, #12]
 4605 0052 22F40052 		bic	r2, r2, #8192
 4606 0056 CA60     		str	r2, [r1, #12]
1878:stm/stm32l4xx/STM32L4xx_HAL_Driver/Src/stm32l4xx_hal_tim_ex.c **** 
 4607              		.loc 1 1878 3 view .LVU1333
 4608 0058 1968     		ldr	r1, [r3]
 4609 005a CA68     		ldr	r2, [r1, #12]
 4610 005c 42F02002 		orr	r2, r2, #32
 4611 0060 CA60     		str	r2, [r1, #12]
1880:stm/stm32l4xx/STM32L4xx_HAL_Driver/Src/stm32l4xx_hal_tim_ex.c **** 
 4612              		.loc 1 1880 3 view .LVU1334
1880:stm/stm32l4xx/STM32L4xx_HAL_Driver/Src/stm32l4xx_hal_tim_ex.c **** 
 4613              		.loc 1 1880 3 view .LVU1335
 4614 0062 0020     		movs	r0, #0
 4615 0064 83F83C00 		strb	r0, [r3, #60]
1880:stm/stm32l4xx/STM32L4xx_HAL_Driver/Src/stm32l4xx_hal_tim_ex.c **** 
 4616              		.loc 1 1880 3 view .LVU1336
1882:stm/stm32l4xx/STM32L4xx_HAL_Driver/Src/stm32l4xx_hal_tim_ex.c **** }
 4617              		.loc 1 1882 3 view .LVU1337
1883:stm/stm32l4xx/STM32L4xx_HAL_Driver/Src/stm32l4xx_hal_tim_ex.c **** 
 4618              		.loc 1 1883 1 is_stmt 0 view .LVU1338
 4619 0068 5DF8044B 		ldr	r4, [sp], #4
 4620              	.LCFI33:
 4621              		.cfi_restore 4
 4622              		.cfi_def_cfa_offset 0
 4623 006c 7047     		bx	lr
 4624              	.LVL329:
 4625              	.L377:
1858:stm/stm32l4xx/STM32L4xx_HAL_Driver/Src/stm32l4xx_hal_tim_ex.c **** 
 4626              		.loc 1 1858 3 view .LVU1339
 4627 006e 0220     		movs	r0, #2
1883:stm/stm32l4xx/STM32L4xx_HAL_Driver/Src/stm32l4xx_hal_tim_ex.c **** 
 4628              		.loc 1 1883 1 view .LVU1340
 4629 0070 7047     		bx	lr
 4630              		.cfi_endproc
 4631              	.LFE315:
 4633              		.section	.text.HAL_TIMEx_ConfigCommutEvent_DMA,"ax",%progbits
 4634              		.align	1
 4635              		.global	HAL_TIMEx_ConfigCommutEvent_DMA
 4636              		.syntax unified
 4637              		.thumb
 4638              		.thumb_func
 4640              	HAL_TIMEx_ConfigCommutEvent_DMA:
 4641              	.LVL330:
 4642              	.LFB316:
1910:stm/stm32l4xx/STM32L4xx_HAL_Driver/Src/stm32l4xx_hal_tim_ex.c ****   /* Check the parameters */
 4643              		.loc 1 1910 1 is_stmt 1 view -0
 4644              		.cfi_startproc
 4645              		@ args = 0, pretend = 0, frame = 0
 4646              		@ frame_needed = 0, uses_anonymous_args = 0
 4647              		@ link register save eliminated.
ARM GAS  /var/tmp//ccYgLLN5.s 			page 154


1910:stm/stm32l4xx/STM32L4xx_HAL_Driver/Src/stm32l4xx_hal_tim_ex.c ****   /* Check the parameters */
 4648              		.loc 1 1910 1 is_stmt 0 view .LVU1342
 4649 0000 0346     		mov	r3, r0
1912:stm/stm32l4xx/STM32L4xx_HAL_Driver/Src/stm32l4xx_hal_tim_ex.c ****   assert_param(IS_TIM_INTERNAL_TRIGGEREVENT_SELECTION(InputTrigger));
 4650              		.loc 1 1912 3 is_stmt 1 view .LVU1343
1913:stm/stm32l4xx/STM32L4xx_HAL_Driver/Src/stm32l4xx_hal_tim_ex.c **** 
 4651              		.loc 1 1913 3 view .LVU1344
1915:stm/stm32l4xx/STM32L4xx_HAL_Driver/Src/stm32l4xx_hal_tim_ex.c **** 
 4652              		.loc 1 1915 3 view .LVU1345
1915:stm/stm32l4xx/STM32L4xx_HAL_Driver/Src/stm32l4xx_hal_tim_ex.c **** 
 4653              		.loc 1 1915 3 view .LVU1346
 4654 0002 90F83C00 		ldrb	r0, [r0, #60]	@ zero_extendqisi2
 4655              	.LVL331:
1915:stm/stm32l4xx/STM32L4xx_HAL_Driver/Src/stm32l4xx_hal_tim_ex.c **** 
 4656              		.loc 1 1915 3 is_stmt 0 view .LVU1347
 4657 0006 0128     		cmp	r0, #1
 4658 0008 3AD0     		beq	.L386
1910:stm/stm32l4xx/STM32L4xx_HAL_Driver/Src/stm32l4xx_hal_tim_ex.c ****   /* Check the parameters */
 4659              		.loc 1 1910 1 discriminator 2 view .LVU1348
 4660 000a 10B4     		push	{r4}
 4661              	.LCFI34:
 4662              		.cfi_def_cfa_offset 4
 4663              		.cfi_offset 4, -4
1915:stm/stm32l4xx/STM32L4xx_HAL_Driver/Src/stm32l4xx_hal_tim_ex.c **** 
 4664              		.loc 1 1915 3 is_stmt 1 discriminator 2 view .LVU1349
 4665 000c 0120     		movs	r0, #1
 4666 000e 83F83C00 		strb	r0, [r3, #60]
1915:stm/stm32l4xx/STM32L4xx_HAL_Driver/Src/stm32l4xx_hal_tim_ex.c **** 
 4667              		.loc 1 1915 3 discriminator 2 view .LVU1350
1917:stm/stm32l4xx/STM32L4xx_HAL_Driver/Src/stm32l4xx_hal_tim_ex.c ****       (InputTrigger == TIM_TS_ITR2) || (InputTrigger == TIM_TS_ITR3))
 4668              		.loc 1 1917 3 discriminator 2 view .LVU1351
1917:stm/stm32l4xx/STM32L4xx_HAL_Driver/Src/stm32l4xx_hal_tim_ex.c ****       (InputTrigger == TIM_TS_ITR2) || (InputTrigger == TIM_TS_ITR3))
 4669              		.loc 1 1917 6 is_stmt 0 discriminator 2 view .LVU1352
 4670 0012 29B1     		cbz	r1, .L384
1917:stm/stm32l4xx/STM32L4xx_HAL_Driver/Src/stm32l4xx_hal_tim_ex.c ****       (InputTrigger == TIM_TS_ITR2) || (InputTrigger == TIM_TS_ITR3))
 4671              		.loc 1 1917 37 discriminator 1 view .LVU1353
 4672 0014 1029     		cmp	r1, #16
 4673 0016 03D0     		beq	.L384
1917:stm/stm32l4xx/STM32L4xx_HAL_Driver/Src/stm32l4xx_hal_tim_ex.c ****       (InputTrigger == TIM_TS_ITR2) || (InputTrigger == TIM_TS_ITR3))
 4674              		.loc 1 1917 70 discriminator 2 view .LVU1354
 4675 0018 2029     		cmp	r1, #32
 4676 001a 01D0     		beq	.L384
1918:stm/stm32l4xx/STM32L4xx_HAL_Driver/Src/stm32l4xx_hal_tim_ex.c ****   {
 4677              		.loc 1 1918 37 view .LVU1355
 4678 001c 3029     		cmp	r1, #48
 4679 001e 08D1     		bne	.L385
 4680              	.L384:
1921:stm/stm32l4xx/STM32L4xx_HAL_Driver/Src/stm32l4xx_hal_tim_ex.c ****     htim->Instance->SMCR |= InputTrigger;
 4681              		.loc 1 1921 5 is_stmt 1 view .LVU1356
1921:stm/stm32l4xx/STM32L4xx_HAL_Driver/Src/stm32l4xx_hal_tim_ex.c ****     htim->Instance->SMCR |= InputTrigger;
 4682              		.loc 1 1921 9 is_stmt 0 view .LVU1357
 4683 0020 1C68     		ldr	r4, [r3]
1921:stm/stm32l4xx/STM32L4xx_HAL_Driver/Src/stm32l4xx_hal_tim_ex.c ****     htim->Instance->SMCR |= InputTrigger;
 4684              		.loc 1 1921 19 view .LVU1358
 4685 0022 A068     		ldr	r0, [r4, #8]
1921:stm/stm32l4xx/STM32L4xx_HAL_Driver/Src/stm32l4xx_hal_tim_ex.c ****     htim->Instance->SMCR |= InputTrigger;
 4686              		.loc 1 1921 26 view .LVU1359
ARM GAS  /var/tmp//ccYgLLN5.s 			page 155


 4687 0024 20F07000 		bic	r0, r0, #112
 4688 0028 A060     		str	r0, [r4, #8]
1922:stm/stm32l4xx/STM32L4xx_HAL_Driver/Src/stm32l4xx_hal_tim_ex.c ****   }
 4689              		.loc 1 1922 5 is_stmt 1 view .LVU1360
1922:stm/stm32l4xx/STM32L4xx_HAL_Driver/Src/stm32l4xx_hal_tim_ex.c ****   }
 4690              		.loc 1 1922 9 is_stmt 0 view .LVU1361
 4691 002a 1C68     		ldr	r4, [r3]
1922:stm/stm32l4xx/STM32L4xx_HAL_Driver/Src/stm32l4xx_hal_tim_ex.c ****   }
 4692              		.loc 1 1922 19 view .LVU1362
 4693 002c A068     		ldr	r0, [r4, #8]
1922:stm/stm32l4xx/STM32L4xx_HAL_Driver/Src/stm32l4xx_hal_tim_ex.c ****   }
 4694              		.loc 1 1922 26 view .LVU1363
 4695 002e 0143     		orrs	r1, r1, r0
 4696              	.LVL332:
1922:stm/stm32l4xx/STM32L4xx_HAL_Driver/Src/stm32l4xx_hal_tim_ex.c ****   }
 4697              		.loc 1 1922 26 view .LVU1364
 4698 0030 A160     		str	r1, [r4, #8]
 4699              	.L385:
1926:stm/stm32l4xx/STM32L4xx_HAL_Driver/Src/stm32l4xx_hal_tim_ex.c ****   /* Select the Commutation event source */
 4700              		.loc 1 1926 3 is_stmt 1 view .LVU1365
1926:stm/stm32l4xx/STM32L4xx_HAL_Driver/Src/stm32l4xx_hal_tim_ex.c ****   /* Select the Commutation event source */
 4701              		.loc 1 1926 7 is_stmt 0 view .LVU1366
 4702 0032 1868     		ldr	r0, [r3]
1926:stm/stm32l4xx/STM32L4xx_HAL_Driver/Src/stm32l4xx_hal_tim_ex.c ****   /* Select the Commutation event source */
 4703              		.loc 1 1926 17 view .LVU1367
 4704 0034 4168     		ldr	r1, [r0, #4]
1926:stm/stm32l4xx/STM32L4xx_HAL_Driver/Src/stm32l4xx_hal_tim_ex.c ****   /* Select the Commutation event source */
 4705              		.loc 1 1926 23 view .LVU1368
 4706 0036 41F00101 		orr	r1, r1, #1
 4707 003a 4160     		str	r1, [r0, #4]
1928:stm/stm32l4xx/STM32L4xx_HAL_Driver/Src/stm32l4xx_hal_tim_ex.c ****   htim->Instance->CR2 |= CommutationSource;
 4708              		.loc 1 1928 3 is_stmt 1 view .LVU1369
1928:stm/stm32l4xx/STM32L4xx_HAL_Driver/Src/stm32l4xx_hal_tim_ex.c ****   htim->Instance->CR2 |= CommutationSource;
 4709              		.loc 1 1928 7 is_stmt 0 view .LVU1370
 4710 003c 1868     		ldr	r0, [r3]
1928:stm/stm32l4xx/STM32L4xx_HAL_Driver/Src/stm32l4xx_hal_tim_ex.c ****   htim->Instance->CR2 |= CommutationSource;
 4711              		.loc 1 1928 17 view .LVU1371
 4712 003e 4168     		ldr	r1, [r0, #4]
1928:stm/stm32l4xx/STM32L4xx_HAL_Driver/Src/stm32l4xx_hal_tim_ex.c ****   htim->Instance->CR2 |= CommutationSource;
 4713              		.loc 1 1928 23 view .LVU1372
 4714 0040 21F00401 		bic	r1, r1, #4
 4715 0044 4160     		str	r1, [r0, #4]
1929:stm/stm32l4xx/STM32L4xx_HAL_Driver/Src/stm32l4xx_hal_tim_ex.c **** 
 4716              		.loc 1 1929 3 is_stmt 1 view .LVU1373
1929:stm/stm32l4xx/STM32L4xx_HAL_Driver/Src/stm32l4xx_hal_tim_ex.c **** 
 4717              		.loc 1 1929 7 is_stmt 0 view .LVU1374
 4718 0046 1868     		ldr	r0, [r3]
1929:stm/stm32l4xx/STM32L4xx_HAL_Driver/Src/stm32l4xx_hal_tim_ex.c **** 
 4719              		.loc 1 1929 17 view .LVU1375
 4720 0048 4168     		ldr	r1, [r0, #4]
1929:stm/stm32l4xx/STM32L4xx_HAL_Driver/Src/stm32l4xx_hal_tim_ex.c **** 
 4721              		.loc 1 1929 23 view .LVU1376
 4722 004a 0A43     		orrs	r2, r2, r1
 4723              	.LVL333:
1929:stm/stm32l4xx/STM32L4xx_HAL_Driver/Src/stm32l4xx_hal_tim_ex.c **** 
 4724              		.loc 1 1929 23 view .LVU1377
 4725 004c 4260     		str	r2, [r0, #4]
ARM GAS  /var/tmp//ccYgLLN5.s 			page 156


1933:stm/stm32l4xx/STM32L4xx_HAL_Driver/Src/stm32l4xx_hal_tim_ex.c ****   htim->hdma[TIM_DMA_ID_COMMUTATION]->XferHalfCpltCallback = TIMEx_DMACommutationHalfCplt;
 4726              		.loc 1 1933 3 is_stmt 1 view .LVU1378
1933:stm/stm32l4xx/STM32L4xx_HAL_Driver/Src/stm32l4xx_hal_tim_ex.c ****   htim->hdma[TIM_DMA_ID_COMMUTATION]->XferHalfCpltCallback = TIMEx_DMACommutationHalfCplt;
 4727              		.loc 1 1933 13 is_stmt 0 view .LVU1379
 4728 004e 5A6B     		ldr	r2, [r3, #52]
1933:stm/stm32l4xx/STM32L4xx_HAL_Driver/Src/stm32l4xx_hal_tim_ex.c ****   htim->hdma[TIM_DMA_ID_COMMUTATION]->XferHalfCpltCallback = TIMEx_DMACommutationHalfCplt;
 4729              		.loc 1 1933 56 view .LVU1380
 4730 0050 0C49     		ldr	r1, .L391
 4731 0052 D162     		str	r1, [r2, #44]
1934:stm/stm32l4xx/STM32L4xx_HAL_Driver/Src/stm32l4xx_hal_tim_ex.c ****   /* Set the DMA error callback */
 4732              		.loc 1 1934 3 is_stmt 1 view .LVU1381
1934:stm/stm32l4xx/STM32L4xx_HAL_Driver/Src/stm32l4xx_hal_tim_ex.c ****   /* Set the DMA error callback */
 4733              		.loc 1 1934 13 is_stmt 0 view .LVU1382
 4734 0054 5A6B     		ldr	r2, [r3, #52]
1934:stm/stm32l4xx/STM32L4xx_HAL_Driver/Src/stm32l4xx_hal_tim_ex.c ****   /* Set the DMA error callback */
 4735              		.loc 1 1934 60 view .LVU1383
 4736 0056 0C49     		ldr	r1, .L391+4
 4737 0058 1163     		str	r1, [r2, #48]
1936:stm/stm32l4xx/STM32L4xx_HAL_Driver/Src/stm32l4xx_hal_tim_ex.c **** 
 4738              		.loc 1 1936 3 is_stmt 1 view .LVU1384
1936:stm/stm32l4xx/STM32L4xx_HAL_Driver/Src/stm32l4xx_hal_tim_ex.c **** 
 4739              		.loc 1 1936 13 is_stmt 0 view .LVU1385
 4740 005a 5A6B     		ldr	r2, [r3, #52]
1936:stm/stm32l4xx/STM32L4xx_HAL_Driver/Src/stm32l4xx_hal_tim_ex.c **** 
 4741              		.loc 1 1936 57 view .LVU1386
 4742 005c 0B49     		ldr	r1, .L391+8
 4743 005e 5163     		str	r1, [r2, #52]
1939:stm/stm32l4xx/STM32L4xx_HAL_Driver/Src/stm32l4xx_hal_tim_ex.c **** 
 4744              		.loc 1 1939 3 is_stmt 1 view .LVU1387
 4745 0060 1968     		ldr	r1, [r3]
 4746 0062 CA68     		ldr	r2, [r1, #12]
 4747 0064 22F02002 		bic	r2, r2, #32
 4748 0068 CA60     		str	r2, [r1, #12]
1942:stm/stm32l4xx/STM32L4xx_HAL_Driver/Src/stm32l4xx_hal_tim_ex.c **** 
 4749              		.loc 1 1942 3 view .LVU1388
 4750 006a 1968     		ldr	r1, [r3]
 4751 006c CA68     		ldr	r2, [r1, #12]
 4752 006e 42F40052 		orr	r2, r2, #8192
 4753 0072 CA60     		str	r2, [r1, #12]
1944:stm/stm32l4xx/STM32L4xx_HAL_Driver/Src/stm32l4xx_hal_tim_ex.c **** 
 4754              		.loc 1 1944 3 view .LVU1389
1944:stm/stm32l4xx/STM32L4xx_HAL_Driver/Src/stm32l4xx_hal_tim_ex.c **** 
 4755              		.loc 1 1944 3 view .LVU1390
 4756 0074 0020     		movs	r0, #0
 4757 0076 83F83C00 		strb	r0, [r3, #60]
1944:stm/stm32l4xx/STM32L4xx_HAL_Driver/Src/stm32l4xx_hal_tim_ex.c **** 
 4758              		.loc 1 1944 3 view .LVU1391
1946:stm/stm32l4xx/STM32L4xx_HAL_Driver/Src/stm32l4xx_hal_tim_ex.c **** }
 4759              		.loc 1 1946 3 view .LVU1392
1947:stm/stm32l4xx/STM32L4xx_HAL_Driver/Src/stm32l4xx_hal_tim_ex.c **** 
 4760              		.loc 1 1947 1 is_stmt 0 view .LVU1393
 4761 007a 5DF8044B 		ldr	r4, [sp], #4
 4762              	.LCFI35:
 4763              		.cfi_restore 4
 4764              		.cfi_def_cfa_offset 0
 4765 007e 7047     		bx	lr
 4766              	.LVL334:
ARM GAS  /var/tmp//ccYgLLN5.s 			page 157


 4767              	.L386:
1915:stm/stm32l4xx/STM32L4xx_HAL_Driver/Src/stm32l4xx_hal_tim_ex.c **** 
 4768              		.loc 1 1915 3 view .LVU1394
 4769 0080 0220     		movs	r0, #2
1947:stm/stm32l4xx/STM32L4xx_HAL_Driver/Src/stm32l4xx_hal_tim_ex.c **** 
 4770              		.loc 1 1947 1 view .LVU1395
 4771 0082 7047     		bx	lr
 4772              	.L392:
 4773              		.align	2
 4774              	.L391:
 4775 0084 00000000 		.word	TIMEx_DMACommutationCplt
 4776 0088 00000000 		.word	TIMEx_DMACommutationHalfCplt
 4777 008c 00000000 		.word	TIM_DMAError
 4778              		.cfi_endproc
 4779              	.LFE316:
 4781              		.section	.text.HAL_TIMEx_MasterConfigSynchronization,"ax",%progbits
 4782              		.align	1
 4783              		.global	HAL_TIMEx_MasterConfigSynchronization
 4784              		.syntax unified
 4785              		.thumb
 4786              		.thumb_func
 4788              	HAL_TIMEx_MasterConfigSynchronization:
 4789              	.LVL335:
 4790              	.LFB317:
1959:stm/stm32l4xx/STM32L4xx_HAL_Driver/Src/stm32l4xx_hal_tim_ex.c ****   uint32_t tmpcr2;
 4791              		.loc 1 1959 1 is_stmt 1 view -0
 4792              		.cfi_startproc
 4793              		@ args = 0, pretend = 0, frame = 0
 4794              		@ frame_needed = 0, uses_anonymous_args = 0
 4795              		@ link register save eliminated.
1960:stm/stm32l4xx/STM32L4xx_HAL_Driver/Src/stm32l4xx_hal_tim_ex.c ****   uint32_t tmpsmcr;
 4796              		.loc 1 1960 3 view .LVU1397
1961:stm/stm32l4xx/STM32L4xx_HAL_Driver/Src/stm32l4xx_hal_tim_ex.c **** 
 4797              		.loc 1 1961 3 view .LVU1398
1964:stm/stm32l4xx/STM32L4xx_HAL_Driver/Src/stm32l4xx_hal_tim_ex.c ****   assert_param(IS_TIM_TRGO_SOURCE(sMasterConfig->MasterOutputTrigger));
 4798              		.loc 1 1964 3 view .LVU1399
1965:stm/stm32l4xx/STM32L4xx_HAL_Driver/Src/stm32l4xx_hal_tim_ex.c ****   assert_param(IS_TIM_MSM_STATE(sMasterConfig->MasterSlaveMode));
 4799              		.loc 1 1965 3 view .LVU1400
1966:stm/stm32l4xx/STM32L4xx_HAL_Driver/Src/stm32l4xx_hal_tim_ex.c **** 
 4800              		.loc 1 1966 3 view .LVU1401
1969:stm/stm32l4xx/STM32L4xx_HAL_Driver/Src/stm32l4xx_hal_tim_ex.c **** 
 4801              		.loc 1 1969 3 view .LVU1402
1969:stm/stm32l4xx/STM32L4xx_HAL_Driver/Src/stm32l4xx_hal_tim_ex.c **** 
 4802              		.loc 1 1969 3 view .LVU1403
 4803 0000 90F83C20 		ldrb	r2, [r0, #60]	@ zero_extendqisi2
 4804 0004 012A     		cmp	r2, #1
 4805 0006 2FD0     		beq	.L398
1959:stm/stm32l4xx/STM32L4xx_HAL_Driver/Src/stm32l4xx_hal_tim_ex.c ****   uint32_t tmpcr2;
 4806              		.loc 1 1959 1 is_stmt 0 discriminator 2 view .LVU1404
 4807 0008 30B4     		push	{r4, r5}
 4808              	.LCFI36:
 4809              		.cfi_def_cfa_offset 8
 4810              		.cfi_offset 4, -8
 4811              		.cfi_offset 5, -4
 4812 000a 0346     		mov	r3, r0
1969:stm/stm32l4xx/STM32L4xx_HAL_Driver/Src/stm32l4xx_hal_tim_ex.c **** 
 4813              		.loc 1 1969 3 is_stmt 1 discriminator 2 view .LVU1405
ARM GAS  /var/tmp//ccYgLLN5.s 			page 158


 4814 000c 0122     		movs	r2, #1
 4815 000e 80F83C20 		strb	r2, [r0, #60]
1969:stm/stm32l4xx/STM32L4xx_HAL_Driver/Src/stm32l4xx_hal_tim_ex.c **** 
 4816              		.loc 1 1969 3 discriminator 2 view .LVU1406
1972:stm/stm32l4xx/STM32L4xx_HAL_Driver/Src/stm32l4xx_hal_tim_ex.c **** 
 4817              		.loc 1 1972 3 discriminator 2 view .LVU1407
1972:stm/stm32l4xx/STM32L4xx_HAL_Driver/Src/stm32l4xx_hal_tim_ex.c **** 
 4818              		.loc 1 1972 15 is_stmt 0 discriminator 2 view .LVU1408
 4819 0012 0222     		movs	r2, #2
 4820 0014 80F83D20 		strb	r2, [r0, #61]
1975:stm/stm32l4xx/STM32L4xx_HAL_Driver/Src/stm32l4xx_hal_tim_ex.c **** 
 4821              		.loc 1 1975 3 is_stmt 1 discriminator 2 view .LVU1409
1975:stm/stm32l4xx/STM32L4xx_HAL_Driver/Src/stm32l4xx_hal_tim_ex.c **** 
 4822              		.loc 1 1975 16 is_stmt 0 discriminator 2 view .LVU1410
 4823 0018 0068     		ldr	r0, [r0]
 4824              	.LVL336:
1975:stm/stm32l4xx/STM32L4xx_HAL_Driver/Src/stm32l4xx_hal_tim_ex.c **** 
 4825              		.loc 1 1975 10 discriminator 2 view .LVU1411
 4826 001a 4268     		ldr	r2, [r0, #4]
 4827              	.LVL337:
1978:stm/stm32l4xx/STM32L4xx_HAL_Driver/Src/stm32l4xx_hal_tim_ex.c **** 
 4828              		.loc 1 1978 3 is_stmt 1 discriminator 2 view .LVU1412
1978:stm/stm32l4xx/STM32L4xx_HAL_Driver/Src/stm32l4xx_hal_tim_ex.c **** 
 4829              		.loc 1 1978 11 is_stmt 0 discriminator 2 view .LVU1413
 4830 001c 8468     		ldr	r4, [r0, #8]
 4831              	.LVL338:
1981:stm/stm32l4xx/STM32L4xx_HAL_Driver/Src/stm32l4xx_hal_tim_ex.c ****   {
 4832              		.loc 1 1981 3 is_stmt 1 discriminator 2 view .LVU1414
1981:stm/stm32l4xx/STM32L4xx_HAL_Driver/Src/stm32l4xx_hal_tim_ex.c ****   {
 4833              		.loc 1 1981 6 is_stmt 0 discriminator 2 view .LVU1415
 4834 001e 134D     		ldr	r5, .L404
 4835 0020 A842     		cmp	r0, r5
 4836 0022 1CD0     		beq	.L403
 4837              	.L395:
1993:stm/stm32l4xx/STM32L4xx_HAL_Driver/Src/stm32l4xx_hal_tim_ex.c ****   /* Select the TRGO source */
 4838              		.loc 1 1993 3 is_stmt 1 view .LVU1416
1993:stm/stm32l4xx/STM32L4xx_HAL_Driver/Src/stm32l4xx_hal_tim_ex.c ****   /* Select the TRGO source */
 4839              		.loc 1 1993 10 is_stmt 0 view .LVU1417
 4840 0024 22F07002 		bic	r2, r2, #112
 4841              	.LVL339:
1995:stm/stm32l4xx/STM32L4xx_HAL_Driver/Src/stm32l4xx_hal_tim_ex.c **** 
 4842              		.loc 1 1995 3 is_stmt 1 view .LVU1418
1995:stm/stm32l4xx/STM32L4xx_HAL_Driver/Src/stm32l4xx_hal_tim_ex.c **** 
 4843              		.loc 1 1995 10 is_stmt 0 view .LVU1419
 4844 0028 0D68     		ldr	r5, [r1]
 4845 002a 2A43     		orrs	r2, r2, r5
 4846              	.LVL340:
1998:stm/stm32l4xx/STM32L4xx_HAL_Driver/Src/stm32l4xx_hal_tim_ex.c **** 
 4847              		.loc 1 1998 3 is_stmt 1 view .LVU1420
1998:stm/stm32l4xx/STM32L4xx_HAL_Driver/Src/stm32l4xx_hal_tim_ex.c **** 
 4848              		.loc 1 1998 23 is_stmt 0 view .LVU1421
 4849 002c 4260     		str	r2, [r0, #4]
2000:stm/stm32l4xx/STM32L4xx_HAL_Driver/Src/stm32l4xx_hal_tim_ex.c ****   {
 4850              		.loc 1 2000 3 is_stmt 1 view .LVU1422
2000:stm/stm32l4xx/STM32L4xx_HAL_Driver/Src/stm32l4xx_hal_tim_ex.c ****   {
 4851              		.loc 1 2000 7 is_stmt 0 view .LVU1423
 4852 002e 1A68     		ldr	r2, [r3]
ARM GAS  /var/tmp//ccYgLLN5.s 			page 159


 4853              	.LVL341:
2000:stm/stm32l4xx/STM32L4xx_HAL_Driver/Src/stm32l4xx_hal_tim_ex.c ****   {
 4854              		.loc 1 2000 6 view .LVU1424
 4855 0030 0E48     		ldr	r0, .L404
 4856              	.LVL342:
2000:stm/stm32l4xx/STM32L4xx_HAL_Driver/Src/stm32l4xx_hal_tim_ex.c ****   {
 4857              		.loc 1 2000 6 view .LVU1425
 4858 0032 8242     		cmp	r2, r0
 4859 0034 06D0     		beq	.L396
2000:stm/stm32l4xx/STM32L4xx_HAL_Driver/Src/stm32l4xx_hal_tim_ex.c ****   {
 4860              		.loc 1 2000 7 discriminator 1 view .LVU1426
 4861 0036 B2F1804F 		cmp	r2, #1073741824
 4862 003a 03D0     		beq	.L396
2000:stm/stm32l4xx/STM32L4xx_HAL_Driver/Src/stm32l4xx_hal_tim_ex.c ****   {
 4863              		.loc 1 2000 7 discriminator 2 view .LVU1427
 4864 003c 00F5A050 		add	r0, r0, #5120
 4865 0040 8242     		cmp	r2, r0
 4866 0042 04D1     		bne	.L397
 4867              	.L396:
2003:stm/stm32l4xx/STM32L4xx_HAL_Driver/Src/stm32l4xx_hal_tim_ex.c ****     /* Set master mode */
 4868              		.loc 1 2003 5 is_stmt 1 view .LVU1428
2003:stm/stm32l4xx/STM32L4xx_HAL_Driver/Src/stm32l4xx_hal_tim_ex.c ****     /* Set master mode */
 4869              		.loc 1 2003 13 is_stmt 0 view .LVU1429
 4870 0044 24F08004 		bic	r4, r4, #128
 4871              	.LVL343:
2005:stm/stm32l4xx/STM32L4xx_HAL_Driver/Src/stm32l4xx_hal_tim_ex.c **** 
 4872              		.loc 1 2005 5 is_stmt 1 view .LVU1430
2005:stm/stm32l4xx/STM32L4xx_HAL_Driver/Src/stm32l4xx_hal_tim_ex.c **** 
 4873              		.loc 1 2005 29 is_stmt 0 view .LVU1431
 4874 0048 8968     		ldr	r1, [r1, #8]
 4875              	.LVL344:
2005:stm/stm32l4xx/STM32L4xx_HAL_Driver/Src/stm32l4xx_hal_tim_ex.c **** 
 4876              		.loc 1 2005 13 view .LVU1432
 4877 004a 2143     		orrs	r1, r1, r4
 4878              	.LVL345:
2008:stm/stm32l4xx/STM32L4xx_HAL_Driver/Src/stm32l4xx_hal_tim_ex.c ****   }
 4879              		.loc 1 2008 5 is_stmt 1 view .LVU1433
2008:stm/stm32l4xx/STM32L4xx_HAL_Driver/Src/stm32l4xx_hal_tim_ex.c ****   }
 4880              		.loc 1 2008 26 is_stmt 0 view .LVU1434
 4881 004c 9160     		str	r1, [r2, #8]
 4882              	.LVL346:
 4883              	.L397:
2012:stm/stm32l4xx/STM32L4xx_HAL_Driver/Src/stm32l4xx_hal_tim_ex.c **** 
 4884              		.loc 1 2012 3 is_stmt 1 view .LVU1435
2012:stm/stm32l4xx/STM32L4xx_HAL_Driver/Src/stm32l4xx_hal_tim_ex.c **** 
 4885              		.loc 1 2012 15 is_stmt 0 view .LVU1436
 4886 004e 0122     		movs	r2, #1
 4887 0050 83F83D20 		strb	r2, [r3, #61]
2014:stm/stm32l4xx/STM32L4xx_HAL_Driver/Src/stm32l4xx_hal_tim_ex.c **** 
 4888              		.loc 1 2014 3 is_stmt 1 view .LVU1437
2014:stm/stm32l4xx/STM32L4xx_HAL_Driver/Src/stm32l4xx_hal_tim_ex.c **** 
 4889              		.loc 1 2014 3 view .LVU1438
 4890 0054 0020     		movs	r0, #0
 4891 0056 83F83C00 		strb	r0, [r3, #60]
2014:stm/stm32l4xx/STM32L4xx_HAL_Driver/Src/stm32l4xx_hal_tim_ex.c **** 
 4892              		.loc 1 2014 3 view .LVU1439
2016:stm/stm32l4xx/STM32L4xx_HAL_Driver/Src/stm32l4xx_hal_tim_ex.c **** }
ARM GAS  /var/tmp//ccYgLLN5.s 			page 160


 4893              		.loc 1 2016 3 view .LVU1440
2017:stm/stm32l4xx/STM32L4xx_HAL_Driver/Src/stm32l4xx_hal_tim_ex.c **** 
 4894              		.loc 1 2017 1 is_stmt 0 view .LVU1441
 4895 005a 30BC     		pop	{r4, r5}
 4896              	.LCFI37:
 4897              		.cfi_remember_state
 4898              		.cfi_restore 5
 4899              		.cfi_restore 4
 4900              		.cfi_def_cfa_offset 0
 4901 005c 7047     		bx	lr
 4902              	.LVL347:
 4903              	.L403:
 4904              	.LCFI38:
 4905              		.cfi_restore_state
1984:stm/stm32l4xx/STM32L4xx_HAL_Driver/Src/stm32l4xx_hal_tim_ex.c **** 
 4906              		.loc 1 1984 5 is_stmt 1 view .LVU1442
1987:stm/stm32l4xx/STM32L4xx_HAL_Driver/Src/stm32l4xx_hal_tim_ex.c ****     /* Select the TRGO2 source*/
 4907              		.loc 1 1987 5 view .LVU1443
1987:stm/stm32l4xx/STM32L4xx_HAL_Driver/Src/stm32l4xx_hal_tim_ex.c ****     /* Select the TRGO2 source*/
 4908              		.loc 1 1987 12 is_stmt 0 view .LVU1444
 4909 005e 22F47002 		bic	r2, r2, #15728640
 4910              	.LVL348:
1989:stm/stm32l4xx/STM32L4xx_HAL_Driver/Src/stm32l4xx_hal_tim_ex.c ****   }
 4911              		.loc 1 1989 5 is_stmt 1 view .LVU1445
1989:stm/stm32l4xx/STM32L4xx_HAL_Driver/Src/stm32l4xx_hal_tim_ex.c ****   }
 4912              		.loc 1 1989 28 is_stmt 0 view .LVU1446
 4913 0062 4D68     		ldr	r5, [r1, #4]
1989:stm/stm32l4xx/STM32L4xx_HAL_Driver/Src/stm32l4xx_hal_tim_ex.c ****   }
 4914              		.loc 1 1989 12 view .LVU1447
 4915 0064 2A43     		orrs	r2, r2, r5
 4916              	.LVL349:
1989:stm/stm32l4xx/STM32L4xx_HAL_Driver/Src/stm32l4xx_hal_tim_ex.c ****   }
 4917              		.loc 1 1989 12 view .LVU1448
 4918 0066 DDE7     		b	.L395
 4919              	.LVL350:
 4920              	.L398:
 4921              	.LCFI39:
 4922              		.cfi_def_cfa_offset 0
 4923              		.cfi_restore 4
 4924              		.cfi_restore 5
1969:stm/stm32l4xx/STM32L4xx_HAL_Driver/Src/stm32l4xx_hal_tim_ex.c **** 
 4925              		.loc 1 1969 3 view .LVU1449
 4926 0068 0220     		movs	r0, #2
 4927              	.LVL351:
2017:stm/stm32l4xx/STM32L4xx_HAL_Driver/Src/stm32l4xx_hal_tim_ex.c **** 
 4928              		.loc 1 2017 1 view .LVU1450
 4929 006a 7047     		bx	lr
 4930              	.L405:
 4931              		.align	2
 4932              	.L404:
 4933 006c 002C0140 		.word	1073818624
 4934              		.cfi_endproc
 4935              	.LFE317:
 4937              		.section	.text.HAL_TIMEx_ConfigBreakDeadTime,"ax",%progbits
 4938              		.align	1
 4939              		.global	HAL_TIMEx_ConfigBreakDeadTime
 4940              		.syntax unified
ARM GAS  /var/tmp//ccYgLLN5.s 			page 161


 4941              		.thumb
 4942              		.thumb_func
 4944              	HAL_TIMEx_ConfigBreakDeadTime:
 4945              	.LVL352:
 4946              	.LFB318:
2032:stm/stm32l4xx/STM32L4xx_HAL_Driver/Src/stm32l4xx_hal_tim_ex.c ****   /* Keep this variable initialized to 0 as it is used to configure BDTR register */
 4947              		.loc 1 2032 1 is_stmt 1 view -0
 4948              		.cfi_startproc
 4949              		@ args = 0, pretend = 0, frame = 0
 4950              		@ frame_needed = 0, uses_anonymous_args = 0
 4951              		@ link register save eliminated.
2034:stm/stm32l4xx/STM32L4xx_HAL_Driver/Src/stm32l4xx_hal_tim_ex.c **** 
 4952              		.loc 1 2034 3 view .LVU1452
2037:stm/stm32l4xx/STM32L4xx_HAL_Driver/Src/stm32l4xx_hal_tim_ex.c ****   assert_param(IS_TIM_OSSR_STATE(sBreakDeadTimeConfig->OffStateRunMode));
 4953              		.loc 1 2037 3 view .LVU1453
2038:stm/stm32l4xx/STM32L4xx_HAL_Driver/Src/stm32l4xx_hal_tim_ex.c ****   assert_param(IS_TIM_OSSI_STATE(sBreakDeadTimeConfig->OffStateIDLEMode));
 4954              		.loc 1 2038 3 view .LVU1454
2039:stm/stm32l4xx/STM32L4xx_HAL_Driver/Src/stm32l4xx_hal_tim_ex.c ****   assert_param(IS_TIM_LOCK_LEVEL(sBreakDeadTimeConfig->LockLevel));
 4955              		.loc 1 2039 3 view .LVU1455
2040:stm/stm32l4xx/STM32L4xx_HAL_Driver/Src/stm32l4xx_hal_tim_ex.c ****   assert_param(IS_TIM_DEADTIME(sBreakDeadTimeConfig->DeadTime));
 4956              		.loc 1 2040 3 view .LVU1456
2041:stm/stm32l4xx/STM32L4xx_HAL_Driver/Src/stm32l4xx_hal_tim_ex.c ****   assert_param(IS_TIM_BREAK_STATE(sBreakDeadTimeConfig->BreakState));
 4957              		.loc 1 2041 3 view .LVU1457
2042:stm/stm32l4xx/STM32L4xx_HAL_Driver/Src/stm32l4xx_hal_tim_ex.c ****   assert_param(IS_TIM_BREAK_POLARITY(sBreakDeadTimeConfig->BreakPolarity));
 4958              		.loc 1 2042 3 view .LVU1458
2043:stm/stm32l4xx/STM32L4xx_HAL_Driver/Src/stm32l4xx_hal_tim_ex.c ****   assert_param(IS_TIM_BREAK_FILTER(sBreakDeadTimeConfig->BreakFilter));
 4959              		.loc 1 2043 3 view .LVU1459
2044:stm/stm32l4xx/STM32L4xx_HAL_Driver/Src/stm32l4xx_hal_tim_ex.c ****   assert_param(IS_TIM_AUTOMATIC_OUTPUT_STATE(sBreakDeadTimeConfig->AutomaticOutput));
 4960              		.loc 1 2044 3 view .LVU1460
2045:stm/stm32l4xx/STM32L4xx_HAL_Driver/Src/stm32l4xx_hal_tim_ex.c **** 
 4961              		.loc 1 2045 3 view .LVU1461
2048:stm/stm32l4xx/STM32L4xx_HAL_Driver/Src/stm32l4xx_hal_tim_ex.c **** 
 4962              		.loc 1 2048 3 view .LVU1462
2048:stm/stm32l4xx/STM32L4xx_HAL_Driver/Src/stm32l4xx_hal_tim_ex.c **** 
 4963              		.loc 1 2048 3 view .LVU1463
 4964 0000 90F83C30 		ldrb	r3, [r0, #60]	@ zero_extendqisi2
 4965 0004 012B     		cmp	r3, #1
 4966 0006 3BD0     		beq	.L409
2032:stm/stm32l4xx/STM32L4xx_HAL_Driver/Src/stm32l4xx_hal_tim_ex.c ****   /* Keep this variable initialized to 0 as it is used to configure BDTR register */
 4967              		.loc 1 2032 1 is_stmt 0 discriminator 2 view .LVU1464
 4968 0008 10B4     		push	{r4}
 4969              	.LCFI40:
 4970              		.cfi_def_cfa_offset 4
 4971              		.cfi_offset 4, -4
 4972 000a 0246     		mov	r2, r0
2048:stm/stm32l4xx/STM32L4xx_HAL_Driver/Src/stm32l4xx_hal_tim_ex.c **** 
 4973              		.loc 1 2048 3 is_stmt 1 discriminator 2 view .LVU1465
 4974 000c 0123     		movs	r3, #1
 4975 000e 80F83C30 		strb	r3, [r0, #60]
2048:stm/stm32l4xx/STM32L4xx_HAL_Driver/Src/stm32l4xx_hal_tim_ex.c **** 
 4976              		.loc 1 2048 3 discriminator 2 view .LVU1466
2054:stm/stm32l4xx/STM32L4xx_HAL_Driver/Src/stm32l4xx_hal_tim_ex.c ****   MODIFY_REG(tmpbdtr, TIM_BDTR_LOCK, sBreakDeadTimeConfig->LockLevel);
 4977              		.loc 1 2054 3 discriminator 2 view .LVU1467
 4978 0012 CB68     		ldr	r3, [r1, #12]
 4979              	.LVL353:
2055:stm/stm32l4xx/STM32L4xx_HAL_Driver/Src/stm32l4xx_hal_tim_ex.c ****   MODIFY_REG(tmpbdtr, TIM_BDTR_OSSI, sBreakDeadTimeConfig->OffStateIDLEMode);
 4980              		.loc 1 2055 3 discriminator 2 view .LVU1468
ARM GAS  /var/tmp//ccYgLLN5.s 			page 162


 4981 0014 23F44073 		bic	r3, r3, #768
 4982              	.LVL354:
2055:stm/stm32l4xx/STM32L4xx_HAL_Driver/Src/stm32l4xx_hal_tim_ex.c ****   MODIFY_REG(tmpbdtr, TIM_BDTR_OSSI, sBreakDeadTimeConfig->OffStateIDLEMode);
 4983              		.loc 1 2055 3 is_stmt 0 discriminator 2 view .LVU1469
 4984 0018 8868     		ldr	r0, [r1, #8]
 4985              	.LVL355:
2055:stm/stm32l4xx/STM32L4xx_HAL_Driver/Src/stm32l4xx_hal_tim_ex.c ****   MODIFY_REG(tmpbdtr, TIM_BDTR_OSSI, sBreakDeadTimeConfig->OffStateIDLEMode);
 4986              		.loc 1 2055 3 discriminator 2 view .LVU1470
 4987 001a 0343     		orrs	r3, r3, r0
 4988              	.LVL356:
2056:stm/stm32l4xx/STM32L4xx_HAL_Driver/Src/stm32l4xx_hal_tim_ex.c ****   MODIFY_REG(tmpbdtr, TIM_BDTR_OSSR, sBreakDeadTimeConfig->OffStateRunMode);
 4989              		.loc 1 2056 3 is_stmt 1 discriminator 2 view .LVU1471
 4990 001c 23F48063 		bic	r3, r3, #1024
 4991              	.LVL357:
2056:stm/stm32l4xx/STM32L4xx_HAL_Driver/Src/stm32l4xx_hal_tim_ex.c ****   MODIFY_REG(tmpbdtr, TIM_BDTR_OSSR, sBreakDeadTimeConfig->OffStateRunMode);
 4992              		.loc 1 2056 3 is_stmt 0 discriminator 2 view .LVU1472
 4993 0020 4868     		ldr	r0, [r1, #4]
 4994              	.LVL358:
2056:stm/stm32l4xx/STM32L4xx_HAL_Driver/Src/stm32l4xx_hal_tim_ex.c ****   MODIFY_REG(tmpbdtr, TIM_BDTR_OSSR, sBreakDeadTimeConfig->OffStateRunMode);
 4995              		.loc 1 2056 3 discriminator 2 view .LVU1473
 4996 0022 0343     		orrs	r3, r3, r0
 4997              	.LVL359:
2057:stm/stm32l4xx/STM32L4xx_HAL_Driver/Src/stm32l4xx_hal_tim_ex.c ****   MODIFY_REG(tmpbdtr, TIM_BDTR_BKE, sBreakDeadTimeConfig->BreakState);
 4998              		.loc 1 2057 3 is_stmt 1 discriminator 2 view .LVU1474
 4999 0024 23F40063 		bic	r3, r3, #2048
 5000              	.LVL360:
2057:stm/stm32l4xx/STM32L4xx_HAL_Driver/Src/stm32l4xx_hal_tim_ex.c ****   MODIFY_REG(tmpbdtr, TIM_BDTR_BKE, sBreakDeadTimeConfig->BreakState);
 5001              		.loc 1 2057 3 is_stmt 0 discriminator 2 view .LVU1475
 5002 0028 0868     		ldr	r0, [r1]
 5003              	.LVL361:
2057:stm/stm32l4xx/STM32L4xx_HAL_Driver/Src/stm32l4xx_hal_tim_ex.c ****   MODIFY_REG(tmpbdtr, TIM_BDTR_BKE, sBreakDeadTimeConfig->BreakState);
 5004              		.loc 1 2057 3 discriminator 2 view .LVU1476
 5005 002a 0343     		orrs	r3, r3, r0
 5006              	.LVL362:
2058:stm/stm32l4xx/STM32L4xx_HAL_Driver/Src/stm32l4xx_hal_tim_ex.c ****   MODIFY_REG(tmpbdtr, TIM_BDTR_BKP, sBreakDeadTimeConfig->BreakPolarity);
 5007              		.loc 1 2058 3 is_stmt 1 discriminator 2 view .LVU1477
 5008 002c 23F48053 		bic	r3, r3, #4096
 5009              	.LVL363:
2058:stm/stm32l4xx/STM32L4xx_HAL_Driver/Src/stm32l4xx_hal_tim_ex.c ****   MODIFY_REG(tmpbdtr, TIM_BDTR_BKP, sBreakDeadTimeConfig->BreakPolarity);
 5010              		.loc 1 2058 3 is_stmt 0 discriminator 2 view .LVU1478
 5011 0030 0869     		ldr	r0, [r1, #16]
 5012              	.LVL364:
2058:stm/stm32l4xx/STM32L4xx_HAL_Driver/Src/stm32l4xx_hal_tim_ex.c ****   MODIFY_REG(tmpbdtr, TIM_BDTR_BKP, sBreakDeadTimeConfig->BreakPolarity);
 5013              		.loc 1 2058 3 discriminator 2 view .LVU1479
 5014 0032 0343     		orrs	r3, r3, r0
 5015              	.LVL365:
2059:stm/stm32l4xx/STM32L4xx_HAL_Driver/Src/stm32l4xx_hal_tim_ex.c ****   MODIFY_REG(tmpbdtr, TIM_BDTR_AOE, sBreakDeadTimeConfig->AutomaticOutput);
 5016              		.loc 1 2059 3 is_stmt 1 discriminator 2 view .LVU1480
 5017 0034 23F40053 		bic	r3, r3, #8192
 5018              	.LVL366:
2059:stm/stm32l4xx/STM32L4xx_HAL_Driver/Src/stm32l4xx_hal_tim_ex.c ****   MODIFY_REG(tmpbdtr, TIM_BDTR_AOE, sBreakDeadTimeConfig->AutomaticOutput);
 5019              		.loc 1 2059 3 is_stmt 0 discriminator 2 view .LVU1481
 5020 0038 4869     		ldr	r0, [r1, #20]
 5021              	.LVL367:
2059:stm/stm32l4xx/STM32L4xx_HAL_Driver/Src/stm32l4xx_hal_tim_ex.c ****   MODIFY_REG(tmpbdtr, TIM_BDTR_AOE, sBreakDeadTimeConfig->AutomaticOutput);
 5022              		.loc 1 2059 3 discriminator 2 view .LVU1482
 5023 003a 0343     		orrs	r3, r3, r0
ARM GAS  /var/tmp//ccYgLLN5.s 			page 163


 5024              	.LVL368:
2060:stm/stm32l4xx/STM32L4xx_HAL_Driver/Src/stm32l4xx_hal_tim_ex.c ****   MODIFY_REG(tmpbdtr, TIM_BDTR_BKF, (sBreakDeadTimeConfig->BreakFilter << TIM_BDTR_BKF_Pos));
 5025              		.loc 1 2060 3 is_stmt 1 discriminator 2 view .LVU1483
 5026 003c 23F48043 		bic	r3, r3, #16384
 5027              	.LVL369:
2060:stm/stm32l4xx/STM32L4xx_HAL_Driver/Src/stm32l4xx_hal_tim_ex.c ****   MODIFY_REG(tmpbdtr, TIM_BDTR_BKF, (sBreakDeadTimeConfig->BreakFilter << TIM_BDTR_BKF_Pos));
 5028              		.loc 1 2060 3 is_stmt 0 discriminator 2 view .LVU1484
 5029 0040 886A     		ldr	r0, [r1, #40]
 5030              	.LVL370:
2060:stm/stm32l4xx/STM32L4xx_HAL_Driver/Src/stm32l4xx_hal_tim_ex.c ****   MODIFY_REG(tmpbdtr, TIM_BDTR_BKF, (sBreakDeadTimeConfig->BreakFilter << TIM_BDTR_BKF_Pos));
 5031              		.loc 1 2060 3 discriminator 2 view .LVU1485
 5032 0042 0343     		orrs	r3, r3, r0
 5033              	.LVL371:
2061:stm/stm32l4xx/STM32L4xx_HAL_Driver/Src/stm32l4xx_hal_tim_ex.c **** 
 5034              		.loc 1 2061 3 is_stmt 1 discriminator 2 view .LVU1486
 5035 0044 23F47023 		bic	r3, r3, #983040
 5036              	.LVL372:
2061:stm/stm32l4xx/STM32L4xx_HAL_Driver/Src/stm32l4xx_hal_tim_ex.c **** 
 5037              		.loc 1 2061 3 is_stmt 0 discriminator 2 view .LVU1487
 5038 0048 8869     		ldr	r0, [r1, #24]
 5039              	.LVL373:
2061:stm/stm32l4xx/STM32L4xx_HAL_Driver/Src/stm32l4xx_hal_tim_ex.c **** 
 5040              		.loc 1 2061 3 discriminator 2 view .LVU1488
 5041 004a 43EA0043 		orr	r3, r3, r0, lsl #16
 5042              	.LVL374:
2063:stm/stm32l4xx/STM32L4xx_HAL_Driver/Src/stm32l4xx_hal_tim_ex.c ****   {
 5043              		.loc 1 2063 3 is_stmt 1 discriminator 2 view .LVU1489
2063:stm/stm32l4xx/STM32L4xx_HAL_Driver/Src/stm32l4xx_hal_tim_ex.c ****   {
 5044              		.loc 1 2063 7 is_stmt 0 discriminator 2 view .LVU1490
 5045 004e 1068     		ldr	r0, [r2]
2063:stm/stm32l4xx/STM32L4xx_HAL_Driver/Src/stm32l4xx_hal_tim_ex.c ****   {
 5046              		.loc 1 2063 6 discriminator 2 view .LVU1491
 5047 0050 0C4C     		ldr	r4, .L415
 5048 0052 A042     		cmp	r0, r4
 5049 0054 06D0     		beq	.L414
 5050              	.LVL375:
 5051              	.L408:
2077:stm/stm32l4xx/STM32L4xx_HAL_Driver/Src/stm32l4xx_hal_tim_ex.c **** 
 5052              		.loc 1 2077 3 is_stmt 1 view .LVU1492
2077:stm/stm32l4xx/STM32L4xx_HAL_Driver/Src/stm32l4xx_hal_tim_ex.c **** 
 5053              		.loc 1 2077 24 is_stmt 0 view .LVU1493
 5054 0056 4364     		str	r3, [r0, #68]
2079:stm/stm32l4xx/STM32L4xx_HAL_Driver/Src/stm32l4xx_hal_tim_ex.c **** 
 5055              		.loc 1 2079 3 is_stmt 1 view .LVU1494
2079:stm/stm32l4xx/STM32L4xx_HAL_Driver/Src/stm32l4xx_hal_tim_ex.c **** 
 5056              		.loc 1 2079 3 view .LVU1495
 5057 0058 0020     		movs	r0, #0
 5058 005a 82F83C00 		strb	r0, [r2, #60]
2079:stm/stm32l4xx/STM32L4xx_HAL_Driver/Src/stm32l4xx_hal_tim_ex.c **** 
 5059              		.loc 1 2079 3 view .LVU1496
2081:stm/stm32l4xx/STM32L4xx_HAL_Driver/Src/stm32l4xx_hal_tim_ex.c **** }
 5060              		.loc 1 2081 3 view .LVU1497
2082:stm/stm32l4xx/STM32L4xx_HAL_Driver/Src/stm32l4xx_hal_tim_ex.c **** 
 5061              		.loc 1 2082 1 is_stmt 0 view .LVU1498
 5062 005e 5DF8044B 		ldr	r4, [sp], #4
 5063              	.LCFI41:
 5064              		.cfi_remember_state
ARM GAS  /var/tmp//ccYgLLN5.s 			page 164


 5065              		.cfi_restore 4
 5066              		.cfi_def_cfa_offset 0
 5067 0062 7047     		bx	lr
 5068              	.LVL376:
 5069              	.L414:
 5070              	.LCFI42:
 5071              		.cfi_restore_state
2066:stm/stm32l4xx/STM32L4xx_HAL_Driver/Src/stm32l4xx_hal_tim_ex.c ****     assert_param(IS_TIM_BREAK2_POLARITY(sBreakDeadTimeConfig->Break2Polarity));
 5072              		.loc 1 2066 5 is_stmt 1 view .LVU1499
2067:stm/stm32l4xx/STM32L4xx_HAL_Driver/Src/stm32l4xx_hal_tim_ex.c ****     assert_param(IS_TIM_BREAK_FILTER(sBreakDeadTimeConfig->Break2Filter));
 5073              		.loc 1 2067 5 view .LVU1500
2068:stm/stm32l4xx/STM32L4xx_HAL_Driver/Src/stm32l4xx_hal_tim_ex.c **** 
 5074              		.loc 1 2068 5 view .LVU1501
2071:stm/stm32l4xx/STM32L4xx_HAL_Driver/Src/stm32l4xx_hal_tim_ex.c ****     MODIFY_REG(tmpbdtr, TIM_BDTR_BK2E, sBreakDeadTimeConfig->Break2State);
 5075              		.loc 1 2071 5 view .LVU1502
 5076 0064 23F47003 		bic	r3, r3, #15728640
 5077              	.LVL377:
2071:stm/stm32l4xx/STM32L4xx_HAL_Driver/Src/stm32l4xx_hal_tim_ex.c ****     MODIFY_REG(tmpbdtr, TIM_BDTR_BK2E, sBreakDeadTimeConfig->Break2State);
 5078              		.loc 1 2071 5 is_stmt 0 view .LVU1503
 5079 0068 4C6A     		ldr	r4, [r1, #36]
 5080 006a 43EA0453 		orr	r3, r3, r4, lsl #20
 5081              	.LVL378:
2072:stm/stm32l4xx/STM32L4xx_HAL_Driver/Src/stm32l4xx_hal_tim_ex.c ****     MODIFY_REG(tmpbdtr, TIM_BDTR_BK2P, sBreakDeadTimeConfig->Break2Polarity);
 5082              		.loc 1 2072 5 is_stmt 1 view .LVU1504
 5083 006e 23F08073 		bic	r3, r3, #16777216
 5084              	.LVL379:
2072:stm/stm32l4xx/STM32L4xx_HAL_Driver/Src/stm32l4xx_hal_tim_ex.c ****     MODIFY_REG(tmpbdtr, TIM_BDTR_BK2P, sBreakDeadTimeConfig->Break2Polarity);
 5085              		.loc 1 2072 5 is_stmt 0 view .LVU1505
 5086 0072 CC69     		ldr	r4, [r1, #28]
 5087              	.LVL380:
2072:stm/stm32l4xx/STM32L4xx_HAL_Driver/Src/stm32l4xx_hal_tim_ex.c ****     MODIFY_REG(tmpbdtr, TIM_BDTR_BK2P, sBreakDeadTimeConfig->Break2Polarity);
 5088              		.loc 1 2072 5 view .LVU1506
 5089 0074 2343     		orrs	r3, r3, r4
 5090              	.LVL381:
2073:stm/stm32l4xx/STM32L4xx_HAL_Driver/Src/stm32l4xx_hal_tim_ex.c ****   }
 5091              		.loc 1 2073 5 is_stmt 1 view .LVU1507
 5092 0076 23F00073 		bic	r3, r3, #33554432
 5093              	.LVL382:
2073:stm/stm32l4xx/STM32L4xx_HAL_Driver/Src/stm32l4xx_hal_tim_ex.c ****   }
 5094              		.loc 1 2073 5 is_stmt 0 view .LVU1508
 5095 007a 096A     		ldr	r1, [r1, #32]
 5096              	.LVL383:
2073:stm/stm32l4xx/STM32L4xx_HAL_Driver/Src/stm32l4xx_hal_tim_ex.c ****   }
 5097              		.loc 1 2073 5 view .LVU1509
 5098 007c 0B43     		orrs	r3, r3, r1
 5099              	.LVL384:
2073:stm/stm32l4xx/STM32L4xx_HAL_Driver/Src/stm32l4xx_hal_tim_ex.c ****   }
 5100              		.loc 1 2073 5 view .LVU1510
 5101 007e EAE7     		b	.L408
 5102              	.LVL385:
 5103              	.L409:
 5104              	.LCFI43:
 5105              		.cfi_def_cfa_offset 0
 5106              		.cfi_restore 4
2048:stm/stm32l4xx/STM32L4xx_HAL_Driver/Src/stm32l4xx_hal_tim_ex.c **** 
 5107              		.loc 1 2048 3 view .LVU1511
 5108 0080 0220     		movs	r0, #2
ARM GAS  /var/tmp//ccYgLLN5.s 			page 165


 5109              	.LVL386:
2082:stm/stm32l4xx/STM32L4xx_HAL_Driver/Src/stm32l4xx_hal_tim_ex.c **** 
 5110              		.loc 1 2082 1 view .LVU1512
 5111 0082 7047     		bx	lr
 5112              	.L416:
 5113              		.align	2
 5114              	.L415:
 5115 0084 002C0140 		.word	1073818624
 5116              		.cfi_endproc
 5117              	.LFE318:
 5119              		.section	.text.HAL_TIMEx_ConfigBreakInput,"ax",%progbits
 5120              		.align	1
 5121              		.global	HAL_TIMEx_ConfigBreakInput
 5122              		.syntax unified
 5123              		.thumb
 5124              		.thumb_func
 5126              	HAL_TIMEx_ConfigBreakInput:
 5127              	.LVL387:
 5128              	.LFB319:
2097:stm/stm32l4xx/STM32L4xx_HAL_Driver/Src/stm32l4xx_hal_tim_ex.c ****   HAL_StatusTypeDef status = HAL_OK;
 5129              		.loc 1 2097 1 is_stmt 1 view -0
 5130              		.cfi_startproc
 5131              		@ args = 0, pretend = 0, frame = 0
 5132              		@ frame_needed = 0, uses_anonymous_args = 0
2097:stm/stm32l4xx/STM32L4xx_HAL_Driver/Src/stm32l4xx_hal_tim_ex.c ****   HAL_StatusTypeDef status = HAL_OK;
 5133              		.loc 1 2097 1 is_stmt 0 view .LVU1514
 5134 0000 0346     		mov	r3, r0
2098:stm/stm32l4xx/STM32L4xx_HAL_Driver/Src/stm32l4xx_hal_tim_ex.c ****   uint32_t tmporx;
 5135              		.loc 1 2098 3 is_stmt 1 view .LVU1515
 5136              	.LVL388:
2099:stm/stm32l4xx/STM32L4xx_HAL_Driver/Src/stm32l4xx_hal_tim_ex.c ****   uint32_t bkin_enable_mask;
 5137              		.loc 1 2099 3 view .LVU1516
2100:stm/stm32l4xx/STM32L4xx_HAL_Driver/Src/stm32l4xx_hal_tim_ex.c ****   uint32_t bkin_polarity_mask;
 5138              		.loc 1 2100 3 view .LVU1517
2101:stm/stm32l4xx/STM32L4xx_HAL_Driver/Src/stm32l4xx_hal_tim_ex.c ****   uint32_t bkin_enable_bitpos;
 5139              		.loc 1 2101 3 view .LVU1518
2102:stm/stm32l4xx/STM32L4xx_HAL_Driver/Src/stm32l4xx_hal_tim_ex.c ****   uint32_t bkin_polarity_bitpos;
 5140              		.loc 1 2102 3 view .LVU1519
2103:stm/stm32l4xx/STM32L4xx_HAL_Driver/Src/stm32l4xx_hal_tim_ex.c **** 
 5141              		.loc 1 2103 3 view .LVU1520
2106:stm/stm32l4xx/STM32L4xx_HAL_Driver/Src/stm32l4xx_hal_tim_ex.c ****   assert_param(IS_TIM_BREAKINPUT(BreakInput));
 5142              		.loc 1 2106 3 view .LVU1521
2107:stm/stm32l4xx/STM32L4xx_HAL_Driver/Src/stm32l4xx_hal_tim_ex.c ****   assert_param(IS_TIM_BREAKINPUTSOURCE(sBreakInputConfig->Source));
 5143              		.loc 1 2107 3 view .LVU1522
2108:stm/stm32l4xx/STM32L4xx_HAL_Driver/Src/stm32l4xx_hal_tim_ex.c ****   assert_param(IS_TIM_BREAKINPUTSOURCE_STATE(sBreakInputConfig->Enable));
 5144              		.loc 1 2108 3 view .LVU1523
2109:stm/stm32l4xx/STM32L4xx_HAL_Driver/Src/stm32l4xx_hal_tim_ex.c **** #if defined(DFSDM1_Channel0)
 5145              		.loc 1 2109 3 view .LVU1524
2116:stm/stm32l4xx/STM32L4xx_HAL_Driver/Src/stm32l4xx_hal_tim_ex.c **** #endif /* DFSDM1_Channel0 */
 5146              		.loc 1 2116 3 view .LVU1525
2120:stm/stm32l4xx/STM32L4xx_HAL_Driver/Src/stm32l4xx_hal_tim_ex.c **** 
 5147              		.loc 1 2120 3 view .LVU1526
2120:stm/stm32l4xx/STM32L4xx_HAL_Driver/Src/stm32l4xx_hal_tim_ex.c **** 
 5148              		.loc 1 2120 3 view .LVU1527
 5149 0002 90F83C00 		ldrb	r0, [r0, #60]	@ zero_extendqisi2
 5150              	.LVL389:
2120:stm/stm32l4xx/STM32L4xx_HAL_Driver/Src/stm32l4xx_hal_tim_ex.c **** 
ARM GAS  /var/tmp//ccYgLLN5.s 			page 166


 5151              		.loc 1 2120 3 is_stmt 0 view .LVU1528
 5152 0006 0128     		cmp	r0, #1
 5153 0008 4CD0     		beq	.L423
2097:stm/stm32l4xx/STM32L4xx_HAL_Driver/Src/stm32l4xx_hal_tim_ex.c ****   HAL_StatusTypeDef status = HAL_OK;
 5154              		.loc 1 2097 1 discriminator 2 view .LVU1529
 5155 000a 70B5     		push	{r4, r5, r6, lr}
 5156              	.LCFI44:
 5157              		.cfi_def_cfa_offset 16
 5158              		.cfi_offset 4, -16
 5159              		.cfi_offset 5, -12
 5160              		.cfi_offset 6, -8
 5161              		.cfi_offset 14, -4
2120:stm/stm32l4xx/STM32L4xx_HAL_Driver/Src/stm32l4xx_hal_tim_ex.c **** 
 5162              		.loc 1 2120 3 is_stmt 1 discriminator 2 view .LVU1530
 5163 000c 0120     		movs	r0, #1
 5164 000e 83F83C00 		strb	r0, [r3, #60]
2120:stm/stm32l4xx/STM32L4xx_HAL_Driver/Src/stm32l4xx_hal_tim_ex.c **** 
 5165              		.loc 1 2120 3 discriminator 2 view .LVU1531
2122:stm/stm32l4xx/STM32L4xx_HAL_Driver/Src/stm32l4xx_hal_tim_ex.c ****   {
 5166              		.loc 1 2122 3 discriminator 2 view .LVU1532
2122:stm/stm32l4xx/STM32L4xx_HAL_Driver/Src/stm32l4xx_hal_tim_ex.c ****   {
 5167              		.loc 1 2122 28 is_stmt 0 discriminator 2 view .LVU1533
 5168 0012 1068     		ldr	r0, [r2]
2122:stm/stm32l4xx/STM32L4xx_HAL_Driver/Src/stm32l4xx_hal_tim_ex.c ****   {
 5169              		.loc 1 2122 3 discriminator 2 view .LVU1534
 5170 0014 0228     		cmp	r0, #2
 5171 0016 17D0     		beq	.L424
2122:stm/stm32l4xx/STM32L4xx_HAL_Driver/Src/stm32l4xx_hal_tim_ex.c ****   {
 5172              		.loc 1 2122 3 view .LVU1535
 5173 0018 0428     		cmp	r0, #4
 5174 001a 1BD0     		beq	.L425
 5175 001c 0128     		cmp	r0, #1
 5176 001e 0DD0     		beq	.L431
2164:stm/stm32l4xx/STM32L4xx_HAL_Driver/Src/stm32l4xx_hal_tim_ex.c ****       break;
 5177              		.loc 1 2164 28 view .LVU1536
 5178 0020 4FF0000C 		mov	ip, #0
2163:stm/stm32l4xx/STM32L4xx_HAL_Driver/Src/stm32l4xx_hal_tim_ex.c ****       bkin_polarity_bitpos = 0U;
 5179              		.loc 1 2163 26 view .LVU1537
 5180 0024 6546     		mov	r5, ip
2162:stm/stm32l4xx/STM32L4xx_HAL_Driver/Src/stm32l4xx_hal_tim_ex.c ****       bkin_enable_bitpos = 0U;
 5181              		.loc 1 2162 26 view .LVU1538
 5182 0026 E646     		mov	lr, ip
2161:stm/stm32l4xx/STM32L4xx_HAL_Driver/Src/stm32l4xx_hal_tim_ex.c ****       bkin_polarity_mask = 0U;
 5183              		.loc 1 2161 24 view .LVU1539
 5184 0028 6046     		mov	r0, ip
 5185              	.L419:
 5186              	.LVL390:
2169:stm/stm32l4xx/STM32L4xx_HAL_Driver/Src/stm32l4xx_hal_tim_ex.c ****   {
 5187              		.loc 1 2169 3 is_stmt 1 view .LVU1540
 5188 002a 0129     		cmp	r1, #1
 5189 002c 18D0     		beq	.L420
 5190 002e 0229     		cmp	r1, #2
 5191 0030 27D0     		beq	.L421
 5192 0032 0120     		movs	r0, #1
 5193              	.LVL391:
 5194              	.L422:
2220:stm/stm32l4xx/STM32L4xx_HAL_Driver/Src/stm32l4xx_hal_tim_ex.c **** 
ARM GAS  /var/tmp//ccYgLLN5.s 			page 167


 5195              		.loc 1 2220 3 view .LVU1541
2220:stm/stm32l4xx/STM32L4xx_HAL_Driver/Src/stm32l4xx_hal_tim_ex.c **** 
 5196              		.loc 1 2220 3 view .LVU1542
 5197 0034 0022     		movs	r2, #0
 5198 0036 83F83C20 		strb	r2, [r3, #60]
2220:stm/stm32l4xx/STM32L4xx_HAL_Driver/Src/stm32l4xx_hal_tim_ex.c **** 
 5199              		.loc 1 2220 3 view .LVU1543
2222:stm/stm32l4xx/STM32L4xx_HAL_Driver/Src/stm32l4xx_hal_tim_ex.c **** }
 5200              		.loc 1 2222 3 view .LVU1544
2223:stm/stm32l4xx/STM32L4xx_HAL_Driver/Src/stm32l4xx_hal_tim_ex.c **** 
 5201              		.loc 1 2223 1 is_stmt 0 view .LVU1545
 5202 003a 70BD     		pop	{r4, r5, r6, pc}
 5203              	.LVL392:
 5204              	.L431:
2122:stm/stm32l4xx/STM32L4xx_HAL_Driver/Src/stm32l4xx_hal_tim_ex.c ****   {
 5205              		.loc 1 2122 3 view .LVU1546
 5206 003c 4FF0090C 		mov	ip, #9
 5207 0040 0025     		movs	r5, #0
 5208 0042 4FF4007E 		mov	lr, #512
 5209 0046 F0E7     		b	.L419
 5210              	.L424:
2137:stm/stm32l4xx/STM32L4xx_HAL_Driver/Src/stm32l4xx_hal_tim_ex.c ****       break;
 5211              		.loc 1 2137 28 view .LVU1547
 5212 0048 4FF00A0C 		mov	ip, #10
2135:stm/stm32l4xx/STM32L4xx_HAL_Driver/Src/stm32l4xx_hal_tim_ex.c ****       bkin_polarity_mask = TIM1_OR2_BKCMP1P;
 5213              		.loc 1 2135 26 view .LVU1548
 5214 004c 0125     		movs	r5, #1
2136:stm/stm32l4xx/STM32L4xx_HAL_Driver/Src/stm32l4xx_hal_tim_ex.c ****       bkin_polarity_bitpos = TIM1_OR2_BKCMP1P_Pos;
 5215              		.loc 1 2136 26 view .LVU1549
 5216 004e 4FF4806E 		mov	lr, #1024
 5217 0052 EAE7     		b	.L419
 5218              	.L425:
2145:stm/stm32l4xx/STM32L4xx_HAL_Driver/Src/stm32l4xx_hal_tim_ex.c ****       break;
 5219              		.loc 1 2145 28 view .LVU1550
 5220 0054 4FF00B0C 		mov	ip, #11
2143:stm/stm32l4xx/STM32L4xx_HAL_Driver/Src/stm32l4xx_hal_tim_ex.c ****       bkin_polarity_mask = TIM1_OR2_BKCMP2P;
 5221              		.loc 1 2143 26 view .LVU1551
 5222 0058 0225     		movs	r5, #2
2144:stm/stm32l4xx/STM32L4xx_HAL_Driver/Src/stm32l4xx_hal_tim_ex.c ****       bkin_polarity_bitpos = TIM1_OR2_BKCMP2P_Pos;
 5223              		.loc 1 2144 26 view .LVU1552
 5224 005a 4FF4006E 		mov	lr, #2048
 5225 005e E4E7     		b	.L419
 5226              	.LVL393:
 5227              	.L420:
2174:stm/stm32l4xx/STM32L4xx_HAL_Driver/Src/stm32l4xx_hal_tim_ex.c **** 
 5228              		.loc 1 2174 7 is_stmt 1 view .LVU1553
2174:stm/stm32l4xx/STM32L4xx_HAL_Driver/Src/stm32l4xx_hal_tim_ex.c **** 
 5229              		.loc 1 2174 20 is_stmt 0 view .LVU1554
 5230 0060 1C68     		ldr	r4, [r3]
2174:stm/stm32l4xx/STM32L4xx_HAL_Driver/Src/stm32l4xx_hal_tim_ex.c **** 
 5231              		.loc 1 2174 14 view .LVU1555
 5232 0062 266E     		ldr	r6, [r4, #96]
 5233              	.LVL394:
2177:stm/stm32l4xx/STM32L4xx_HAL_Driver/Src/stm32l4xx_hal_tim_ex.c ****       tmporx |= (sBreakInputConfig->Enable << bkin_enable_bitpos) & bkin_enable_mask;
 5234              		.loc 1 2177 7 is_stmt 1 view .LVU1556
2178:stm/stm32l4xx/STM32L4xx_HAL_Driver/Src/stm32l4xx_hal_tim_ex.c **** 
 5235              		.loc 1 2178 7 view .LVU1557
ARM GAS  /var/tmp//ccYgLLN5.s 			page 168


2178:stm/stm32l4xx/STM32L4xx_HAL_Driver/Src/stm32l4xx_hal_tim_ex.c **** 
 5236              		.loc 1 2178 35 is_stmt 0 view .LVU1558
 5237 0064 5168     		ldr	r1, [r2, #4]
 5238              	.LVL395:
2178:stm/stm32l4xx/STM32L4xx_HAL_Driver/Src/stm32l4xx_hal_tim_ex.c **** 
 5239              		.loc 1 2178 44 view .LVU1559
 5240 0066 A940     		lsls	r1, r1, r5
 5241 0068 7140     		eors	r1, r1, r6
 5242 006a 0140     		ands	r1, r1, r0
2178:stm/stm32l4xx/STM32L4xx_HAL_Driver/Src/stm32l4xx_hal_tim_ex.c **** 
 5243              		.loc 1 2178 14 view .LVU1560
 5244 006c 7140     		eors	r1, r1, r6
 5245              	.LVL396:
2185:stm/stm32l4xx/STM32L4xx_HAL_Driver/Src/stm32l4xx_hal_tim_ex.c ****         tmporx |= (sBreakInputConfig->Polarity << bkin_polarity_bitpos) & bkin_polarity_mask;
 5246              		.loc 1 2185 9 is_stmt 1 view .LVU1561
2186:stm/stm32l4xx/STM32L4xx_HAL_Driver/Src/stm32l4xx_hal_tim_ex.c ****       }
 5247              		.loc 1 2186 9 view .LVU1562
2186:stm/stm32l4xx/STM32L4xx_HAL_Driver/Src/stm32l4xx_hal_tim_ex.c ****       }
 5248              		.loc 1 2186 37 is_stmt 0 view .LVU1563
 5249 006e 9268     		ldr	r2, [r2, #8]
 5250              	.LVL397:
2186:stm/stm32l4xx/STM32L4xx_HAL_Driver/Src/stm32l4xx_hal_tim_ex.c ****       }
 5251              		.loc 1 2186 48 view .LVU1564
 5252 0070 02FA0CF2 		lsl	r2, r2, ip
 5253 0074 4A40     		eors	r2, r2, r1
 5254 0076 02EA0E02 		and	r2, r2, lr
2186:stm/stm32l4xx/STM32L4xx_HAL_Driver/Src/stm32l4xx_hal_tim_ex.c ****       }
 5255              		.loc 1 2186 16 view .LVU1565
 5256 007a 4A40     		eors	r2, r2, r1
 5257              	.LVL398:
2190:stm/stm32l4xx/STM32L4xx_HAL_Driver/Src/stm32l4xx_hal_tim_ex.c ****       break;
 5258              		.loc 1 2190 7 is_stmt 1 view .LVU1566
2190:stm/stm32l4xx/STM32L4xx_HAL_Driver/Src/stm32l4xx_hal_tim_ex.c ****       break;
 5259              		.loc 1 2190 27 is_stmt 0 view .LVU1567
 5260 007c 2266     		str	r2, [r4, #96]
2191:stm/stm32l4xx/STM32L4xx_HAL_Driver/Src/stm32l4xx_hal_tim_ex.c ****     }
 5261              		.loc 1 2191 7 is_stmt 1 view .LVU1568
2098:stm/stm32l4xx/STM32L4xx_HAL_Driver/Src/stm32l4xx_hal_tim_ex.c ****   uint32_t tmporx;
 5262              		.loc 1 2098 21 is_stmt 0 view .LVU1569
 5263 007e 0020     		movs	r0, #0
 5264              	.LVL399:
2191:stm/stm32l4xx/STM32L4xx_HAL_Driver/Src/stm32l4xx_hal_tim_ex.c ****     }
 5265              		.loc 1 2191 7 view .LVU1570
 5266 0080 D8E7     		b	.L422
 5267              	.LVL400:
 5268              	.L421:
2196:stm/stm32l4xx/STM32L4xx_HAL_Driver/Src/stm32l4xx_hal_tim_ex.c **** 
 5269              		.loc 1 2196 7 is_stmt 1 view .LVU1571
2196:stm/stm32l4xx/STM32L4xx_HAL_Driver/Src/stm32l4xx_hal_tim_ex.c **** 
 5270              		.loc 1 2196 20 is_stmt 0 view .LVU1572
 5271 0082 1C68     		ldr	r4, [r3]
2196:stm/stm32l4xx/STM32L4xx_HAL_Driver/Src/stm32l4xx_hal_tim_ex.c **** 
 5272              		.loc 1 2196 14 view .LVU1573
 5273 0084 666E     		ldr	r6, [r4, #100]
 5274              	.LVL401:
2199:stm/stm32l4xx/STM32L4xx_HAL_Driver/Src/stm32l4xx_hal_tim_ex.c ****       tmporx |= (sBreakInputConfig->Enable << bkin_enable_bitpos) & bkin_enable_mask;
 5275              		.loc 1 2199 7 is_stmt 1 view .LVU1574
ARM GAS  /var/tmp//ccYgLLN5.s 			page 169


2200:stm/stm32l4xx/STM32L4xx_HAL_Driver/Src/stm32l4xx_hal_tim_ex.c **** 
 5276              		.loc 1 2200 7 view .LVU1575
2200:stm/stm32l4xx/STM32L4xx_HAL_Driver/Src/stm32l4xx_hal_tim_ex.c **** 
 5277              		.loc 1 2200 35 is_stmt 0 view .LVU1576
 5278 0086 5168     		ldr	r1, [r2, #4]
 5279              	.LVL402:
2200:stm/stm32l4xx/STM32L4xx_HAL_Driver/Src/stm32l4xx_hal_tim_ex.c **** 
 5280              		.loc 1 2200 44 view .LVU1577
 5281 0088 A940     		lsls	r1, r1, r5
 5282 008a 7140     		eors	r1, r1, r6
 5283 008c 0140     		ands	r1, r1, r0
2200:stm/stm32l4xx/STM32L4xx_HAL_Driver/Src/stm32l4xx_hal_tim_ex.c **** 
 5284              		.loc 1 2200 14 view .LVU1578
 5285 008e 7140     		eors	r1, r1, r6
 5286              	.LVL403:
2207:stm/stm32l4xx/STM32L4xx_HAL_Driver/Src/stm32l4xx_hal_tim_ex.c ****         tmporx |= (sBreakInputConfig->Polarity << bkin_polarity_bitpos) & bkin_polarity_mask;
 5287              		.loc 1 2207 9 is_stmt 1 view .LVU1579
2208:stm/stm32l4xx/STM32L4xx_HAL_Driver/Src/stm32l4xx_hal_tim_ex.c ****       }
 5288              		.loc 1 2208 9 view .LVU1580
2208:stm/stm32l4xx/STM32L4xx_HAL_Driver/Src/stm32l4xx_hal_tim_ex.c ****       }
 5289              		.loc 1 2208 37 is_stmt 0 view .LVU1581
 5290 0090 9268     		ldr	r2, [r2, #8]
 5291              	.LVL404:
2208:stm/stm32l4xx/STM32L4xx_HAL_Driver/Src/stm32l4xx_hal_tim_ex.c ****       }
 5292              		.loc 1 2208 48 view .LVU1582
 5293 0092 02FA0CF2 		lsl	r2, r2, ip
 5294 0096 4A40     		eors	r2, r2, r1
 5295 0098 02EA0E02 		and	r2, r2, lr
2208:stm/stm32l4xx/STM32L4xx_HAL_Driver/Src/stm32l4xx_hal_tim_ex.c ****       }
 5296              		.loc 1 2208 16 view .LVU1583
 5297 009c 4A40     		eors	r2, r2, r1
 5298              	.LVL405:
2212:stm/stm32l4xx/STM32L4xx_HAL_Driver/Src/stm32l4xx_hal_tim_ex.c ****       break;
 5299              		.loc 1 2212 7 is_stmt 1 view .LVU1584
2212:stm/stm32l4xx/STM32L4xx_HAL_Driver/Src/stm32l4xx_hal_tim_ex.c ****       break;
 5300              		.loc 1 2212 27 is_stmt 0 view .LVU1585
 5301 009e 6266     		str	r2, [r4, #100]
2213:stm/stm32l4xx/STM32L4xx_HAL_Driver/Src/stm32l4xx_hal_tim_ex.c ****     }
 5302              		.loc 1 2213 7 is_stmt 1 view .LVU1586
2098:stm/stm32l4xx/STM32L4xx_HAL_Driver/Src/stm32l4xx_hal_tim_ex.c ****   uint32_t tmporx;
 5303              		.loc 1 2098 21 is_stmt 0 view .LVU1587
 5304 00a0 0020     		movs	r0, #0
 5305              	.LVL406:
2213:stm/stm32l4xx/STM32L4xx_HAL_Driver/Src/stm32l4xx_hal_tim_ex.c ****     }
 5306              		.loc 1 2213 7 view .LVU1588
 5307 00a2 C7E7     		b	.L422
 5308              	.LVL407:
 5309              	.L423:
 5310              	.LCFI45:
 5311              		.cfi_def_cfa_offset 0
 5312              		.cfi_restore 4
 5313              		.cfi_restore 5
 5314              		.cfi_restore 6
 5315              		.cfi_restore 14
2120:stm/stm32l4xx/STM32L4xx_HAL_Driver/Src/stm32l4xx_hal_tim_ex.c **** 
 5316              		.loc 1 2120 3 view .LVU1589
 5317 00a4 0220     		movs	r0, #2
ARM GAS  /var/tmp//ccYgLLN5.s 			page 170


2223:stm/stm32l4xx/STM32L4xx_HAL_Driver/Src/stm32l4xx_hal_tim_ex.c **** 
 5318              		.loc 1 2223 1 view .LVU1590
 5319 00a6 7047     		bx	lr
 5320              		.cfi_endproc
 5321              	.LFE319:
 5323              		.section	.text.HAL_TIMEx_RemapConfig,"ax",%progbits
 5324              		.align	1
 5325              		.global	HAL_TIMEx_RemapConfig
 5326              		.syntax unified
 5327              		.thumb
 5328              		.thumb_func
 5330              	HAL_TIMEx_RemapConfig:
 5331              	.LVL408:
 5332              	.LFB320:
2448:stm/stm32l4xx/STM32L4xx_HAL_Driver/Src/stm32l4xx_hal_tim_ex.c ****   uint32_t tmpor1;
 5333              		.loc 1 2448 1 is_stmt 1 view -0
 5334              		.cfi_startproc
 5335              		@ args = 0, pretend = 0, frame = 0
 5336              		@ frame_needed = 0, uses_anonymous_args = 0
 5337              		@ link register save eliminated.
2448:stm/stm32l4xx/STM32L4xx_HAL_Driver/Src/stm32l4xx_hal_tim_ex.c ****   uint32_t tmpor1;
 5338              		.loc 1 2448 1 is_stmt 0 view .LVU1592
 5339 0000 0346     		mov	r3, r0
2449:stm/stm32l4xx/STM32L4xx_HAL_Driver/Src/stm32l4xx_hal_tim_ex.c ****   uint32_t tmpor2;
 5340              		.loc 1 2449 3 is_stmt 1 view .LVU1593
2450:stm/stm32l4xx/STM32L4xx_HAL_Driver/Src/stm32l4xx_hal_tim_ex.c **** 
 5341              		.loc 1 2450 3 view .LVU1594
2453:stm/stm32l4xx/STM32L4xx_HAL_Driver/Src/stm32l4xx_hal_tim_ex.c ****   assert_param(IS_TIM_REMAP(Remap));
 5342              		.loc 1 2453 3 view .LVU1595
2454:stm/stm32l4xx/STM32L4xx_HAL_Driver/Src/stm32l4xx_hal_tim_ex.c **** 
 5343              		.loc 1 2454 3 view .LVU1596
2456:stm/stm32l4xx/STM32L4xx_HAL_Driver/Src/stm32l4xx_hal_tim_ex.c **** 
 5344              		.loc 1 2456 3 view .LVU1597
2456:stm/stm32l4xx/STM32L4xx_HAL_Driver/Src/stm32l4xx_hal_tim_ex.c **** 
 5345              		.loc 1 2456 3 view .LVU1598
 5346 0002 90F83C20 		ldrb	r2, [r0, #60]	@ zero_extendqisi2
 5347 0006 012A     		cmp	r2, #1
 5348 0008 19D0     		beq	.L436
2456:stm/stm32l4xx/STM32L4xx_HAL_Driver/Src/stm32l4xx_hal_tim_ex.c **** 
 5349              		.loc 1 2456 3 discriminator 2 view .LVU1599
 5350 000a 0122     		movs	r2, #1
 5351 000c 80F83C20 		strb	r2, [r0, #60]
2456:stm/stm32l4xx/STM32L4xx_HAL_Driver/Src/stm32l4xx_hal_tim_ex.c **** 
 5352              		.loc 1 2456 3 discriminator 2 view .LVU1600
2459:stm/stm32l4xx/STM32L4xx_HAL_Driver/Src/stm32l4xx_hal_tim_ex.c ****   {
 5353              		.loc 1 2459 3 discriminator 2 view .LVU1601
2459:stm/stm32l4xx/STM32L4xx_HAL_Driver/Src/stm32l4xx_hal_tim_ex.c ****   {
 5354              		.loc 1 2459 7 is_stmt 0 discriminator 2 view .LVU1602
 5355 0010 0268     		ldr	r2, [r0]
2459:stm/stm32l4xx/STM32L4xx_HAL_Driver/Src/stm32l4xx_hal_tim_ex.c ****   {
 5356              		.loc 1 2459 6 discriminator 2 view .LVU1603
 5357 0012 0C48     		ldr	r0, .L437
 5358              	.LVL409:
2459:stm/stm32l4xx/STM32L4xx_HAL_Driver/Src/stm32l4xx_hal_tim_ex.c ****   {
 5359              		.loc 1 2459 6 discriminator 2 view .LVU1604
 5360 0014 8242     		cmp	r2, r0
 5361 0016 02D0     		beq	.L434
ARM GAS  /var/tmp//ccYgLLN5.s 			page 171


2459:stm/stm32l4xx/STM32L4xx_HAL_Driver/Src/stm32l4xx_hal_tim_ex.c ****   {
 5362              		.loc 1 2459 7 discriminator 1 view .LVU1605
 5363 0018 B2F1804F 		cmp	r2, #1073741824
 5364 001c 07D1     		bne	.L435
 5365              	.L434:
2461:stm/stm32l4xx/STM32L4xx_HAL_Driver/Src/stm32l4xx_hal_tim_ex.c ****     tmpor2 &= ~TIM1_OR2_ETRSEL_Msk;
 5366              		.loc 1 2461 5 is_stmt 1 view .LVU1606
2461:stm/stm32l4xx/STM32L4xx_HAL_Driver/Src/stm32l4xx_hal_tim_ex.c ****     tmpor2 &= ~TIM1_OR2_ETRSEL_Msk;
 5367              		.loc 1 2461 12 is_stmt 0 view .LVU1607
 5368 001e 106E     		ldr	r0, [r2, #96]
 5369              	.LVL410:
2462:stm/stm32l4xx/STM32L4xx_HAL_Driver/Src/stm32l4xx_hal_tim_ex.c ****     tmpor2 |= (Remap & TIM1_OR2_ETRSEL_Msk);
 5370              		.loc 1 2462 5 is_stmt 1 view .LVU1608
2462:stm/stm32l4xx/STM32L4xx_HAL_Driver/Src/stm32l4xx_hal_tim_ex.c ****     tmpor2 |= (Remap & TIM1_OR2_ETRSEL_Msk);
 5371              		.loc 1 2462 12 is_stmt 0 view .LVU1609
 5372 0020 20F4E03C 		bic	ip, r0, #114688
 5373              	.LVL411:
2463:stm/stm32l4xx/STM32L4xx_HAL_Driver/Src/stm32l4xx_hal_tim_ex.c **** 
 5374              		.loc 1 2463 5 is_stmt 1 view .LVU1610
2463:stm/stm32l4xx/STM32L4xx_HAL_Driver/Src/stm32l4xx_hal_tim_ex.c **** 
 5375              		.loc 1 2463 22 is_stmt 0 view .LVU1611
 5376 0024 01F4E030 		and	r0, r1, #114688
2463:stm/stm32l4xx/STM32L4xx_HAL_Driver/Src/stm32l4xx_hal_tim_ex.c **** 
 5377              		.loc 1 2463 12 view .LVU1612
 5378 0028 40EA0C00 		orr	r0, r0, ip
 5379              	.LVL412:
2466:stm/stm32l4xx/STM32L4xx_HAL_Driver/Src/stm32l4xx_hal_tim_ex.c ****   }
 5380              		.loc 1 2466 5 is_stmt 1 view .LVU1613
2466:stm/stm32l4xx/STM32L4xx_HAL_Driver/Src/stm32l4xx_hal_tim_ex.c ****   }
 5381              		.loc 1 2466 25 is_stmt 0 view .LVU1614
 5382 002c 1066     		str	r0, [r2, #96]
 5383              	.LVL413:
 5384              	.L435:
2470:stm/stm32l4xx/STM32L4xx_HAL_Driver/Src/stm32l4xx_hal_tim_ex.c ****   tmpor1 &= ~TIM1_OR2_ETRSEL_Msk;
 5385              		.loc 1 2470 3 is_stmt 1 view .LVU1615
2471:stm/stm32l4xx/STM32L4xx_HAL_Driver/Src/stm32l4xx_hal_tim_ex.c **** 
 5386              		.loc 1 2471 3 view .LVU1616
2471:stm/stm32l4xx/STM32L4xx_HAL_Driver/Src/stm32l4xx_hal_tim_ex.c **** 
 5387              		.loc 1 2471 10 is_stmt 0 view .LVU1617
 5388 002e 21F4E031 		bic	r1, r1, #114688
 5389              	.LVL414:
2474:stm/stm32l4xx/STM32L4xx_HAL_Driver/Src/stm32l4xx_hal_tim_ex.c **** 
 5390              		.loc 1 2474 3 is_stmt 1 view .LVU1618
2474:stm/stm32l4xx/STM32L4xx_HAL_Driver/Src/stm32l4xx_hal_tim_ex.c **** 
 5391              		.loc 1 2474 7 is_stmt 0 view .LVU1619
 5392 0032 1A68     		ldr	r2, [r3]
2474:stm/stm32l4xx/STM32L4xx_HAL_Driver/Src/stm32l4xx_hal_tim_ex.c **** 
 5393              		.loc 1 2474 23 view .LVU1620
 5394 0034 1165     		str	r1, [r2, #80]
2476:stm/stm32l4xx/STM32L4xx_HAL_Driver/Src/stm32l4xx_hal_tim_ex.c **** 
 5395              		.loc 1 2476 3 is_stmt 1 view .LVU1621
2476:stm/stm32l4xx/STM32L4xx_HAL_Driver/Src/stm32l4xx_hal_tim_ex.c **** 
 5396              		.loc 1 2476 3 view .LVU1622
 5397 0036 0020     		movs	r0, #0
 5398 0038 83F83C00 		strb	r0, [r3, #60]
2476:stm/stm32l4xx/STM32L4xx_HAL_Driver/Src/stm32l4xx_hal_tim_ex.c **** 
 5399              		.loc 1 2476 3 view .LVU1623
ARM GAS  /var/tmp//ccYgLLN5.s 			page 172


2478:stm/stm32l4xx/STM32L4xx_HAL_Driver/Src/stm32l4xx_hal_tim_ex.c **** }
 5400              		.loc 1 2478 3 view .LVU1624
2478:stm/stm32l4xx/STM32L4xx_HAL_Driver/Src/stm32l4xx_hal_tim_ex.c **** }
 5401              		.loc 1 2478 10 is_stmt 0 view .LVU1625
 5402 003c 7047     		bx	lr
 5403              	.LVL415:
 5404              	.L436:
2456:stm/stm32l4xx/STM32L4xx_HAL_Driver/Src/stm32l4xx_hal_tim_ex.c **** 
 5405              		.loc 1 2456 3 view .LVU1626
 5406 003e 0220     		movs	r0, #2
 5407              	.LVL416:
2479:stm/stm32l4xx/STM32L4xx_HAL_Driver/Src/stm32l4xx_hal_tim_ex.c **** 
 5408              		.loc 1 2479 1 view .LVU1627
 5409 0040 7047     		bx	lr
 5410              	.L438:
 5411 0042 00BF     		.align	2
 5412              	.L437:
 5413 0044 002C0140 		.word	1073818624
 5414              		.cfi_endproc
 5415              	.LFE320:
 5417              		.section	.text.HAL_TIMEx_GroupChannel5,"ax",%progbits
 5418              		.align	1
 5419              		.global	HAL_TIMEx_GroupChannel5
 5420              		.syntax unified
 5421              		.thumb
 5422              		.thumb_func
 5424              	HAL_TIMEx_GroupChannel5:
 5425              	.LVL417:
 5426              	.LFB321:
2493:stm/stm32l4xx/STM32L4xx_HAL_Driver/Src/stm32l4xx_hal_tim_ex.c ****   /* Check parameters */
 5427              		.loc 1 2493 1 is_stmt 1 view -0
 5428              		.cfi_startproc
 5429              		@ args = 0, pretend = 0, frame = 0
 5430              		@ frame_needed = 0, uses_anonymous_args = 0
 5431              		@ link register save eliminated.
2495:stm/stm32l4xx/STM32L4xx_HAL_Driver/Src/stm32l4xx_hal_tim_ex.c ****   assert_param(IS_TIM_GROUPCH5(Channels));
 5432              		.loc 1 2495 3 view .LVU1629
2496:stm/stm32l4xx/STM32L4xx_HAL_Driver/Src/stm32l4xx_hal_tim_ex.c **** 
 5433              		.loc 1 2496 3 view .LVU1630
2499:stm/stm32l4xx/STM32L4xx_HAL_Driver/Src/stm32l4xx_hal_tim_ex.c **** 
 5434              		.loc 1 2499 3 view .LVU1631
2499:stm/stm32l4xx/STM32L4xx_HAL_Driver/Src/stm32l4xx_hal_tim_ex.c **** 
 5435              		.loc 1 2499 3 view .LVU1632
 5436 0000 90F83C30 		ldrb	r3, [r0, #60]	@ zero_extendqisi2
 5437 0004 012B     		cmp	r3, #1
 5438 0006 18D0     		beq	.L441
2493:stm/stm32l4xx/STM32L4xx_HAL_Driver/Src/stm32l4xx_hal_tim_ex.c ****   /* Check parameters */
 5439              		.loc 1 2493 1 is_stmt 0 discriminator 2 view .LVU1633
 5440 0008 10B4     		push	{r4}
 5441              	.LCFI46:
 5442              		.cfi_def_cfa_offset 4
 5443              		.cfi_offset 4, -4
2499:stm/stm32l4xx/STM32L4xx_HAL_Driver/Src/stm32l4xx_hal_tim_ex.c **** 
 5444              		.loc 1 2499 3 is_stmt 1 discriminator 2 view .LVU1634
 5445 000a 0122     		movs	r2, #1
 5446 000c 80F83C20 		strb	r2, [r0, #60]
2499:stm/stm32l4xx/STM32L4xx_HAL_Driver/Src/stm32l4xx_hal_tim_ex.c **** 
ARM GAS  /var/tmp//ccYgLLN5.s 			page 173


 5447              		.loc 1 2499 3 discriminator 2 view .LVU1635
2501:stm/stm32l4xx/STM32L4xx_HAL_Driver/Src/stm32l4xx_hal_tim_ex.c **** 
 5448              		.loc 1 2501 3 discriminator 2 view .LVU1636
2501:stm/stm32l4xx/STM32L4xx_HAL_Driver/Src/stm32l4xx_hal_tim_ex.c **** 
 5449              		.loc 1 2501 15 is_stmt 0 discriminator 2 view .LVU1637
 5450 0010 0223     		movs	r3, #2
 5451 0012 80F83D30 		strb	r3, [r0, #61]
2504:stm/stm32l4xx/STM32L4xx_HAL_Driver/Src/stm32l4xx_hal_tim_ex.c **** 
 5452              		.loc 1 2504 3 is_stmt 1 discriminator 2 view .LVU1638
2504:stm/stm32l4xx/STM32L4xx_HAL_Driver/Src/stm32l4xx_hal_tim_ex.c **** 
 5453              		.loc 1 2504 7 is_stmt 0 discriminator 2 view .LVU1639
 5454 0016 0468     		ldr	r4, [r0]
2504:stm/stm32l4xx/STM32L4xx_HAL_Driver/Src/stm32l4xx_hal_tim_ex.c **** 
 5455              		.loc 1 2504 17 discriminator 2 view .LVU1640
 5456 0018 A36D     		ldr	r3, [r4, #88]
2504:stm/stm32l4xx/STM32L4xx_HAL_Driver/Src/stm32l4xx_hal_tim_ex.c **** 
 5457              		.loc 1 2504 24 discriminator 2 view .LVU1641
 5458 001a 23F06043 		bic	r3, r3, #-536870912
 5459 001e A365     		str	r3, [r4, #88]
2507:stm/stm32l4xx/STM32L4xx_HAL_Driver/Src/stm32l4xx_hal_tim_ex.c **** 
 5460              		.loc 1 2507 3 is_stmt 1 discriminator 2 view .LVU1642
2507:stm/stm32l4xx/STM32L4xx_HAL_Driver/Src/stm32l4xx_hal_tim_ex.c **** 
 5461              		.loc 1 2507 7 is_stmt 0 discriminator 2 view .LVU1643
 5462 0020 0468     		ldr	r4, [r0]
2507:stm/stm32l4xx/STM32L4xx_HAL_Driver/Src/stm32l4xx_hal_tim_ex.c **** 
 5463              		.loc 1 2507 17 discriminator 2 view .LVU1644
 5464 0022 A36D     		ldr	r3, [r4, #88]
2507:stm/stm32l4xx/STM32L4xx_HAL_Driver/Src/stm32l4xx_hal_tim_ex.c **** 
 5465              		.loc 1 2507 24 discriminator 2 view .LVU1645
 5466 0024 0B43     		orrs	r3, r3, r1
 5467 0026 A365     		str	r3, [r4, #88]
2510:stm/stm32l4xx/STM32L4xx_HAL_Driver/Src/stm32l4xx_hal_tim_ex.c **** 
 5468              		.loc 1 2510 3 is_stmt 1 discriminator 2 view .LVU1646
2510:stm/stm32l4xx/STM32L4xx_HAL_Driver/Src/stm32l4xx_hal_tim_ex.c **** 
 5469              		.loc 1 2510 15 is_stmt 0 discriminator 2 view .LVU1647
 5470 0028 80F83D20 		strb	r2, [r0, #61]
2512:stm/stm32l4xx/STM32L4xx_HAL_Driver/Src/stm32l4xx_hal_tim_ex.c **** 
 5471              		.loc 1 2512 3 is_stmt 1 discriminator 2 view .LVU1648
2512:stm/stm32l4xx/STM32L4xx_HAL_Driver/Src/stm32l4xx_hal_tim_ex.c **** 
 5472              		.loc 1 2512 3 discriminator 2 view .LVU1649
 5473 002c 0023     		movs	r3, #0
 5474 002e 80F83C30 		strb	r3, [r0, #60]
2512:stm/stm32l4xx/STM32L4xx_HAL_Driver/Src/stm32l4xx_hal_tim_ex.c **** 
 5475              		.loc 1 2512 3 discriminator 2 view .LVU1650
2514:stm/stm32l4xx/STM32L4xx_HAL_Driver/Src/stm32l4xx_hal_tim_ex.c **** }
 5476              		.loc 1 2514 3 discriminator 2 view .LVU1651
2514:stm/stm32l4xx/STM32L4xx_HAL_Driver/Src/stm32l4xx_hal_tim_ex.c **** }
 5477              		.loc 1 2514 10 is_stmt 0 discriminator 2 view .LVU1652
 5478 0032 1846     		mov	r0, r3
 5479              	.LVL418:
2515:stm/stm32l4xx/STM32L4xx_HAL_Driver/Src/stm32l4xx_hal_tim_ex.c **** 
 5480              		.loc 1 2515 1 discriminator 2 view .LVU1653
 5481 0034 5DF8044B 		ldr	r4, [sp], #4
 5482              	.LCFI47:
 5483              		.cfi_restore 4
 5484              		.cfi_def_cfa_offset 0
 5485 0038 7047     		bx	lr
ARM GAS  /var/tmp//ccYgLLN5.s 			page 174


 5486              	.LVL419:
 5487              	.L441:
2499:stm/stm32l4xx/STM32L4xx_HAL_Driver/Src/stm32l4xx_hal_tim_ex.c **** 
 5488              		.loc 1 2499 3 view .LVU1654
 5489 003a 0220     		movs	r0, #2
 5490              	.LVL420:
2515:stm/stm32l4xx/STM32L4xx_HAL_Driver/Src/stm32l4xx_hal_tim_ex.c **** 
 5491              		.loc 1 2515 1 view .LVU1655
 5492 003c 7047     		bx	lr
 5493              		.cfi_endproc
 5494              	.LFE321:
 5496              		.section	.text.HAL_TIMEx_CommutCallback,"ax",%progbits
 5497              		.align	1
 5498              		.weak	HAL_TIMEx_CommutCallback
 5499              		.syntax unified
 5500              		.thumb
 5501              		.thumb_func
 5503              	HAL_TIMEx_CommutCallback:
 5504              	.LVL421:
 5505              	.LFB322:
2543:stm/stm32l4xx/STM32L4xx_HAL_Driver/Src/stm32l4xx_hal_tim_ex.c ****   /* Prevent unused argument(s) compilation warning */
 5506              		.loc 1 2543 1 is_stmt 1 view -0
 5507              		.cfi_startproc
 5508              		@ args = 0, pretend = 0, frame = 0
 5509              		@ frame_needed = 0, uses_anonymous_args = 0
 5510              		@ link register save eliminated.
2545:stm/stm32l4xx/STM32L4xx_HAL_Driver/Src/stm32l4xx_hal_tim_ex.c **** 
 5511              		.loc 1 2545 3 view .LVU1657
2550:stm/stm32l4xx/STM32L4xx_HAL_Driver/Src/stm32l4xx_hal_tim_ex.c **** /**
 5512              		.loc 1 2550 1 is_stmt 0 view .LVU1658
 5513 0000 7047     		bx	lr
 5514              		.cfi_endproc
 5515              	.LFE322:
 5517              		.section	.text.TIMEx_DMACommutationCplt,"ax",%progbits
 5518              		.align	1
 5519              		.global	TIMEx_DMACommutationCplt
 5520              		.syntax unified
 5521              		.thumb
 5522              		.thumb_func
 5524              	TIMEx_DMACommutationCplt:
 5525              	.LVL422:
 5526              	.LFB328:
2664:stm/stm32l4xx/STM32L4xx_HAL_Driver/Src/stm32l4xx_hal_tim_ex.c ****   TIM_HandleTypeDef *htim = (TIM_HandleTypeDef *)((DMA_HandleTypeDef *)hdma)->Parent;
 5527              		.loc 1 2664 1 is_stmt 1 view -0
 5528              		.cfi_startproc
 5529              		@ args = 0, pretend = 0, frame = 0
 5530              		@ frame_needed = 0, uses_anonymous_args = 0
2664:stm/stm32l4xx/STM32L4xx_HAL_Driver/Src/stm32l4xx_hal_tim_ex.c ****   TIM_HandleTypeDef *htim = (TIM_HandleTypeDef *)((DMA_HandleTypeDef *)hdma)->Parent;
 5531              		.loc 1 2664 1 is_stmt 0 view .LVU1660
 5532 0000 08B5     		push	{r3, lr}
 5533              	.LCFI48:
 5534              		.cfi_def_cfa_offset 8
 5535              		.cfi_offset 3, -8
 5536              		.cfi_offset 14, -4
2665:stm/stm32l4xx/STM32L4xx_HAL_Driver/Src/stm32l4xx_hal_tim_ex.c **** 
 5537              		.loc 1 2665 3 is_stmt 1 view .LVU1661
2665:stm/stm32l4xx/STM32L4xx_HAL_Driver/Src/stm32l4xx_hal_tim_ex.c **** 
ARM GAS  /var/tmp//ccYgLLN5.s 			page 175


 5538              		.loc 1 2665 22 is_stmt 0 view .LVU1662
 5539 0002 806A     		ldr	r0, [r0, #40]
 5540              	.LVL423:
2668:stm/stm32l4xx/STM32L4xx_HAL_Driver/Src/stm32l4xx_hal_tim_ex.c **** 
 5541              		.loc 1 2668 3 is_stmt 1 view .LVU1663
2668:stm/stm32l4xx/STM32L4xx_HAL_Driver/Src/stm32l4xx_hal_tim_ex.c **** 
 5542              		.loc 1 2668 15 is_stmt 0 view .LVU1664
 5543 0004 0123     		movs	r3, #1
 5544 0006 80F83D30 		strb	r3, [r0, #61]
2673:stm/stm32l4xx/STM32L4xx_HAL_Driver/Src/stm32l4xx_hal_tim_ex.c **** #endif /* USE_HAL_TIM_REGISTER_CALLBACKS */
 5545              		.loc 1 2673 3 is_stmt 1 view .LVU1665
 5546 000a FFF7FEFF 		bl	HAL_TIMEx_CommutCallback
 5547              	.LVL424:
2675:stm/stm32l4xx/STM32L4xx_HAL_Driver/Src/stm32l4xx_hal_tim_ex.c **** 
 5548              		.loc 1 2675 1 is_stmt 0 view .LVU1666
 5549 000e 08BD     		pop	{r3, pc}
 5550              		.cfi_endproc
 5551              	.LFE328:
 5553              		.section	.text.HAL_TIMEx_CommutHalfCpltCallback,"ax",%progbits
 5554              		.align	1
 5555              		.weak	HAL_TIMEx_CommutHalfCpltCallback
 5556              		.syntax unified
 5557              		.thumb
 5558              		.thumb_func
 5560              	HAL_TIMEx_CommutHalfCpltCallback:
 5561              	.LVL425:
 5562              	.LFB323:
2557:stm/stm32l4xx/STM32L4xx_HAL_Driver/Src/stm32l4xx_hal_tim_ex.c ****   /* Prevent unused argument(s) compilation warning */
 5563              		.loc 1 2557 1 is_stmt 1 view -0
 5564              		.cfi_startproc
 5565              		@ args = 0, pretend = 0, frame = 0
 5566              		@ frame_needed = 0, uses_anonymous_args = 0
 5567              		@ link register save eliminated.
2559:stm/stm32l4xx/STM32L4xx_HAL_Driver/Src/stm32l4xx_hal_tim_ex.c **** 
 5568              		.loc 1 2559 3 view .LVU1668
2564:stm/stm32l4xx/STM32L4xx_HAL_Driver/Src/stm32l4xx_hal_tim_ex.c **** 
 5569              		.loc 1 2564 1 is_stmt 0 view .LVU1669
 5570 0000 7047     		bx	lr
 5571              		.cfi_endproc
 5572              	.LFE323:
 5574              		.section	.text.TIMEx_DMACommutationHalfCplt,"ax",%progbits
 5575              		.align	1
 5576              		.global	TIMEx_DMACommutationHalfCplt
 5577              		.syntax unified
 5578              		.thumb
 5579              		.thumb_func
 5581              	TIMEx_DMACommutationHalfCplt:
 5582              	.LVL426:
 5583              	.LFB329:
2683:stm/stm32l4xx/STM32L4xx_HAL_Driver/Src/stm32l4xx_hal_tim_ex.c ****   TIM_HandleTypeDef *htim = (TIM_HandleTypeDef *)((DMA_HandleTypeDef *)hdma)->Parent;
 5584              		.loc 1 2683 1 is_stmt 1 view -0
 5585              		.cfi_startproc
 5586              		@ args = 0, pretend = 0, frame = 0
 5587              		@ frame_needed = 0, uses_anonymous_args = 0
2683:stm/stm32l4xx/STM32L4xx_HAL_Driver/Src/stm32l4xx_hal_tim_ex.c ****   TIM_HandleTypeDef *htim = (TIM_HandleTypeDef *)((DMA_HandleTypeDef *)hdma)->Parent;
 5588              		.loc 1 2683 1 is_stmt 0 view .LVU1671
 5589 0000 08B5     		push	{r3, lr}
ARM GAS  /var/tmp//ccYgLLN5.s 			page 176


 5590              	.LCFI49:
 5591              		.cfi_def_cfa_offset 8
 5592              		.cfi_offset 3, -8
 5593              		.cfi_offset 14, -4
2684:stm/stm32l4xx/STM32L4xx_HAL_Driver/Src/stm32l4xx_hal_tim_ex.c **** 
 5594              		.loc 1 2684 3 is_stmt 1 view .LVU1672
2684:stm/stm32l4xx/STM32L4xx_HAL_Driver/Src/stm32l4xx_hal_tim_ex.c **** 
 5595              		.loc 1 2684 22 is_stmt 0 view .LVU1673
 5596 0002 806A     		ldr	r0, [r0, #40]
 5597              	.LVL427:
2687:stm/stm32l4xx/STM32L4xx_HAL_Driver/Src/stm32l4xx_hal_tim_ex.c **** 
 5598              		.loc 1 2687 3 is_stmt 1 view .LVU1674
2687:stm/stm32l4xx/STM32L4xx_HAL_Driver/Src/stm32l4xx_hal_tim_ex.c **** 
 5599              		.loc 1 2687 15 is_stmt 0 view .LVU1675
 5600 0004 0123     		movs	r3, #1
 5601 0006 80F83D30 		strb	r3, [r0, #61]
2692:stm/stm32l4xx/STM32L4xx_HAL_Driver/Src/stm32l4xx_hal_tim_ex.c **** #endif /* USE_HAL_TIM_REGISTER_CALLBACKS */
 5602              		.loc 1 2692 3 is_stmt 1 view .LVU1676
 5603 000a FFF7FEFF 		bl	HAL_TIMEx_CommutHalfCpltCallback
 5604              	.LVL428:
2694:stm/stm32l4xx/STM32L4xx_HAL_Driver/Src/stm32l4xx_hal_tim_ex.c **** 
 5605              		.loc 1 2694 1 is_stmt 0 view .LVU1677
 5606 000e 08BD     		pop	{r3, pc}
 5607              		.cfi_endproc
 5608              	.LFE329:
 5610              		.section	.text.HAL_TIMEx_BreakCallback,"ax",%progbits
 5611              		.align	1
 5612              		.weak	HAL_TIMEx_BreakCallback
 5613              		.syntax unified
 5614              		.thumb
 5615              		.thumb_func
 5617              	HAL_TIMEx_BreakCallback:
 5618              	.LVL429:
 5619              	.LFB324:
2572:stm/stm32l4xx/STM32L4xx_HAL_Driver/Src/stm32l4xx_hal_tim_ex.c ****   /* Prevent unused argument(s) compilation warning */
 5620              		.loc 1 2572 1 is_stmt 1 view -0
 5621              		.cfi_startproc
 5622              		@ args = 0, pretend = 0, frame = 0
 5623              		@ frame_needed = 0, uses_anonymous_args = 0
 5624              		@ link register save eliminated.
2574:stm/stm32l4xx/STM32L4xx_HAL_Driver/Src/stm32l4xx_hal_tim_ex.c **** 
 5625              		.loc 1 2574 3 view .LVU1679
2579:stm/stm32l4xx/STM32L4xx_HAL_Driver/Src/stm32l4xx_hal_tim_ex.c **** 
 5626              		.loc 1 2579 1 is_stmt 0 view .LVU1680
 5627 0000 7047     		bx	lr
 5628              		.cfi_endproc
 5629              	.LFE324:
 5631              		.section	.text.HAL_TIMEx_Break2Callback,"ax",%progbits
 5632              		.align	1
 5633              		.weak	HAL_TIMEx_Break2Callback
 5634              		.syntax unified
 5635              		.thumb
 5636              		.thumb_func
 5638              	HAL_TIMEx_Break2Callback:
 5639              	.LVL430:
 5640              	.LFB325:
2587:stm/stm32l4xx/STM32L4xx_HAL_Driver/Src/stm32l4xx_hal_tim_ex.c ****   /* Prevent unused argument(s) compilation warning */
ARM GAS  /var/tmp//ccYgLLN5.s 			page 177


 5641              		.loc 1 2587 1 is_stmt 1 view -0
 5642              		.cfi_startproc
 5643              		@ args = 0, pretend = 0, frame = 0
 5644              		@ frame_needed = 0, uses_anonymous_args = 0
 5645              		@ link register save eliminated.
2589:stm/stm32l4xx/STM32L4xx_HAL_Driver/Src/stm32l4xx_hal_tim_ex.c **** 
 5646              		.loc 1 2589 3 view .LVU1682
2594:stm/stm32l4xx/STM32L4xx_HAL_Driver/Src/stm32l4xx_hal_tim_ex.c **** /**
 5647              		.loc 1 2594 1 is_stmt 0 view .LVU1683
 5648 0000 7047     		bx	lr
 5649              		.cfi_endproc
 5650              	.LFE325:
 5652              		.section	.text.HAL_TIMEx_HallSensor_GetState,"ax",%progbits
 5653              		.align	1
 5654              		.global	HAL_TIMEx_HallSensor_GetState
 5655              		.syntax unified
 5656              		.thumb
 5657              		.thumb_func
 5659              	HAL_TIMEx_HallSensor_GetState:
 5660              	.LVL431:
 5661              	.LFB326:
2620:stm/stm32l4xx/STM32L4xx_HAL_Driver/Src/stm32l4xx_hal_tim_ex.c ****   return htim->State;
 5662              		.loc 1 2620 1 is_stmt 1 view -0
 5663              		.cfi_startproc
 5664              		@ args = 0, pretend = 0, frame = 0
 5665              		@ frame_needed = 0, uses_anonymous_args = 0
 5666              		@ link register save eliminated.
2621:stm/stm32l4xx/STM32L4xx_HAL_Driver/Src/stm32l4xx_hal_tim_ex.c **** }
 5667              		.loc 1 2621 3 view .LVU1685
2621:stm/stm32l4xx/STM32L4xx_HAL_Driver/Src/stm32l4xx_hal_tim_ex.c **** }
 5668              		.loc 1 2621 14 is_stmt 0 view .LVU1686
 5669 0000 90F83D00 		ldrb	r0, [r0, #61]	@ zero_extendqisi2
 5670              	.LVL432:
2622:stm/stm32l4xx/STM32L4xx_HAL_Driver/Src/stm32l4xx_hal_tim_ex.c **** 
 5671              		.loc 1 2622 1 view .LVU1687
 5672 0004 7047     		bx	lr
 5673              		.cfi_endproc
 5674              	.LFE326:
 5676              		.section	.text.HAL_TIMEx_GetChannelNState,"ax",%progbits
 5677              		.align	1
 5678              		.global	HAL_TIMEx_GetChannelNState
 5679              		.syntax unified
 5680              		.thumb
 5681              		.thumb_func
 5683              	HAL_TIMEx_GetChannelNState:
 5684              	.LVL433:
 5685              	.LFB327:
2635:stm/stm32l4xx/STM32L4xx_HAL_Driver/Src/stm32l4xx_hal_tim_ex.c ****   HAL_TIM_ChannelStateTypeDef channel_state;
 5686              		.loc 1 2635 1 is_stmt 1 view -0
 5687              		.cfi_startproc
 5688              		@ args = 0, pretend = 0, frame = 0
 5689              		@ frame_needed = 0, uses_anonymous_args = 0
 5690              		@ link register save eliminated.
2636:stm/stm32l4xx/STM32L4xx_HAL_Driver/Src/stm32l4xx_hal_tim_ex.c **** 
 5691              		.loc 1 2636 3 view .LVU1689
2639:stm/stm32l4xx/STM32L4xx_HAL_Driver/Src/stm32l4xx_hal_tim_ex.c **** 
 5692              		.loc 1 2639 3 view .LVU1690
ARM GAS  /var/tmp//ccYgLLN5.s 			page 178


2641:stm/stm32l4xx/STM32L4xx_HAL_Driver/Src/stm32l4xx_hal_tim_ex.c **** 
 5693              		.loc 1 2641 3 view .LVU1691
2641:stm/stm32l4xx/STM32L4xx_HAL_Driver/Src/stm32l4xx_hal_tim_ex.c **** 
 5694              		.loc 1 2641 19 is_stmt 0 view .LVU1692
 5695 0000 19B9     		cbnz	r1, .L456
2641:stm/stm32l4xx/STM32L4xx_HAL_Driver/Src/stm32l4xx_hal_tim_ex.c **** 
 5696              		.loc 1 2641 19 discriminator 1 view .LVU1693
 5697 0002 90F84400 		ldrb	r0, [r0, #68]	@ zero_extendqisi2
 5698              	.LVL434:
2641:stm/stm32l4xx/STM32L4xx_HAL_Driver/Src/stm32l4xx_hal_tim_ex.c **** 
 5699              		.loc 1 2641 19 discriminator 1 view .LVU1694
 5700 0006 C0B2     		uxtb	r0, r0
 5701 0008 7047     		bx	lr
 5702              	.LVL435:
 5703              	.L456:
2641:stm/stm32l4xx/STM32L4xx_HAL_Driver/Src/stm32l4xx_hal_tim_ex.c **** 
 5704              		.loc 1 2641 19 discriminator 2 view .LVU1695
 5705 000a 0429     		cmp	r1, #4
 5706 000c 05D0     		beq	.L460
2641:stm/stm32l4xx/STM32L4xx_HAL_Driver/Src/stm32l4xx_hal_tim_ex.c **** 
 5707              		.loc 1 2641 19 discriminator 5 view .LVU1696
 5708 000e 0829     		cmp	r1, #8
 5709 0010 07D0     		beq	.L461
2641:stm/stm32l4xx/STM32L4xx_HAL_Driver/Src/stm32l4xx_hal_tim_ex.c **** 
 5710              		.loc 1 2641 19 discriminator 8 view .LVU1697
 5711 0012 90F84700 		ldrb	r0, [r0, #71]	@ zero_extendqisi2
 5712              	.LVL436:
2641:stm/stm32l4xx/STM32L4xx_HAL_Driver/Src/stm32l4xx_hal_tim_ex.c **** 
 5713              		.loc 1 2641 19 discriminator 8 view .LVU1698
 5714 0016 C0B2     		uxtb	r0, r0
 5715              	.LVL437:
2643:stm/stm32l4xx/STM32L4xx_HAL_Driver/Src/stm32l4xx_hal_tim_ex.c **** }
 5716              		.loc 1 2643 3 is_stmt 1 discriminator 8 view .LVU1699
2644:stm/stm32l4xx/STM32L4xx_HAL_Driver/Src/stm32l4xx_hal_tim_ex.c **** /**
 5717              		.loc 1 2644 1 is_stmt 0 discriminator 8 view .LVU1700
 5718 0018 7047     		bx	lr
 5719              	.LVL438:
 5720              	.L460:
2641:stm/stm32l4xx/STM32L4xx_HAL_Driver/Src/stm32l4xx_hal_tim_ex.c **** 
 5721              		.loc 1 2641 19 discriminator 4 view .LVU1701
 5722 001a 90F84500 		ldrb	r0, [r0, #69]	@ zero_extendqisi2
 5723              	.LVL439:
2641:stm/stm32l4xx/STM32L4xx_HAL_Driver/Src/stm32l4xx_hal_tim_ex.c **** 
 5724              		.loc 1 2641 19 discriminator 4 view .LVU1702
 5725 001e C0B2     		uxtb	r0, r0
 5726 0020 7047     		bx	lr
 5727              	.LVL440:
 5728              	.L461:
2641:stm/stm32l4xx/STM32L4xx_HAL_Driver/Src/stm32l4xx_hal_tim_ex.c **** 
 5729              		.loc 1 2641 19 discriminator 7 view .LVU1703
 5730 0022 90F84600 		ldrb	r0, [r0, #70]	@ zero_extendqisi2
 5731              	.LVL441:
2641:stm/stm32l4xx/STM32L4xx_HAL_Driver/Src/stm32l4xx_hal_tim_ex.c **** 
 5732              		.loc 1 2641 19 discriminator 7 view .LVU1704
 5733 0026 C0B2     		uxtb	r0, r0
 5734 0028 7047     		bx	lr
 5735              		.cfi_endproc
ARM GAS  /var/tmp//ccYgLLN5.s 			page 179


 5736              	.LFE327:
 5738              		.text
 5739              	.Letext0:
 5740              		.file 2 "/nix/store/wlyks4zmr4x2sj2nrg9xhhdmjyhqk7ql-gcc-arm-embedded-12.2.rel1/arm-none-eabi/incl
 5741              		.file 3 "/nix/store/wlyks4zmr4x2sj2nrg9xhhdmjyhqk7ql-gcc-arm-embedded-12.2.rel1/arm-none-eabi/incl
 5742              		.file 4 "stm/stm32l4xx/CMSIS/Device/ST/STM32L4xx/Include/stm32l431xx.h"
 5743              		.file 5 "stm/stm32l4xx/CMSIS/Device/ST/STM32L4xx/Include/stm32l4xx.h"
 5744              		.file 6 "stm/stm32l4xx/STM32L4xx_HAL_Driver/Inc/stm32l4xx_hal_def.h"
 5745              		.file 7 "stm/stm32l4xx/STM32L4xx_HAL_Driver/Inc/stm32l4xx_hal_dma.h"
 5746              		.file 8 "stm/stm32l4xx/STM32L4xx_HAL_Driver/Inc/stm32l4xx_hal_tim.h"
 5747              		.file 9 "stm/stm32l4xx/STM32L4xx_HAL_Driver/Inc/stm32l4xx_hal_tim_ex.h"
ARM GAS  /var/tmp//ccYgLLN5.s 			page 180


DEFINED SYMBOLS
                            *ABS*:0000000000000000 stm32l4xx_hal_tim_ex.c
/var/tmp//ccYgLLN5.s:21     .text.TIM_CCxNChannelCmd:0000000000000000 $t
/var/tmp//ccYgLLN5.s:26     .text.TIM_CCxNChannelCmd:0000000000000000 TIM_CCxNChannelCmd
/var/tmp//ccYgLLN5.s:64     .text.TIM_DMAErrorCCxN:0000000000000000 $t
/var/tmp//ccYgLLN5.s:69     .text.TIM_DMAErrorCCxN:0000000000000000 TIM_DMAErrorCCxN
/var/tmp//ccYgLLN5.s:149    .text.TIM_DMADelayPulseNCplt:0000000000000000 $t
/var/tmp//ccYgLLN5.s:154    .text.TIM_DMADelayPulseNCplt:0000000000000000 TIM_DMADelayPulseNCplt
/var/tmp//ccYgLLN5.s:253    .text.HAL_TIMEx_HallSensor_MspInit:0000000000000000 $t
/var/tmp//ccYgLLN5.s:259    .text.HAL_TIMEx_HallSensor_MspInit:0000000000000000 HAL_TIMEx_HallSensor_MspInit
/var/tmp//ccYgLLN5.s:274    .text.HAL_TIMEx_HallSensor_Init:0000000000000000 $t
/var/tmp//ccYgLLN5.s:280    .text.HAL_TIMEx_HallSensor_Init:0000000000000000 HAL_TIMEx_HallSensor_Init
/var/tmp//ccYgLLN5.s:498    .text.HAL_TIMEx_HallSensor_MspDeInit:0000000000000000 $t
/var/tmp//ccYgLLN5.s:504    .text.HAL_TIMEx_HallSensor_MspDeInit:0000000000000000 HAL_TIMEx_HallSensor_MspDeInit
/var/tmp//ccYgLLN5.s:519    .text.HAL_TIMEx_HallSensor_DeInit:0000000000000000 $t
/var/tmp//ccYgLLN5.s:525    .text.HAL_TIMEx_HallSensor_DeInit:0000000000000000 HAL_TIMEx_HallSensor_DeInit
/var/tmp//ccYgLLN5.s:595    .text.HAL_TIMEx_HallSensor_Start:0000000000000000 $t
/var/tmp//ccYgLLN5.s:601    .text.HAL_TIMEx_HallSensor_Start:0000000000000000 HAL_TIMEx_HallSensor_Start
/var/tmp//ccYgLLN5.s:752    .text.HAL_TIMEx_HallSensor_Start:0000000000000098 $d
/var/tmp//ccYgLLN5.s:758    .text.HAL_TIMEx_HallSensor_Stop:0000000000000000 $t
/var/tmp//ccYgLLN5.s:764    .text.HAL_TIMEx_HallSensor_Stop:0000000000000000 HAL_TIMEx_HallSensor_Stop
/var/tmp//ccYgLLN5.s:823    .text.HAL_TIMEx_HallSensor_Start_IT:0000000000000000 $t
/var/tmp//ccYgLLN5.s:829    .text.HAL_TIMEx_HallSensor_Start_IT:0000000000000000 HAL_TIMEx_HallSensor_Start_IT
/var/tmp//ccYgLLN5.s:988    .text.HAL_TIMEx_HallSensor_Start_IT:00000000000000a4 $d
/var/tmp//ccYgLLN5.s:994    .text.HAL_TIMEx_HallSensor_Stop_IT:0000000000000000 $t
/var/tmp//ccYgLLN5.s:1000   .text.HAL_TIMEx_HallSensor_Stop_IT:0000000000000000 HAL_TIMEx_HallSensor_Stop_IT
/var/tmp//ccYgLLN5.s:1064   .text.HAL_TIMEx_HallSensor_Start_DMA:0000000000000000 $t
/var/tmp//ccYgLLN5.s:1070   .text.HAL_TIMEx_HallSensor_Start_DMA:0000000000000000 HAL_TIMEx_HallSensor_Start_DMA
/var/tmp//ccYgLLN5.s:1252   .text.HAL_TIMEx_HallSensor_Start_DMA:00000000000000bc $d
/var/tmp//ccYgLLN5.s:1261   .text.HAL_TIMEx_HallSensor_Stop_DMA:0000000000000000 $t
/var/tmp//ccYgLLN5.s:1267   .text.HAL_TIMEx_HallSensor_Stop_DMA:0000000000000000 HAL_TIMEx_HallSensor_Stop_DMA
/var/tmp//ccYgLLN5.s:1332   .text.HAL_TIMEx_OCN_Start:0000000000000000 $t
/var/tmp//ccYgLLN5.s:1338   .text.HAL_TIMEx_OCN_Start:0000000000000000 HAL_TIMEx_OCN_Start
/var/tmp//ccYgLLN5.s:1513   .text.HAL_TIMEx_OCN_Start:00000000000000d4 $d
/var/tmp//ccYgLLN5.s:1519   .text.HAL_TIMEx_OCN_Stop:0000000000000000 $t
/var/tmp//ccYgLLN5.s:1525   .text.HAL_TIMEx_OCN_Stop:0000000000000000 HAL_TIMEx_OCN_Stop
/var/tmp//ccYgLLN5.s:1622   .text.HAL_TIMEx_OCN_Start_IT:0000000000000000 $t
/var/tmp//ccYgLLN5.s:1628   .text.HAL_TIMEx_OCN_Start_IT:0000000000000000 HAL_TIMEx_OCN_Start_IT
/var/tmp//ccYgLLN5.s:1847   .text.HAL_TIMEx_OCN_Start_IT:000000000000010c $d
/var/tmp//ccYgLLN5.s:1853   .text.HAL_TIMEx_OCN_Stop_IT:0000000000000000 $t
/var/tmp//ccYgLLN5.s:1859   .text.HAL_TIMEx_OCN_Stop_IT:0000000000000000 HAL_TIMEx_OCN_Stop_IT
/var/tmp//ccYgLLN5.s:2021   .text.HAL_TIMEx_OCN_Start_DMA:0000000000000000 $t
/var/tmp//ccYgLLN5.s:2027   .text.HAL_TIMEx_OCN_Start_DMA:0000000000000000 HAL_TIMEx_OCN_Start_DMA
/var/tmp//ccYgLLN5.s:2439   .text.HAL_TIMEx_OCN_Start_DMA:00000000000001ec $d
/var/tmp//ccYgLLN5.s:2448   .text.HAL_TIMEx_OCN_Stop_DMA:0000000000000000 $t
/var/tmp//ccYgLLN5.s:2454   .text.HAL_TIMEx_OCN_Stop_DMA:0000000000000000 HAL_TIMEx_OCN_Stop_DMA
/var/tmp//ccYgLLN5.s:2614   .text.HAL_TIMEx_PWMN_Start:0000000000000000 $t
/var/tmp//ccYgLLN5.s:2620   .text.HAL_TIMEx_PWMN_Start:0000000000000000 HAL_TIMEx_PWMN_Start
/var/tmp//ccYgLLN5.s:2795   .text.HAL_TIMEx_PWMN_Start:00000000000000d4 $d
/var/tmp//ccYgLLN5.s:2801   .text.HAL_TIMEx_PWMN_Stop:0000000000000000 $t
/var/tmp//ccYgLLN5.s:2807   .text.HAL_TIMEx_PWMN_Stop:0000000000000000 HAL_TIMEx_PWMN_Stop
/var/tmp//ccYgLLN5.s:2904   .text.HAL_TIMEx_PWMN_Start_IT:0000000000000000 $t
/var/tmp//ccYgLLN5.s:2910   .text.HAL_TIMEx_PWMN_Start_IT:0000000000000000 HAL_TIMEx_PWMN_Start_IT
/var/tmp//ccYgLLN5.s:3129   .text.HAL_TIMEx_PWMN_Start_IT:000000000000010c $d
/var/tmp//ccYgLLN5.s:3135   .text.HAL_TIMEx_PWMN_Stop_IT:0000000000000000 $t
/var/tmp//ccYgLLN5.s:3141   .text.HAL_TIMEx_PWMN_Stop_IT:0000000000000000 HAL_TIMEx_PWMN_Stop_IT
/var/tmp//ccYgLLN5.s:3303   .text.HAL_TIMEx_PWMN_Start_DMA:0000000000000000 $t
ARM GAS  /var/tmp//ccYgLLN5.s 			page 181


/var/tmp//ccYgLLN5.s:3309   .text.HAL_TIMEx_PWMN_Start_DMA:0000000000000000 HAL_TIMEx_PWMN_Start_DMA
/var/tmp//ccYgLLN5.s:3721   .text.HAL_TIMEx_PWMN_Start_DMA:00000000000001ec $d
/var/tmp//ccYgLLN5.s:3730   .text.HAL_TIMEx_PWMN_Stop_DMA:0000000000000000 $t
/var/tmp//ccYgLLN5.s:3736   .text.HAL_TIMEx_PWMN_Stop_DMA:0000000000000000 HAL_TIMEx_PWMN_Stop_DMA
/var/tmp//ccYgLLN5.s:3896   .text.HAL_TIMEx_OnePulseN_Start:0000000000000000 $t
/var/tmp//ccYgLLN5.s:3902   .text.HAL_TIMEx_OnePulseN_Start:0000000000000000 HAL_TIMEx_OnePulseN_Start
/var/tmp//ccYgLLN5.s:4030   .text.HAL_TIMEx_OnePulseN_Stop:0000000000000000 $t
/var/tmp//ccYgLLN5.s:4036   .text.HAL_TIMEx_OnePulseN_Stop:0000000000000000 HAL_TIMEx_OnePulseN_Stop
/var/tmp//ccYgLLN5.s:4131   .text.HAL_TIMEx_OnePulseN_Start_IT:0000000000000000 $t
/var/tmp//ccYgLLN5.s:4137   .text.HAL_TIMEx_OnePulseN_Start_IT:0000000000000000 HAL_TIMEx_OnePulseN_Start_IT
/var/tmp//ccYgLLN5.s:4275   .text.HAL_TIMEx_OnePulseN_Stop_IT:0000000000000000 $t
/var/tmp//ccYgLLN5.s:4281   .text.HAL_TIMEx_OnePulseN_Stop_IT:0000000000000000 HAL_TIMEx_OnePulseN_Stop_IT
/var/tmp//ccYgLLN5.s:4386   .text.HAL_TIMEx_ConfigCommutEvent:0000000000000000 $t
/var/tmp//ccYgLLN5.s:4392   .text.HAL_TIMEx_ConfigCommutEvent:0000000000000000 HAL_TIMEx_ConfigCommutEvent
/var/tmp//ccYgLLN5.s:4510   .text.HAL_TIMEx_ConfigCommutEvent_IT:0000000000000000 $t
/var/tmp//ccYgLLN5.s:4516   .text.HAL_TIMEx_ConfigCommutEvent_IT:0000000000000000 HAL_TIMEx_ConfigCommutEvent_IT
/var/tmp//ccYgLLN5.s:4634   .text.HAL_TIMEx_ConfigCommutEvent_DMA:0000000000000000 $t
/var/tmp//ccYgLLN5.s:4640   .text.HAL_TIMEx_ConfigCommutEvent_DMA:0000000000000000 HAL_TIMEx_ConfigCommutEvent_DMA
/var/tmp//ccYgLLN5.s:4775   .text.HAL_TIMEx_ConfigCommutEvent_DMA:0000000000000084 $d
/var/tmp//ccYgLLN5.s:5524   .text.TIMEx_DMACommutationCplt:0000000000000000 TIMEx_DMACommutationCplt
/var/tmp//ccYgLLN5.s:5581   .text.TIMEx_DMACommutationHalfCplt:0000000000000000 TIMEx_DMACommutationHalfCplt
/var/tmp//ccYgLLN5.s:4782   .text.HAL_TIMEx_MasterConfigSynchronization:0000000000000000 $t
/var/tmp//ccYgLLN5.s:4788   .text.HAL_TIMEx_MasterConfigSynchronization:0000000000000000 HAL_TIMEx_MasterConfigSynchronization
/var/tmp//ccYgLLN5.s:4933   .text.HAL_TIMEx_MasterConfigSynchronization:000000000000006c $d
/var/tmp//ccYgLLN5.s:4938   .text.HAL_TIMEx_ConfigBreakDeadTime:0000000000000000 $t
/var/tmp//ccYgLLN5.s:4944   .text.HAL_TIMEx_ConfigBreakDeadTime:0000000000000000 HAL_TIMEx_ConfigBreakDeadTime
/var/tmp//ccYgLLN5.s:5115   .text.HAL_TIMEx_ConfigBreakDeadTime:0000000000000084 $d
/var/tmp//ccYgLLN5.s:5120   .text.HAL_TIMEx_ConfigBreakInput:0000000000000000 $t
/var/tmp//ccYgLLN5.s:5126   .text.HAL_TIMEx_ConfigBreakInput:0000000000000000 HAL_TIMEx_ConfigBreakInput
/var/tmp//ccYgLLN5.s:5324   .text.HAL_TIMEx_RemapConfig:0000000000000000 $t
/var/tmp//ccYgLLN5.s:5330   .text.HAL_TIMEx_RemapConfig:0000000000000000 HAL_TIMEx_RemapConfig
/var/tmp//ccYgLLN5.s:5413   .text.HAL_TIMEx_RemapConfig:0000000000000044 $d
/var/tmp//ccYgLLN5.s:5418   .text.HAL_TIMEx_GroupChannel5:0000000000000000 $t
/var/tmp//ccYgLLN5.s:5424   .text.HAL_TIMEx_GroupChannel5:0000000000000000 HAL_TIMEx_GroupChannel5
/var/tmp//ccYgLLN5.s:5497   .text.HAL_TIMEx_CommutCallback:0000000000000000 $t
/var/tmp//ccYgLLN5.s:5503   .text.HAL_TIMEx_CommutCallback:0000000000000000 HAL_TIMEx_CommutCallback
/var/tmp//ccYgLLN5.s:5518   .text.TIMEx_DMACommutationCplt:0000000000000000 $t
/var/tmp//ccYgLLN5.s:5554   .text.HAL_TIMEx_CommutHalfCpltCallback:0000000000000000 $t
/var/tmp//ccYgLLN5.s:5560   .text.HAL_TIMEx_CommutHalfCpltCallback:0000000000000000 HAL_TIMEx_CommutHalfCpltCallback
/var/tmp//ccYgLLN5.s:5575   .text.TIMEx_DMACommutationHalfCplt:0000000000000000 $t
/var/tmp//ccYgLLN5.s:5611   .text.HAL_TIMEx_BreakCallback:0000000000000000 $t
/var/tmp//ccYgLLN5.s:5617   .text.HAL_TIMEx_BreakCallback:0000000000000000 HAL_TIMEx_BreakCallback
/var/tmp//ccYgLLN5.s:5632   .text.HAL_TIMEx_Break2Callback:0000000000000000 $t
/var/tmp//ccYgLLN5.s:5638   .text.HAL_TIMEx_Break2Callback:0000000000000000 HAL_TIMEx_Break2Callback
/var/tmp//ccYgLLN5.s:5653   .text.HAL_TIMEx_HallSensor_GetState:0000000000000000 $t
/var/tmp//ccYgLLN5.s:5659   .text.HAL_TIMEx_HallSensor_GetState:0000000000000000 HAL_TIMEx_HallSensor_GetState
/var/tmp//ccYgLLN5.s:5677   .text.HAL_TIMEx_GetChannelNState:0000000000000000 $t
/var/tmp//ccYgLLN5.s:5683   .text.HAL_TIMEx_GetChannelNState:0000000000000000 HAL_TIMEx_GetChannelNState

UNDEFINED SYMBOLS
HAL_TIM_ErrorCallback
HAL_TIM_PWM_PulseFinishedCallback
TIM_Base_SetConfig
TIM_TI1_SetConfig
TIM_OC2_SetConfig
TIM_CCxChannelCmd
HAL_DMA_Start_IT
ARM GAS  /var/tmp//ccYgLLN5.s 			page 182


TIM_DMACaptureCplt
TIM_DMACaptureHalfCplt
TIM_DMAError
HAL_DMA_Abort_IT
TIM_DMADelayPulseHalfCplt
